{
 "0": {
  "0": [
   -3.1074257441049373,
   -3.1076542850106814,
   -3.1080223186520364,
   -3.1083962297204923,
   -3.1086724511680544,
   -3.108811329090331,
   -3.108811329090025,
   -3.1086724511679007,
   -3.108396229720762,
   -3.108022318652237,
   -3.1076542850104443,
   -3.1074257441050284
  ],
  "1": [
   0.04127733998915062,
   0.041234903251936225,
   0.04118228453145181,
   0.041160960516709116,
   0.041188669863916526,
   0.04123256319329259,
   0.04123256319327959,
   0.04118866986399186,
   0.04116096051636407,
   0.04118228453142725,
   0.041234903251816744,
   0.04127733998905566
  ]
 },
 "1": {
  "0": [
   0.00016546018115125123,
   0.0004550071498415876,
   0.0008939440207951801,
   0.0013211564236838124,
   0.0016416955146453737,
   0.0018143700238889575,
   0.0018143700239508676,
   0.001641695514106624,
   0.0013211564240758478,
   0.0008939440213585748,
   0.0004550071491149448,
   0.0001654601813740657
  ],
  "1": [
   0.003443727159327734,
   0.0034612472685581685,
   0.0034911435522545576,
   0.0035185440927383077,
   0.0035267819844298407,
   0.0035190412123397513,
   0.003519041212428567,
   0.0035267819844158415,
   0.0035185440927685643,
   0.0034911435521576438,
   0.0034612472685412675,
   0.003443727159354036
  ]
 },
 "2": {
  "0": [
   -7.993129431562352e-06,
   -3.7968889910932454e-05,
   -5.801136357847611e-05,
   -5.2431522297134314e-05,
   -2.947857571327452e-05,
   -9.076220698030107e-06,
   -3.537839720340215e-06,
   -1.1408337437486276e-05,
   -1.7557836692635004e-05,
   -9.119449431975917e-06,
   6.681385958777928e-06,
   9.926291938258606e-06,
   -5.792921015748543e-05,
   -0.00010079193418984894,
   -0.00010847759004616571,
   -7.579996501036078e-05,
   -2.516919867484658e-05,
   1.3513360438748161e-05,
   2.394369347093427e-05,
   1.8079634620294152e-05,
   1.9754111687466205e-05,
   2.8993190595487992e-05,
   2.449057915554201e-05,
   -7.685725307922768e-06,
   -0.00012038274985744114,
   -0.00015900984774883884,
   -0.0001422867866493877,
   -8.021958136886273e-05,
   -7.223697739069369e-06,
   4.087207228809065e-05,
   5.3694097191560306e-05,
   5.504871636205592e-05,
   6.1018197883598916e-05,
   5.551988523728981e-05,
   1.745006880777508e-05,
   -4.9799697959467405e-05,
   -0.00017436128541867,
   -0.00019535000300444238,
   -0.00015292139706277104,
   -7.168053929164928e-05,
   9.284789796736772e-06,
   5.936054987897922e-05,
   7.94865357497467e-05,
   8.969190873077344e-05,
   8.867097078495353e-05,
   5.729257757341345e-05,
   -1.2118965158990713e-05,
   -0.00010077090990188071,
   -0.00021210809173231518,
   -0.00020460049408380662,
   -0.00013699857591975922,
   -4.6440161967939985e-05,
   2.9674889165922522e-05,
   7.290873025013039e-05,
   9.251704610433818e-05,
   9.867019811674933e-05,
   8.218307027025669e-05,
   2.8498300045671e-05,
   -5.817676828415364e-05,
   -0.00015210334236200553,
   -0.00022573367847772795,
   -0.00017706034151411328,
   -8.752974251325706e-05,
   -1.131695762822732e-06,
   5.6283243817571814e-05,
   8.29678913943431e-05,
   9.089275993476477e-05,
   8.275698956762705e-05,
   4.722960758108049e-05,
   -2.3684146085422644e-05,
   -0.00011784293427573258,
   -0.0002007596886979699,
   -0.00020075969131712644,
   -0.00011784293685342942,
   -2.3684148704116514e-05,
   4.7229605238800515e-05,
   8.275698809988265e-05,
   9.089275858651008e-05,
   8.296789003199004e-05,
   5.6283242607727076e-05,
   -1.1316981576228018e-06,
   -8.752974525304029e-05,
   -0.00017706034436038313,
   -0.00022573368128256185,
   -0.0001521033411388114,
   -5.817676716505406e-05,
   2.8498301408365233e-05,
   8.218307160246796e-05,
   9.867019948219094e-05,
   9.251704743956537e-05,
   7.290873157691285e-05,
   2.9674890344961566e-05,
   -4.644016193621925e-05,
   -0.00013699857592142206,
   -0.0002046004940814492,
   -0.00021210809173069479,
   -0.00010077091288267837,
   -1.2118967929144587e-05,
   5.729257441175065e-05,
   8.867097079168602e-05,
   8.96919100718552e-05,
   7.948653728898205e-05,
   5.936054988032973e-05,
   9.284789822091049e-06,
   -7.168054144693764e-05,
   -0.00015292139705185015,
   -0.00019535000299109994,
   -0.000174361285423297,
   -4.9799699372444806e-05,
   1.745006754585915e-05,
   5.5519883904576426e-05,
   6.10181994378306e-05,
   5.50487179657731e-05,
   5.369409875264885e-05,
   4.087207116632787e-05,
   -7.2236988807173405e-06,
   -8.02195857123453e-05,
   -0.00014228679044075147,
   -0.00015900985156047014,
   -0.0001203827537751042,
   -7.685723937251832e-06,
   2.4490580425262457e-05,
   2.899319179605888e-05,
   1.975411417408993e-05,
   1.807963609493185e-05,
   2.3943694851608503e-05,
   1.351336269999924e-05,
   -2.516919595147123e-05,
   -7.579996383340463e-05,
   -0.00010847759292699285,
   -0.00010079193727464711,
   -5.7929213194486655e-05,
   9.926291943976255e-06,
   6.681385959081503e-06,
   -9.119449438357972e-06,
   -1.755783540169629e-05,
   -1.1408340182212604e-05,
   -3.5378422483163085e-06,
   -9.076222945890857e-06,
   -2.9478578323863334e-05,
   -5.24315210553282e-05,
   -5.801135978721886e-05,
   -3.796888600633882e-05,
   -7.993125396774217e-06
  ],