{
 "0": {
  "0": [
   -3.1224599464969063,
   -3.122279673661299,
   -3.122002811564296,
   -3.1217355649543275,
   -3.121548613631204,
   -3.121459649764853,
   -3.1214596497647062,
   -3.1215486136309853,
   -3.121735564954003,
   -3.1220028115645038,
   -3.122279673661635,
   -3.1224599464974263
  ],
  "1": [
   0.023776173283162498,
   0.023779082549557302,
   0.023803798407003734,
   0.02386033437477221,
   0.023931216498141346,
   0.02398031881437648,
   0.02398031881459391,
   0.023931216497957254,
   0.023860334374522178,
   0.023803798406511412,
   0.02377908254948925,
   0.02377617328332057
  ]
 },
 "1": {
  "0": [
   0.039215888898063336,
   0.03896487699021933,
   0.03856112057185026,
   0.03814957333903574,
   0.03784523783284516,
   0.03769348894255585,
   0.03769348894210763,
   0.03784523783255489,
   0.038149573339080374,
   0.038561120572133845,
   0.03896487699119419,
   0.03921588889861074
  ],
  "1": [
   0.047619945968996644,
   0.047572454924437076,
   0.04751469151637584,
   0.04749358587587229,
   0.04752825023061542,
   0.04758011445478193,
   0.04758011445438893,
   0.047528250230688865,
   0.047493585875752094,
   0.047514691516655966,
   0.04757245492463965,
   0.047619945969353934
  ]
 },
 "2": {
  "0": [
   2.865885733234409e-05,
   -1.004399380150692e-05,
   -6.115756844991093e-05,
   -0.00011313181020106932,
   -0.00015443027409819832,
   -0.00017176845141560733,
   -0.00015858108915137685,
   -0.00012203277640849308,
   -7.533648236889122e-05,
   -2.899210406677958e-05,
   1.2187538997285271e-05,
   3.738572012660119e-05,
   -1.626233609748177e-05,
   -6.776177319717979e-05,
   -0.0001187570849437964,
   -0.00015550556381870346,
   -0.000168441944771878,
   -0.00015688752046745687,
   -0.00013035993759764777,
   -9.574263472707504e-05,
   -5.7968674939466056e-05,
   -2.133059256951743e-05,
   9.202698935996528e-06,
   1.5000684751487302e-05,
   -9.79804983199522e-05,
   -0.00014635328836247485,
   -0.0001744355133674682,
   -0.00017618113932503515,
   -0.00015677944545256764,
   -0.00013319056843693266,
   -0.00011134556454615708,
   -8.359136896240962e-05,
   -5.267496135324458e-05,
   -2.6765488059949848e-05,
   -1.9377088702091968e-05,
   -4.651717103200797e-05,
   -0.00018399826590226526,
   -0.00020574122461897648,
   -0.00019752288225202496,
   -0.0001673253450692916,
   -0.0001371399187165591,
   -0.00012004374376263777,
   -0.00010116354768968779,
   -7.5370772495291e-05,
   -5.457522345225575e-05,
   -5.312090475294146e-05,
   -8.262613040229509e-05,
   -0.00013606849004900413,
   -0.00023072192807408663,
   -0.00022154513133466742,
   -0.00018809134132805432,
   -0.0001491041829727981,
   -0.00012551420904163604,
   -0.00010976271122132109,
   -8.976405066633883e-05,
   -7.351678022472506e-05,
   -7.492744384133453e-05,
   -0.00010456979753366561,
   -0.0001582813221885693,
   -0.00020837638370181227,
   -0.00023706363825583596,
   -0.00021478103718271732,
   -0.00017473235790480983,
   -0.00013588757583264278,
   -0.00011081259382012683,
   -9.40156032088184e-05,
   -8.472710316043946e-05,
   -8.799965212314653e-05,
   -0.00011003993090065899,
   -0.00015313250077401082,
   -0.00020279585869107717,
   -0.0002338089389279645,
   -0.00023380893743225485,
   -0.0002027958571645731,
   -0.00015313249928442855,
   -0.00011003992935824602,
   -8.799964776984628e-05,
   -8.472709876884119e-05,
   -9.401559871775465e-05,
   -0.00011081258972563712,
   -0.00013588757584665786,
   -0.00017473235789585513,
   -0.00021478103716928283,
   -0.00023706363826773535,
   -0.0002083763822814534,
   -0.00015828132072356985,
   -0.00010456979607094333,
   -7.492744233297988e-05,
   -7.351678021578584e-05,
   -8.976405068121808e-05,
   -0.00010976271121783732,
   -0.00012551420904804934,
   -0.0001491041800325183,
   -0.0001880913383718322,
   -0.0002215451283635898,
   -0.00023072192507049533,
   -0.00013606849006658772,
   -8.262613039453095e-05,
   -5.312090472812274e-05,
   -5.4575217948814905e-05,
   -7.537076944473733e-05,
   -0.0001011635445787581,
   -0.00012004374061469017,
   -0.00013713991578425799,
   -0.00016732534506506052,
   -0.0001975228837031766,
   -0.0002057412260839741,
   -0.0001839982674231136,
   -4.651717403817636e-05,
   -1.9377091690994465e-05,
   -2.6765491031306075e-05,
   -5.267496435473261e-05,
   -8.359137193227971e-05,
   -0.00011134556748358738,
   -0.00013319056984595015,
   -0.0001567794468811429,
   -0.0001761811354191631,
   -0.00017443550774363223,
   -0.00014635328271711223,
   -9.798049278204094e-05,
   1.5000680885175524e-05,
   9.202695002106693e-06,
   -2.1330596520085495e-05,
   -5.796867347483897e-05,
   -9.574263326187116e-05,
   -0.00013035993612194277,
   -0.00015688751902723035,
   -0.00016844194332852046,
   -0.0001555055623042916,
   -0.00011875708344560993,
   -6.776177170898308e-05,
   -1.626233462470675e-05,
   3.7385720127041306e-05,
   1.2187538946831327e-05,
   -2.899210402043766e-05,
   -7.533648775457746e-05,
   -0.00012203277641302168,
   -0.00015858108914964552,
   -0.00017176844616184446,
   -0.00015443026874771242,
   -0.00011313181021549798,
   -6.115756845187861e-05,
   -1.0043993780280405e-05,
   2.8658857353981916e-05
  ],