{
 "0": {
  "0": [
   3.139206045869808,
   3.139288371435382,
   3.1394563142844887,
   3.139695585071882,
   3.1399465888657394,
   3.1401122517036866,
   3.140112251703856,
   3.139946588866177,
   3.139695585073247,
   3.1394563142837257,
   3.1392883714350797,
   3.1392060458702433
  ],
  "1": [
   -0.001297738779372826,
   -0.0014022976153513543,
   -0.0016059083086654455,
   -0.0018813760226051638,
   -0.0021663370799457835,
   -0.002359185538554219,
   -0.0023591855385683034,
   -0.0021663370799454027,
   -0.0018813760225524785,
   -0.0016059083087499656,
   -0.0014022976153384218,
   -0.0012977387793448383
  ]
 },
 "1": {
  "0": [
   -0.002646844428809826,
   -0.002516796210033658,
   -0.0022737463014510326,
   -0.0019671634539550177,
   -0.0016755232586640894,
   -0.0014917888356971833,
   -0.001491788835474889,
   -0.0016755232597773938,
   -0.0019671634508188138,
   -0.0022737463006016934,
   -0.0025167962123636427,
   -0.002646844426774212
  ],
  "1": [
   -0.0012550479689897886,
   -0.0013570152220144112,
   -0.0015577118775357366,
   -0.0018332556354680675,
   -0.002123048742858999,
   -0.0023222488321971687,
   -0.0023222488323593037,
   -0.002123048742939888,
   -0.0018332556351975133,
   -0.0015577118775327037,
   -0.0013570152223379179,
   -0.0012550479687091162
  ]
 },
 "2": {
  "0": [
   -0.007396458103649038,
   -0.007440064164224736,
   -0.007485061388489348,
   -0.007527077988375036,
   -0.007576572136676895,
   -0.007616292455595189,
   -0.007611363691824351,
   -0.007568224677300515,
   -0.007518003641589007,
   -0.007466979010199876,
   -0.007414821042748104,
   -0.007383781161666182,
   -0.007447019105561347,
   -0.007483062285613743,
   -0.007514657709187056,
   -0.007553548611160865,
   -0.007604309294702109,
   -0.00763658626613107,
   -0.00762287275594918,
   -0.0075783268067032925,
   -0.007524688470299018,
   -0.007469757772755431,
   -0.007428506477405617,
   -0.007420892283741591,
   -0.0075045372824771904,
   -0.007525744969363723,
   -0.007552348244430484,
   -0.0075963610417086585,
   -0.007645121451993315,
   -0.007662078344093818,
   -0.007635830441814691,
   -0.007587981100849449,
   -0.007537707776925635,
   -0.007497799872826458,
   -0.007479475524237963,
   -0.007484851630359936,
   -0.007551516541454011,
   -0.007568037835048194,
   -0.007600861128673134,
   -0.007647500141076048,
   -0.007679133729558629,
   -0.00766850756392302,
   -0.007628309843335662,
   -0.007586161595501103,
   -0.007556915414862163,
   -0.0075434718708487156,
   -0.007540570161899864,
   -0.007543142115929167,
   -0.007590758085082694,
   -0.0076107898435059645,
   -0.00764421859084449,
   -0.0076746444620231615,
   -0.007674982971001717,
   -0.007644832066840431,
   -0.0076094600386872255,
   -0.007588314951686076,
   -0.0075848801040786454,
   -0.007589526719539833,
   -0.007588263255562678,
   -0.0075849176152146935,
   -0.00761739500516349,
   -0.00763271818062901,
   -0.00765233261857305,
   -0.007657210216570602,
   -0.007639198804780377,
   -0.007615444481139106,
   -0.007602342893509179,
   -0.007605515608362222,
   -0.0076196572383180885,
   -0.007627602112171356,
   -0.007620582347279702,
   -0.007613578108383476,
   -0.007613578124485593,
   -0.007620582363516543,
   -0.007627602128637131,
   -0.007619657255757505,
   -0.007605515621603873,
   -0.007602342907196822,
   -0.0076154444945531466,
   -0.007639198817859887,
   -0.0076572102337910935,
   -0.007652332635049698,
   -0.007632718196945389,
   -0.007617395021227705,
   -0.00758491760338489,
   -0.0075882632434611744,
   -0.007589526707187887,
   -0.007584880091182793,
   -0.00758831493843689,
   -0.007609460025290844,
   -0.007644832053696387,
   -0.00767498295831027,
   -0.0076746444620413344,
   -0.007644218590849066,
   -0.007610789843491765,
   -0.0075907580850783475,
   -0.007543142132011648,
   -0.007540570178331957,
   -0.007543471887565927,
   -0.0075569154148542985,
   -0.007586161590923315,
   -0.0076283098388200705,
   -0.007668507563925745,
   -0.007679133729552309,
   -0.007647500132735426,
   -0.00760086112867401,
   -0.0075680378350384435,
   -0.00755151654146227,
   -0.00748485164229417,
   -0.00747947553644893,
   -0.007497799884979593,
   -0.007537707772609396,
   -0.007587981096493092,
   -0.007635830437407802,
   -0.007662078356158099,
   -0.007645121463998236,
   -0.007596361045365189,
   -0.007552348248071045,
   -0.007525744972957908,
   -0.007504537286108056,
   -0.00742089227182773,
   -0.007428506465410996,
   -0.007469757760561551,
   -0.0075246884538766904,
   -0.007578326802413655,
   -0.007622872751657512,
   -0.007636586274426398,
   -0.007604309302900925,
   -0.007553548623610722,
   -0.007514657724971967,
   -0.007483062301543288,
   -0.007447019121388678,
   -0.007383781161673103,
   -0.007414821042744755,
   -0.007466979010205914,
   -0.007518003629693063,
   -0.007568224669005763,
   -0.0076113636835409585,
   -0.007616292447314802,
   -0.007576572128531746,
   -0.007527077976621397,
   -0.007485061384884668,
   -0.00744006416062176,
   -0.007396458100033159
  ],