{
 "0": {
  "0": [
   -3.110573558466127,
   -3.1106839737086087,
   -3.1108873849031586,
   -3.111135981216728,
   -3.1113635376782973,
   -3.1115040030717207,
   -3.1115040030717243,
   -3.1113635376782396,
   -3.1111359812167536,
   -3.1108873849030267,
   -3.110683973708485,
   -3.1105735584660223
  ],
  "1": [
   0.034063268903173176,
   0.03402351979592033,
   0.0339900673995944,
   0.0340150001285761,
   0.03410691008437653,
   0.03420092372213437,
   0.03420092372217307,
   0.03410691008436168,
   0.034015000128591336,
   0.033990067399663614,
   0.03402351979588109,
   0.03406326890318603
  ]
 },
 "1": {
  "0": [
   -1.764671189899129e-05,
   -2.513953581198e-05,
   -3.117201852811449e-05,
   -2.9744691209881668e-05,
   -2.821362293283793e-05,
   -3.0086205890965626e-05,
   -3.008620593680453e-05,
   -2.8213622790618087e-05,
   -2.9744691363915792e-05,
   -3.117201852731599e-05,
   -2.513953547905306e-05,
   -1.764671194469257e-05
  ],
  "1": [
   -1.4966017224318585e-05,
   -1.4480179327983586e-05,
   -1.3771381544069125e-05,
   -1.2257457072274717e-05,
   -9.489332112257642e-06,
   -6.971597401831851e-06,
   -6.971597402925823e-06,
   -9.489332078628815e-06,
   -1.225745706302006e-05,
   -1.3771381571098464e-05,
   -1.4480179227016709e-05,
   -1.4966017258517983e-05
  ]
 },
 "2": {
  "0": [
   -8.38903305356131e-05,
   -1.1897653756033226e-05,
   3.2533455285550486e-05,
   2.2189834003654475e-05,
   -2.7600410116956153e-05,
   -7.744909778103946e-05,
   -9.99290867392404e-05,
   -9.366337971518735e-05,
   -8.1480967433584e-05,
   -8.810788946270671e-05,
   -0.0001139236200761041,
   -0.00012570626107105034,
   1.851563499147037e-06,
   9.732590437577837e-05,
   0.00012179408595416732,
   6.690934483662615e-05,
   -2.7305629995325087e-05,
   -0.0001118918369552519,
   -0.00016294926483870464,
   -0.00018232292891729162,
   -0.00018444105633855007,
   -0.0001798767901614042,
   -0.00016449634835438685,
   -0.00010568415834600849,
   9.036902651346677e-05,
   0.00016313111697326065,
   0.00013696216875344657,
   3.618189260349359e-05,
   -7.825230271330726e-05,
   -0.00016537447368926195,
   -0.00021772908568755235,
   -0.00024146268873314393,
   -0.00023787377733777696,
   -0.0002104903103705464,
   -0.00015113694060784567,
   -3.9618602700284956e-05,
   0.0001452653921021278,
   0.00016386555399599764,
   8.741513568505186e-05,
   -2.8589172501948012e-05,
   -0.0001290110388026141,
   -0.0001991649805631114,
   -0.00024342355924015006,
   -0.0002589241338062132,
   -0.0002378728316214908,
   -0.0001840800649404355,
   -9.04968519680769e-05,
   3.853173074303745e-05,
   0.0001562452315138914,
   0.00012201059851963093,
   2.4848453685088778e-05,
   -7.827712803795487e-05,
   -0.00015963087970120447,
   -0.00021877668955182228,
   -0.0002524720981260658,
   -0.00024794842794508996,
   -0.00020309459123570256,
   -0.00012509266130509802,
   -1.5421516871213842e-05,
   9.853696589649849e-05,
   0.00014225049878131306,
   8.072238628606737e-05,
   -1.8545133209474348e-05,
   -0.00011428649310861729,
   -0.00018898557597779133,
   -0.0002370098217037766,
   -0.00024954391255179354,
   -0.00022085255680692512,
   -0.00015682446860016913,
   -6.414289569517224e-05,
   4.371451645390754e-05,
   0.00012769601336000682,
   0.00012769601415092612,
   4.37145172733649e-05,
   -6.414289483754493e-05,
   -0.00015682446774130127,
   -0.0002208525552950791,
   -0.0002495439111124571,
   -0.00023700982022471293,
   -0.00018898557447337994,
   -0.00011428649227060175,
   -1.8545132354491597e-05,
   8.072238710118439e-05,
   0.0001422504995642232,
   9.8536964564864e-05,
   -1.5421518245194633e-05,
   -0.00012509266269817914,
   -0.0002030945926842115,
   -0.00024794842944986386,
   -0.0002524720995997348,
   -0.00021877669105268142,
   -0.0001596308811351658,
   -7.827712805665e-05,
   2.484845367900165e-05,
   0.00012201059852955154,
   0.00015624523148426213,
   3.853173160136304e-05,
   -9.049685117130672e-05,
   -0.00018408006408127237,
   -0.00023787283161804458,
   -0.00025892413320991733,
   -0.00024342355863524558,
   -0.0001991649805498449,
   -0.00012901103884510078,
   -2.8589172928525727e-05,
   8.741513567617349e-05,
   0.00016386555403612513,
   0.00014526539208599662,
   -3.9618601364307586e-05,
   -0.00015113693927506277,
   -0.00021049030894928486,
   -0.00023787377681848952,
   -0.00024146268820824117,
   -0.0002177290851417681,
   -0.00016537447230376327,
   -7.825230136528265e-05,
   3.618189350214195e-05,
   0.00013696216972243055,
   0.00016313111793242964,
   9.036902744036559e-05,
   -0.00010568415970502464,
   -0.00016449634969485131,
   -0.00017987679151465437,
   -0.00018444105715622952,
   -0.00018232292837396763,
   -0.00016294926430730994,
   -0.0001118918365487515,
   -2.730562959202576e-05,
   6.690934470485821e-05,
   0.00012179408680019173,
   9.732590525339219e-05,
   1.8515643014796288e-06,
   -0.00012570626104414543,
   -0.00011392362009288141,
   -8.81078894443637e-05,
   -8.148096878675163e-05,
   -9.366338017589347e-05,
   -9.992908714601618e-05,
   -7.744909818142502e-05,
   -2.760041053096655e-05,
   2.2189832699474163e-05,
   3.25334543442173e-05,
   -1.1897654708172187e-05,
   -8.38903314575561e-05
  ],