{
 "0": {
  "0": [
   3.1415315484422033,
   3.1415725755389965,
   3.1416198492426575,
   3.1416286518977454,
   3.141596748350461,
   3.1415619738565113,
   3.1415619738593805,
   3.141596748355112,
   3.1416286518970975,
   3.141619849237746,
   3.1415725755356463,
   3.141531548441265
  ],
  "1": [
   9.04761399147383e-05,
   7.564396223281812e-05,
   4.156677011278295e-05,
   -1.2887364778851426e-05,
   -7.626824814590862e-05,
   -0.00012159204683538007,
   -0.0001215920468136268,
   -7.626824826097972e-05,
   -1.2887364636227702e-05,
   4.156676971358358e-05,
   7.564396185662398e-05,
   9.047613985884165e-05
  ]
 },
 "1": {
  "0": [
   5.727733753123559e-05,
   1.5894950243450936e-05,
   -3.175575411502285e-05,
   -4.0856076143622274e-05,
   -8.805490503601479e-06,
   2.592859277682185e-05,
   2.592859314610053e-05,
   -8.805489039907038e-06,
   -4.0856073827595855e-05,
   -3.175575567596185e-05,
   1.5894969443032903e-05,
   5.727731342755926e-05
  ],
  "1": [
   -9.191453705303494e-05,
   -7.711751100221117e-05,
   -4.308519581874407e-05,
   1.137128964463169e-05,
   7.483070877141501e-05,
   0.00012032397621497877,
   0.0001203239760133456,
   7.483070895410668e-05,
   1.1371289848968953e-05,
   -4.308519621228429e-05,
   -7.711750871244329e-05,
   -9.191453980206718e-05
  ]
 },
 "2": {
  "0": [
   -0.012234253461480512,
   -0.01229595527896064,
   -0.012336118516469163,
   -0.012324928479038627,
   -0.012268336347145166,
   -0.012211242004178805,
   -0.01220056276420816,
   -0.012229273044904988,
   -0.0122511667796605,
   -0.01223983435267624,
   -0.012207754798185842,
   -0.012196897686953097,
   -0.012298905635792078,
   -0.012365397820513426,
   -0.012381125244863903,
   -0.012337016896430178,
   -0.012252812386706585,
   -0.012173581645097605,
   -0.012133719334887542,
   -0.012124811375559189,
   -0.012123323404618297,
   -0.012125020166722579,
   -0.012146544739397157,
   -0.012211056510173894,
   -0.0123369904374961,
   -0.012380702161525214,
   -0.0123663432464798,
   -0.012293866599449145,
   -0.012183147587066496,
   -0.012076372908310437,
   -0.012007676226782794,
   -0.011978447676180101,
   -0.011987350451123134,
   -0.012035517335385377,
   -0.012125928763998733,
   -0.012242677170722454,
   -0.012321439567770947,
   -0.012337706859837988,
   -0.012296063832530402,
   -0.012192473878466661,
   -0.012052931012203965,
   -0.01193500990762562,
   -0.011870860378465548,
   -0.011857378859839887,
   -0.011895797626565754,
   -0.011987787436407276,
   -0.0121233618995983,
   -0.012249621162149659,
   -0.012265695574342273,
   -0.01225575598330928,
   -0.012184636648320219,
   -0.0120529066027056,
   -0.011910629800996358,
   -0.011820838066963876,
   -0.011788267515133344,
   -0.011798602500481098,
   -0.011857500569937295,
   -0.01197766128294262,
   -0.012123421348060033,
   -0.012224687367420533,
   -0.01221077933881701,
   -0.012174094177670026,
   -0.012075788331985433,
   -0.011935108950351003,
   -0.01182099061977985,
   -0.01176921227723854,
   -0.011760690190839385,
   -0.01178805092355209,
   -0.011869863639185919,
   -0.012006641394144566,
   -0.0121319258126045,
   -0.012197644428106905,
   -0.01219764446730556,
   -0.012131925851751124,
   -0.012006641434222816,
   -0.011869863680754805,
   -0.011788050906955236,
   -0.01176069017364587,
   -0.011769212260063968,
   -0.011820990603077529,
   -0.011935108991374286,
   -0.012075788371780844,
   -0.0121740942166482,
   -0.012210779378078027,
   -0.01222468738289862,
   -0.012123421363509697,
   -0.011977661298934895,
   -0.011857500586358172,
   -0.01179860251719213,
   -0.01178826753201932,
   -0.011820838083654422,
   -0.011910629817134945,
   -0.012052906602754074,
   -0.012184636648322771,
   -0.012255755983377284,
   -0.012265695574269077,
   -0.012249621202717742,
   -0.012123361939747149,
   -0.011987787477354643,
   -0.011895797626565719,
   -0.011857378801835402,
   -0.011870860319767997,
   -0.011935009907627542,
   -0.012052931012173768,
   -0.012192473945909374,
   -0.012296063832478511,
   -0.0123377068597934,
   -0.012321439567794197,
   -0.012242677155171522,
   -0.01212592874828059,
   -0.01203551731984584,
   -0.011987350395141039,
   -0.011978447618892987,
   -0.012007676170934583,
   -0.012076372893193106,
   -0.01218314757166161,
   -0.01229386665151482,
   -0.012366343298112962,
   -0.012380702213084198,
   -0.012336990488840658,
   -0.012211056525357826,
   -0.012146544754569178,
   -0.01212502018215199,
   -0.012123323364363682,
   -0.012124811320012011,
   -0.012133719280030283,
   -0.01217358157947488,
   -0.012252812320301799,
   -0.012337016885400285,
   -0.012381125285197024,
   -0.012365397860751873,
   -0.01229890567551431,
   -0.012196897686957557,
   -0.01220775479820012,
   -0.012239834352682352,
   -0.012251166795214857,
   -0.012229273108607653,
   -0.01220056282999667,
   -0.012211242069008218,
   -0.012268336412607314,
   -0.01232492849468098,
   -0.01233611846542106,
   -0.012295955227527924,
   -0.012234253411987467
  ],