{
 "0": {
  "0": [
   -3.1241177707006353,
   -3.1243264375409234,
   -3.1246415349241556,
   -3.1249468598958248,
   -3.125180226778239,
   -3.1253114732116027,
   -3.1253114732105534,
   -3.125180226778449,
   -3.1249468598914727,
   -3.124641534926077,
   -3.124326437540064,
   -3.1241177706982746
  ],
  "1": [
   0.017623757033106046,
   0.017600168597659418,
   0.01757958462348929,
   0.017594537988806228,
   0.01765403294445766,
   0.017717236728118667,
   0.01771723672572404,
   0.0176540329459373,
   0.017594537986146994,
   0.01757958462605029,
   0.01760016859912803,
   0.017623757033445854
  ]
 },
 "1": {
  "0": [
   0.03647059330440521,
   0.0364273508843603,
   0.036360569144704834,
   0.03628214592163837,
   0.03619138017862592,
   0.036119606577048324,
   0.03611960657864624,
   0.03619138017751648,
   0.036282145928096,
   0.03636056914361036,
   0.03642735087129629,
   0.03647059331907806
  ],
  "1": [
   0.04134608621819248,
   0.041325705242066454,
   0.04132956292193426,
   0.04140055485074801,
   0.04153159579015021,
   0.041645704152708,
   0.041645704150111484,
   0.04153159578887908,
   0.041400554850284675,
   0.04132956291853175,
   0.04132570523644715,
   0.04134608622165336
  ]
 },
 "2": {
  "0": [
   -0.00026149980658220364,
   -0.00029578434305800816,
   -0.00033750440604411833,
   -0.00036263379325661047,
   -0.00036064209280063913,
   -0.00034453513270427436,
   -0.00032778684859518994,
   -0.00031149815876593313,
   -0.0002840198599676068,
   -0.00024570857696223333,
   -0.00022507887768720606,
   -0.0002368765557976451,
   -0.00028471094460486257,
   -0.00034149361825577313,
   -0.0003744616031250503,
   -0.00036385603669644305,
   -0.0003178616225192026,
   -0.000265883379967622,
   -0.0002294883309905648,
   -0.0002018966725831984,
   -0.0001665399614238424,
   -0.00014286783579120854,
   -0.0001656905100988735,
   -0.0002232538839490694,
   -0.0002853724028069144,
   -0.000333459160550353,
   -0.0003346240362388903,
   -0.0002817355137390628,
   -0.00020259642580241333,
   -0.00013829638300631903,
   -0.0001046275072035397,
   -8.047796529191179e-05,
   -5.873717349100547e-05,
   -7.279551599357997e-05,
   -0.00013683013984668065,
   -0.00021536748884074756,
   -0.0002504254352605187,
   -0.0002712279515926969,
   -0.0002359452394033838,
   -0.00015519405344333642,
   -7.031394960045142e-05,
   -2.019885118670831e-05,
   -2.6131150532731032e-06,
   8.361959991832555e-06,
   4.534360378167382e-06,
   -4.2710666291660215e-05,
   -0.00012044100688371164,
   -0.00019373541719709192,
   -0.00019692774856372978,
   -0.00018716598626940636,
   -0.0001242183256523659,
   -3.649288227704687e-05,
   2.9875441388333626e-05,
   5.1283483084385696e-05,
   5.1302181143612864e-05,
   5.1573404118229287e-05,
   3.3532990337683106e-05,
   -2.3655670393333443e-05,
   -9.66746644255218e-05,
   -0.0001593397873974872,
   -0.00015551488991454263,
   -0.00011702331678288173,
   -4.129156238465681e-05,
   3.441238924452526e-05,
   7.240216973015916e-05,
   7.30161129752949e-05,
   6.979348367676302e-05,
   7.120694244249458e-05,
   4.865966945555979e-05,
   -1.2501436089564837e-05,
   -8.55537998290366e-05,
   -0.0001411000985879493,
   -0.0001411001264313821,
   -8.555382853070798e-05,
   -1.2501463021439965e-05,
   4.865963958851085e-05,
   7.120690590940201e-05,
   6.979344392130018e-05,
   7.301607392027167e-05,
   7.24021339565971e-05,
   3.441236060280084e-05,
   -4.129159035251398e-05,
   -0.00011702334383261935,
   -0.00015551491763571908,
   -0.00015933975097208266,
   -9.667462483805305e-05,
   -2.365563637909409e-05,
   3.353302953917325e-05,
   5.157344250832166e-05,
   5.130221794545835e-05,
   5.128351978019624e-05,
   2.9875478249665345e-05,
   -3.6492882193902404e-05,
   -0.00012421832565118478,
   -0.000187165986292752,
   -0.00019692774859895825,
   -0.0001937354464688131,
   -0.00012044103817103971,
   -4.2710694807482256e-05,
   4.534360391034264e-06,
   8.361952243613397e-06,
   -2.6131225746698027e-06,
   -2.019885121636427e-05,
   -7.03139495828353e-05,
   -0.00015519401097373255,
   -0.00023594523941897932,
   -0.0002712279515867992,
   -0.0002504254352835004,
   -0.00021536752476903302,
   -0.00013683017837520022,
   -7.279555253511735e-05,
   -5.87371810454988e-05,
   -8.047797253621159e-05,
   -0.00010462751497209818,
   -0.0001382964181838331,
   -0.00020259646542853253,
   -0.00028173550964317643,
   -0.0003346240317956901,
   -0.0003334591563880112,
   -0.0002853723986451277,
   -0.0002232538475786452,
   -0.0001656904737694571,
   -0.00014286779792895959,
   -0.00016653992964736194,
   -0.00020189668017476134,
   -0.00022948833834689935,
   -0.00026588342142069523,
   -0.0003178616626744604,
   -0.00036385607203082203,
   -0.0003744616321594661,
   -0.0003414936470316743,
   -0.00028471097250315215,
   -0.0002368765558083294,
   -0.00022507887763304293,
   -0.0002457085769109554,
   -0.0002840198237373826,
   -0.0003114981188535451,
   -0.000327786804362379,
   -0.0003445350917711835,
   -0.00036064205077331957,
   -0.00036263375643283543,
   -0.0003375044103148908,
   -0.0002957843473719544,
   -0.0002614998112285836
  ],