{
 "0": {
  "0": [
   3.110982292883436,
   3.110761396231686,
   3.110424812087143,
   3.110095613545707,
   3.1098564289220993,
   3.109737282409487,
   3.10973728240958,
   3.10985642892279,
   3.1100956135465596,
   3.1104248120864315,
   3.1107613962308247,
   3.110982292881853
  ],
  "1": [
   -0.03744140599972027,
   -0.03743649155483142,
   -0.03746223435916144,
   -0.03754541749751877,
   -0.037668007299413,
   -0.03776437305495192,
   -0.03776437305465255,
   -0.037668007299161185,
   -0.037545417497664914,
   -0.037462234359536585,
   -0.037436491554684044,
   -0.037441405999478074
  ]
 },
 "1": {
  "0": [
   0.0010078008301350502,
   0.0012389490317459189,
   0.0015953275020175082,
   0.0019494861749260494,
   0.002220094107886382,
   0.0023664613194384716,
   0.002366461319195913,
   0.0022200941069863045,
   0.0019494861760906757,
   0.0015953275024282946,
   0.0012389490335938922,
   0.0010078008316355901
  ],
  "1": [
   0.0035746704420364403,
   0.003589830717414623,
   0.003615845704615532,
   0.0036392495930023115,
   0.0036439218747336805,
   0.0036333550072120235,
   0.003633355007000848,
   0.003643921874019147,
   0.0036392495932768575,
   0.0036158457037830547,
   0.0035898307185555853,
   0.0035746704424775492
  ]
 },
 "2": {
  "0": [
   0.0004169848620886609,
   0.0004131175882540623,
   0.00035949197626975214,
   0.0002724981318532629,
   0.0001969393205025766,
   0.00015829741824991862,
   0.00015598941252897706,
   0.00019389211692222275,
   0.0002684674407798088,
   0.00034426166395847344,
   0.00038532350716782415,
   0.0004011665657533235,
   0.0004115360384836779,
   0.00040339840311703505,
   0.00033931058239319677,
   0.000251253529662683,
   0.0001794907926371546,
   0.00014021797601565796,
   0.00013583608457824495,
   0.00017248861301743382,
   0.0002366249352862546,
   0.0002939842728384941,
   0.0003328369956994986,
   0.00037454794369718456,
   0.0003818598907584164,
   0.0003631586024143933,
   0.00029494762640735675,
   0.00021145972294998416,
   0.00014548985707532808,
   0.00010806197985781611,
   0.00010494491055715744,
   0.00013675638040588193,
   0.00018553193118245917,
   0.00023179428406965095,
   0.0002829877677368233,
   0.00034474559340631517,
   0.00033803911166489765,
   0.00031181596717800973,
   0.00024248277164770027,
   0.0001648345847679698,
   0.00010583805799340597,
   7.472924207894513e-05,
   7.604994250350504e-05,
   0.00010352678098396746,
   0.00014230557342986627,
   0.00018758504879243354,
   0.00024831493976406417,
   0.00031028551361962626,
   0.0003019290865842,
   0.0002672280141225101,
   0.00019507306795193678,
   0.0001245638387290684,
   7.708502688785781e-05,
   5.803113866375168e-05,
   6.502512226694103e-05,
   8.798669980548244e-05,
   0.00011988744811190458,
   0.00016365736590541054,
   0.00022293284641412448,
   0.00028016388156548445,
   0.00028244036296664964,
   0.0002331072479237691,
   0.0001613210083428897,
   0.00010428450677493062,
   7.174272691679856e-05,
   6.0890375428282756e-05,
   6.523953337681982e-05,
   8.008162895125518e-05,
   0.00010712967759685769,
   0.0001517792710046059,
   0.00021469838982083128,
   0.0002723743865247086,
   0.0002723743907284674,
   0.00021469839407067056,
   0.00015177927524944197,
   0.00010712968202306141,
   8.008162809487465e-05,
   6.523953250063184e-05,
   6.089037450160907e-05,
   7.174272609809481e-05,
   0.00010428450677892844,
   0.00016132100835403136,
   0.00023310724792181166,
   0.0002824403629532282,
   0.0002801638954823157,
   0.00022293286052274455,
   0.00016365737997568513,
   0.00011988746244974923,
   8.79866998102236e-05,
   6.502512228855783e-05,
   5.8031138691498106e-05,
   7.708502690186864e-05,
   0.00012456385717935168,
   0.00019507308662818128,
   0.00026722803237106465,
   0.0003019291047684783,
   0.0003102855136124365,
   0.00024831493976286575,
   0.00018758504880819995,
   0.000142305586516233,
   0.00010352679989646189,
   7.604996088888742e-05,
   7.47292597979845e-05,
   0.0001058380761066973,
   0.00016483458475373994,
   0.00024248275746681667,
   0.0003118159528050638,
   0.00033803909724649915,
   0.0003447455748096697,
   0.0002829877491241537,
   0.0002317942659644062,
   0.00018553191332622193,
   0.000136756361793258,
   0.00010494489187902227,
   0.00010806196635859692,
   0.00014548984312010493,
   0.00021145972211180814,
   0.00029494763991524454,
   0.00036315861604480825,
   0.0003818599041579024,
   0.0003745479445334924,
   0.0003328369965001073,
   0.00029398427365011197,
   0.0002366249494787099,
   0.00017248862736232403,
   0.00013583609854151153,
   0.00014021798961542616,
   0.0001794908067862466,
   0.00025125354414636333,
   0.0003393105967154477,
   0.0004033984175706877,
   0.00041153605243340413,
   0.0004011665657556886,
   0.00038532350718830126,
   0.00034426166395770333,
   0.00026846742710111645,
   0.00019389211693800513,
   0.0001559894125368103,
   0.00015829743129052758,
   0.0001969393335892179,
   0.00027249813183674983,
   0.0003594919762674643,
   0.00041311758825426,
   0.0004169848620706397
  ],