{
 "0": {
  "0": [
   3.140664163845098,
   3.1406224978250084,
   3.1405599050667115,
   3.1405004004557435,
   3.1404560109321373,
   3.1404310255237595,
   3.140431025523724,
   3.140456010932135,
   3.1405004004557258,
   3.1405599050667465,
   3.1406224978250736,
   3.1406641638451487
  ],
  "1": [
   7.714889279955167e-05,
   7.465394375338025e-05,
   6.46231495207265e-05,
   4.567249196082503e-05,
   2.407227872740775e-05,
   9.61169283987069e-06,
   9.611692868759823e-06,
   2.4072278738879423e-05,
   4.567249188807187e-05,
   6.462314955910012e-05,
   7.46539437934983e-05,
   7.714889274164733e-05
  ]
 },
 "1": {
  "0": [
   0.00011467958809372165,
   9.540054962166951e-05,
   7.412736886289744e-05,
   5.392232087201431e-05,
   2.580540152489666e-05,
   -2.383177850047167e-07,
   -2.3831778565871798e-07,
   2.5805401547346146e-05,
   5.3922320858863746e-05,
   7.412736889499015e-05,
   9.540054953495087e-05,
   0.00011467958802504847
  ],
  "1": [
   0.00109659667282662,
   0.0011875617166510178,
   0.0013638195260064034,
   0.0016013310950635652,
   0.0018462265740230906,
   0.002011617522260046,
   0.0020116175222756514,
   0.0018462265740477408,
   0.0016013310950865384,
   0.0013638195259924719,
   0.0011875617166754446,
   0.0010965966728131511
  ]
 },
 "2": {
  "0": [
   -0.007427211269433269,
   -0.007355513617949545,
   -0.007249880025411735,
   -0.007141431590611027,
   -0.007054440164684756,
   -0.00701172595997599,
   -0.007025662074016404,
   -0.007090409624217934,
   -0.007187674277402628,
   -0.007297497958916709,
   -0.007393512671362382,
   -0.007441665557330451,
   -0.00741297459922128,
   -0.007338083263025999,
   -0.007244442084187619,
   -0.007156666109030166,
   -0.007098540371815042,
   -0.0070902111009250495,
   -0.007130540922230662,
   -0.0072016299924714325,
   -0.007287323591627648,
   -0.007374116530593264,
   -0.007435258750779574,
   -0.007448020862168473,
   -0.007418249069700969,
   -0.00735787912160954,
   -0.007290098142094229,
   -0.007232977022600779,
   -0.007213391223825756,
   -0.007244573753277091,
   -0.007304721707147409,
   -0.007366449166933089,
   -0.007421203027525475,
   -0.007462562071440578,
   -0.00747462266177147,
   -0.007458132073981702,
   -0.007457878496156996,
   -0.007423622674463552,
   -0.007382903041827999,
   -0.0073557292129373016,
   -0.007375569157139536,
   -0.00743744518694156,
   -0.007498521597490833,
   -0.007535815528494027,
   -0.007549935792971364,
   -0.007540267900275277,
   -0.007512690160541228,
   -0.007485315046472929,
   -0.007529403250252252,
   -0.007513846507886692,
   -0.007488855199218188,
   -0.007490103926131147,
   -0.007540939263318169,
   -0.007605023295344119,
   -0.00764466591459981,
   -0.007653031097274661,
   -0.007632648393070795,
   -0.0075886674415408814,
   -0.00754939714954016,
   -0.007534427910425865,
   -0.007588729760458122,
   -0.007573588470078563,
   -0.007564797928053543,
   -0.007597484427666515,
   -0.007656037710691975,
   -0.007698936121750186,
   -0.007711996359093072,
   -0.007694436707997197,
   -0.007649345817480228,
   -0.007597775600351864,
   -0.007577459154859694,
   -0.007585338878181229,
   -0.007585338878056542,
   -0.00757745915472997,
   -0.007597775600213238,
   -0.007649345817345937,
   -0.0076944367079139556,
   -0.007711996359016437,
   -0.007698936121677742,
   -0.007656037710609709,
   -0.0075974844276763195,
   -0.007564797928059135,
   -0.007573588470077628,
   -0.007588729760461747,
   -0.007534427910870591,
   -0.007549397149964967,
   -0.00758866744196908,
   -0.00763264839350637,
   -0.007653031097278936,
   -0.007644665914586195,
   -0.007605023295346901,
   -0.00754093926332318,
   -0.007490103926454864,
   -0.0074888551995121455,
   -0.007513846508177865,
   -0.007529403250561743,
   -0.007485315046463966,
   -0.007512690160544445,
   -0.007540267900266939,
   -0.0075499357933176275,
   -0.007535815528797177,
   -0.007498521597794905,
   -0.007437445187255628,
   -0.007375569157503365,
   -0.007355729212934421,
   -0.007382903041393425,
   -0.0074236226740078135,
   -0.0074578784957421455,
   -0.00745813207368232,
   -0.007474622661469332,
   -0.007462562071134458,
   -0.0074212030272111,
   -0.007366449166632735,
   -0.0073047217068494845,
   -0.007244573752851293,
   -0.007213391223391515,
   -0.007232977022519369,
   -0.007290098142421135,
   -0.007357879121962424,
   -0.0074182490700522895,
   -0.007448020862248504,
   -0.007435258750851149,
   -0.007374116530666998,
   -0.007287323592071988,
   -0.007201629992908173,
   -0.0071305409226708185,
   -0.007090211101359671,
   -0.0070985403722631695,
   -0.007156666109490905,
   -0.0072444420846215826,
   -0.007338083263429299,
   -0.007412974599666639,
   -0.0074416655573282175,
   -0.007393512671378684,
   -0.007297497958888121,
   -0.007187674277037166,
   -0.007090409624216795,
   -0.007025662074005619,
   -0.007011725960321057,
   -0.007054440165030016,
   -0.007141431590614592,
   -0.007249880025390707,
   -0.007355513617964141,
   -0.007427211269433982
  ],