{
 "0": {
  "0": [
   -3.1415359272339747,
   -3.141554819191544,
   -3.1415749577654473,
   -3.1415931504508023,
   -3.141618794291592,
   -3.1416432618475336,
   -3.1416432618474532,
   -3.141618794291592,
   -3.141593150450803,
   -3.141574957765474,
   -3.141554819191619,
   -3.14153592723406
  ],
  "1": [
   0.0010947061651211572,
   0.0011850616186611714,
   0.0013606803246315538,
   0.0015978061200453508,
   0.0018429997601686194,
   0.0020088938102278643,
   0.0020088938101629245,
   0.0018429997603543395,
   0.0015978061201661288,
   0.0013606803246295745,
   0.0011850616186629118,
   0.0010947061651158546
  ]
 },
 "1": {
  "0": [
   0.0011561043059692977,
   0.0011598552068647658,
   0.001146981611241937,
   0.0011055223004593558,
   0.0010477947325416084,
   0.0010040540731860446,
   0.0010040540731557986,
   0.001047794732648495,
   0.0011055223005469164,
   0.0011469816113031494,
   0.0011598552069106657,
   0.0011561043058712856
  ],
  "1": [
   0.0010126305453450155,
   0.0011060111307473193,
   0.0012932844262910795,
   0.0015542823630923304,
   0.0018298943942077722,
   0.0020185195370823928,
   0.0020185195370524974,
   0.0018298943941385181,
   0.0015542823631159305,
   0.0012932844264201698,
   0.0011060111306482093,
   0.0010126305453474031
  ]
 },
 "2": {
  "0": [
   0.007016869577497123,
   0.007113308122643894,
   0.007250909564058929,
   0.0073978822329235664,
   0.0075203647996712145,
   0.007587339752252902,
   0.007580614569247809,
   0.007497230933461838,
   0.007359621146229179,
   0.007209576049143187,
   0.007079230281220477,
   0.007002343615847299,
   0.007084238837183986,
   0.007189398457214638,
   0.007316550159885536,
   0.0074367657386607226,
   0.007529217720225597,
   0.007577779676005345,
   0.007562964350123324,
   0.0074794885446451435,
   0.007353324054756028,
   0.00721670253624784,
   0.007097177827966064,
   0.007043460743680476,
   0.007185460623848673,
   0.007283896501300021,
   0.007383558735128632,
   0.007467783304977779,
   0.007536349484298817,
   0.007579910067774319,
   0.007572066432480715,
   0.007506390105567639,
   0.007398826050395467,
   0.007266718495338696,
   0.007155444417755945,
   0.007127373037986782,
   0.007297205585791702,
   0.007372770747700524,
   0.007435803169591131,
   0.007494486614521503,
   0.007562937382836212,
   0.007618262108545867,
   0.0076228566747156435,
   0.007570583740708571,
   0.007465642244631101,
   0.007330134618197101,
   0.007235819512967967,
   0.007234310898836384,
   0.00739125118857633,
   0.007430529490142293,
   0.007464511214023902,
   0.007523256372254987,
   0.007608531967793515,
   0.007671022458844827,
   0.007677135942667052,
   0.00762500317205851,
   0.00751583207100554,
   0.007388966031808031,
   0.007325211613415853,
   0.007342755576841926,
   0.007436781033707692,
   0.007442726321998362,
   0.007467884664333448,
   0.007543902269451951,
   0.007642410714386965,
   0.007703200390047662,
   0.00770580941056229,
   0.007648799388142608,
   0.007541115020269485,
   0.007439272906026288,
   0.007404259401851221,
   0.007419494235955496,
   0.007419494236186566,
   0.0074042594022439776,
   0.0074392729063325665,
   0.007541115020597885,
   0.007648799388261473,
   0.007705809410677544,
   0.007703200390244255,
   0.007642410714446174,
   0.007543902269453643,
   0.00746788466436783,
   0.007442726321999017,
   0.007436781033677541,
   0.007342755576690723,
   0.007325211613142636,
   0.007388966031562118,
   0.00751583207083714,
   0.007625003172060337,
   0.007677135942676507,
   0.0076710224588906585,
   0.007608531967739407,
   0.007523256372143584,
   0.0074645112140090735,
   0.0074305294901229725,
   0.007391251188620663,
   0.007234310898807604,
   0.007235819512981022,
   0.007330134618145199,
   0.007465642244536119,
   0.0075705837407650635,
   0.007622856674783107,
   0.007618262108572868,
   0.0075629373827268195,
   0.00749448661452284,
   0.007435803169713383,
   0.007372770747975797,
   0.007297205586052486,
   0.0071273730379158105,
   0.0071554444177047635,
   0.007266718495299965,
   0.007398826050344451,
   0.007506390105580666,
   0.007572066432444235,
   0.007579910068012633,
   0.007536349484521309,
   0.007467783305047997,
   0.007383558735003581,
   0.007283896501268411,
   0.007185460623817809,
   0.007043460743509741,
   0.0070971778278361925,
   0.007216702536138083,
   0.007353324054500659,
   0.007479488544394715,
   0.007562964349898736,
   0.007577779675723089,
   0.00752921771999721,
   0.0074367657384664405,
   0.007316550159787564,
   0.007189398456896214,
   0.007084238836838556,
   0.007002343615867004,
   0.007079230280968891,
   0.007209576049250205,
   0.007359621146330832,
   0.007497230933461419,
   0.007580614569207177,
   0.007587339752121711,
   0.0075203647997434475,
   0.0073978822329405225,
   0.007250909564016409,
   0.007113308122729301,
   0.007016869577522918
  ],