{
 "0": {
  "0": [
   -3.1073897952613967,
   -3.1076170112838866,
   -3.1079828631728708,
   -3.1083541266140333,
   -3.1086279166887962,
   -3.1087654148865655,
   -3.1087654148865087,
   -3.108627916688648,
   -3.1083541266138752,
   -3.1079828631728783,
   -3.107617011283987,
   -3.1073897952615566
  ],
  "1": [
   0.04124029651813614,
   0.041198490536102625,
   0.04114695990180893,
   0.04112674066347657,
   0.041155221635589476,
   0.04119945081235598,
   0.04119945081231678,
   0.04115522163559085,
   0.04112674066344542,
   0.04114695990182806,
   0.04119849053603217,
   0.041240296518065656
  ]
 },
 "1": {
  "0": [
   0.00020541811857553558,
   0.0004932613944664149,
   0.000928452423986161,
   0.0013499761975346157,
   0.0016645267390556354,
   0.0018333505415322813,
   0.0018333505416182935,
   0.0016645267387638582,
   0.0013499761976540708,
   0.000928452423827975,
   0.0004932613948552464,
   0.00020541811881724455
  ],
  "1": [
   0.0034303483495524436,
   0.003447586046391736,
   0.0034770864624884897,
   0.0035043385955245638,
   0.0035129147741380057,
   0.0035056607781337353,
   0.0035056607781693474,
   0.0035129147740624476,
   0.0035043385955290845,
   0.0034770864624711602,
   0.003447586046393863,
   0.003430348349616947
  ]
 },
 "2": {
  "0": [
   -1.4441226959595474e-06,
   -3.052592176536703e-05,
   -4.990781870555186e-05,
   -4.461660550573076e-05,
   -2.288043590358579e-05,
   -3.6945427976557798e-06,
   1.6825823545892037e-06,
   -5.369224726297109e-06,
   -1.0722533705971575e-05,
   -2.2529380065730903e-06,
   1.3079195199033122e-05,
   1.6041136921141716e-05,
   -4.990350221266458e-05,
   -9.161176942940181e-05,
   -9.882114809602684e-05,
   -6.691884607855522e-05,
   -1.7890450888284876e-05,
   1.9436106263204987e-05,
   2.9529682991072005e-05,
   2.414556904625685e-05,
   2.6290855300903768e-05,
   3.559639169109417e-05,
   3.107015916648787e-05,
   -6.896089729085103e-07,
   -0.00011030335396729138,
   -0.0001479307735583071,
   -0.00013130066169948117,
   -7.062579678404111e-05,
   6.400711352449761e-07,
   4.7650449000845855e-05,
   6.037831566793458e-05,
   6.221079624914423e-05,
   6.84783571266699e-05,
   6.306582332540909e-05,
   2.5334512410260658e-05,
   -4.1024530739698574e-05,
   -0.0001622363832023083,
   -0.00018271949347793576,
   -0.00014124129691018078,
   -6.184171473013531e-05,
   1.768030029868073e-05,
   6.738467617071368e-05,
   8.803739068754029e-05,
   9.872320390100216e-05,
   9.771296661424068e-05,
   6.639709961463576e-05,
   -2.4083146588847957e-06,
   -8.99375150811309e-05,
   -0.0001984708229921774,
   -0.00019131282443282815,
   -0.00012531342111925603,
   -3.641439835029639e-05,
   3.893511074248325e-05,
   8.242938896712944e-05,
   0.0001026234723780254,
   0.00010895137098528323,
   9.238545998836522e-05,
   3.898558208405006e-05,
   -4.680982454491448e-05,
   -0.00013945100480329683,
   -0.00021156371060336967,
   -0.00016391583854678848,
   -7.597484066283932e-05,
   9.302102888741165e-06,
   6.64844812889057e-05,
   9.343403839925082e-05,
   0.00010156051870275712,
   9.335129973753376e-05,
   5.787903704537486e-05,
   -1.2389484062219735e-05,
   -0.00010533005057907897,
   -0.00018692172233543414,
   -0.00018692172284261863,
   -0.0001053300510747667,
   -1.2389484561578108e-05,
   5.7879036519045335e-05,
   9.335129942598435e-05,
   0.00010156051838703219,
   9.343403806408315e-05,
   6.648448100245124e-05,
   9.302102889177008e-06,
   -7.597484066201513e-05,
   -0.00016391583855002718,
   -0.0002115637106265359,
   -0.00013945100275497438,
   -4.68098225560735e-05,
   3.898558415289943e-05,
   9.238546199692698e-05,
   0.00010895137096849729,
   0.00010262347237349242,
   8.242938896276919e-05,
   3.8935110744570604e-05,
   -3.641439689246822e-05,
   -0.00012531341960508172,
   -0.0001913128229408601,
   -0.00019847082145782907,
   -8.993751507387517e-05,
   -2.4083146524082056e-06,
   6.639709960700952e-05,
   9.771296828977544e-05,
   9.872320542455818e-05,
   8.803739212504848e-05,
   6.73846776475594e-05,
   1.768030178669302e-05,
   -6.184171473281428e-05,
   -0.00014124129888407283,
   -0.00018271949551501758,
   -0.00016223638531547675,
   -4.102453226350921e-05,
   2.5334510948428263e-05,
   6.306582186193737e-05,
   6.847835560240222e-05,
   6.22107947175889e-05,
   6.037831417913848e-05,
   4.765044699083059e-05,
   6.40069076529365e-07,
   -7.062579713025946e-05,
   -0.00013130065999464882,
   -0.00014793077182257225,
   -0.00011030335221097491,
   -6.896086824446773e-07,
   3.107015948756784e-05,
   3.559639199988709e-05,
   2.6290857333521813e-05,
   2.4145571062406716e-05,
   2.9529684997026408e-05,
   1.9436108261383512e-05,
   -1.7890448831621e-05,
   -6.691884399921856e-05,
   -9.882114608984333e-05,
   -9.16117673679778e-05,
   -4.990350018252463e-05,
   1.604113692926717e-05,
   1.30791951967485e-05,
   -2.252937998530912e-06,
   -1.0722535419341475e-05,
   -5.369224740924288e-06,
   1.6825823428650734e-06,
   -3.6945411682152728e-06,
   -2.288043419846189e-05,
   -4.461660550987421e-05,
   -4.990781872613434e-05,
   -3.052592177814499e-05,
   -1.4441226956629101e-06
  ],