{
 "0": {
  "0": [
   3.1415439216018624,
   3.141582948331207,
   3.1416257666407645,
   3.141627108606304,
   3.141585952840251,
   3.141544513347015,
   3.1415445133470317,
   3.141585952840098,
   3.1416271086063,
   3.1416257666407623,
   3.1415829483311817,
   3.141543921601981
  ],
  "1": [
   7.308391855573079e-05,
   6.213485897069942e-05,
   3.522170274196901e-05,
   -9.561642193331653e-06,
   -6.276177077208939e-05,
   -0.00010107939317515529,
   -0.00010107939313795038,
   -6.276177063824357e-05,
   -9.561642137160006e-06,
   3.5221702731320854e-05,
   6.213485905524546e-05,
   7.308391855303832e-05
  ]
 },
 "1": {
  "0": [
   4.4648750207895884e-05,
   5.215484448141495e-06,
   -3.7989284094163245e-05,
   -3.972657134637561e-05,
   1.4723365331988363e-06,
   4.279380271877805e-05,
   4.2793802672557586e-05,
   1.4723365322040122e-06,
   -3.9726571282747506e-05,
   -3.798928410388929e-05,
   5.215484463398283e-06,
   4.464875009933483e-05
  ],
  "1": [
   -7.477422385586698e-05,
   -6.387117151519622e-05,
   -3.7020201468925156e-05,
   7.735344137235835e-06,
   6.107041738614177e-05,
   9.949193703101707e-05,
   9.949193706535298e-05,
   6.107041742455911e-05,
   7.735344128391852e-06,
   -3.702020146637693e-05,
   -6.387117145829908e-05,
   -7.47742238740598e-05
  ]
 },
 "2": {
  "0": [
   -0.012224771112129405,
   -0.012286835231438914,
   -0.012327484651842507,
   -0.012316186434356684,
   -0.012258994918501721,
   -0.012201710672480158,
   -0.012191826456918282,
   -0.012221881475076508,
   -0.012244614643274372,
   -0.012232947659539152,
   -0.012199626100901076,
   -0.012187706189428042,
   -0.012289908685362411,
   -0.012356019120012616,
   -0.012371709129068707,
   -0.012327666264759746,
   -0.012244039959628502,
   -0.012166165966241932,
   -0.01212808493575013,
   -0.012120745919601255,
   -0.012119671600655697,
   -0.012120251053442251,
   -0.012140095188852252,
   -0.012203024719200907,
   -0.012328435380800043,
   -0.012371289447590417,
   -0.012357195717288398,
   -0.012286002858915629,
   -0.012177295021659918,
   -0.012072527034654891,
   -0.012005379034695082,
   -0.011977161018887829,
   -0.011985766493098071,
   -0.012032531240541745,
   -0.012121230016544906,
   -0.012235902109056314,
   -0.012312630880481788,
   -0.012328462424500678,
   -0.012288274477381756,
   -0.012187392446898957,
   -0.012050465835640555,
   -0.011933998627100506,
   -0.011870688897040333,
   -0.011857450901018926,
   -0.011895271954617224,
   -0.011986148949233796,
   -0.012119711382586686,
   -0.012243099256527726,
   -0.012256344978265306,
   -0.012247194334024297,
   -0.012178866251871147,
   -0.012050482219035912,
   -0.011910173354591823,
   -0.011821287435370953,
   -0.01178921607068786,
   -0.01179941255811606,
   -0.011857607249500851,
   -0.011976437844476306,
   -0.012119375113058427,
   -0.01221722828535141,
   -0.012201326879606872,
   -0.012166796255376734,
   -0.012072006140043728,
   -0.01193409647754989,
   -0.011821480182892714,
   -0.011770545433348562,
   -0.01176215354586348,
   -0.011789008007141218,
   -0.01186972649624817,
   -0.012004423036456269,
   -0.012126346822608717,
   -0.012188925980376368,
   -0.012188925980460718,
   -0.012126346822703405,
   -0.01200442303655584,
   -0.011869726496370109,
   -0.0117890080072445,
   -0.011762153546009445,
   -0.011770545433473063,
   -0.011821480183002116,
   -0.011934096477684283,
   -0.012072006140148927,
   -0.01216679625544203,
   -0.01220132687972339,
   -0.012217228285236486,
   -0.01211937511293255,
   -0.011976437844374225,
   -0.011857607249330574,
   -0.011799412557966448,
   -0.011789216070542466,
   -0.011821287435214258,
   -0.011910173354432707,
   -0.012050482219105088,
   -0.012178866251903299,
   -0.01224719433404628,
   -0.012256344978256423,
   -0.012243099256651454,
   -0.012119711382707505,
   -0.011986148949332202,
   -0.01189527195465366,
   -0.011857450901038416,
   -0.011870688897076768,
   -0.011933998627059936,
   -0.012050465835682917,
   -0.012187392446996367,
   -0.012288274477302637,
   -0.012328462424468245,
   -0.012312630880502896,
   -0.012235902109166152,
   -0.012121230016643728,
   -0.01203253124062324,
   -0.011985766493058186,
   -0.011977161018896622,
   -0.012005379034688077,
   -0.012072527034794065,
   -0.012177295021797006,
   -0.012286002859123313,
   -0.012357195717562948,
   -0.012371289447843175,
   -0.012328435381051397,
   -0.012203024719156816,
   -0.012140095188714888,
   -0.012120251053366159,
   -0.012119671600568219,
   -0.01212074591965826,
   -0.012128084935753179,
   -0.012166165966102907,
   -0.012244039959460497,
   -0.012327666264591362,
   -0.012371709129142348,
   -0.012356019120056624,
   -0.012289908685417099,
   -0.012187706189428677,
   -0.012199626100938808,
   -0.01223294765955004,
   -0.012244614643144646,
   -0.012221881475201724,
   -0.01219182645707783,
   -0.012201710672595395,
   -0.012258994918552948,
   -0.012316186434298892,
   -0.01232748465158755,
   -0.01228683523122333,
   -0.01222477111191136
  ],