{
 "0": {
  "0": [
   3.1414217732008,
   3.141435878500483,
   3.1414660725611037,
   3.141505471918019,
   3.141537018162606,
   3.1415529043356814,
   3.14155290433479,
   3.1415370181610838,
   3.141505471915818,
   3.1414660725638233,
   3.1414358785024974,
   3.1414217732008716
  ],
  "1": [
   4.513406369981988e-05,
   4.437941327763001e-05,
   4.374914453322421e-05,
   4.292381449242732e-05,
   4.130188008724167e-05,
   3.980646328893369e-05,
   3.980646289832683e-05,
   4.1301879991434624e-05,
   4.292381407580042e-05,
   4.374914458342885e-05,
   4.43794133686945e-05,
   4.513406404243073e-05
  ]
 },
 "1": {
  "0": [
   0.0023901190286704874,
   0.002308130296356371,
   0.002140446209706604,
   0.0019010944886772825,
   0.0016495821345597107,
   0.001483544818722563,
   0.0014835448199476394,
   0.001649582137195831,
   0.0019010944816106907,
   0.0021404462078272947,
   0.002308130298091853,
   0.0023901190314900823
  ],
  "1": [
   0.001297330009596779,
   0.00140171364003285,
   0.001605066562206164,
   0.0018801697133161766,
   0.0021647342042451765,
   0.002357227373035006,
   0.0023572273743178306,
   0.002164734204094016,
   0.0018801697124444237,
   0.0016050665622544063,
   0.0014017136412113615,
   0.0012973300097398912
  ]
 },
 "2": {
  "0": [
   -0.007604836011440269,
   -0.007569734198737813,
   -0.0075273687174026,
   -0.007474681113702124,
   -0.007417199609235788,
   -0.007382214860050372,
   -0.007395223456430247,
   -0.007449955757234426,
   -0.007514028722099463,
   -0.00756359118745437,
   -0.007598983643578244,
   -0.007617574570738819,
   -0.007588183895765319,
   -0.007544447110354943,
   -0.007502872906878066,
   -0.007459007657597839,
   -0.007421942217479769,
   -0.007414452865457756,
   -0.007448861941020022,
   -0.007508725048349987,
   -0.0075643684482926705,
   -0.007603848581334432,
   -0.007628036150513366,
   -0.007623963287826756,
   -0.007573423371962933,
   -0.0075301533514069985,
   -0.007496944874547602,
   -0.00747216596128686,
   -0.007463550546913189,
   -0.0074788579637393585,
   -0.0075174723309479555,
   -0.007565114029224217,
   -0.007607307161895453,
   -0.007640289375182374,
   -0.007651451273473453,
   -0.007623274632855926,
   -0.007570747231235494,
   -0.007536084794324904,
   -0.007518256303726949,
   -0.007518163049804532,
   -0.007528898007445608,
   -0.007544108910003735,
   -0.007567715935367506,
   -0.007599132532303621,
   -0.007636600582064696,
   -0.007668434114862463,
   -0.007664420870606358,
   -0.007620259033270851,
   -0.007585918070679771,
   -0.007567465318267242,
   -0.007569813142885292,
   -0.0075828466845188,
   -0.007585751807588134,
   -0.007583468787060779,
   -0.007592453124376187,
   -0.00761826757084776,
   -0.007656560842582938,
   -0.0076806732020663565,
   -0.0076631095322904986,
   -0.007621491777041888,
   -0.007609101137790117,
   -0.007613219245775062,
   -0.007628905605089726,
   -0.007632979424108394,
   -0.007616397554308358,
   -0.007601263193097705,
   -0.0076039645235782384,
   -0.007626669222199935,
   -0.0076572901421568095,
   -0.007667300883307299,
   -0.007647760068723122,
   -0.007622418567899712,
   -0.00762241851584265,
   -0.007647760017522039,
   -0.00766730083298646,
   -0.007657290091878288,
   -0.0076266691882874915,
   -0.00760396448846625,
   -0.007601263158218703,
   -0.007616397520825874,
   -0.007632979373972002,
   -0.007628905554162567,
   -0.007613219193956728,
   -0.007609101085461862,
   -0.007621491813018449,
   -0.007663109567683241,
   -0.007680673236263993,
   -0.007656560876063985,
   -0.007618267604631063,
   -0.0075924531584804075,
   -0.007583468820384628,
   -0.007585751841557627,
   -0.0075828466845273895,
   -0.007569813142890636,
   -0.007567465318270561,
   -0.007585918070685319,
   -0.007620258980952518,
   -0.00766442081922719,
   -0.007668434064364286,
   -0.007636600582064015,
   -0.00759913254892811,
   -0.007567715951930274,
   -0.007544108910005466,
   -0.007528898007450275,
   -0.007518163055591579,
   -0.007518256303720009,
   -0.007536084794329884,
   -0.007570747231235305,
   -0.007623274596299414,
   -0.007651451238217986,
   -0.0076402893406144045,
   -0.007607307178128762,
   -0.007565114045584208,
   -0.007517472347130526,
   -0.007478857929129458,
   -0.007463550511311258,
   -0.007472165930800611,
   -0.0074969448434701064,
   -0.007530153320192419,
   -0.00757342334106824,
   -0.007623963324113967,
   -0.007628036186304749,
   -0.007603848616550102,
   -0.007564368499651787,
   -0.007508725064382113,
   -0.007448861957001875,
   -0.007414452859561914,
   -0.007421942211409933,
   -0.0074590076350320245,
   -0.007502872852939338,
   -0.00754444705645563,
   -0.007588183842674865,
   -0.007617574570746947,
   -0.007598983643569686,
   -0.007563591187445822,
   -0.007514028758240903,
   -0.00744995576330511,
   -0.007395223462539691,
   -0.007382214866292479,
   -0.007417199615525567,
   -0.007474681150824165,
   -0.0075273687482801,
   -0.007569734229401636,
   -0.007604836041824518
  ],