{
 "0": {
  "0": [
   3.124118401249674,
   3.124327114963724,
   3.124642302543652,
   3.124947740175109,
   3.1251812163932375,
   3.1253125349693374,
   3.125312534966989,
   3.125181216391152,
   3.124947740172801,
   3.1246423025395607,
   3.1243271149593475,
   3.1241184012446643
  ],
  "1": [
   -0.017623227995183066,
   -0.017599668452059767,
   -0.017579037449503163,
   -0.017593976320545025,
   -0.017653414615926313,
   -0.01771660703282789,
   -0.017716607033731808,
   -0.017653414616753394,
   -0.01759397632144089,
   -0.017579037450863214,
   -0.017599668453412574,
   -0.01762322799668634
  ]
 },
 "1": {
  "0": [
   -0.03646952651463023,
   -0.036426360711562036,
   -0.03635969962273129,
   -0.036281444497439405,
   -0.036190813994087294,
   -0.03611913220532806,
   -0.036119132212813106,
   -0.03619081400260746,
   -0.036281444502628726,
   -0.036359699613727765,
   -0.03642636071313254,
   -0.03646952651471602
  ],
  "1": [
   -0.04134577059447308,
   -0.04132536450379888,
   -0.041329238181725715,
   -0.041400239069461844,
   -0.04153130208421,
   -0.0416454286605287,
   -0.041645428663249266,
   -0.04153130208738463,
   -0.04140023907235499,
   -0.04132923817805882,
   -0.04132536450471558,
   -0.04134577059471775
  ]
 },
 "2": {
  "0": [
   0.00025301854949473767,
   0.0002872334658522708,
   0.000328930612758317,
   0.00035407330054822985,
   0.00035213866091329154,
   0.0003361005039962525,
   0.0003193788863191935,
   0.00030306267619631974,
   0.00027557139074294517,
   0.0002372539816007779,
   0.00021665010156637644,
   0.0002284535025584914,
   0.0002761680453215353,
   0.0003328718435480757,
   0.000365819799722769,
   0.00035526801259637175,
   0.0003093777329399238,
   0.00025752629490998695,
   0.0002212084858966418,
   0.00019364224123649836,
   0.00015828645043596153,
   0.00013459295825744914,
   0.00015735327092624644,
   0.00021481525776455716,
   0.00027680360334464323,
   0.0003248261602619322,
   0.00032601513255217277,
   0.0002732177932160877,
   0.00019423473937293416,
   0.00013012114502922078,
   9.65639682102845e-05,
   7.246590717647296e-05,
   5.0701361516941994e-05,
   6.466906960934281e-05,
   0.00012855372444215646,
   0.00020691602097484108,
   0.00024186112135475256,
   0.0002626481193516195,
   0.00022744188897439097,
   0.0001468347719250807,
   6.217644278691417e-05,
   1.2276373800951014e-05,
   -5.194133604374923e-06,
   -1.614319480270786e-05,
   -1.2383358430998252e-05,
   3.4675286639517415e-05,
   0.00011218929749132838,
   0.00018527385133678136,
   0.00018842268181755865,
   0.000178693733711185,
   0.00011585822689215024,
   2.8356524752027927e-05,
   -3.775395423318601e-05,
   -5.898862939966594e-05,
   -5.895801837210647e-05,
   -5.924183470984065e-05,
   -4.131628233489657e-05,
   1.5622410863569286e-05,
   8.840181550552538e-05,
   0.0001508926311705714,
   0.00014708297813564042,
   0.0001086605392844702,
   3.309775130340678e-05,
   -4.2341617789627574e-05,
   -8.011320199063124e-05,
   -8.06476966558157e-05,
   -7.74113709812052e-05,
   -7.886609301991352e-05,
   -5.646998558962988e-05,
   4.426926119938347e-06,
   7.725460550326576e-05,
   0.00013268682344064688,
   0.0001326868355000908,
   7.725461778589554e-05,
   4.426938277073022e-06,
   -5.6469973090946327e-05,
   -7.886608638080844e-05,
   -7.741136435150847e-05,
   -8.064768996832137e-05,
   -8.011319561824689e-05,
   -4.2341617790942494e-05,
   3.309775129022466e-05,
   0.00010866053928288111,
   0.00014708297814100066,
   0.0001508926365657383,
   8.840182086464305e-05,
   1.5622416205860992e-05,
   -4.131627686707594e-05,
   -5.924183469956326e-05,
   -5.895801837149493e-05,
   -5.8988629398527944e-05,
   -3.775395422828806e-05,
   2.8356542232068803e-05,
   0.0001158582444343837,
   0.0001786937512269728,
   0.00018842269929191744,
   0.0001852738513330484,
   0.00011218929749114033,
   3.467528663030669e-05,
   -1.2383346559034345e-05,
   -1.6143176854479457e-05,
   -5.194115728203037e-06,
   1.2276391644059953e-05,
   6.217646023261106e-05,
   0.00014683477192823125,
   0.00022744188360330662,
   0.00026264811389547355,
   0.00024186111591240447,
   0.00020691600297159042,
   0.00012855370677923467,
   6.466905201668405e-05,
   5.070134393865828e-05,
   7.246588947472096e-05,
   9.656395048769618e-05,
   0.000130121139640944,
   0.0001942347339482292,
   0.00027321779944556603,
   0.00032601514444007614,
   0.00032482617218308887,
   0.0002768036152577371,
   0.00021481525152894316,
   0.0001573532646613806,
   0.0001345929519967546,
   0.00015828645582870244,
   0.0001936422466140317,
   0.0002212084912458351,
   0.00025752630024525043,
   0.0003093777383482714,
   0.0003552680180950677,
   0.00036581980527870085,
   0.0003328718491543424,
   0.0002761680508381277,
   0.00022845350256247418,
   0.00021665010154824058,
   0.00023725398159315278,
   0.00027557137897346346,
   0.0003030626762065981,
   0.00031937888632229165,
   0.00033610051549488526,
   0.00035213867249728285,
   0.00035407330055128687,
   0.0003289306127615342,
   0.00028723346586540216,
   0.00025301854948726817
  ],