{
 "0": {
  "0": [
   -3.1058799395933185,
   -3.1056350189753874,
   -3.10521438601144,
   -3.10472824379439,
   -3.1042921005761617,
   -3.1040249227641197,
   -3.104024922764118,
   -3.1042921005761914,
   -3.1047282437944412,
   -3.105214386011389,
   -3.105635018975371,
   -3.1058799395932914
  ],
  "1": [
   -0.00677326915911741,
   -0.006685095664178243,
   -0.006618932013106812,
   -0.006690912484543946,
   -0.006911390102122815,
   -0.007127916242696371,
   -0.007127916242684666,
   -0.006911390102112387,
   -0.00669091248451993,
   -0.006618932013089828,
   -0.006685095664190723,
   -0.006773269159107214
  ]
 },
 "1": {
  "0": [
   -0.00020862982882548104,
   -0.0002063867861058047,
   -0.00021342463395661497,
   -0.00022347821407820098,
   -0.00022950494452607796,
   -0.00023446612672203146,
   -0.00023446612677373925,
   -0.0002295049445594735,
   -0.00022347821414283797,
   -0.00021342463393219939,
   -0.0002063867861283824,
   -0.00020862982871618291
  ],
  "1": [
   -3.850865880762724e-05,
   -4.4836262712281185e-05,
   -4.913144863434242e-05,
   -4.364370199481316e-05,
   -2.9585767406554287e-05,
   -1.7389195770960877e-05,
   -1.7389195807804384e-05,
   -2.9585767408902123e-05,
   -4.364370197760553e-05,
   -4.9131448609571204e-05,
   -4.483626270588883e-05,
   -3.850865879879455e-05
  ]
 },
 "2": {
  "0": [
   0.00022806004566799896,
   0.0001703628175386741,
   5.1888395866759276e-05,
   -7.54876762744248e-05,
   -0.00015414570434353408,
   -0.00017295845018256226,
   -0.00015459099671666555,
   -9.653476817500339e-05,
   4.068895001972095e-06,
   0.00011409532390071744,
   0.00019313635999038942,
   0.00022896704886085506,
   0.00016644944432265939,
   9.214527157258105e-05,
   -2.452281416671721e-05,
   -0.0001126934573221005,
   -0.00013510408081128533,
   -0.00011390252818621819,
   -7.327360597360222e-05,
   -9.107634929482777e-06,
   6.123764557967427e-05,
   0.00011430467578865032,
   0.00014809311965796284,
   0.00017238062967164872,
   6.830178199322971e-05,
   3.823145593227371e-06,
   -6.525654764728088e-05,
   -8.80566068421076e-05,
   -6.681024521089635e-05,
   -3.607309628110551e-05,
   -1.4848137338763474e-06,
   3.4194180646014604e-05,
   5.100243089035779e-05,
   5.251555679204772e-05,
   6.044589606666233e-05,
   8.033764746225769e-05,
   -2.209596739376289e-05,
   -4.89250431078481e-05,
   -5.643392760502718e-05,
   -3.576689402336802e-05,
   -1.1396660667755572e-05,
   2.9987364407376228e-06,
   1.6798738234616766e-05,
   1.8830170497029185e-05,
   9.029919323667695e-07,
   -2.0502108161473137e-05,
   -2.2027277503595336e-05,
   -1.0827285149672593e-05,
   -6.672758960659413e-05,
   -5.559478112387815e-05,
   -3.126516837418225e-05,
   -6.881926324856159e-06,
   2.5567349616645428e-06,
   4.353507045912421e-06,
   4.4219321281747705e-06,
   -7.390036349720941e-06,
   -3.064876430880494e-05,
   -5.5590587267054364e-05,
   -6.72838635660085e-05,
   -6.82695681817029e-05,
   -7.229192414062453e-05,
   -5.625576144401337e-05,
   -3.34034859332583e-05,
   -1.3061102338016646e-05,
   -4.290529466336052e-06,
   -2.7622991868419148e-06,
   -4.7838294440676715e-06,
   -1.248820918745896e-05,
   -2.8054823740583997e-05,
   -5.2335024481964734e-05,
   -7.192353419497681e-05,
   -7.822862027529866e-05,
   -7.822861996986415e-05,
   -7.192353388815277e-05,
   -5.2335024156871435e-05,
   -2.8054823400670142e-05,
   -1.2488208970229943e-05,
   -4.783829201955789e-06,
   -2.7622989753340207e-06,
   -4.290529240083883e-06,
   -1.30611020141455e-05,
   -3.340348560562803e-05,
   -5.625576113066851e-05,
   -7.229192382874212e-05,
   -6.826956836558541e-05,
   -6.72838637586625e-05,
   -5.559058748724797e-05,
   -3.064876454141924e-05,
   -7.390036565055631e-06,
   4.421931911417603e-06,
   4.353506825083855e-06,
   2.556734737608523e-06,
   -6.881926343077688e-06,
   -3.12651683648078e-05,
   -5.559478113428656e-05,
   -6.672758960381677e-05,
   -1.0827284809996398e-05,
   -2.2027277182438177e-05,
   -2.0502107827939592e-05,
   9.029919270090777e-07,
   1.8830170380873328e-05,
   1.6798738117683383e-05,
   2.998736447379935e-06,
   -1.139666066549783e-05,
   -3.576689369920198e-05,
   -5.643392760907253e-05,
   -4.892504310232128e-05,
   -2.209596738532175e-05,
   8.033764765524137e-05,
   6.044589627816066e-05,
   5.251555699992007e-05,
   5.100243075822932e-05,
   3.4194180522522086e-05,
   -1.4848138406841381e-06,
   -3.607309606868518e-05,
   -6.681024499369514e-05,
   -8.805660632824072e-05,
   -6.525654710287564e-05,
   3.8231461348436005e-06,
   6.830178251414636e-05,
   0.0001723806294581149,
   0.0001480931194446475,
   0.00011430467556798146,
   6.123764525455241e-05,
   -9.107635047313883e-06,
   -7.327360608050981e-05,
   -0.00011390252851163145,
   -0.00013510408109975938,
   -0.0001126934574500605,
   -2.4522813827089608e-05,
   9.21452719043781e-05,
   0.00016644944465922884,
   0.00022896704886432787,
   0.000193136359983452,
   0.00011409532392156192,
   4.0688947970110425e-06,
   -9.653476785272656e-05,
   -0.00015459099639507568,
   -0.0001729584498590123,
   -0.000154145704020834,
   -7.548767649442594e-05,
   5.188839534795802e-05,
   0.00017036281700811944,
   0.0002280600451436444
  ],