{
 "0": {
  "0": [
   3.1097874442083655,
   3.1096599700431296,
   3.10945339293795,
   3.1092300677734426,
   3.109046276185694,
   3.1089465031909973,
   3.1089465031910497,
   3.10904627618583,
   3.109230067773525,
   3.109453392937988,
   3.109659970043163,
   3.109787444208444
  ],
  "1": [
   -0.03754282757738545,
   -0.03752242900496281,
   -0.03752486996656871,
   -0.03758871982527842,
   -0.03770344384287556,
   -0.03779997106306378,
   -0.03779997106300587,
   -0.037703443842822836,
   -0.03758871982528315,
   -0.03752486996658427,
   -0.03752242900493537,
   -0.037542827577377244
  ]
 },
 "1": {
  "0": [
   0.0010031248322355261,
   0.001236756008252941,
   0.0016102351347725393,
   0.0019982216636828336,
   0.0023040997749096885,
   0.0024716014443674377,
   0.002471601444374345,
   0.002304099774939424,
   0.001998221663790497,
   0.0016102351348302524,
   0.0012367560086987152,
   0.0010031248320856861
  ],
  "1": [
   0.0033940397725488905,
   0.003415917846881461,
   0.003459088123097787,
   0.003509903669945916,
   0.003544516061390907,
   0.0035539197696206385,
   0.003553919769666996,
   0.003544516061404691,
   0.0035099036699693933,
   0.0034590881231105867,
   0.0034159178469002657,
   0.0033940397725536284
  ]
 },
 "2": {
  "0": [
   0.00010554168164235196,
   9.794654109437537e-05,
   6.432952338623904e-05,
   2.7822410683787035e-06,
   -6.012311660814999e-05,
   -9.768177703880215e-05,
   -0.0001062079131691513,
   -8.344629351159333e-05,
   -3.170264868284992e-05,
   2.7878146390404684e-05,
   7.428684561443778e-05,
   9.868858546469846e-05,
   0.00011248228718490623,
   0.00012875029865758002,
   9.581380123224646e-05,
   2.0264943651430445e-05,
   -5.595854079660057e-05,
   -0.00010506548386414393,
   -0.00012287212655739794,
   -0.00010404996608090063,
   -5.2891922718710716e-05,
   6.800582203237773e-06,
   5.166465589441844e-05,
   8.120342599323621e-05,
   0.00012761514988061018,
   0.00014704792142634059,
   9.690200177441818e-05,
   6.574499901427712e-06,
   -7.370623173772961e-05,
   -0.00011990791503033347,
   -0.00012876009732131703,
   -0.00010095636095448971,
   -5.454468548554705e-05,
   -1.209675919878735e-05,
   2.2110140776395356e-05,
   6.891362563671016e-05,
   0.00013562332405181227,
   0.00013372089393596506,
   6.29359123040168e-05,
   -2.881153081764421e-05,
   -9.503218951728005e-05,
   -0.00012358716975763046,
   -0.00011841959459933988,
   -9.136055939598832e-05,
   -6.18105271143082e-05,
   -3.416331013627973e-05,
   5.561389946310483e-06,
   7.38555082573232e-05,
   0.00012211822042243578,
   9.193781469031076e-05,
   1.5631338853278244e-05,
   -5.547920744172018e-05,
   -9.77992715903006e-05,
   -0.00011525348529321228,
   -0.00011073485186966446,
   -9.249116044495605e-05,
   -6.897450221247998e-05,
   -3.903690197393589e-05,
   1.2708105932981346e-05,
   8.319277667671207e-05,
   9.74361257396991e-05,
   5.127644889134875e-05,
   -1.3156357045023937e-05,
   -6.0838769269177556e-05,
   -9.197485502358046e-05,
   -0.00010984427042604113,
   -0.00010939498774990717,
   -9.224486460719115e-05,
   -6.485990099642921e-05,
   -2.7772096437543726e-05,
   2.9244090296017896e-05,
   8.635514370636328e-05,
   8.635514297354901e-05,
   2.9244089567128616e-05,
   -2.7772097233358048e-05,
   -6.485990178345059e-05,
   -9.224486351190341e-05,
   -0.000109394986552555,
   -0.00010984426925374459,
   -9.19748539105099e-05,
   -6.0838770064548324e-05,
   -1.3156357805331192e-05,
   5.1276448148058514e-05,
   9.743612496104093e-05,
   8.319277563220958e-05,
   1.2708104881226961e-05,
   -3.903690306470774e-05,
   -6.897450332386789e-05,
   -9.249116155411002e-05,
   -0.00011073485295786101,
   -0.00011525348642889325,
   -9.779927267299305e-05,
   -5.547920742290891e-05,
   1.5631338852173984e-05,
   9.193781465468912e-05,
   0.0001221182204206288,
   7.38555074608288e-05,
   5.5613891564901295e-06,
   -3.416331090591449e-05,
   -6.181052711673463e-05,
   -9.136055752978812e-05,
   -0.00011841959275297803,
   -0.00012358716974596095,
   -9.503218950096644e-05,
   -2.881153128722735e-05,
   6.293591232786325e-05,
   0.00013372089393854435,
   0.00013562332405753506,
   6.891362669855272e-05,
   2.2110141850347037e-05,
   -1.2096758125131885e-05,
   -5.45446836411977e-05,
   -0.00010095635908953202,
   -0.0001287600954483842,
   -0.00011990791396162532,
   -7.370623067986174e-05,
   6.574500500317569e-06,
   9.690200238233785e-05,
   0.0001470479220461583,
   0.00012761515049138878,
   8.120342493460031e-05,
   5.166465483774814e-05,
   6.800581154609572e-06,
   -5.289192193185798e-05,
   -0.00010404996420880531,
   -0.00012287212471202011,
   -0.00010506548342109212,
   -5.59585403634774e-05,
   2.026494227390993e-05,
   9.58138004422702e-05,
   0.00012875029784837158,
   0.00011248228640208961,
   9.86885854777489e-05,
   7.428684558343742e-05,
   2.787814636627211e-05,
   -3.170264973548662e-05,
   -8.344629397312345e-05,
   -0.0001062079136427006,
   -9.768177749227884e-05,
   -6.012311707088749e-05,
   2.7822400117144e-06,
   6.432952277138095e-05,
   9.794654048840352e-05,
   0.00010554168102816698
  ],