{
 "0": {
  "0": [
   -3.1389487620980776,
   -3.1390790675754334,
   -3.1393225286179978,
   -3.1396293682139014,
   -3.139921087272514,
   -3.1401047447970765,
   -3.1401047447971564,
   -3.1399210872725978,
   -3.1396293682138525,
   -3.1393225286180058,
   -3.139079067575531,
   -3.138948762098005
  ],
  "1": [
   0.0012561331863362821,
   0.0013580798611597979,
   0.0015587393707625686,
   0.001834186668777419,
   0.0021238040492428676,
   0.002322857144593687,
   0.0023228571445142046,
   0.0021238040492328964,
   0.0018341866687346337,
   0.0015587393706695469,
   0.001358079861072387,
   0.0012561331862872525
  ]
 },
 "1": {
  "0": [
   0.0001807091735881355,
   0.00016607960569476484,
   0.00013500874123486306,
   9.457355104713349e-05,
   6.205775748435819e-05,
   4.565652331157433e-05,
   4.565652390657208e-05,
   6.205775742707762e-05,
   9.457355100765102e-05,
   0.0001350087412221081,
   0.00016607960566294075,
   0.00018070917376055857
  ],
  "1": [
   -4.6177351488344644e-05,
   -4.518652924964616e-05,
   -4.418521293388024e-05,
   -4.292737151126546e-05,
   -4.091829158285405e-05,
   -3.911170537744954e-05,
   -3.91117049470689e-05,
   -4.091829160786427e-05,
   -4.2927371429627355e-05,
   -4.418521287155294e-05,
   -4.518652915336599e-05,
   -4.617735150883458e-05
  ]
 },
 "2": {
  "0": [
   -0.007605145540887435,
   -0.007583713267575196,
   -0.007577195791553606,
   -0.0075870332052265866,
   -0.0076036430698178835,
   -0.007618565967627789,
   -0.007628355674525149,
   -0.007631015848416007,
   -0.007628466138918423,
   -0.007627269007011424,
   -0.007630334254864796,
   -0.0076252918518948,
   -0.007556110765372201,
   -0.007537480736162744,
   -0.007542753046391279,
   -0.007563444611090573,
   -0.007591094806921745,
   -0.007620493619157763,
   -0.007647278714763983,
   -0.007666028114138053,
   -0.00767220610661701,
   -0.007664181511879554,
   -0.0076401804514595545,
   -0.007597292899872806,
   -0.0075109472478760405,
   -0.007504615588032469,
   -0.007520666013711141,
   -0.007551689968019301,
   -0.007590558006617507,
   -0.007629441821107355,
   -0.007661871579821397,
   -0.007683752739953824,
   -0.007683599205040555,
   -0.007657853632594434,
   -0.007607439021246261,
   -0.0075479931014109545,
   -0.007469031889577247,
   -0.007470997975537104,
   -0.0074992121087911695,
   -0.007546010017292128,
   -0.007594199155777888,
   -0.007629491517823087,
   -0.007654087027240712,
   -0.007666193827235198,
   -0.007654317203267718,
   -0.007617583710933537,
   -0.007556901989910188,
   -0.0074982669398538935,
   -0.007422088815466703,
   -0.007436412230146231,
   -0.007484576971035349,
   -0.0075456854928472854,
   -0.00759111723402625,
   -0.007615642875320887,
   -0.007630268889091055,
   -0.007629826710292067,
   -0.007610086683339446,
   -0.007566729269167922,
   -0.007501736994167309,
   -0.007445597807967214,
   -0.007390058918836832,
   -0.007425013616613214,
   -0.007490222429511428,
   -0.007552484129026466,
   -0.007588286415738007,
   -0.007605326948224798,
   -0.007610336670069454,
   -0.007600037521524372,
   -0.007573416230909163,
   -0.007520110807992818,
   -0.007451075148388071,
   -0.007400180647359841,
   -0.007400180645403799,
   -0.007451075146764192,
   -0.007520110806659314,
   -0.007573416229716321,
   -0.007600037521108539,
   -0.007610336669767907,
   -0.0076053269478478965,
   -0.00758828641531935,
   -0.0075524841276703985,
   -0.007490222428086266,
   -0.007425013614708013,
   -0.007390058916923607,
   -0.0074455978087022805,
   -0.007501736994867938,
   -0.007566729269746656,
   -0.007610086683814977,
   -0.007629826710664938,
   -0.007630268889480416,
   -0.0076156428757257035,
   -0.007591117234572256,
   -0.00754568549284742,
   -0.0074845769710387006,
   -0.007436412230149249,
   -0.007422088815432754,
   -0.007498266937882411,
   -0.007556901988234144,
   -0.0076175837095259005,
   -0.007654317203275995,
   -0.007666193827944387,
   -0.007654087027963327,
   -0.007629491517820111,
   -0.007594199155768996,
   -0.007546010018185792,
   -0.007499212108799833,
   -0.007470997975545451,
   -0.007469031889573275,
   -0.007547993100642473,
   -0.00760743902057129,
   -0.007657853631977991,
   -0.007683599205847078,
   -0.007683752740777646,
   -0.0076618715806606435,
   -0.00762944182046706,
   -0.007590558005899121,
   -0.0075516899681212285,
   -0.007520666013814364,
   -0.007504615588149099,
   -0.007510947247974413,
   -0.007597292900694143,
   -0.007640180452180173,
   -0.007664181512479573,
   -0.007672206108308358,
   -0.00766602811510673,
   -0.007647278715854668,
   -0.007620493618390345,
   -0.007591094806135478,
   -0.0075634446092353175,
   -0.007542753044627086,
   -0.007537480734371638,
   -0.007556110763394248,
   -0.0076252918518973,
   -0.007630334254889077,
   -0.007627269006989605,
   -0.007628466139722159,
   -0.007631015849265283,
   -0.007628355675401026,
   -0.007618565968509284,
   -0.0076036430706837455,
   -0.007587033205950828,
   -0.007577195791449273,
   -0.007583713267452253,
   -0.007605145540771666
  ],