{
 "0": {
  "0": [
   -3.120703494098258,
   -3.120565038601029,
   -3.12031638783047,
   -3.120029052193386,
   -3.119775814835403,
   -3.119619309936858,
   -3.1196193099368745,
   -3.1197758148354864,
   -3.1200290521933765,
   -3.120316387830472,
   -3.120565038601059,
   -3.120703494098303
  ],
  "1": [
   -0.003873969208115179,
   -0.003816880087936194,
   -0.0037761308754097342,
   -0.0038276747176589523,
   -0.003975193889170607,
   -0.004117165387912346,
   -0.0041171653879035685,
   -0.003975193889131549,
   -0.0038276747176544776,
   -0.0037761308754096453,
   -0.0038168800879021204,
   -0.0038739692081192706
  ]
 },
 "1": {
  "0": [
   0.04128761475524574,
   0.041572821046491945,
   0.04206705835770415,
   0.0426361030304949,
   0.04314249367738369,
   0.043452829221342866,
   0.04345282922129697,
   0.04314249367742941,
   0.042636103030520886,
   0.042067058357713454,
   0.04157282104614511,
   0.04128761475547506
  ],
  "1": [
   -0.00773569665691739,
   -0.007629229691717176,
   -0.007551131942470089,
   -0.007642731221711198,
   -0.007914887667510452,
   -0.008180317487699151,
   -0.008180317487754423,
   -0.007914887667417266,
   -0.007642731221698895,
   -0.0075511319425941225,
   -0.007629229691783128,
   -0.007735696656806455
  ]
 },
 "2": {
  "0": [
   -6.233006188335443e-05,
   -5.201845490950256e-05,
   -6.446889106469511e-05,
   -0.00010617001165356136,
   -0.00015878458766845367,
   -0.000185563703665607,
   -0.00016194533124425176,
   -0.00010439843706527876,
   -5.1183268770688717e-05,
   -2.5216766958662314e-05,
   -3.3721882741589126e-05,
   -5.936472441715463e-05,
   -4.406134598681098e-05,
   -3.2323347165537835e-05,
   -5.07008262858696e-05,
   -0.00010313541067318899,
   -0.00015334491044606695,
   -0.00015128222805934,
   -9.148647863759662e-05,
   -2.2889856269843557e-05,
   1.2026711950812818e-05,
   8.78651842927051e-06,
   -2.356616482834706e-05,
   -5.043367543796304e-05,
   2.4701050766235175e-05,
   4.5894590339715545e-05,
   1.3508554770497243e-05,
   -6.149673746600388e-05,
   -0.00011368735857392513,
   -9.082560789871949e-05,
   -2.3206332032172547e-05,
   2.2228218557234286e-05,
   2.751031672476171e-05,
   9.372899042795816e-06,
   -1.374511956416229e-05,
   -9.521045424823683e-06,
   0.0001258207571320271,
   0.00013633463473871366,
   6.642595331526888e-05,
   -3.416051537406721e-05,
   -7.619283087666538e-05,
   -4.0610779254892634e-05,
   4.7083000965101525e-06,
   1.7770151375858528e-05,
   1.4353150061926094e-05,
   1.0412788406029235e-05,
   2.073913802159559e-05,
   6.667382825714732e-05,
   0.0002071808779689771,
   0.00017727081890239662,
   6.85570946076592e-05,
   -2.8556313904036844e-05,
   -4.559385725192087e-05,
   -1.574713614436428e-05,
   2.537908714905034e-06,
   4.8009447711852435e-06,
   8.375285002934486e-06,
   2.2545107493308256e-05,
   6.852473444209327e-05,
   0.0001486123564071237,
   0.0002344217606678659,
   0.00015923659215005557,
   4.7255799979758585e-05,
   -1.688954214482967e-05,
   -1.9923387539288365e-05,
   -6.804882132522898e-06,
   -2.4133282849915308e-06,
   -3.4793392591215552e-06,
   2.1561322096665118e-08,
   3.321094064743177e-05,
   0.00011600572216773437,
   0.00020973475136580561,
   0.00020973475140165565,
   0.00011600572221037042,
   3.321094069544715e-05,
   2.1561372479106385e-08,
   -3.4793400358786852e-06,
   -2.4133290739160138e-06,
   -6.804882916770562e-06,
   -1.992338829815528e-05,
   -1.68895421050091e-05,
   4.725580003251326e-05,
   0.0001592365921819189,
   0.00023442176071336067,
   0.00014861235712802624,
   6.852473514943365e-05,
   2.2545108222031988e-05,
   8.375285751561343e-06,
   4.800945537516681e-06,
   2.5379094849574576e-06,
   -1.5747135363900912e-05,
   -4.559385649727885e-05,
   -2.855631390216509e-05,
   6.855709461957325e-05,
   0.00017727081889462495,
   0.0002071808779621389,
   6.667382828531916e-05,
   2.073913807446125e-05,
   1.0412788448008667e-05,
   1.435315006517132e-05,
   1.777015056932315e-05,
   4.708299309859898e-06,
   -4.061077925637754e-05,
   -7.619283087801787e-05,
   -3.4160514756320914e-05,
   6.642595331394347e-05,
   0.00013633463473970947,
   0.00012582075713302979,
   -9.521046139668525e-06,
   -1.3745120286209705e-05,
   9.372898308345129e-06,
   2.7510315942256138e-05,
   2.2228217779655767e-05,
   -2.3206332805701337e-05,
   -9.082560863316904e-05,
   -0.00011368735931380328,
   -6.149673757733667e-05,
   1.3508554656008956e-05,
   4.589459023108234e-05,
   2.4701050661978308e-05,
   -5.043367471874658e-05,
   -2.356616411426898e-05,
   8.78651916166382e-06,
   1.2026711904500903e-05,
   -2.2889857038508186e-05,
   -9.148647939875382e-05,
   -0.0001512822286714475,
   -0.00015334491107727263,
   -0.00010313541053597274,
   -5.070082625456088e-05,
   -3.2323347131124344e-05,
   -4.4061345944039654e-05,
   -5.9364724410319826e-05,
   -3.372188272799926e-05,
   -2.5216766943792247e-05,
   -5.118326803559796e-05,
   -0.00010439843644168937,
   -0.00016194533062226634,
   -0.00018556370304609928,
   -0.00015878458705173557,
   -0.00010617001090279445,
   -6.446889094681027e-05,
   -5.201845480276504e-05,
   -6.23300617788304e-05
  ],