{
 "0": {
  "0": [
   3.140624495883898,
   3.1405820426601787,
   3.140518125462687,
   3.1404571556358767,
   3.1404114040015716,
   3.1403855062147215,
   3.140385506214708,
   3.1404114040015507,
   3.14045715563591,
   3.1405181254627488,
   3.1405820426601405,
   3.140624495883848
  ],
  "1": [
   7.438774845569802e-05,
   7.174624653785936e-05,
   6.133072710642316e-05,
   4.1897299008008426e-05,
   1.978178777423523e-05,
   5.032554722145055e-06,
   5.0325546167732695e-06,
   1.978178768431055e-05,
   4.189729894854324e-05,
   6.133072713413147e-05,
   7.17462464008962e-05,
   7.438774853644159e-05
  ]
 },
 "1": {
  "0": [
   5.281783218692904e-05,
   3.4895500186215164e-05,
   1.5990105976787063e-05,
   -1.3164742519117932e-06,
   -2.6600333255047882e-05,
   -5.0823913366088435e-05,
   -5.082391339364751e-05,
   -2.6600333191364127e-05,
   -1.3164743382864952e-06,
   1.5990105996188465e-05,
   3.4895500211823314e-05,
   5.281783222579733e-05
  ],
  "1": [
   0.0010957015298045435,
   0.0011858153737621985,
   0.001360972490029177,
   0.001597629598087837,
   0.0018423866346523978,
   0.0020079934121205022,
   0.0020079934121586826,
   0.0018423866346435822,
   0.0015976295982194472,
   0.0013609724900750422,
   0.00118581537385577,
   0.0010957015296793827
  ]
 },
 "2": {
  "0": [
   -0.007426608935226849,
   -0.007354244720877282,
   -0.007247526005625917,
   -0.007138108398421507,
   -0.0070506434469932355,
   -0.007007966768635838,
   -0.007022052196758671,
   -0.007087119726476963,
   -0.007185096816503983,
   -0.007295889492306083,
   -0.007392746141680513,
   -0.0074412343564933215,
   -0.007412641315639172,
   -0.007336857555016901,
   -0.007242094734858238,
   -0.007153556390302597,
   -0.0070954225631257055,
   -0.007087450854322556,
   -0.007128041272196257,
   -0.00719960773372623,
   -0.007285959901585968,
   -0.007373495308096072,
   -0.007435216144110253,
   -0.007448042490555734,
   -0.007418848800478515,
   -0.007357548802814533,
   -0.007288786105627009,
   -0.007231239613489661,
   -0.00721193146417543,
   -0.007243433741435288,
   -0.007303860712501431,
   -0.007366004722896704,
   -0.007421112808551906,
   -0.007462912940784136,
   -0.00747540868785484,
   -0.00745911583480187,
   -0.007460033902234958,
   -0.007425006774036956,
   -0.007383539658955947,
   -0.00735609083095894,
   -0.007375993875036241,
   -0.0074380059897776775,
   -0.007499313307403509,
   -0.007536696938453724,
   -0.0075508700848621714,
   -0.0075416042299822315,
   -0.007514683642025749,
   -0.0074877462305739904,
   -0.007533268407949268,
   -0.0075170693922656665,
   -0.007491412413954532,
   -0.00749210273831197,
   -0.007542600136059579,
   -0.007606650310088805,
   -0.007646425488970906,
   -0.007654601860730671,
   -0.007634234670821693,
   -0.0075909683410097,
   -0.007552750668045227,
   -0.007538452603506679,
   -0.00759364554610467,
   -0.007578002443900761,
   -0.007568225970124203,
   -0.0075999225992586,
   -0.007657942942020968,
   -0.007700905145835513,
   -0.007714027367107708,
   -0.00769631758178837,
   -0.00765145715683705,
   -0.007600936850622279,
   -0.007581832136455886,
   -0.007590350498040565,
   -0.007590350497782769,
   -0.007581832136164891,
   -0.0076009368504203765,
   -0.007651457156610157,
   -0.007696317581603234,
   -0.007714027366848457,
   -0.007700905145521281,
   -0.007657942941867154,
   -0.007599922599040512,
   -0.0075682259699183674,
   -0.00757800244379617,
   -0.007593645545990715,
   -0.007538452603661546,
   -0.007552750668257353,
   -0.007590968341185744,
   -0.007634234670985657,
   -0.007654601860848089,
   -0.007646425489118583,
   -0.00760665031028073,
   -0.007542600136194078,
   -0.0074921027383288525,
   -0.007491412413974851,
   -0.007517069392283683,
   -0.007533268407986235,
   -0.007487746230286122,
   -0.007514683641743746,
   -0.007541604229789873,
   -0.007550870084859906,
   -0.007536696938534647,
   -0.007499313307447406,
   -0.007438005989813921,
   -0.0073759938751133255,
   -0.007356090831066698,
   -0.007383539658957711,
   -0.007425006774107597,
   -0.007460033902284209,
   -0.00745911583462117,
   -0.007475408687729826,
   -0.007462912940683215,
   -0.007421112808520781,
   -0.007366004722956169,
   -0.007303860712570048,
   -0.0072434337413506515,
   -0.0072119314640072315,
   -0.0072312396133262305,
   -0.007288786105377492,
   -0.007357548802698062,
   -0.007418848800317844,
   -0.00744804249061547,
   -0.007435216144244669,
   -0.007373495308317271,
   -0.007285959901881147,
   -0.00719960773377072,
   -0.007128041272260891,
   -0.007087450854262246,
   -0.0070954225630303,
   -0.007153556390248814,
   -0.007242094734559723,
   -0.0073368575548181355,
   -0.007412641315408709,
   -0.007441234356477577,
   -0.007392746141769297,
   -0.007295889492256146,
   -0.007185096816703488,
   -0.007087119726560022,
   -0.007022052196782754,
   -0.0070079667686387985,
   -0.007050643446946389,
   -0.0071381083985630105,
   -0.007247526005766785,
   -0.007354244721021544,
   -0.007426608935359742
  ],