{
 "0": {
  "0": [
   -3.1242611981056996,
   -3.12442772114195,
   -3.1247158201715854,
   -3.1250437282930097,
   -3.1253329655754776,
   -3.1255096571213703,
   -3.125509657121635,
   -3.125332965576406,
   -3.125043728292239,
   -3.1247158201700955,
   -3.1244277211408544,
   -3.1242611981052835
  ],
  "1": [
   0.01771989908825937,
   0.017684745342059712,
   0.017643526388456975,
   0.01763368716071427,
   0.0176705337781044,
   0.01772007755908115,
   0.017720077559155136,
   0.017670533778040818,
   0.0176336871609026,
   0.017643526388626825,
   0.017684745342190014,
   0.01771989908837303
  ]
 },
 "1": {
  "0": [
   0.03641356471005128,
   0.03642101954042018,
   0.036401213175103656,
   0.03633702285805707,
   0.036249632189927376,
   0.0361836364143964,
   0.036183636414551947,
   0.036249632190034575,
   0.03633702285718741,
   0.03640121317544685,
   0.03642101953594802,
   0.03641356471637592
  ],
  "1": [
   0.041307594184805715,
   0.04127531721519616,
   0.041263387982033294,
   0.04132390044917397,
   0.04145294561916593,
   0.04156897535255346,
   0.04156897535264608,
   0.041452945619211874,
   0.041323900449115845,
   0.04126338798211046,
   0.04127531721448519,
   0.041307594185756906
  ]
 },
 "2": {
  "0": [
   -0.00011419447409613495,
   -0.0001250159316092676,
   -0.00010696085792287229,
   -5.5580514343384466e-05,
   1.5696188863499513e-05,
   7.299379805422876e-05,
   8.046002826657521e-05,
   3.906972287903272e-05,
   -2.005022652416936e-05,
   -6.910858212863149e-05,
   -9.36782408888038e-05,
   -0.00010043056406664806,
   -0.00010455663969486001,
   -0.00012500945034067684,
   -0.00010550931711734734,
   -4.151571123315015e-05,
   4.482409097635302e-05,
   0.00010906782144288977,
   0.00011905506300849574,
   8.257487491078413e-05,
   2.8243669461905224e-05,
   -1.8211281070333063e-05,
   -4.5388426110237176e-05,
   -6.959874370766874e-05,
   -6.394158896239072e-05,
   -7.80829374610955e-05,
   -4.352638251755703e-05,
   3.482865006498774e-05,
   0.00011912169142957657,
   0.00016429979783008286,
   0.000158545700411785,
   0.00012023199178759036,
   7.378061585913505e-05,
   3.6099402047400574e-05,
   9.298742148564847e-06,
   -2.488164140750785e-05,
   6.6973953412221526e-06,
   1.1490093376081024e-05,
   6.355677732852307e-05,
   0.00013977151381292478,
   0.00019556750360251175,
   0.00020725503567595535,
   0.00018635811417643626,
   0.00015186753314267926,
   0.00011645679704949987,
   8.838477181186798e-05,
   6.577239348288884e-05,
   3.4928058577916337e-05,
   8.788147808852418e-05,
   0.00011183208581001682,
   0.00016629226995051278,
   0.00021604803186984518,
   0.0002340303906304328,
   0.00022515502218482193,
   0.00020349902938702547,
   0.0001788994775166989,
   0.00015655462883098776,
   0.0001419787069613931,
   0.00012625780920058055,
   0.00010115110415617042,
   0.00014527833601861624,
   0.0001747110236198318,
   0.00021220771165179967,
   0.00023056690221475492,
   0.00023026358276640065,
   0.00022293003596838672,
   0.0002136195010043958,
   0.00020525172747370364,
   0.00019975350346050738,
   0.00019363977236308105,
   0.00017356075475048226,
   0.00014792820656344533,
   0.00014792821715926843,
   0.00017356076548915715,
   0.00019363978334071806,
   0.0001997535148480198,
   0.0002052517274357339,
   0.00021361950097342061,
   0.00022293003593707507,
   0.0002302635827215561,
   0.0002305669134192057,
   0.00021220772248658974,
   0.00017471103427906665,
   0.00014527834661929998,
   0.00010115110414684467,
   0.00012625780921529688,
   0.00014197870696691918,
   0.0001565546288894975,
   0.00017889947755141798,
   0.00020349902945112396,
   0.0002251550222017336,
   0.0002340303906621108,
   0.00021604803188750331,
   0.00016629226995248868,
   0.00011183208580241355,
   8.788147808244566e-05,
   3.492806935450169e-05,
   6.577240433026291e-05,
   8.838478288111628e-05,
   0.00011645679704874798,
   0.00015186752167648963,
   0.0001863581027510835,
   0.0002072550356763077,
   0.00019556750359382217,
   0.00013977152951214237,
   6.355677732712138e-05,
   1.1490093370422344e-05,
   6.69739533179826e-06,
   -2.488164140999368e-05,
   9.298742148689766e-06,
   3.609940204417398e-05,
   7.378060479205991e-05,
   0.0001202319806635448,
   0.00015854568940341793,
   0.0001642997978226021,
   0.000119121691402681,
   3.482866572146867e-05,
   -4.3526366763389376e-05,
   -7.808292171590343e-05,
   -6.394157328156948e-05,
   -6.959874370169262e-05,
   -4.538842613239131e-05,
   -1.8211281061418296e-05,
   2.824365859171117e-05,
   8.257486413869665e-05,
   0.00011905505227805053,
   0.00010906780592512269,
   4.482407543344125e-05,
   -4.151571616013128e-05,
   -0.00010550930631058815,
   -0.0001250094395603055,
   -0.00010455662897239017,
   -0.00010043056406468276,
   -9.367824088637173e-05,
   -6.91085821086753e-05,
   -2.0050226527954973e-05,
   3.906973844422409e-05,
   8.046004372328393e-05,
   7.299381347370174e-05,
   1.5696204406007254e-05,
   -5.558051433132594e-05,
   -0.0001069608736162348,
   -0.000125015947196747,
   -0.00011419448953026108
  ],