{
 "0": {
  "0": [
   3.1223700895156306,
   3.1224759227229457,
   3.122646252703333,
   3.122823323584565,
   3.1229561358138915,
   3.1230210493596666,
   3.123021049359715,
   3.122956135814016,
   3.122823323584309,
   3.1226462527028924,
   3.122475922722644,
   3.1223700895154205
  ],
  "1": [
   -0.02379745377969088,
   -0.023775749001471162,
   -0.023750960055299333,
   -0.02374538294245188,
   -0.023766823506336483,
   -0.023794908586046597,
   -0.023794908586060766,
   -0.023766823506344577,
   -0.023745382942394446,
   -0.023750960055338815,
   -0.023775749001573126,
   -0.023797453779722644
  ]
 },
 "1": {
  "0": [
   -0.03523203819816753,
   -0.03531931773883797,
   -0.03545388946910653,
   -0.035587175303952376,
   -0.0356787265962091,
   -0.03571700679438188,
   -0.03571700679463577,
   -0.03567872659622205,
   -0.03558717530406524,
   -0.035453889469426736,
   -0.03531931773752825,
   -0.03523203820018091
  ],
  "1": [
   -0.04123552240483607,
   -0.041219214244059776,
   -0.04123064039391415,
   -0.041309353554409754,
   -0.04144419083758647,
   -0.04155844774734796,
   -0.04155844774750895,
   -0.0414441908375478,
   -0.04130935355456502,
   -0.0412306403941387,
   -0.04121921424386422,
   -0.041235522405095544
  ]
 },
 "2": {
  "0": [
   -0.0003415502247916875,
   -0.00038970521386937665,
   -0.00045017326917717296,
   -0.0004925876025021476,
   -0.0005012184931587744,
   -0.0004832765779032754,
   -0.00045362028998886605,
   -0.0004241315921312465,
   -0.00038976930625243887,
   -0.0003447314764607754,
   -0.00031273059624951997,
   -0.00031478842089080824,
   -0.0003665077954152688,
   -0.00044774824331520754,
   -0.0005083013088184169,
   -0.0005212226169901851,
   -0.0004824592430183425,
   -0.00041070231365455983,
   -0.0003411974932449433,
   -0.00029518659083580396,
   -0.0002596202007830707,
   -0.00023261850359147267,
   -0.00024186307976032772,
   -0.0002926954355627982,
   -0.00037884713042531066,
   -0.00045910614075391507,
   -0.0004891878740713248,
   -0.00045806229622283014,
   -0.00037726516632518626,
   -0.0002795542117979992,
   -0.00020729249624910486,
   -0.0001683306080064629,
   -0.00014411958190341248,
   -0.00014444099309586443,
   -0.0001927349766006389,
   -0.0002795808130226167,
   -0.00036761122694385813,
   -0.00041627976195565274,
   -0.000402761707571141,
   -0.0003358002270676995,
   -0.00023844838912580134,
   -0.0001507031844767492,
   -0.0001012475737574079,
   -7.661213162095126e-05,
   -6.662939154293077e-05,
   -9.390362352453155e-05,
   -0.00017080898936846822,
   -0.000273777573939699,
   -0.0003397764381445695,
   -0.0003438614532470717,
   -0.00029074878068055575,
   -0.00020464287468899755,
   -0.00011737180368912065,
   -6.36588057311792e-05,
   -4.0872874216509585e-05,
   -2.7451698734932458e-05,
   -3.273900474291859e-05,
   -8.403603684602515e-05,
   -0.0001761200248256512,
   -0.0002745559767188422,
   -0.0003114727084264136,
   -0.000269787545922405,
   -0.00018784453744150986,
   -0.00010083522897216787,
   -4.329220102745554e-05,
   -2.4075054787373842e-05,
   -1.815511834768282e-05,
   -1.6222220480745692e-05,
   -4.3275509484201194e-05,
   -0.00011540050183035882,
   -0.00020982161257045617,
   -0.00028773939723054324,
   -0.00028773939913440203,
   -0.00020982161445537377,
   -0.00011540050374972714,
   -4.3275511386884887e-05,
   -1.6222220607268596e-05,
   -1.815511848651621e-05,
   -2.4075054880710645e-05,
   -4.329220115160925e-05,
   -0.00010083523083053804,
   -0.00018784453932739538,
   -0.00026978754778310236,
   -0.0003114727102686018,
   -0.0002745559766352962,
   -0.00017612002468539868,
   -8.403603673609621e-05,
   -3.273900465082257e-05,
   -2.7451698606165645e-05,
   -4.087287407969715e-05,
   -6.365880562874464e-05,
   -0.00011737180356722787,
   -0.00020464287467804988,
   -0.0002907487807058468,
   -0.00034386145325712605,
   -0.00033977643815829135,
   -0.0002737775758291756,
   -0.00017080899123019858,
   -9.390362542501218e-05,
   -6.662939154690284e-05,
   -7.661212985198998e-05,
   -0.00010124757202032346,
   -0.00015070318447674497,
   -0.00023844838914871097,
   -0.0003358002321903626,
   -0.0004027617075352458,
   -0.0004162797619884999,
   -0.00036761122693605697,
   -0.00027958081314605643,
   -0.00019273497673166624,
   -0.00014444099319994426,
   -0.00014411958013320702,
   -0.0001683306061847148,
   -0.00020729249448648784,
   -0.0002795542119103186,
   -0.00037726516643203975,
   -0.0004580623014588263,
   -0.0004891878794185913,
   -0.0004591061460931703,
   -0.00037884713570171183,
   -0.00029269543541096454,
   -0.0002418630796463681,
   -0.00023261850347685228,
   -0.00025962019893250595,
   -0.0002951865891277584,
   -0.0003411974914954068,
   -0.0004107023084646725,
   -0.0004824592378431449,
   -0.0005212226135109312,
   -0.00050830131072538,
   -0.00044774824521759887,
   -0.00036650779721815154,
   -0.0003147884208804939,
   -0.0003127305962698836,
   -0.0003447314764757755,
   -0.0003897693061257808,
   -0.000424131597365445,
   -0.0004536202951657518,
   -0.00048327658298684634,
   -0.0005012184983286075,
   -0.000492587602404127,
   -0.0004501732638640971,
   -0.00038970520855961273,
   -0.0003415502196073687
  ],