{
 "0": {
  "0": [
   -3.106481769689258,
   -3.106777090131606,
   -3.1072706175352245,
   -3.107816036278456,
   -3.108273235346159,
   -3.1085328774332006,
   -3.1085328774331478,
   -3.1082732353459672,
   -3.107816036278441,
   -3.1072706175353493,
   -3.1067770901316636,
   -3.1064817696892644
  ],
  "1": [
   0.04117098293067523,
   0.041115117384884686,
   0.04104414654254347,
   0.04100806302673668,
   0.04102803732379952,
   0.041069666627797465,
   0.041069666627836544,
   0.04102803732383039,
   0.041008063026747345,
   0.04104414654248987,
   0.041115117384862794,
   0.04117098293067825
  ]
 },
 "1": {
  "0": [
   0.0008993510805834603,
   0.0011073454363205832,
   0.0014597612099949543,
   0.0018543688527717058,
   0.0021955309902125515,
   0.0023977232672262087,
   0.002397723267133167,
   0.0021955309903135185,
   0.00185436885296747,
   0.001459761209964342,
   0.0011073454367580538,
   0.0008993510802640771
  ],
  "1": [
   0.003433837814636635,
   0.0034542069303341474,
   0.003491380380995526,
   0.0035323504985362354,
   0.0035583895939324687,
   0.0035642239314663646,
   0.003564223931409724,
   0.003558389593982105,
   0.0035323504985778006,
   0.003491380380981859,
   0.0034542069303842796,
   0.0034338378146264764
  ]
 },
 "2": {
  "0": [
   0.0001632722959510206,
   0.00011063526364368379,
   4.306884191533463e-05,
   -1.3398879656416874e-05,
   -4.0551527880117465e-05,
   -4.0374905708903746e-05,
   -2.6681194698210215e-05,
   -2.7418481972109e-06,
   4.095704003199439e-05,
   0.00010226069149873261,
   0.00015734046882160725,
   0.00018102138618278452,
   0.0001155419898215237,
   4.380118740894344e-05,
   -1.919912035164443e-05,
   -5.2545285988201395e-05,
   -5.140055601801001e-05,
   -2.6240344280768963e-05,
   5.990529472013362e-06,
   4.086086743594015e-05,
   8.989898017379124e-05,
   0.00014664512097451715,
   0.00017968930611807056,
   0.00016807843830871812,
   5.136398315528074e-05,
   -1.6798634097173234e-05,
   -5.279709933866602e-05,
   -5.265735330485958e-05,
   -2.706447371483915e-05,
   1.0547400765967764e-05,
   4.595193394272491e-05,
   8.327595652239787e-05,
   0.00013341988340954025,
   0.00017437880995400143,
   0.0001738543964886201,
   0.00012583688501528655,
   3.8606469479428104e-06,
   -3.746377307026876e-05,
   -3.8981334366706637e-05,
   -1.5053977759544483e-05,
   2.122781800500361e-05,
   5.8614701199141555e-05,
   8.909888369861322e-05,
   0.00012468325776100704,
   0.0001625873131267823,
   0.00017390345563860092,
   0.00014102591468768846,
   7.416477762547389e-05,
   -3.405250472086881e-06,
   -1.1457455882955815e-05,
   9.002258303537708e-06,
   4.049851051600708e-05,
   7.546685405493528e-05,
   0.00010299209939407612,
   0.00012471129035064997,
   0.00014894129323482556,
   0.00016214715085942312,
   0.00014595451567925793,
   9.984302303937615e-05,
   4.070559585989439e-05,
   1.6020727296950484e-05,
   3.200222231780435e-05,
   6.171920234859985e-05,
   9.311239182860263e-05,
   0.0001183152482404159,
   0.00013160750177287624,
   0.00014005330833605215,
   0.0001450920446216615,
   0.00013488261833319653,
   0.00010587756563162677,
   6.621969417876705e-05,
   2.9487320044739467e-05,
   2.948731840482946e-05,
   6.621969252710127e-05,
   0.0001058775639890889,
   0.0001348826166028922,
   0.00014509204485532688,
   0.00014005330859556686,
   0.00013160750202393672,
   0.00011831524848405878,
   9.311239012750922e-05,
   6.171920070058522e-05,
   3.2002220674738915e-05,
   1.6020725640451314e-05,
   4.0705595692062935e-05,
   9.984302284642817e-05,
   0.00014595451547202182,
   0.0001621471506376484,
   0.00014894129299812425,
   0.00012471129009760588,
   0.00010299209917486205,
   7.546685384081767e-05,
   4.049851052588997e-05,
   9.002258310614089e-06,
   -1.1457455869395497e-05,
   -3.4052504651701067e-06,
   7.416477595998583e-05,
   0.00014102591302166383,
   0.00017390345395977834,
   0.00016258731313077273,
   0.0001246832597121297,
   8.909888563448593e-05,
   5.861470120019183e-05,
   2.1227818014026564e-05,
   -1.5053978753513503e-05,
   -3.898133438921124e-05,
   -3.746377309234314e-05,
   3.860646935409431e-06,
   0.00012583688518976051,
   0.00017385439667490444,
   0.00017437881014792676,
   0.00013341988530933145,
   8.327595842441271e-05,
   4.5951935822323463e-05,
   1.0547400961733902e-05,
   -2.7064473541945755e-05,
   -5.265735411590435e-05,
   -5.279710017075375e-05,
   -1.6798634930869848e-05,
   5.136398234747231e-05,
   0.0001680784381575811,
   0.00017968930594388486,
   0.00014664512078822617,
   8.989898183122034e-05,
   4.086086927881323e-05,
   5.990531299878485e-06,
   -2.624034332187282e-05,
   -5.1400555055980984e-05,
   -5.254528685092106e-05,
   -1.9199122029412183e-05,
   4.3801185724397724e-05,
   0.00011554198815786221,
   0.00018102138617698008,
   0.0001573404688260942,
   0.0001022606914997032,
   4.095703984707548e-05,
   -2.741849154799073e-06,
   -2.6681195661340856e-05,
   -4.0374906673586067e-05,
   -4.055152883982729e-05,
   -1.3398879831966556e-05,
   4.306884272639678e-05,
   0.00011063526444980118,
   0.00016327229674872702
  ],