{
 "0": {
  "0": [
   -3.138937638805248,
   -3.13906809783165,
   -3.139312783887193,
   -3.139621914920215,
   -3.1399163127573,
   -3.140101741658102,
   -3.140101741658156,
   -3.1399163127574625,
   -3.1396219149202946,
   -3.1393127838871373,
   -3.139068097831578,
   -3.1389376388050843
  ],
  "1": [
   0.0012607317587246792,
   0.001361958557791908,
   0.0015616127919669256,
   0.0018368992375011942,
   0.002126891150254694,
   0.0023266186059674888,
   0.0023266186058703664,
   0.0021268911506211944,
   0.001836899237652365,
   0.001561612792124524,
   0.0013619585580915462,
   0.0012607317586693888
  ]
 },
 "1": {
  "0": [
   0.00018411298526182555,
   0.00016938774177675635,
   0.00013827314853638052,
   9.747403187674926e-05,
   6.450111447224517e-05,
   4.78362780437991e-05,
   4.783627795942479e-05,
   6.45011145851223e-05,
   9.747403166101502e-05,
   0.0001382731484800431,
   0.0001693877415594225,
   0.00018411298510473683
  ],
  "1": [
   -4.5676367377978564e-05,
   -4.4733463859784174e-05,
   -4.3633406169537295e-05,
   -4.241333574156181e-05,
   -4.034219447649458e-05,
   -3.824883750015407e-05,
   -3.824883729146877e-05,
   -4.034219434327682e-05,
   -4.241333570838652e-05,
   -4.363340641891732e-05,
   -4.4733463639306465e-05,
   -4.567636741726955e-05
  ]
 },
 "2": {
  "0": [
   -0.007606620706413409,
   -0.007584684668750687,
   -0.007577929211224533,
   -0.0075880349526576156,
   -0.007605190719477006,
   -0.007620382113740243,
   -0.0076299886770492325,
   -0.007632038660221291,
   -0.007628961848127949,
   -0.007627806006806887,
   -0.0076314653889374,
   -0.007626871673124143,
   -0.007557410437951978,
   -0.007538574913188285,
   -0.0075439138331910415,
   -0.007564908369988148,
   -0.007592824296668993,
   -0.007622239682672177,
   -0.007648521403516863,
   -0.007666654951761454,
   -0.007672465124912955,
   -0.007664818214736578,
   -0.007641405873345618,
   -0.007598723464944688,
   -0.007512298241437771,
   -0.007506027442137364,
   -0.007522230145385201,
   -0.0075533402152697625,
   -0.007592165429778891,
   -0.007630749975111447,
   -0.0076628016863706065,
   -0.00768429932074791,
   -0.007684095132983048,
   -0.007658733600129191,
   -0.007608699572475744,
   -0.007549318102351317,
   -0.007470672788039785,
   -0.00747275036635608,
   -0.007500887235848258,
   -0.007547549454641612,
   -0.007595516892794166,
   -0.007630418814501931,
   -0.007654631536491284,
   -0.007666543622316952,
   -0.007654926044500246,
   -0.0076187308622305645,
   -0.007558180037734953,
   -0.007499738254279905,
   -0.00742391090518308,
   -0.007438180144976354,
   -0.007486156041374682,
   -0.00754709030950138,
   -0.00759220991154589,
   -0.0076162520558837815,
   -0.007630534905571008,
   -0.0076300928828909615,
   -0.007610801100347841,
   -0.007568002570614966,
   -0.0075031405095444615,
   -0.007447293201198636,
   -0.007391822455337228,
   -0.007426704917761785,
   -0.007491692912921934,
   -0.00755369319973768,
   -0.007588971334151864,
   -0.007605574506924278,
   -0.007610524113448659,
   -0.00760044575361928,
   -0.00757435543625816,
   -0.007521519369207548,
   -0.007452714724841785,
   -0.007401948749137026,
   -0.007401948749530822,
   -0.0074527147252079805,
   -0.007521519369612886,
   -0.007574355436712976,
   -0.007600445753269759,
   -0.007610524113008894,
   -0.007605574506487188,
   -0.007588971333680991,
   -0.007553693199675209,
   -0.00749169291290266,
   -0.007426704917845,
   -0.007391822455339556,
   -0.007447293203162918,
   -0.00750314051151915,
   -0.007568002572619618,
   -0.00761080110243283,
   -0.007630092882907213,
   -0.007630534905709607,
   -0.007616252055891404,
   -0.00759220991149124,
   -0.0075470903118766705,
   -0.0074861560436924246,
   -0.007438180147048363,
   -0.007423910907559929,
   -0.007499738254310062,
   -0.00755818003769921,
   -0.007618730862165617,
   -0.0076549260460412145,
   -0.007666543624762011,
   -0.007654631538916463,
   -0.007630418816949361,
   -0.007595516895174385,
   -0.007547549454637439,
   -0.007500887233828102,
   -0.007472750364346623,
   -0.007470672786119467,
   -0.0075493181000264465,
   -0.00760869957015867,
   -0.007658733597739887,
   -0.0076840951305821945,
   -0.007684299318269359,
   -0.007662801683937419,
   -0.007630749973089305,
   -0.007592165427849365,
   -0.007553340214799803,
   -0.007522230146823893,
   -0.007506027443723285,
   -0.00751229824293037,
   -0.007598723465331064,
   -0.007641405873791075,
   -0.007664818215158319,
   -0.007672465126859036,
   -0.007666654953731031,
   -0.007648521405467921,
   -0.007622239684519332,
   -0.007592824298623388,
   -0.00756490837197044,
   -0.007543913835166517,
   -0.007538574915113553,
   -0.007557410439926944,
   -0.007626871673059815,
   -0.007631465388892399,
   -0.007627806006778975,
   -0.0076289618465672894,
   -0.0076320386603429624,
   -0.0076299886771450534,
   -0.007620382115257023,
   -0.007605190720993564,
   -0.007588034952557641,
   -0.007577929211152171,
   -0.0075846846688135865,
   -0.007606620706359512
  ],