{
 "0": {
  "0": [
   3.1389374932806238,
   3.1390680056719633,
   3.139312764374375,
   3.139621994178408,
   3.139916493112104,
   3.1401020045006964,
   3.140102004500594,
   3.139916493111967,
   3.1396219941786523,
   3.1393127643744863,
   3.139068005671952,
   3.1389374932806255
  ],
  "1": [
   -0.0012605202682652963,
   -0.0013617626910558392,
   -0.001561384522322423,
   -0.001836598268390596,
   -0.002126581636937106,
   -0.002326281107293679,
   -0.002326281106953763,
   -0.0021265816370568116,
   -0.0018365982685958262,
   -0.0015613845221519348,
   -0.0013617626910810668,
   -0.001260520268320458
  ]
 },
 "1": {
  "0": [
   -0.00018390072909752993,
   -0.00016924039131277247,
   -0.0001382059264732913,
   -9.749974099922642e-05,
   -6.461394831010965e-05,
   -4.801401039848259e-05,
   -4.801401038768879e-05,
   -6.461394850505862e-05,
   -9.749974094417851e-05,
   -0.00013820592644325758,
   -0.0001692403924409484,
   -0.00018390072826173873
  ],
  "1": [
   4.571151332122808e-05,
   4.474851670208704e-05,
   4.363044778754938e-05,
   4.237458663609452e-05,
   4.0328087892155614e-05,
   3.824417681583284e-05,
   3.8244177079784065e-05,
   4.032808792071483e-05,
   4.2374586725755584e-05,
   4.3630447805005216e-05,
   4.47485166861912e-05,
   4.571151354038723e-05
  ]
 },
 "2": {
  "0": [
   0.00759862654657025,
   0.007576628780616866,
   0.007569835765991898,
   0.007579958955464954,
   0.007597162632185106,
   0.007612406897140966,
   0.00762204721275545,
   0.007624096054138255,
   0.007621001740458908,
   0.0076198509654468016,
   0.007623529663399373,
   0.007618916965168706,
   0.007549353383558598,
   0.007530456586974322,
   0.007535781207539496,
   0.007556819809765496,
   0.007584833536525003,
   0.007614344707659159,
   0.007640716305928963,
   0.0076589018374358065,
   0.0076647302982791425,
   0.007657048782385416,
   0.007633566662409411,
   0.007590784384707942,
   0.0075042055244359425,
   0.007497905511971727,
   0.007514104120139355,
   0.007545312688931245,
   0.007584309167033747,
   0.00762307607749139,
   0.007655251346920591,
   0.007676803539815949,
   0.00767658652392608,
   0.0076511255613784,
   0.0076009348278456585,
   0.007541345947693753,
   0.007462604039748593,
   0.0074646408035888,
   0.007492842568914192,
   0.0075396894978554075,
   0.007587913157434611,
   0.007623024233747019,
   0.007647347639919066,
   0.007659286539949381,
   0.0076475876585660706,
   0.00761122129009329,
   0.0075504344652068045,
   0.007491781720159763,
   0.007415870603494016,
   0.007430176022567558,
   0.007478291548018122,
   0.00753946479120444,
   0.007584860113706337,
   0.007609067520186315,
   0.007623428671248151,
   0.007622959459967345,
   0.007603549345891181,
   0.007560517501908253,
   0.007495398871324735,
   0.00743935120460592,
   0.0073838436893912535,
   0.00741880454501513,
   0.0074840041309319335,
   0.007546293137476071,
   0.007581792232223785,
   0.007598508050317856,
   0.0076034300155195834,
   0.007593328923009882,
   0.007567080291931569,
   0.007513977005120896,
   0.007444901484032337,
   0.007393997673423739,
   0.0073939976736479085,
   0.00744490148425281,
   0.007513977005318711,
   0.007567080292123704,
   0.007593328920380148,
   0.0076034300128612385,
   0.007598508047657842,
   0.0075817922295791625,
   0.007546293137668278,
   0.00748400413114638,
   0.007418804545225071,
   0.00738384368959646,
   0.007439351207129426,
   0.007495398873774505,
   0.007560517504467353,
   0.007603549348415093,
   0.007622959462616994,
   0.0076234286738041,
   0.0076090675228092305,
   0.007584860116304949,
   0.007539464791266151,
   0.007478291548002174,
   0.007430176022534727,
   0.007415870603513152,
   0.007491781720328097,
   0.007550434465444716,
   0.007611221290318089,
   0.007647587658541584,
   0.007659286537322204,
   0.007647347637154968,
   0.007623024233725064,
   0.007587913157359919,
   0.007539689500721673,
   0.007492842568905734,
   0.007464640803712663,
   0.007462604039706606,
   0.0075413459452992795,
   0.007600934825409327,
   0.0076511255589491525,
   0.0076765865211803315,
   0.007676803537036588,
   0.007655251344251346,
   0.007623076075042362,
   0.007584309164589757,
   0.007545312689375072,
   0.007514104120484755,
   0.007497905512434357,
   0.0075042055247137515,
   0.007590784387095761,
   0.007633566664763894,
   0.007657048784842924,
   0.007664730298056858,
   0.007658901834772107,
   0.007640716303315679,
   0.007614344704943775,
   0.007584833533789595,
   0.007556819809565962,
   0.00753578120770628,
   0.007530456587175703,
   0.007549353383677508,
   0.007618916965192368,
   0.00762352966342602,
   0.007619850965478517,
   0.007621001742947248,
   0.007624096056883327,
   0.007622047215460459,
   0.007612406899906592,
   0.007597162634788768,
   0.007579958957954572,
   0.007569835765618736,
   0.007576628780349287,
   0.007598626546156555
  ],