{
 "0": {
  "0": [
   -3.1060157468003595,
   -3.1058204538184544,
   -3.105480485337079,
   -3.10510239854247,
   -3.1047836791543224,
   -3.104594346573483,
   -3.104594346573478,
   -3.1047836791542385,
   -3.1051023985424204,
   -3.1054804853371336,
   -3.105820453818484,
   -3.1060157468004435
  ],
  "1": [
   -0.006673285255070417,
   -0.006574450655714063,
   -0.0065046983982499605,
   -0.006599807848947839,
   -0.006869799927643857,
   -0.00713118198261228,
   -0.007131181982415114,
   -0.006869799927552907,
   -0.006599807848924385,
   -0.006504698398297826,
   -0.006574450655600635,
   -0.006673285254816878
  ]
 },
 "1": {
  "0": [
   0.0007762230749612391,
   0.0007716950554411947,
   0.000759152446313711,
   0.0007187806435536274,
   0.000656269559856234,
   0.0006118401833502197,
   0.0006118401833347944,
   0.0006562695596930612,
   0.0007187806434574039,
   0.0007591524462599808,
   0.0007716950547407337,
   0.0007762230757368964
  ],
  "1": [
   0.00010511238590650224,
   0.00011221629051136194,
   0.00012233560466848057,
   0.00012723827287605124,
   0.00012106047683067353,
   0.00011044237888802828,
   0.00011044237895698691,
   0.00012106047659660315,
   0.00012723827275160722,
   0.0001223356044532116,
   0.00011221629030603882,
   0.00010511238606883289
  ]
 },
 "2": {
  "0": [
   -0.00017149724292730195,
   -0.0001265701412895845,
   -4.8418792591317816e-05,
   2.2277358303194142e-05,
   6.392571531266683e-05,
   7.73019876477594e-05,
   7.31738920042149e-05,
   5.300796189250056e-05,
   1.2839942967420687e-05,
   -4.776143877480443e-05,
   -0.00011548039802413847,
   -0.0001634716392180564,
   -0.0001365506604745535,
   -7.77111767931625e-05,
   -3.379265713061261e-06,
   4.0873619197451715e-05,
   4.78819070389073e-05,
   4.1968305559124785e-05,
   4.4144379960057676e-05,
   4.7881592990999435e-05,
   3.264156569037454e-05,
   -1.7147167066530014e-05,
   -8.468960691086616e-05,
   -0.0001360550251066253,
   -5.09178581998563e-05,
   8.963042267845627e-06,
   4.497031323997003e-05,
   3.408146491186496e-05,
   3.500078454470588e-06,
   -2.533996224314397e-06,
   2.4920469140641027e-05,
   5.382122660644141e-05,
   4.2891766441975194e-05,
   -8.323259593841225e-06,
   -6.053947601457577e-05,
   -8.136187606894953e-05,
   4.1704106622401425e-05,
   7.425446888230077e-05,
   5.419448130353102e-05,
   3.4968132276445504e-07,
   -3.521288389846182e-05,
   -2.1750000841268156e-05,
   1.8985006434000805e-05,
   4.048709122508384e-05,
   1.8462009136525338e-05,
   -1.638649208495672e-05,
   -2.9586177215522826e-05,
   -7.634935019508734e-06,
   9.043165535054758e-05,
   8.073511971665925e-05,
   2.6303718894684388e-05,
   -2.521177020856676e-05,
   -3.7628498794298535e-05,
   -1.5366787579033635e-05,
   1.1218461746725641e-05,
   1.2053793431107443e-05,
   -6.356960168516088e-06,
   -1.3939227664215255e-05,
   5.321601758857956e-06,
   5.068197606811861e-05,
   8.979171398320612e-05,
   5.2702208314219794e-05,
   3.529174135313703e-06,
   -2.12030112059352e-05,
   -1.9612612470799017e-05,
   -5.878952288352333e-06,
   1.0672372710298451e-06,
   -6.815564348352051e-06,
   -1.3663458911252574e-05,
   -4.385722832393928e-06,
   3.019720214714466e-05,
   7.641811852528559e-05,
   7.641811872504772e-05,
   3.019720234310946e-05,
   -4.385722603666301e-06,
   -1.3663458676381425e-05,
   -6.815566723091359e-06,
   1.0672349301107189e-06,
   -5.878954616677367e-06,
   -1.9612614991432906e-05,
   -2.1203011018185428e-05,
   3.529174389307578e-06,
   5.270220855206515e-05,
   8.979171422924368e-05,
   5.068197835601938e-05,
   5.32160418555915e-06,
   -1.3939225008933015e-05,
   -6.356957611838995e-06,
   1.2053795850224445e-05,
   1.1218464157755347e-05,
   -1.5366785158096927e-05,
   -3.7628496397844e-05,
   -2.5211770207931853e-05,
   2.630371888853563e-05,
   8.073511973874147e-05,
   9.043165534416372e-05,
   -7.634934819571441e-06,
   -2.9586177004086475e-05,
   -1.6386491804248522e-05,
   1.846200909769272e-05,
   4.048708860065671e-05,
   1.898500361457122e-05,
   -2.1750000849038e-05,
   -3.5212883900783344e-05,
   3.4968365264813696e-07,
   5.4194481310151345e-05,
   7.425446886028794e-05,
   4.17041065791985e-05,
   -8.136187846639984e-05,
   -6.0539478439618616e-05,
   -8.323262078735461e-06,
   4.289176373188089e-05,
   5.3821223696276636e-05,
   2.4920466449720607e-05,
   -2.5339987270533003e-06,
   3.5000762559531832e-06,
   3.408146500850639e-05,
   4.4970313281252866e-05,
   8.963042335614781e-06,
   -5.091785817950456e-05,
   -0.00013605502271104151,
   -8.468960440624119e-05,
   -1.7147164855290162e-05,
   3.264156544382955e-05,
   4.78815904400994e-05,
   4.414437728391018e-05,
   4.196830340752647e-05,
   4.788190470556718e-05,
   4.0873619320521644e-05,
   -3.3792654476086695e-06,
   -7.77111765736056e-05,
   -0.00013655066027215635,
   -0.0001634716392356913,
   -0.00011548039802871124,
   -4.776143877642813e-05,
   1.2839945108272427e-05,
   5.300796438689064e-05,
   7.317389447164402e-05,
   7.730198988712794e-05,
   6.392571751820449e-05,
   2.22773606070665e-05,
   -4.841879264973247e-05,
   -0.00012657014136319912,
   -0.00017149724299508437
  ],