{
 "0": {
  "0": [
   3.1105088766622044,
   3.1106602734686826,
   3.1108933692422305,
   3.1111350742051997,
   3.1113461386587575,
   3.111479741573127,
   3.1114797415731617,
   3.1113461386588463,
   3.111135074205207,
   3.110893369242167,
   3.1106602734685063,
   3.1105088766620064
  ],
  "1": [
   -0.03404812933497467,
   -0.0340245570511535,
   -0.03401788264549308,
   -0.03407128719329143,
   -0.034185886108820875,
   -0.03429213112907832,
   -0.03429213112906403,
   -0.034185886108816316,
   -0.03407128719329709,
   -0.03401788264550608,
   -0.03402455705115793,
   -0.03404812933504379
  ]
 },
 "1": {
  "0": [
   -0.0004409332583099895,
   -0.00041920031941662813,
   -0.00038384837211061554,
   -0.00035127737388902135,
   -0.0003288886192939223,
   -0.0003159451869780904,
   -0.000315945187090627,
   -0.00032888861908678113,
   -0.00035127737355883105,
   -0.0003838483717343056,
   -0.00041920031926345123,
   -0.0004409332581776
  ],
  "1": [
   -3.4702526858113534e-05,
   -3.24157316212251e-05,
   -2.776852533661492e-05,
   -2.215647923795677e-05,
   -1.7607609980589818e-05,
   -1.5398877219688908e-05,
   -1.539887719193332e-05,
   -1.7607609947560764e-05,
   -2.215647920755774e-05,
   -2.776852534738393e-05,
   -3.2415731649307736e-05,
   -3.470252684602745e-05
  ]
 },
 "2": {
  "0": [
   -0.00038737446682138543,
   -0.00039911124659240373,
   -0.0003950782608271705,
   -0.0003644789762509037,
   -0.0003176664468317032,
   -0.0002770002555780187,
   -0.0002555417976157344,
   -0.00025573540371529415,
   -0.00027177237201262485,
   -0.0002945591293935225,
   -0.00032533127037197925,
   -0.00036214530714081996,
   -0.0004263941005252764,
   -0.0004680638308947135,
   -0.0004588400045813049,
   -0.0003950261224056397,
   -0.0003060563154478505,
   -0.0002246440252091185,
   -0.0001690958651183599,
   -0.0001474027039694902,
   -0.0001592125663545279,
   -0.00020235809643697134,
   -0.0002749866093666438,
   -0.00035734167193137985,
   -0.00046019640437675664,
   -0.0004979249633813513,
   -0.00045782140094716145,
   -0.0003574278610838785,
   -0.00023823943466131243,
   -0.00013305806914293796,
   -6.43742136612515e-05,
   -4.5035129134320185e-05,
   -7.501425180221891e-05,
   -0.00015025688349241584,
   -0.00025800409503166336,
   -0.00036955710786041056,
   -0.0004659028659896148,
   -0.00047469194120599846,
   -0.0003986829570795666,
   -0.0002755583731614497,
   -0.00014667764070636302,
   -4.308511102051783e-05,
   1.0814060208874399e-05,
   9.78013843187039e-06,
   -4.109457220552557e-05,
   -0.0001362041839863341,
   -0.0002584998852830633,
   -0.00037979613671535427,
   -0.0004444451933866681,
   -0.00041325129934440447,
   -0.0003062228837272659,
   -0.0001750728899545524,
   -5.969889952235795e-05,
   1.2401579979984178e-05,
   3.534872224250843e-05,
   1.7602547441419713e-05,
   -3.849973820937235e-05,
   -0.00013601230419319608,
   -0.00026076244420092577,
   -0.00038050408739195396,
   -0.0004144777010966119,
   -0.00033847771474929383,
   -0.0002110890345625708,
   -9.021573557789814e-05,
   -8.383759205097257e-06,
   2.8052657171770756e-05,
   3.207072877165128e-05,
   9.492307791561478e-06,
   -4.935355660086504e-05,
   -0.00015237584138697117,
   -0.00028115665511707665,
   -0.0003893751508541849,
   -0.000389375148162571,
   -0.0002811566524034873,
   -0.0001523758386785664,
   -4.9353553814929544e-05,
   9.492308186147744e-06,
   3.207072916150616e-05,
   2.8052657584615854e-05,
   -8.383758866721236e-06,
   -9.021573558124881e-05,
   -0.0002110890345552449,
   -0.0003384777147713997,
   -0.000414477701087603,
   -0.0003805040870246845,
   -0.0002607624438007665,
   -0.00013601230375415144,
   -3.849973777195104e-05,
   1.760254742556694e-05,
   3.5348722249969454e-05,
   1.2401579990471435e-05,
   -5.9698899519459695e-05,
   -0.0001750728868529689,
   -0.00030622288063683574,
   -0.000413251296244451,
   -0.0004444451903048061,
   -0.00037979613671809844,
   -0.0002584998852801144,
   -0.0001362041839781132,
   -4.109457142272812e-05,
   9.780141671543252e-06,
   1.0814063427074846e-05,
   -4.3085107893418536e-05,
   -0.00014667763756189743,
   -0.00027555837315179854,
   -0.0003986829574696657,
   -0.00047469194159111103,
   -0.0004659028663825852,
   -0.0003695571109888002,
   -0.000258004098136371,
   -0.00015025688663168266,
   -7.501425493993366e-05,
   -4.503513227778132e-05,
   -6.43742168049538e-05,
   -0.00013305806954265646,
   -0.00023823943502537695,
   -0.0003574278607070727,
   -0.0004578214001488143,
   -0.0004979249626039308,
   -0.00046019640359389334,
   -0.0003573416723176141,
   -0.0002749866097556366,
   -0.00020235809680273947,
   -0.0001592125659401866,
   -0.00014740270357361949,
   -0.00016909586471471744,
   -0.00022464402482890364,
   -0.00030605631503992646,
   -0.00039502612200249695,
   -0.00045884000413966053,
   -0.00046806383049110184,
   -0.00042639410011728997,
   -0.0003621453071345702,
   -0.0003253312703604154,
   -0.0002945591294053117,
   -0.0002717723727867365,
   -0.0002557354037215705,
   -0.00025554179760964887,
   -0.00027700025478947295,
   -0.0003176664460836626,
   -0.0003644789762392571,
   -0.0003950782608324736,
   -0.00039911124659353775,
   -0.000387374466818561
  ],