{
 "0": {
  "0": [
   3.1224598370526757,
   3.1222795953630538,
   3.1220028287892503,
   3.1217356959374536,
   3.12154882051073,
   3.121459903597908,
   3.1214599035978505,
   3.121548820510444,
   3.1217356959371756,
   3.122002828788902,
   3.122279595362659,
   3.122459837052303
  ],
  "1": [
   -0.02377593181076121,
   -0.023778874165606565,
   -0.023803623157782967,
   -0.023860150683662644,
   -0.023931006968285807,
   -0.02398006995318249,
   -0.02398006995320416,
   -0.023931006968431978,
   -0.023860150683524647,
   -0.023803623158117727,
   -0.02377887416568737,
   -0.023775931810806557
  ]
 },
 "1": {
  "0": [
   -0.03921571461619445,
   -0.038964738558162466,
   -0.03856107116463602,
   -0.03814962406595162,
   -0.037845338439814746,
   -0.03769364238002485,
   -0.03769364237977248,
   -0.03784533844051805,
   -0.03814962406591625,
   -0.038561071164048374,
   -0.038964738558646746,
   -0.03921571461748204
  ],
  "1": [
   -0.04762003489090754,
   -0.04757254846727066,
   -0.047514746380233785,
   -0.047493613074765004,
   -0.04752829459210141,
   -0.04758018412720866,
   -0.04758018412706647,
   -0.047528294592339794,
   -0.04749361307479822,
   -0.04751474637978606,
   -0.04757254846735599,
   -0.04762003489109914
  ]
 },
 "2": {
  "0": [
   -3.4731941679080636e-05,
   3.9009485676811795e-06,
   5.4985241548246136e-05,
   0.00010699297373123999,
   0.00014832653920076043,
   0.0001657229465143338,
   0.00015256054850985227,
   0.00011600043242885996,
   6.930135651968115e-05,
   2.2963277881484628e-05,
   -1.8200695637395633e-05,
   -4.341581129700018e-05,
   1.0143492275136708e-05,
   6.156366250446766e-05,
   0.00011253399477499141,
   0.0001493381655927883,
   0.00016236926716412108,
   0.0001509286073149859,
   0.00012450060033711185,
   8.993603479643437e-05,
   5.216606150349546e-05,
   1.5492043250176823e-05,
   -1.5104181738724057e-05,
   -2.1015969073379455e-05,
   9.181777918525663e-05,
   0.0001401310815014632,
   0.00016823538550884114,
   0.00017007801110048565,
   0.00015085138375087602,
   0.00012748197482413586,
   0.00010578509927897097,
   7.811223090754973e-05,
   4.716718572486661e-05,
   2.114259129496359e-05,
   1.3555218144397631e-05,
   4.0488120010331306e-05,
   0.00017783459925088243,
   0.00019958629262860692,
   0.00019141656497959663,
   0.00016139770265832814,
   0.00013149764738577984,
   0.0001146704827282385,
   9.596186453770244e-05,
   7.020951012432416e-05,
   4.9291577817046386e-05,
   4.761300551309933e-05,
   7.681481671303276e-05,
   0.00013002692875156827,
   0.00022460830955256989,
   0.0002154789432466344,
   0.0001821665528698934,
   0.00014344813273759868,
   0.00012021151570915517,
   0.00010470966122531912,
   8.482876606610939e-05,
   6.853745342393846e-05,
   6.975829852843063e-05,
   9.908005822124351e-05,
   0.00015246916885462632,
   0.00020235223542072435,
   0.0002310177424195104,
   0.00020882283744320755,
   0.00016899270775050344,
   0.00013051691419941537,
   0.00010575358113448833,
   8.911315358389532e-05,
   7.989275346143837e-05,
   8.304403256749072e-05,
   0.00010482138723956523,
   0.00014757382876319194,
   0.000196940646400984,
   0.00022779300898801097,
   0.0002277930085589401,
   0.00019694064597028805,
   0.00014757382831408363,
   0.00010482138679326795,
   8.304402884757095e-05,
   7.989274970316696e-05,
   8.911314964092175e-05,
   0.00010575357752560426,
   0.0001305169137339973,
   0.00016899270729883384,
   0.00020882283701863217,
   0.00023101774198131588,
   0.00020235223876116485,
   0.000152469172289377,
   9.9080061757871e-05,
   6.9758301980928e-05,
   6.853745704319013e-05,
   8.482876975846398e-05,
   0.00010470966481258594,
   0.00012021151918071482,
   0.00014344813272192938,
   0.00018216655286748564,
   0.00021547894323124825,
   0.000224608309569704,
   0.00013002692830123616,
   7.681481627835161e-05,
   4.761300506132286e-05,
   4.929157779085797e-05,
   7.020950706569646e-05,
   9.59618614907682e-05,
   0.00011467048271553723,
   0.00013149764738139318,
   0.00016139770065445766,
   0.00019141656498162266,
   0.00019958629262549406,
   0.00017783459925959966,
   4.048811661836972e-05,
   1.3555214710740222e-05,
   2.1142587874847044e-05,
   4.716718265904807e-05,
   7.811222788551536e-05,
   0.000105785096300629,
   0.0001274819714947991,
   0.00015085138039857153,
   0.0001700780056655484,
   0.000168235379979959,
   0.0001401310759116193,
   9.181777370097993e-05,
   -2.101596566923257e-05,
   -1.5104178311029282e-05,
   1.5492046653496757e-05,
   5.216606192826602e-05,
   8.993603179358266e-05,
   0.00012450059736162213,
   0.00015092860932070708,
   0.00016236926909744373,
   0.0001493381706158849,
   0.00011253399433346641,
   6.156366209162474e-05,
   1.0143491845012888e-05,
   -4.341581130352233e-05,
   -1.8200695658777208e-05,
   2.2963277858284385e-05,
   6.930135994308076e-05,
   0.00011600043044783859,
   0.00015256054656472131,
   0.0001657229445736562,
   0.00014832653720141795,
   0.00010699297711245977,
   5.498524699044579e-05,
   3.900953993768276e-06,
   -3.473193628729853e-05
  ],