{
 "0": {
  "0": [
   -3.141530869216121,
   -3.1415720454717744,
   -3.1416196197415465,
   -3.14162880274776,
   -3.1415971890887757,
   -3.1415626541524895,
   -3.1415626541525015,
   -3.1415971890887446,
   -3.1416288027477997,
   -3.1416196197415673,
   -3.1415720454718037,
   -3.14153086921618
  ],
  "1": [
   -9.015676343344649e-05,
   -7.531081981172156e-05,
   -4.1348031638440746e-05,
   1.3133031511277355e-05,
   7.641159448680786e-05,
   0.00012167962754684672,
   0.00012167962755338458,
   7.641159450734224e-05,
   1.3133031396422796e-05,
   -4.134803166206016e-05,
   -7.531081980303638e-05,
   -9.015676344430258e-05
  ]
 },
 "1": {
  "0": [
   -5.7991836145737115e-05,
   -1.641135577812757e-05,
   3.148812508588408e-05,
   4.097967966694917e-05,
   9.27441402483821e-06,
   -2.520422900299357e-05,
   -2.520422907322324e-05,
   9.274414080972129e-06,
   4.097967963577146e-05,
   3.148812508261175e-05,
   -1.64113557569063e-05,
   -5.799183627415686e-05
  ],
  "1": [
   9.178752051390765e-05,
   7.698149728796837e-05,
   4.302471549448532e-05,
   -1.1420658744063332e-05,
   -7.480400684030958e-05,
   -0.00012014824144831526,
   -0.00012014824146720248,
   -7.480400686117443e-05,
   -1.1420658831128502e-05,
   4.30247155565419e-05,
   7.698149728742779e-05,
   9.178752051575899e-05
  ]
 },
 "2": {
  "0": [
   0.012232043105412966,
   0.012293670334121813,
   0.012333866528399759,
   0.012322660176739,
   0.012266099561091507,
   0.012209057749046365,
   0.012198401965202546,
   0.012227077948106423,
   0.01224899549628246,
   0.0122376661310711,
   0.012205538890265325,
   0.012194736421337705,
   0.01229666525623563,
   0.012363131553626285,
   0.012378865507583941,
   0.012334721617958636,
   0.01225055392727049,
   0.012171425323397815,
   0.01213165520703201,
   0.012122780819225663,
   0.01212130562757238,
   0.012122938078858142,
   0.012144439330980862,
   0.012208867818653853,
   0.012334746067160859,
   0.012378440355519582,
   0.01236409630987676,
   0.012291666166551918,
   0.012181005495666307,
   0.012074348464990045,
   0.012005747314933184,
   0.011976639217544988,
   0.011985578184871263,
   0.012033540083136883,
   0.012123904855551563,
   0.01224048816253947,
   0.01231920622434684,
   0.01233545758556338,
   0.012293792053096744,
   0.012190357780073033,
   0.012050999343759096,
   0.011933299342616341,
   0.011869302511303576,
   0.011855819470656925,
   0.011894196151185638,
   0.011985954015006592,
   0.012121352332424729,
   0.01224746299548435,
   0.012263432090134056,
   0.012253548858390318,
   0.012182472607645179,
   0.012051014650473178,
   0.011908933373776397,
   0.01181941886931409,
   0.011786957888926013,
   0.011797272105783987,
   0.011855946192422763,
   0.011975884089110126,
   0.01212136077009766,
   0.012222484895536644,
   0.012208593431912843,
   0.01217194429815972,
   0.012073836553227675,
   0.011933368558245169,
   0.011819587800585158,
   0.011768054749752758,
   0.011759622076225029,
   0.01178675159900739,
   0.01186829151841413,
   0.012004750499048948,
   0.012129812321825724,
   0.012195426294860527,
   0.012195426294907488,
   0.012129812321952503,
   0.0120047504991495,
   0.011868291518476803,
   0.01178675159912386,
   0.01175962207638121,
   0.011768054749872947,
   0.011819587800691062,
   0.011933368558315637,
   0.012073836553322255,
   0.012171944298195432,
   0.012208593431954441,
   0.012222484895418117,
   0.01212136076996907,
   0.011975884088967778,
   0.011855946192275243,
   0.011797272105627456,
   0.011786957888831665,
   0.011819418869177615,
   0.01190893337367365,
   0.012051014650524569,
   0.01218247260765938,
   0.012253548858363043,
   0.012263432090145951,
   0.0122474629955635,
   0.012121352332465503,
   0.011985954015102128,
   0.01189419615118935,
   0.011855819470729579,
   0.01186930251136539,
   0.0119332993426615,
   0.012050999343768614,
   0.01219035777975483,
   0.012293792053061272,
   0.012335457585526205,
   0.012319206224350104,
   0.012240488162655641,
   0.012123904855702326,
   0.01203354008327746,
   0.011985578184982944,
   0.011976639217602711,
   0.012005747315015403,
   0.012074348465107127,
   0.012181005495857204,
   0.012291666166272967,
   0.01236409630964551,
   0.012378440355281347,
   0.012334746066928125,
   0.012208867818514386,
   0.012144439330858143,
   0.012122938078722799,
   0.01212130562747475,
   0.012122780819299697,
   0.012131655207083722,
   0.012171425323692447,
   0.01225055392762782,
   0.01233472161824669,
   0.012378865507623151,
   0.012363131553651336,
   0.012296665256311854,
   0.012194736421314481,
   0.012205538890250204,
   0.012237666131067092,
   0.012248995496155286,
   0.012227077947730142,
   0.012198401964827287,
   0.012209057748714135,
   0.012266099560733585,
   0.012322660176623684,
   0.012333866528621769,
   0.012293670334253569,
   0.012232043105638454
  ],