{
 "0": {
  "0": [
   -3.110981409488637,
   -3.110760527697353,
   -3.110423926142133,
   -3.1100946149123656,
   -3.109855359647048,
   -3.1097361320139982,
   -3.1097361320127392,
   -3.109855359646934,
   -3.1100946149149973,
   -3.1104239261423072,
   -3.110760527698109,
   -3.110981409489846
  ],
  "1": [
   0.037441994937062795,
   0.03743712399384772,
   0.03746295423605067,
   0.0375462032187229,
   0.03766871412224351,
   0.03776508471124867,
   0.03776508471245264,
   0.03766871412282803,
   0.03754620321951982,
   0.037462954236115224,
   0.03743712399353004,
   0.037441994937304504
  ]
 },
 "1": {
  "0": [
   -0.0010069465325274693,
   -0.0012381004018259783,
   -0.0015945452361483124,
   -0.0019488441712418817,
   -0.0022195214384604306,
   -0.0023659977973349375,
   -0.00236599779364265,
   -0.0022195214388290455,
   -0.0019488441759966352,
   -0.0015945452383679872,
   -0.0012381003959315551,
   -0.0010069465433605988
  ],
  "1": [
   -0.0035745366472376104,
   -0.0035897538129795537,
   -0.0036157893604460162,
   -0.0036392703449831497,
   -0.0036438174275309028,
   -0.003633226804706486,
   -0.003633226803972126,
   -0.003643817428029295,
   -0.0036392703447286423,
   -0.003615789360426986,
   -0.0035897538123718176,
   -0.0035745366471939067
  ]
 },
 "2": {
  "0": [
   -0.00042582629893975487,
   -0.00042202012266205326,
   -0.0003684332738568283,
   -0.0002814306147799103,
   -0.00020580567859851433,
   -0.00016710888494689076,
   -0.00016475857573957555,
   -0.00020265442496113356,
   -0.00027723982005788936,
   -0.0003530267677465783,
   -0.0003940868227045572,
   -0.000409969673831529,
   -0.0004204397547620324,
   -0.0004123683790221286,
   -0.0003483181938225838,
   -0.00026020987492498957,
   -0.00018832770429839154,
   -0.0001489155670628451,
   -0.00014443245654246304,
   -0.00018102039061759976,
   -0.00024512589342230235,
   -0.00030254835286682867,
   -0.0003414644832863814,
   -0.000383275022035168,
   -0.00039078486507034015,
   -0.00037215785672141497,
   -0.00030392801138078544,
   -0.00022030692901651907,
   -0.00015413467032477827,
   -0.00011648781186050145,
   -0.00011319063040929237,
   -0.00014493613578825786,
   -0.00019373397981092743,
   -0.0002401344688218659,
   -0.0002915354628440466,
   -0.0003535076380634661,
   -0.00034694497771052784,
   -0.0003207672935939367,
   -0.00025133044304584726,
   -0.00017345319632096988,
   -0.00011416617506563358,
   -8.274894060229286e-05,
   -8.394951573320273e-05,
   -0.00011139363663563159,
   -0.00015027014808438615,
   -0.00019579448696336324,
   -0.00025681662094226575,
   -0.000319039126293644,
   -0.00031080066380520527,
   -0.00027604400076631814,
   -0.00020367903786148994,
   -0.0001329152573532634,
   -8.506491346198872e-05,
   -6.576196713064336e-05,
   -7.268389136451926e-05,
   -9.56905808843946e-05,
   -0.00012775770408925176,
   -0.00017181088515223598,
   -0.00023146078482275402,
   -0.0002889043045883379,
   -0.00029123087175453956,
   -0.00024176687823228163,
   -0.00016976249990324882,
   -0.0001123018879241443,
   -7.949413565226065e-05,
   -6.852527895865836e-05,
   -7.28819679146403e-05,
   -8.776161545130587e-05,
   -0.00011498860352668995,
   -0.0001600308094946677,
   -0.00022326377196253255,
   -0.00028113382874468223,
   -0.0002811338104703842,
   -0.0002232637535069537,
   -0.00016003079066298932,
   -0.00011498858501900041,
   -8.776160635437498e-05,
   -7.288195883631706e-05,
   -6.852526995981073e-05,
   -7.949412660004938e-05,
   -0.0001123018695122164,
   -0.00016976248135442822,
   -0.00024176686018303865,
   -0.0002912308539677966,
   -0.00028890431335554847,
   -0.00023146079366438002,
   -0.00017181089414791494,
   -0.00012775771300414026,
   -9.569058996900178e-05,
   -7.268390037800239e-05,
   -6.57619761931534e-05,
   -8.50649222226789e-05,
   -0.00013291525733648388,
   -0.00020367903785563327,
   -0.00027604400077418294,
   -0.0003108006637727135,
   -0.00031903910819069427,
   -0.0002568166024144172,
   -0.00019579446823824224,
   -0.00015027014808980014,
   -0.00011139364633007329,
   -8.394952513256938e-05,
   -8.274894061468991e-05,
   -0.00011416617505610242,
   -0.00017345322133753454,
   -0.00025133044304144475,
   -0.0003207672935826696,
   -0.00034694497772640214,
   -0.0003535076291831311,
   -0.0002915354538945728,
   -0.00024013445977534627,
   -0.0001937339894594026,
   -0.00014493614536905587,
   -0.00011319064020332447,
   -0.0001164878028288001,
   -0.00015413466161940813,
   -0.00022030694517870386,
   -0.00030392802780765507,
   -0.0003721578733958789,
   -0.00039078488137127976,
   -0.0003832750307590793,
   -0.00034146449210165856,
   -0.0003025483616675179,
   -0.0002451259118930031,
   -0.00018102040032570295,
   -0.00014443246603724634,
   -0.00014891554201407718,
   -0.00018832767968601666,
   -0.0002602098400010012,
   -0.00034831817514857866,
   -0.0004123683603953871,
   -0.00042043973620640686,
   -0.00040996967383162856,
   -0.0003940868226979449,
   -0.0003530267677462115,
   -0.0002772398288556369,
   -0.00020265445000935628,
   -0.0001647586004160511,
   -0.00016710890938922905,
   -0.00020580570341255434,
   -0.00028143062341904864,
   -0.00036843325760508824,
   -0.00042202010628928846,
   -0.00042582628245657503
  ],