{
 "0": {
  "0": [
   -3.1065067079603117,
   -3.106802307827363,
   -3.1072965893615283,
   -3.1078430686155083,
   -3.1083010675018232,
   -3.1085610231212484,
   -3.1085610231212617,
   -3.108301067501805,
   -3.107843068615551,
   -3.107296589361443,
   -3.1068023078272673,
   -3.1065067079602455
  ],
  "1": [
   0.04120200890873576,
   0.04114530388321399,
   0.04107289115213554,
   0.04103531793851248,
   0.04105417688557544,
   0.04109529988289623,
   0.041095299882967076,
   0.04105417688556557,
   0.041035317938537784,
   0.0410728911521793,
   0.04114530388325129,
   0.0412020089087977
  ]
 },
 "1": {
  "0": [
   0.0008578691396719188,
   0.001066407135578291,
   0.001420756621985773,
   0.0018193936037300181,
   0.002165782572188479,
   0.0023718001179152824,
   0.0023718001178081954,
   0.002165782572291584,
   0.001819393603955882,
   0.0014207566221245247,
   0.001066407135234361,
   0.0008578691394830922
  ],
  "1": [
   0.0034430997248076018,
   0.003463613429550287,
   0.0035009155708021853,
   0.0035415953580333766,
   0.003566870562493632,
   0.0035718797217464595,
   0.003571879721769195,
   0.0035668705624330803,
   0.0035415953580622433,
   0.0035009155709915057,
   0.0034636134294050124,
   0.0034430997247871637
  ]
 },
 "2": {
  "0": [
   0.00015554957140048576,
   0.00010130079330180142,
   3.232487578096209e-05,
   -2.4392245048213928e-05,
   -5.083039518831166e-05,
   -4.9966146643893815e-05,
   -3.6288442625866544e-05,
   -1.293277933061212e-05,
   3.0441288818773987e-05,
   9.248018943833613e-05,
   0.00014908209014372187,
   0.00017378148140444164,
   0.00010636152836887537,
   3.328058914370537e-05,
   -3.046287415096839e-05,
   -6.359847185183145e-05,
   -6.169418078269041e-05,
   -3.597248358850265e-05,
   -3.723317998579398e-06,
   3.082508969131429e-05,
   7.986066874569647e-05,
   0.0001373254303734137,
   0.00017133395078465266,
   0.00015988435302805167,
   4.089790346158982e-05,
   -2.7946431010492714e-05,
   -6.420430400370987e-05,
   -6.379446172503579e-05,
   -3.769498412192543e-05,
   3.321174154441499e-07,
   3.583948013920045e-05,
   7.302854232441058e-05,
   0.00012314612308261068,
   0.00016448715250920906,
   0.00016434759735920156,
   0.0001161118109562607,
   -7.482294184491071e-06,
   -4.9102380895791746e-05,
   -5.082745859744849e-05,
   -2.6834263990644606e-05,
   9.818987082113649e-06,
   4.7624623336416124e-05,
   7.828024025961773e-05,
   0.00011373671819072097,
   0.00015147785819398792,
   0.00016284448436190306,
   0.0001300463457931732,
   6.307259561920554e-05,
   -1.5658856721893746e-05,
   -2.3973821810948014e-05,
   -3.788955606956169e-06,
   2.7806291287039944e-05,
   6.331362362581433e-05,
   9.133176311171947e-05,
   0.00011310973181058101,
   0.0001371393221147916,
   0.00015007832754279025,
   0.00013366445244486784,
   8.75305465046983e-05,
   2.8477691036925248e-05,
   2.927340984487674e-06,
   1.8668391626578865e-05,
   4.8246673797735473e-05,
   8.005112307408839e-05,
   0.00010591306989521696,
   0.00011954075264933062,
   0.00012802595665706076,
   0.00013276656246057509,
   0.00012211759432716795,
   9.268534177969416e-05,
   5.298924642514476e-05,
   1.64063342663274e-05,
   1.6406335653285655e-05,
   5.298924788745526e-05,
   9.268534315794754e-05,
   0.000122117595708353,
   0.00013276655973859855,
   0.00012802595376592326,
   0.00011954074976307426,
   0.00010591306720076133,
   8.005112307907982e-05,
   4.824667380509681e-05,
   1.8668391620913258e-05,
   2.9273409784712198e-06,
   2.8477691741508287e-05,
   8.7530547172692e-05,
   0.00013366445313998119,
   0.00015007832823490263,
   0.0001371393221242086,
   0.00011310973180892584,
   9.133176311840883e-05,
   6.331362362759115e-05,
   2.7806293468858773e-05,
   -3.7889534118765463e-06,
   -2.3973819654960816e-05,
   -1.5658854596471532e-05,
   6.307259562627653e-05,
   0.00013004634579818708,
   0.000162844484373023,
   0.00015147785623958286,
   0.00011373672028567213,
   7.82802423712537e-05,
   4.762462540983132e-05,
   9.818989218051112e-06,
   -2.6834263989350702e-05,
   -5.0827459310741635e-05,
   -4.91023816371657e-05,
   -7.482294907819574e-06,
   0.00011611180874916593,
   0.00016434759512428632,
   0.00016448715045031356,
   0.00012314612097972356,
   7.302854018695107e-05,
   3.5839478059502073e-05,
   3.3211671997182467e-07,
   -3.7694984807508113e-05,
   -6.379446442968733e-05,
   -6.420430605180244e-05,
   -2.79464330897359e-05,
   4.0897901423878905e-05,
   0.0001598843557159948,
   0.00017133395350767456,
   0.00013732543307596072,
   7.98606694272906e-05,
   3.082509041307982e-05,
   -3.7233172911600364e-06,
   -3.597248286437011e-05,
   -6.169418007629191e-05,
   -6.359847113014404e-05,
   -3.0462873423555927e-05,
   3.328058989333138e-05,
   0.00010636152911121209,
   0.00017378148140313653,
   0.000149082090136666,
   9.248018943772138e-05,
   3.0441290806923205e-05,
   -1.293277933504953e-05,
   -3.628844263480733e-05,
   -4.996614858233201e-05,
   -5.083039722434615e-05,
   -2.4392245046025585e-05,
   3.232487577233531e-05,
   0.00010130079330027319,
   0.00015554957138865498
  ],