{
 "0": {
  "0": [
   -3.1414338796826686,
   -3.1414464920738707,
   -3.1415011229427394,
   -3.141604656311414,
   -3.141724035161106,
   -3.1418066246346217,
   -3.141806624634906,
   -3.141724035161205,
   -3.1416046563114244,
   -3.1415011229428567,
   -3.141446492073848,
   -3.141433879682676
  ],
  "1": [
   8.716537467827113e-05,
   6.966761988052115e-05,
   3.35995017189759e-05,
   -1.7317778521038042e-05,
   -6.92757075938161e-05,
   -0.00010215613142412816,
   -0.00010215613148014351,
   -6.92757076309311e-05,
   -1.7317778631414865e-05,
   3.359950167516182e-05,
   6.966761969500009e-05,
   8.716537475148785e-05
  ]
 },
 "1": {
  "0": [
   -0.00014978940885646846,
   -0.00013728307336496355,
   -8.322262686929921e-05,
   1.9332472537959226e-05,
   0.0001373790775536817,
   0.00021921555880481962,
   0.00021921556022038146,
   0.00013737907739298422,
   1.933247268878398e-05,
   -8.322262693849642e-05,
   -0.00013728307316500664,
   -0.0001497894085701376
  ],
  "1": [
   -8.666030843272997e-05,
   -6.913782744160404e-05,
   -3.3067409198549686e-05,
   1.77485582336452e-05,
   6.953561798782627e-05,
   0.00010235817217246426,
   0.00010235817265940737,
   6.95356178962959e-05,
   1.7748558300671827e-05,
   -3.306740909668005e-05,
   -6.913782716385518e-05,
   -8.666030831921838e-05
  ]
 },
 "2": {
  "0": [
   0.012272641631424296,
   0.012274241299401984,
   0.012266590659971675,
   0.012263741082437876,
   0.012271174712706232,
   0.012267926252470149,
   0.012242813808438347,
   0.012210593591752326,
   0.012197810733139976,
   0.012211112985784452,
   0.012234709056094131,
   0.012258048430278246,
   0.012267307712105028,
   0.012283057352173337,
   0.012283861912129055,
   0.01228074192839731,
   0.012259279209146393,
   0.012201235676826763,
   0.012125609613930631,
   0.012072045924175488,
   0.012065951219240457,
   0.01210195290082283,
   0.012163257960885382,
   0.01222614701176554,
   0.012263677846106798,
   0.012284296404510925,
   0.01227828987716294,
   0.01224530211293015,
   0.012162379640295538,
   0.012036164946589559,
   0.011919977561895757,
   0.011865023673512366,
   0.011886468139544207,
   0.011972753125488211,
   0.012093783907397048,
   0.012200621087357606,
   0.01227095903287975,
   0.012277883881851864,
   0.01223792686578114,
   0.012140374457371995,
   0.011978405230979297,
   0.01180056894205135,
   0.011680713700775629,
   0.011656312801461802,
   0.011729796181353475,
   0.011882855170796904,
   0.012062830377819316,
   0.012202168513716407,
   0.012274996891095473,
   0.012250028775814456,
   0.012151451352970858,
   0.011974000013707575,
   0.011755041384310163,
   0.011577421233585647,
   0.0114955826326419,
   0.011523069240920248,
   0.01165567714179524,
   0.011866411033885919,
   0.012079732659157408,
   0.012222549959809469,
   0.012266831010826405,
   0.012196236356763663,
   0.012031734851134547,
   0.011798455644027935,
   0.011577021132571842,
   0.011439484480675806,
   0.011410810495468987,
   0.01149555562470512,
   0.011681381177913525,
   0.011922672932889546,
   0.01213062110481386,
   0.01224688607626198,
   0.012246886077450494,
   0.012130621105970853,
   0.011922672934067438,
   0.01168138117892559,
   0.011495555625270305,
   0.011410810496091632,
   0.011439484481296218,
   0.011577021133201427,
   0.011798455645215698,
   0.012031734852454087,
   0.012196236358170933,
   0.01226683101197298,
   0.012222549959049388,
   0.012079732658362707,
   0.011866411033208941,
   0.01165567714124075,
   0.011523069240344033,
   0.01149558263205924,
   0.011577421233072328,
   0.011755041383670619,
   0.011974000013736821,
   0.012151451352963298,
   0.01225002877578829,
   0.012274996891090453,
   0.01220216851502498,
   0.012062830379179648,
   0.01188285517193075,
   0.011729796181339487,
   0.011656312801077186,
   0.01168071370038541,
   0.011800568942052087,
   0.011978405230964837,
   0.01214037445728242,
   0.01223792686576925,
   0.012277883881832664,
   0.01227095903286481,
   0.012200621088143978,
   0.012093783908196966,
   0.011972753126183932,
   0.011886468139103198,
   0.011865023673055102,
   0.011919977561429321,
   0.01203616494736727,
   0.012162379641089882,
   0.012245302113560166,
   0.012278289877884471,
   0.012284296405283722,
   0.012263677846808305,
   0.012226147011035866,
   0.012163257960093652,
   0.012101952900077663,
   0.012065951217884547,
   0.012072045923639087,
   0.01212560961329896,
   0.012201235676930287,
   0.012259279209275581,
   0.012280741929005934,
   0.012283861913621326,
   0.012283057353518192,
   0.012267307713315927,
   0.012258048430287398,
   0.012234709056075679,
   0.012211112985777341,
   0.012197810732361364,
   0.012210593591672383,
   0.012242813808384843,
   0.01226792625240489,
   0.012271174712673064,
   0.012263741081677618,
   0.012266590659216042,
   0.012274241298736659,
   0.01227264163087539
  ],