{
 "0": {
  "0": [
   3.141433995093371,
   3.1414465850889637,
   3.141501201292636,
   3.14160455973187,
   3.141723878359882,
   3.1418064040792064,
   3.141806404078887,
   3.141723878359525,
   3.141604559731834,
   3.141501201294059,
   3.141446585091127,
   3.1414339950957566
  ],
  "1": [
   -8.679369132024607e-05,
   -6.937201565791526e-05,
   -3.337960479072057e-05,
   1.7423587333022894e-05,
   6.937310891539277e-05,
   0.00010220797207869868,
   0.00010220797219712061,
   6.937310861375651e-05,
   1.7423587537824164e-05,
   -3.337960453302049e-05,
   -6.937201538086841e-05,
   -8.679369106850096e-05
  ]
 },
 "1": {
  "0": [
   0.00014964666023116512,
   0.0001372182199985185,
   8.315131589285227e-05,
   -1.9197903130532588e-05,
   -0.00013718276473937072,
   -0.00021893023710759681,
   -0.0002189302368540674,
   -0.00013718276623634636,
   -1.9197902868285814e-05,
   8.31513127612627e-05,
   0.000137218213880923,
   0.00014964665618238078
  ],
  "1": [
   8.651235786615263e-05,
   6.904492131495395e-05,
   3.308429841943382e-05,
   -1.7680838974924022e-05,
   -6.944329710419137e-05,
   -0.0001021495293938876,
   -0.00010214952945826639,
   -6.944329729922531e-05,
   -1.768083886739819e-05,
   3.308429792770657e-05,
   6.904492032899137e-05,
   8.651235713136047e-05
  ]
 },
 "2": {
  "0": [
   -0.012272839357925586,
   -0.01227438852186437,
   -0.01226675370775614,
   -0.01226388443074132,
   -0.0122713356685831,
   -0.012268145909618201,
   -0.012242961672795533,
   -0.012210730656422447,
   -0.012197935171227074,
   -0.01221121427874169,
   -0.012234865944372984,
   -0.012258244247950448,
   -0.012267485513647342,
   -0.01228324980113499,
   -0.0122840505690638,
   -0.01228090760600933,
   -0.012259422357755916,
   -0.01220135800517573,
   -0.012125611244911695,
   -0.0120719752511261,
   -0.01206584495723752,
   -0.01210192847940845,
   -0.012163324183525307,
   -0.012226278768546291,
   -0.012263826476524204,
   -0.012284502141531154,
   -0.012278452765845146,
   -0.012245434182532355,
   -0.012162418906373953,
   -0.012036013594018735,
   -0.011919629148848986,
   -0.01186460191255743,
   -0.011886042268972363,
   -0.011972517001088612,
   -0.012093712413879529,
   -0.012200747194139683,
   -0.012271119746946871,
   -0.012278065653118505,
   -0.012238071107784212,
   -0.012140371883799276,
   -0.011978111798126637,
   -0.011800011657756628,
   -0.011679997498440776,
   -0.011655445216458086,
   -0.01172915599565714,
   -0.011882455424786135,
   -0.012062732766874272,
   -0.012202271805276527,
   -0.012275160099384503,
   -0.012250197720428789,
   -0.012151501744743082,
   -0.01197373470453805,
   -0.011754382311494978,
   -0.011576422741157371,
   -0.011494375183574788,
   -0.01152195260112876,
   -0.011654881591765759,
   -0.011865952030508924,
   -0.012079648754095614,
   -0.012222668566030714,
   -0.012267023389046517,
   -0.01219633549153393,
   -0.012031556851289317,
   -0.011797939089395682,
   -0.011576023018254798,
   -0.011438197117888368,
   -0.011409472256837064,
   -0.011494361281705178,
   -0.011680582228135776,
   -0.011922320275859532,
   -0.01213061254892678,
   -0.012247081363398646,
   -0.012247081376283029,
   -0.012130612561890632,
   -0.011922320289047186,
   -0.011680582241700623,
   -0.011494361326957482,
   -0.011409472303396336,
   -0.01143819716383521,
   -0.011576023062657518,
   -0.01179793908938306,
   -0.012031556851287343,
   -0.012196335491528737,
   -0.012267023389052572,
   -0.012222668556035703,
   -0.012079648744097183,
   -0.011865952020240045,
   -0.011654881581281046,
   -0.01152195260112155,
   -0.01149437518352834,
   -0.011576422741169474,
   -0.011754382311494513,
   -0.0119737347075908,
   -0.012151501747742273,
   -0.012250197723386433,
   -0.012275160102307427,
   -0.01220227180530721,
   -0.012062732766884292,
   -0.011882455424780072,
   -0.011729156028806583,
   -0.01165544521958157,
   -0.01167999750153912,
   -0.011800011660818614,
   -0.011978111801095918,
   -0.012140371883782726,
   -0.012238071117873306,
   -0.012278065663215688,
   -0.012271119757039163,
   -0.01220074719116599,
   -0.012093712410874008,
   -0.01197251699806306,
   -0.011886042265938328,
   -0.011864601909487842,
   -0.01191962914585392,
   -0.012036013604034277,
   -0.012162418916420914,
   -0.012245434225283893,
   -0.012278452798466274,
   -0.012284502174201756,
   -0.012263826509135201,
   -0.012226278726563363,
   -0.0121633241414428,
   -0.012101928437108209,
   -0.012065844947207277,
   -0.012071975241042376,
   -0.01212561123486245,
   -0.012201357995204307,
   -0.012259422347775932,
   -0.012280907595887519,
   -0.012284050558974259,
   -0.01228324979101096,
   -0.012267485503619866,
   -0.012258244247958048,
   -0.012234865944346153,
   -0.012211214278720803,
   -0.01219793513887285,
   -0.01221073065641341,
   -0.01224296167280298,
   -0.012268145941485613,
   -0.012271335700791329,
   -0.01226388443077087,
   -0.012266753707774363,
   -0.012274388521880487,
   -0.012272839357897915
  ],