{
 "0": {
  "0": [
   3.1415357208025245,
   3.1415546851224443,
   3.1415748889649864,
   3.1415931968724227,
   3.1416189289167558,
   3.1416434110673332,
   3.1416434110672737,
   3.1416189289167806,
   3.141593196872362,
   3.1415748889650423,
   3.14155468512243,
   3.141535720802532
  ],
  "1": [
   -0.0010945467640295064,
   -0.0011848924918670164,
   -0.0013604018304136352,
   -0.0015975310539137824,
   -0.001842703290209198,
   -0.0020085981316970685,
   -0.0020085981317770675,
   -0.0018427032901904266,
   -0.0015975310538877555,
   -0.0013604018303661838,
   -0.0011848924919466086,
   -0.0010945467642201512
  ]
 },
 "1": {
  "0": [
   -0.0011559235438903526,
   -0.0011597322650651548,
   -0.0011469589127432065,
   -0.0011056083466138601,
   -0.0010479402800074268,
   -0.001004250816952318,
   -0.0010042508168154533,
   -0.0010479402798928188,
   -0.0011056083467463425,
   -0.0011469589127171677,
   -0.0011597322651556528,
   -0.0011559235438258662
  ],
  "1": [
   -0.0010125873166264806,
   -0.0011059973786874042,
   -0.001293334715647082,
   -0.0015543143203566832,
   -0.0018299005890994836,
   -0.0020184852157638052,
   -0.0020184852159359245,
   -0.001829900588786798,
   -0.0015543143204242089,
   -0.0012933347155710186,
   -0.0011059973787695123,
   -0.0010125873165397294
  ]
 },
 "2": {
  "0": [
   -0.007024131325198226,
   -0.007120630299596596,
   -0.00725826156042435,
   -0.007405222683740833,
   -0.007527661233727951,
   -0.007594569773115395,
   -0.007587833443606844,
   -0.007504476675285532,
   -0.007366868048540706,
   -0.007216782959874651,
   -0.007086425295172778,
   -0.007009564039164803,
   -0.007091569071687848,
   -0.00719679759963303,
   -0.007323943991050991,
   -0.007444133391472775,
   -0.007536470484308033,
   -0.007584917271336842,
   -0.007570025540114488,
   -0.007486526268331152,
   -0.007360322579917983,
   -0.0072237080895080664,
   -0.007104268921494645,
   -0.007050685307496692,
   -0.007192819831220303,
   -0.007291291419545007,
   -0.007390935665601655,
   -0.007475079577783144,
   -0.007543453113662399,
   -0.007586821130707866,
   -0.0075788258415716075,
   -0.007513103237576935,
   -0.007405520204799292,
   -0.007273540550444142,
   -0.007162474858881426,
   -0.00713462464041952,
   -0.007304538602928269,
   -0.0073801350673772,
   -0.007443109504394531,
   -0.007501591199639065,
   -0.0075697904638023,
   -0.007624817780165263,
   -0.007629292430637683,
   -0.007576986028548237,
   -0.00747211865688221,
   -0.0073368695878779375,
   -0.007242837477692436,
   -0.0072415423828765925,
   -0.00739853662826048,
   -0.007437807150987269,
   -0.007471649667167621,
   -0.007530128072506507,
   -0.0076150623656191735,
   -0.007677344008784278,
   -0.007683365099153076,
   -0.0076312658282168,
   -0.007522248772411906,
   -0.007395657739640691,
   -0.0073321890445540916,
   -0.007349953033622852,
   -0.007444024337620132,
   -0.00744988381969845,
   -0.00747479224696996,
   -0.007550492459479031,
   -0.007648752087744573,
   -0.007709385431278812,
   -0.00771192114837314,
   -0.007655027079500509,
   -0.00754755256939569,
   -0.007446017016258946,
   -0.007411306528426359,
   -0.007426703471684281,
   -0.007426703471277359,
   -0.007411306527873098,
   -0.007446017015790317,
   -0.007547552568904932,
   -0.007655027079338795,
   -0.007711921148268671,
   -0.0077093854311607885,
   -0.00764875208760313,
   -0.007550492459008432,
   -0.007474792246424707,
   -0.007449883819273396,
   -0.007444024337203767,
   -0.007349953033814056,
   -0.007332189044680204,
   -0.007395657739784851,
   -0.00752224877253773,
   -0.0076312658283132105,
   -0.007683365099245721,
   -0.007677344008953643,
   -0.007615062365726604,
   -0.007530128072450217,
   -0.0074716496671445,
   -0.007437807150961351,
   -0.007398536628224249,
   -0.007241542382402685,
   -0.007242837477222581,
   -0.007336869587377598,
   -0.007472118656860028,
   -0.0075769860288731235,
   -0.007629292431054563,
   -0.007624817780198972,
   -0.007569790463824201,
   -0.007501591199581044,
   -0.00744310950445733,
   -0.007380135067343256,
   -0.007304538603008236,
   -0.0071346246402839595,
   -0.007162474858755593,
   -0.007273540550278042,
   -0.007405520205169023,
   -0.0075131032379223365,
   -0.0075788258420084005,
   -0.007586821130520258,
   -0.007543453113630597,
   -0.007475079577613905,
   -0.007390935665399444,
   -0.007291291419407298,
   -0.007192819830999004,
   -0.007050685307560534,
   -0.007104268921661827,
   -0.007223708089647565,
   -0.0073603225804369,
   -0.007486526268681375,
   -0.007570025540459824,
   -0.007584917271427512,
   -0.007536470484392812,
   -0.00744413339111742,
   -0.007323943990596389,
   -0.0071967975991993624,
   -0.007091569071164597,
   -0.007009564039164871,
   -0.007086425295267078,
   -0.00721678295992391,
   -0.007366868048687363,
   -0.007504476675250266,
   -0.007587833443368665,
   -0.007594569773133057,
   -0.007527661233638792,
   -0.007405222683924906,
   -0.007258261560570288,
   -0.007120630299833765,
   -0.007024131325343494
  ],