{
 "0": {
  "0": [
   -3.1097876268854105,
   -3.109660099082562,
   -3.109453446213786,
   -3.109230031221591,
   -3.109046163143216,
   -3.1089463122773195,
   -3.1089463122772933,
   -3.109046163143139,
   -3.1092300312215286,
   -3.1094534462138723,
   -3.1096600990826766,
   -3.109787626885604
  ],
  "1": [
   0.037543003788638174,
   0.03752260643031565,
   0.03752505596166249,
   0.03758896641396223,
   0.03770366627077342,
   0.03780017966780942,
   0.03780017966782052,
   0.03770366627081076,
   0.037588966413942604,
   0.03752505596162833,
   0.037522606430284614,
   0.037543003788616906
  ]
 },
 "1": {
  "0": [
   -0.0010030314745974945,
   -0.0012367041347050155,
   -0.0016102455049272508,
   -0.0019983033620783737,
   -0.0023042353812973166,
   -0.002471792738450178,
   -0.0024717927382993886,
   -0.0023042353812465495,
   -0.001998303362049399,
   -0.001610245504675339,
   -0.0012367041342959788,
   -0.0010030314742568592
  ],
  "1": [
   -0.003394067442595949,
   -0.003415929956516416,
   -0.0034591347274875875,
   -0.00350998962123404,
   -0.0035445579116211577,
   -0.0035539384903643767,
   -0.0035539384903817985,
   -0.003544557911607766,
   -0.0035099896212362073,
   -0.0034591347275250563,
   -0.0034159299564778057,
   -0.0033940674425595
  ]
 },
 "2": {
  "0": [
   -0.00011298631213783788,
   -0.00010546999149867109,
   -7.190705221502049e-05,
   -1.034457581825894e-05,
   5.26291988171808e-05,
   9.028214219262326e-05,
   9.88226345275723e-05,
   7.604761126090866e-05,
   2.4276377637403413e-05,
   -3.5294232478009125e-05,
   -8.165978296342639e-05,
   -0.00010607443514797225,
   -0.0001200051395991329,
   -0.0001363684408468194,
   -0.00010345340367226001,
   -2.784664749434976e-05,
   4.8514193970552595e-05,
   9.774424564096211e-05,
   0.00011563465705402977,
   9.685704809961049e-05,
   4.568540715105288e-05,
   -1.4011659878077575e-05,
   -5.8932330547754937e-05,
   -8.858468336765399e-05,
   -0.00013518674901979256,
   -0.0001546817410354355,
   -0.00010451225967203156,
   -1.4077492909786334e-05,
   6.639324400977102e-05,
   0.00011280137915886447,
   0.00012181073944101853,
   9.407662226247036e-05,
   4.763338994152053e-05,
   5.0883183962630625e-06,
   -2.9302257051413732e-05,
   -7.631787732153136e-05,
   -0.00014316992999791178,
   -0.00014129720853986254,
   -7.043961864972464e-05,
   2.148433400422341e-05,
   8.798491499571083e-05,
   0.00011681302461955639,
   0.00011179653288745264,
   8.477169971372256e-05,
   5.5139542122357464e-05,
   2.726758992570168e-05,
   -1.2757141162111648e-05,
   -8.12707065473043e-05,
   -0.00012959597223380302,
   -9.939312614480154e-05,
   -2.2935397364535563e-05,
   4.844091837045625e-05,
   9.107153987029842e-05,
   0.00010875420643559625,
   0.00010433150562198157,
   8.605283788327435e-05,
   6.237544914083847e-05,
   3.214909975610882e-05,
   -1.9903079042329863e-05,
   -9.057744597014789e-05,
   -0.00010484161696110484,
   -5.860158771879383e-05,
   6.063345960188091e-06,
   5.405401833536557e-05,
   8.54607393101813e-05,
   0.00010346796485547648,
   0.0001030288609085404,
   8.584948571433759e-05,
   5.8237848863013225e-05,
   2.079607190164448e-05,
   -3.647620044314329e-05,
   -9.373226278495789e-05,
   -9.37322620646182e-05,
   -3.64761997287766e-05,
   2.0796072686430902e-05,
   5.8237849609824556e-05,
   8.584948851379032e-05,
   0.00010302886389141819,
   0.00010346796767455827,
   8.546074201263374e-05,
   5.405401832145823e-05,
   6.063345963904512e-06,
   -5.860158770602209e-05,
   -0.0001048416169774885,
   -9.057744614199154e-05,
   -1.990307919981496e-05,
   3.214909959294635e-05,
   6.23754489649507e-05,
   8.605283785868186e-05,
   0.00010433150562422806,
   0.00010875420643681232,
   9.107153986875693e-05,
   4.844091893577531e-05,
   -2.2935396799989974e-05,
   -9.939312551156635e-05,
   -0.00012959597169869992,
   -8.127070654126565e-05,
   -1.2757141167218021e-05,
   2.7267589901099605e-05,
   5.5139544592021586e-05,
   8.477170031523468e-05,
   0.00011179653344734193,
   0.00011681302520885368,
   8.798491556296542e-05,
   2.1484333997290592e-05,
   -7.043961849655354e-05,
   -0.00014129720837168457,
   -0.00014316992982798477,
   -7.631787788821343e-05,
   -2.9302257627173638e-05,
   5.0883178351368285e-06,
   4.763338937609818e-05,
   9.407662166088093e-05,
   0.00012181073885933254,
   0.0001128013793393963,
   6.6393244205777e-05,
   -1.4077490265930716e-05,
   -0.00010451225713578703,
   -0.00015468173848423296,
   -0.00013518674651423224,
   -8.85846859297677e-05,
   -5.893233309875432e-05,
   -1.4011662460005297e-05,
   4.568540698753522e-05,
   9.68570479248488e-05,
   0.00011563465689394424,
   9.774424544762104e-05,
   4.851419380193488e-05,
   -2.7846647651311023e-05,
   -0.0001034534038532919,
   -0.00013636844101863198,
   -0.00012000513980837358,
   -0.00010607443515366805,
   -8.165978296077058e-05,
   -3.529423245514461e-05,
   2.4276375163951394e-05,
   7.604761128029767e-05,
   9.88226345488503e-05,
   9.028214454501677e-05,
   5.262920127333072e-05,
   -1.034457581003548e-05,
   -7.190705220019648e-05,
   -0.00010546999153715238,
   -0.00011298631211292478
  ],