{
 "0": {
  "0": [
   -3.1097873251488397,
   -3.109665364819328,
   -3.1094672072458724,
   -3.1092521827351747,
   -3.109074630993984,
   -3.108978091466005,
   -3.1089780914663607,
   -3.1090746309945514,
   -3.1092521827353603,
   -3.109467207245077,
   -3.10966536481871,
   -3.1097873251488
  ],
  "1": [
   0.03752480609871675,
   0.03750476894793655,
   0.037507637235154045,
   0.037571539818423115,
   0.03768566511998368,
   0.03778143146219802,
   0.03778143146213083,
   0.03768566511988584,
   0.03757153981842861,
   0.03750763723517987,
   0.037504768947939575,
   0.03752480609861945
  ]
 },
 "1": {
  "0": [
   -0.0010374480775181773,
   -0.001270310135140246,
   -0.001642122348794774,
   -0.002027038987243208,
   -0.002328724084556017,
   -0.002493143687282723,
   -0.0024931436873487692,
   -0.0023287240841408266,
   -0.0020270389889210645,
   -0.0016421223489413554,
   -0.0012703101362422854,
   -0.0010374480749987057
  ],
  "1": [
   -0.003385499479259972,
   -0.003407176988352211,
   -0.003450130527538349,
   -0.003501018578145056,
   -0.0035361974430125694,
   -0.003546225491710496,
   -0.003546225491801924,
   -0.0035361974429413507,
   -0.003501018578315168,
   -0.003450130527631457,
   -0.0034071769885576186,
   -0.003385499478885228
  ]
 },
 "2": {
  "0": [
   -0.00010154089774285802,
   -9.310198639525633e-05,
   -5.9699355454376164e-05,
   3.9967698343708743e-07,
   6.163284428028075e-05,
   9.837057114122387e-05,
   0.00010718832523754855,
   8.571616211846174e-05,
   3.550398082740218e-05,
   -2.3302029688404087e-05,
   -7.006836996561581e-05,
   -9.511080808718801e-05,
   -0.00010769498138901026,
   -0.00012354064166469376,
   -9.128140534715548e-05,
   -1.722073441928876e-05,
   5.784975243221849e-05,
   0.00010682450975951791,
   0.00012537817712963853,
   0.00010770236058826042,
   5.731219595291868e-05,
   -2.4231909333640382e-06,
   -4.7784649752857734e-05,
   -7.723272596893629e-05,
   -0.0001222021842605301,
   -0.00014170620951162573,
   -9.234595114170943e-05,
   -2.966947904040946e-06,
   7.703878819662672e-05,
   0.00012367830132140061,
   0.00013313400187104415,
   0.00010576132127299453,
   5.9330954782288716e-05,
   1.666257479001694e-05,
   -1.7630233783291563e-05,
   -6.395937527263998e-05,
   -0.00012976068029319954,
   -0.00012810874496316685,
   -5.771531794823176e-05,
   3.385926855975319e-05,
   0.00010040307523583646,
   0.00012922423971025557,
   0.00012413698819240438,
   9.69919255961963e-05,
   6.728593952908938e-05,
   3.9692762562527174e-05,
   1.776463732407076e-07,
   -6.797007153371866e-05,
   -0.00011571094267512428,
   -8.55781305683332e-05,
   -9.100326021316615e-06,
   6.228659766113203e-05,
   0.00010467358083279699,
   0.00012197720758807333,
   0.00011729008350185549,
   9.890563965208834e-05,
   7.547137276486385e-05,
   4.576830319343754e-05,
   -5.880812210600215e-06,
   -7.655361085558996e-05,
   -9.04265137860779e-05,
   -4.406087861823389e-05,
   2.0692436792756435e-05,
   6.835587613751778e-05,
   9.929657209549779e-05,
   0.00011691220987973328,
   0.00011632775560356638,
   9.928751408288173e-05,
   7.216139306789162e-05,
   3.531089376261782e-05,
   -2.1852247786943657e-05,
   -7.928404547577733e-05,
   -7.928403818392324e-05,
   -2.185224046038526e-05,
   3.531090205017986e-05,
   7.216140114447945e-05,
   9.928751723181346e-05,
   0.0001163277587331185,
   0.00011691221310693289,
   9.929657533580046e-05,
   6.835588378985187e-05,
   2.069244453045193e-05,
   -4.406087111054853e-05,
   -9.042650633014049e-05,
   -7.65536138620614e-05,
   -5.880815230134815e-06,
   4.5768300080223155e-05,
   7.547136958382204e-05,
   9.890563654660616e-05,
   0.00011729008036897945,
   0.00012197720445797156,
   0.00010467357793201358,
   6.228659765606786e-05,
   -9.100326024509596e-06,
   -8.557813058153112e-05,
   -0.00011571094264699863,
   -6.79700636577155e-05,
   1.7765434717678065e-07,
   3.969277022284009e-05,
   6.728593950450313e-05,
   9.699192078767517e-05,
   0.00012413698326552866,
   0.0001292242397137485,
   0.00010040307523399244,
   3.385927306588548e-05,
   -5.771531794887369e-05,
   -0.00012810874496199467,
   -0.00012976068029946163,
   -6.395937233323564e-05,
   -1.7630230920803542e-05,
   1.666257782216612e-05,
   5.933095004746012e-05,
   0.00010576131669809256,
   0.00013313399707163797,
   0.0001236783043417145,
   7.703879125704375e-05,
   -2.966940562464811e-06,
   -9.234594415395234e-05,
   -0.00014170620273105787,
   -0.0001222021771339363,
   -7.723272886160851e-05,
   -4.7784652664203344e-05,
   -2.4231940095500447e-06,
   5.731218803699073e-05,
   0.0001077023560393692,
   0.00012537817253325016,
   0.00010682450559036147,
   5.784974807563733e-05,
   -1.722073410334617e-05,
   -9.128139835406627e-05,
   -0.00012354063459765348,
   -0.000107694974052562,
   -9.51108080913626e-05,
   -7.006836997319483e-05,
   -2.3302029679805073e-05,
   3.550397789707737e-05,
   8.571616630401646e-05,
   0.00010718832948504762,
   9.837057535355238e-05,
   6.163284842258008e-05,
   3.996741512208547e-07,
   -5.969936231447209e-05,
   -9.310199349658451e-05,
   -0.00010154090480634845
  ],