{
 "0": {
  "0": [
   -3.141418749858798,
   -3.1414327953963284,
   -3.1414628136569176,
   -3.1415023757459717,
   -3.14153419081989,
   -3.141550279954833,
   -3.141550279954954,
   -3.1415341908203076,
   -3.1415023757459104,
   -3.1414628136568785,
   -3.14143279539641,
   -3.1414187498587696
  ],
  "1": [
   -4.440090547701878e-05,
   -4.3800404391376336e-05,
   -4.2956363553884514e-05,
   -4.2058940035453066e-05,
   -4.040970756086361e-05,
   -3.880911373604227e-05,
   -3.880911350775779e-05,
   -4.0409707485380493e-05,
   -4.205893972750759e-05,
   -4.295636394393623e-05,
   -4.380040480271371e-05,
   -4.4400905389019265e-05
  ]
 },
 "1": {
  "0": [
   -0.0023973088899504583,
   -0.0023153690571214693,
   -0.002147329638869591,
   -0.001906608958177975,
   -0.0016533803269860388,
   -0.0014861754946191373,
   -0.0014861754944931417,
   -0.001653380327380451,
   -0.0019066089581074499,
   -0.002147329638867686,
   -0.0023153690587014793,
   -0.002397308889340904
  ],
  "1": [
   -0.0013015390487077032,
   -0.0014050558294946155,
   -0.001607622779803129,
   -0.0018823829951064152,
   -0.0021675701452349015,
   -0.0023608374706135145,
   -0.002360837471162643,
   -0.0021675701448746207,
   -0.0018823829948349082,
   -0.0016076227798456865,
   -0.001405055830076619,
   -0.0013015390485910292
  ]
 },
 "2": {
  "0": [
   0.007629069190119965,
   0.00759401623200247,
   0.0075518798037281275,
   0.007499246983017828,
   0.007441585513404712,
   0.007406434595208566,
   0.007419427565897458,
   0.0074742799566796,
   0.00753847799158341,
   0.007587981181784165,
   0.007623238933934895,
   0.007641818303294994,
   0.007612143939365747,
   0.007568686833422262,
   0.007527354863996074,
   0.007483520147653561,
   0.00744626210483475,
   0.0074386512793771405,
   0.007473117874247754,
   0.007533198723132368,
   0.007588926110469774,
   0.007628085328701297,
   0.007652143569235014,
   0.00764790130903157,
   0.00759716684592816,
   0.007554251999596673,
   0.007521319131109334,
   0.007496529299367394,
   0.007487814777868005,
   0.007503250351679248,
   0.007542056069231415,
   0.007589773064300209,
   0.007631775530183705,
   0.007664368541848358,
   0.007675182855019446,
   0.0076467789119426905,
   0.007594361089306711,
   0.007560084881251838,
   0.007542355888469137,
   0.00754243036875068,
   0.007553353303648471,
   0.007568791119783299,
   0.007592623858187336,
   0.007623917409404399,
   0.007661050446400354,
   0.007692433466712976,
   0.007687845831953836,
   0.007643490825716312,
   0.007609707200138522,
   0.007591432395479704,
   0.007593953226929033,
   0.00760723054107633,
   0.007610343902527867,
   0.007608540570061807,
   0.0076176976813331155,
   0.007643283464707457,
   0.007680946361866093,
   0.007704409238069705,
   0.007686425207605261,
   0.007644916137131326,
   0.007633212680661016,
   0.007637179035516412,
   0.007652857328950297,
   0.007657301970914386,
   0.007641273665178333,
   0.007626663870676171,
   0.0076295332600243414,
   0.0076517286812805944,
   0.00768160063901269,
   0.007691053272413858,
   0.007671340807491374,
   0.007646268557923434,
   0.007646268557714657,
   0.007671340807299466,
   0.007691053272110331,
   0.007681600638795214,
   0.007651728677495541,
   0.00762953325566132,
   0.0076266638663935685,
   0.007641273660982431,
   0.007657301970632963,
   0.00765285732854414,
   0.007637179035118839,
   0.007633212680313446,
   0.007644916140833831,
   0.007686425211478683,
   0.007704409241814438,
   0.007680946365767725,
   0.00764328346886399,
   0.007617697685447315,
   0.007608540574009076,
   0.007610343906508493,
   0.00760723054109304,
   0.007593953227031153,
   0.007591432395284514,
   0.0076097072000707285,
   0.007643490825452501,
   0.0076878458316839504,
   0.007692433466481872,
   0.007661050446555947,
   0.007623917405678874,
   0.00759262385443493,
   0.007568791119605724,
   0.007553353303657794,
   0.0075424303712761515,
   0.007542355888387048,
   0.007560084881186926,
   0.007594361089368734,
   0.007646778908154926,
   0.007675182851181018,
   0.007664368538266869,
   0.007631775526670451,
   0.007589773060672736,
   0.007542056065554308,
   0.007503250348089209,
   0.007487814773978909,
   0.007496529298138499,
   0.007521319129870711,
   0.007554251998277953,
   0.007597166844627951,
   0.007647901312638761,
   0.0076521435728989454,
   0.007628085332388503,
   0.007588926110678933,
   0.007533198719714089,
   0.007473117870767633,
   0.007438651277053866,
   0.007446262102595227,
   0.007483520148531604,
   0.007527354863787927,
   0.007568686833206073,
   0.007612143939163903,
   0.007641818303297368,
   0.007623238933838842,
   0.007587981181630158,
   0.007538477995485867,
   0.007474279958884176,
   0.00741942756845531,
   0.007406434597539273,
   0.007441585515828449,
   0.00749924698667179,
   0.00755187980524642,
   0.007594016233266394,
   0.007629069191382422
  ],