{
 "0": {
  "0": [
   3.141474202263376,
   3.1414945368733065,
   3.14151720477973,
   3.141538579712034,
   3.141567313088305,
   3.141593677954307,
   3.141593677954334,
   3.1415673130882973,
   3.141538579711995,
   3.1415172047797784,
   3.1414945368732674,
   3.141474202263239
  ],
  "1": [
   -0.001095275205594449,
   -0.0011864715095657795,
   -0.0013631767573620967,
   -0.0016011247724851388,
   -0.0018464752362719213,
   -0.0020122352938716833,
   -0.0020122352938885418,
   -0.0018464752362337819,
   -0.0016011247725411007,
   -0.0013631767573329756,
   -0.0011864715095435787,
   -0.0010952752056052888
  ]
 },
 "1": {
  "0": [
   -0.0011706004714803217,
   -0.0011744999528940725,
   -0.0011615427192683385,
   -0.0011194044191018535,
   -0.0010605370530639739,
   -0.00101591955168302,
   -0.0010159195516655205,
   -0.0010605370530515025,
   -0.001119404419115083,
   -0.0011615427192647608,
   -0.00117449995288152,
   -0.0011706004715549645
  ],
  "1": [
   -0.0010100497891233611,
   -0.0011043099547505637,
   -0.0012927528722419142,
   -0.0015543312637778398,
   -0.0018298464624008318,
   -0.0020180528104163423,
   -0.0020180528103834125,
   -0.00182984646236606,
   -0.0015543312638091728,
   -0.001292752872157143,
   -0.0011043099547627115,
   -0.0010100497891036575
  ]
 },
 "2": {
  "0": [
   -0.007027243670126213,
   -0.007123139758241528,
   -0.007259154332015205,
   -0.007403548797830438,
   -0.007523385264681605,
   -0.007588829742825049,
   -0.007582399844221456,
   -0.007500840004438925,
   -0.007365694464898795,
   -0.0072176683705750646,
   -0.007088627599290963,
   -0.007012528268283097,
   -0.007094508743025632,
   -0.007198913151125732,
   -0.007324102900889166,
   -0.00744162853293029,
   -0.007531757702373784,
   -0.007579433542250731,
   -0.00756536619762059,
   -0.007483513483790351,
   -0.007359149913992562,
   -0.007224194511793838,
   -0.0071061324898965906,
   -0.0070534510037643435,
   -0.007194973238915338,
   -0.007292379395622812,
   -0.007390048417895531,
   -0.007471972551366904,
   -0.007538949364538469,
   -0.007582276263219388,
   -0.007575139303550123,
   -0.007510502700314624,
   -0.007404206349347712,
   -0.007273722863531367,
   -0.007164017486272921,
   -0.007136827029312146,
   -0.007305613140808051,
   -0.007380156611656043,
   -0.007441516119400207,
   -0.007498579575069048,
   -0.007566166241913717,
   -0.007621430085856799,
   -0.007626299836738533,
   -0.007574472764897565,
   -0.007470533352983375,
   -0.007336689069655224,
   -0.007243766293677719,
   -0.007242897352985997,
   -0.007398689822130844,
   -0.007437162509110857,
   -0.007469946038857267,
   -0.007527672010747507,
   -0.007612365857401956,
   -0.007674568121687812,
   -0.00768056849196861,
   -0.0076286260182316995,
   -0.00752047153528382,
   -0.007395096387423202,
   -0.007332402178472331,
   -0.007350372880905765,
   -0.007443719044925286,
   -0.007449109868510444,
   -0.007473437391051206,
   -0.007548586402080576,
   -0.007646310976198954,
   -0.007706617813674239,
   -0.007709023802247642,
   -0.007652437461676292,
   -0.0075457680792289155,
   -0.007445075619979143,
   -0.007410837250699565,
   -0.007426499995282323,
   -0.0074264999953241725,
   -0.007410837250705811,
   -0.0074450756200107795,
   -0.007545768079237491,
   -0.007652437461727569,
   -0.007709023802317593,
   -0.007706617813732204,
   -0.007646310976251693,
   -0.0075485864020703895,
   -0.007473437391048462,
   -0.007449109868487744,
   -0.007443719044894296,
   -0.007350372880785527,
   -0.007332402178420481,
   -0.007395096387350655,
   -0.00752047153524587,
   -0.007628626018220702,
   -0.007680568491969662,
   -0.007674568121684715,
   -0.0076123658574057205,
   -0.007527672010679444,
   -0.007469946038828582,
   -0.007437162509072652,
   -0.0073986898219681645,
   -0.0072428973529864195,
   -0.007243766293685374,
   -0.007336689069646542,
   -0.007470533352976615,
   -0.007574472764881933,
   -0.00762629983672494,
   -0.007621430085825489,
   -0.00756616624187027,
   -0.007498579575071797,
   -0.00744151611947206,
   -0.0073801566117256655,
   -0.007305613140806072,
   -0.007136827029353312,
   -0.007164017486294535,
   -0.007273722863557738,
   -0.007404206349357656,
   -0.00751050270032423,
   -0.007575139303613473,
   -0.007582276263297735,
   -0.007538949364563475,
   -0.00747197255137863,
   -0.007390048417921608,
   -0.007292379395604493,
   -0.007194973238884592,
   -0.007053451003705149,
   -0.007106132489817956,
   -0.007224194511731572,
   -0.007359149913933442,
   -0.007483513483731936,
   -0.00756536619756593,
   -0.007579433542170114,
   -0.007531757702385381,
   -0.007441628532986638,
   -0.007324102900864097,
   -0.0071989131509583104,
   -0.007094508743031168,
   -0.00701252826827539,
   -0.007088627599308492,
   -0.0072176683705925575,
   -0.007365694464906526,
   -0.007500840004439331,
   -0.007582399844210165,
   -0.007588829742766479,
   -0.007523385264684526,
   -0.007403548797844456,
   -0.007259154331974409,
   -0.007123139758369339,
   -0.007027243670185015
  ],