{
 "0": {
  "0": [
   -3.1105851182362363,
   -3.110692459802717,
   -3.110891825368886,
   -3.111136695910917,
   -3.111360878431861,
   -3.1114989620256375,
   -3.1114989620254168,
   -3.1113608784317877,
   -3.1111366959110174,
   -3.1108918253692748,
   -3.1106924598033348,
   -3.110585118236836
  ],
  "1": [
   0.03409745065523292,
   0.03405906590045526,
   0.03402799205220482,
   0.034055989615597124,
   0.03415135226001488,
   0.03424766169345338,
   0.034247661693042164,
   0.03415135225976463,
   0.03405598961531455,
   0.03402799205195624,
   0.03405906590054919,
   0.03409745065478986
  ]
 },
 "1": {
  "0": [
   -1.403657232536971e-05,
   -2.1623072992620255e-05,
   -2.7899675298436275e-05,
   -2.705006103560236e-05,
   -2.6288154471797444e-05,
   -2.8907091129654573e-05,
   -2.89070911552306e-05,
   -2.6288153422644617e-05,
   -2.70500614287924e-05,
   -2.789967463682398e-05,
   -2.162307017512784e-05,
   -1.4036570899524855e-05
  ],
  "1": [
   -1.531482321362946e-05,
   -1.4940838793608902e-05,
   -1.4134247437939488e-05,
   -1.2578240462508023e-05,
   -1.003195955456355e-05,
   -7.631298438500175e-06,
   -7.631299347811318e-06,
   -1.0031959276882198e-05,
   -1.257824065174346e-05,
   -1.4134248361784683e-05,
   -1.4940837751499107e-05,
   -1.5314822767197074e-05
  ]
 },
 "2": {
  "0": [
   -8.772506064127423e-05,
   -1.6747314271019965e-05,
   2.706047949796835e-05,
   1.7073193310684816e-05,
   -3.1799614192563804e-05,
   -8.098492404568617e-05,
   -0.00010357729761038843,
   -9.793929085754635e-05,
   -8.63468874773893e-05,
   -9.288501231648852e-05,
   -0.00011804922418536173,
   -0.0001291881573334417,
   -2.8923831516199366e-06,
   9.150772324298719e-05,
   0.00011576501955668098,
   6.166665331388098e-05,
   -3.139885115452706e-05,
   -0.0001154572172429892,
   -0.0001666854469455502,
   -0.00018645724804963284,
   -0.00018877010736102542,
   -0.00018406801836073992,
   -0.00016813789046343634,
   -0.00010941592000371891,
   8.437594961184576e-05,
   0.0001564090861885433,
   0.00013046501938382893,
   3.081946245382968e-05,
   -8.239836513551599e-05,
   -0.00016885731561070254,
   -0.0002210897140214065,
   -0.00024489754524147935,
   -0.0002413358709428371,
   -0.00021399687878593583,
   -0.00015492612420757126,
   -4.432818675809909e-05,
   0.0001383058078361142,
   0.00015660186284422668,
   8.081287223021653e-05,
   -3.391230023982411e-05,
   -0.0001329117839899333,
   -0.00020206791860024584,
   -0.00024596372658640815,
   -0.00026132500470490684,
   -0.00024056941345075166,
   -0.0001875370856393093,
   -9.509285364810272e-05,
   3.259874004716295e-05,
   0.00014883672149635245,
   0.00011475849198385275,
   1.8481959833641334e-05,
   -8.308113035146831e-05,
   -0.00016283979663540013,
   -0.0002208229797381105,
   -0.00025397121076760207,
   -0.000249606241312061,
   -0.00020564661824256465,
   -0.00012898635107029964,
   -2.0937498255343356e-05,
   9.177619946679766e-05,
   0.00013487540549494116,
   7.384048038374775e-05,
   -2.4199703800035696e-05,
   -0.00011822582172114153,
   -0.0001913274836547749,
   -0.0002382413763214332,
   -0.00025064528031691315,
   -0.00022253187894883818,
   -0.0001599035545938002,
   -6.887303383973653e-05,
   3.743065100377931e-05,
   0.00012052285405298297,
   0.00012052285942913738,
   3.7430656387764236e-05,
   -6.887302844799047e-05,
   -0.000159903549156964,
   -0.0002225318614665425,
   -0.0002506452619701441,
   -0.0002382413582273448,
   -0.0001913274664055001,
   -0.00011822582172674232,
   -2.419970379777364e-05,
   7.384048037656415e-05,
   0.0001348754054860281,
   9.177619318354758e-05,
   -2.0937504597972028e-05,
   -0.0001289863574436947,
   -0.00020564662479776504,
   -0.00024960624131765594,
   -0.000253971210747723,
   -0.00022082297974949136,
   -0.00016283979662135378,
   -8.308113117462279e-05,
   1.848195898076454e-05,
   0.00011475849120822153,
   0.00014883672072444037,
   3.25987400363001e-05,
   -9.509285364475741e-05,
   -0.00018753708563789317,
   -0.00024056940287050767,
   -0.0002613250056671415,
   -0.0002459637274998465,
   -0.00020206791955034565,
   -0.00013291178490717988,
   -3.391230023170047e-05,
   8.081287854190219e-05,
   0.0001566018692181785,
   0.00013830581422200934,
   -4.432818591179472e-05,
   -0.00015492612334345505,
   -0.00021399687784889578,
   -0.000241335869963878,
   -0.0002448975442985641,
   -0.00022108971309769154,
   -0.00016885730927300747,
   -8.239835887036178e-05,
   3.081947920979779e-05,
   0.00013046503002076603,
   0.00015640909679182218,
   8.43759601656345e-05,
   -0.0001094159365179994,
   -0.00016813790701567153,
   -0.00018406803508845752,
   -0.00018877011369927184,
   -0.00018645725425528762,
   -0.00016668545320297414,
   -0.00011545722346300976,
   -3.13988574234213e-05,
   6.1666646899694e-05,
   0.00011576501318510194,
   9.150771689104605e-05,
   -2.892389414503376e-06,
   -0.0001291881573312803,
   -0.0001180492241785456,
   -9.288501232240017e-05,
   -8.634689787651541e-05,
   -9.793929085568022e-05,
   -0.00010357729762466011,
   -8.098491376349486e-05,
   -3.179960384441656e-05,
   1.707319330294491e-05,
   2.7060479511546455e-05,
   -1.6747314263332992e-05,
   -8.772506065243013e-05
  ],