{
 "0": {
  "0": [
   -3.120639366240015,
   -3.1205017999673306,
   -3.1202555120990922,
   -3.1199728824104676,
   -3.119725838674799,
   -3.1195739104990987,
   -3.1195739105025373,
   -3.1197258386766866,
   -3.119972882413874,
   -3.1202555120978483,
   -3.1205017999657763,
   -3.120639366238318
  ],
  "1": [
   -0.003901136752731171,
   -0.0038467598489539422,
   -0.003812180396907935,
   -0.003873590840269018,
   -0.0040328371415997676,
   -0.004183509709079384,
   -0.0041835097111380835,
   -0.004032837144175986,
   -0.0038735908425129393,
   -0.003812180395805377,
   -0.0038467598479325284,
   -0.0039011367521535325
  ]
 },
 "1": {
  "0": [
   0.041426924985594464,
   0.04170800566420983,
   0.042195128821885565,
   0.04275661619128317,
   0.04325707854123802,
   0.043564118125482935,
   0.043564118113745165,
   0.04325707850598744,
   0.042756616190446725,
   0.04219512886938913,
   0.041708005667786395,
   0.04142692495356701
  ],
  "1": [
   -0.007826101106485083,
   -0.007722505418744964,
   -0.007647229795422487,
   -0.007738345243014677,
   -0.0080059193208022,
   -0.008266260158551525,
   -0.00826626016045128,
   -0.00800591933818526,
   -0.007738345242411792,
   -0.007647229775430133,
   -0.007722505418936418,
   -0.007826101118346583
  ]
 },
 "2": {
  "0": [
   -5.9315569039740516e-05,
   -4.843206764290766e-05,
   -6.024313081248023e-05,
   -0.00010133886801109125,
   -0.00015358455277843876,
   -0.00018025305920984987,
   -0.00015683162156193632,
   -9.963434306171954e-05,
   -4.687574824773217e-05,
   -2.1514981248424516e-05,
   -3.062924532923472e-05,
   -5.659117531723573e-05,
   -4.114734720661826e-05,
   -2.9040392598095716e-05,
   -4.69183677532175e-05,
   -9.891174860365761e-05,
   -0.00014902413009163407,
   -0.0001472251680181494,
   -8.780828699412398e-05,
   -1.9500848680089285e-05,
   1.5071863611832734e-05,
   1.1397844077037679e-05,
   -2.1202257371451484e-05,
   -4.7901959660486576e-05,
   2.680840376527806e-05,
   4.8107559705997924e-05,
   1.607633069733646e-05,
   -5.86907924920002e-05,
   -0.00011105137798888104,
   -8.85513743501691e-05,
   -2.109260402971476e-05,
   2.4296324047102508e-05,
   2.939064033154206e-05,
   1.1049118423255697e-05,
   -1.2011355300337892e-05,
   -7.524220414651748e-06,
   0.00012685592135609595,
   0.00013741539452883392,
   6.78623614840053e-05,
   -3.2668736532688036e-05,
   -7.499916040750963e-05,
   -3.940849340161958e-05,
   6.24646324203715e-06,
   1.9442256057227353e-05,
   1.5759944278626096e-05,
   1.1512069005874927e-05,
   2.192545451919676e-05,
   6.7925047472876e-05,
   0.00020766292506491443,
   0.0001779843961369294,
   6.951659123751995e-05,
   -2.7856237575338443e-05,
   -4.4911969220053415e-05,
   -1.4331760062916182e-05,
   4.659798969227704e-06,
   6.799775683313126e-06,
   9.591059110107329e-06,
   2.333081827776027e-05,
   6.939657194977232e-05,
   0.00014936270314406,
   0.0002349705147907341,
   0.00016008607802104824,
   4.798565038384063e-05,
   -1.6416418395011467e-05,
   -1.876123352291964e-05,
   -4.407202518913163e-06,
   3.5629543584937054e-07,
   -1.5569993038848432e-06,
   8.376186039867692e-07,
   3.384131103585924e-05,
   0.00011686130895833624,
   0.00021038294129015458,
   0.00021038293540177444,
   0.00011686130332004423,
   3.38413052616908e-05,
   8.376128732089368e-07,
   -1.556990849101095e-06,
   3.563039163573327e-07,
   -4.407194751671447e-06,
   -1.8761225054988407e-05,
   -1.641642407228695e-05,
   4.7985644878541215e-05,
   0.00016008607229543715,
   0.00023497050895816013,
   0.00014936269528728903,
   6.939656414685603e-05,
   2.3330810481782184e-05,
   9.591051670831798e-06,
   6.799767737354994e-06,
   4.659790871805666e-06,
   -1.4331768130859643e-05,
   -4.491197721295669e-05,
   -2.7856237572848298e-05,
   6.951659123356821e-05,
   0.0001779843961436739,
   0.00020766292506923037,
   6.792504179092106e-05,
   2.192544909102061e-05,
   1.1512063374905273e-05,
   1.575994428366675e-05,
   1.9442269609017265e-05,
   6.246477181090191e-06,
   -3.9408493398162346e-05,
   -7.499916039148279e-05,
   -3.266874448295173e-05,
   6.786236148949053e-05,
   0.00013741539452762674,
   0.00012685592136842276,
   -7.5242132783532525e-06,
   -1.2011348134153577e-05,
   1.1049125827815298e-05,
   2.939065378797789e-05,
   2.4296337521406656e-05,
   -2.1092590414489492e-05,
   -8.855136681901844e-05,
   -0.00011105136985311358,
   -5.8690792333715317e-05,
   1.6076330888090097e-05,
   4.810755988177739e-05,
   2.6808403932548747e-05,
   -4.79019663812772e-05,
   -2.1202264048440296e-05,
   1.1397837180044277e-05,
   1.507186894271776e-05,
   -1.9500835555858403e-05,
   -8.780827297494584e-05,
   -0.0001472251597834128,
   -0.00014902412237189448,
   -9.891175439433987e-05,
   -4.6918373134489256e-05,
   -2.9040398034379087e-05,
   -4.11473522246737e-05,
   -5.6591175322009746e-05,
   -3.0629245330268607e-05,
   -2.1514981248535524e-05,
   -4.68757555237401e-05,
   -9.963435073012196e-05,
   -0.00015683162973227687,
   -0.00018025306721579644,
   -0.000153584560679134,
   -0.00010133887537877805,
   -6.0243130979124654e-05,
   -4.843206781594636e-05,
   -5.9315569200996934e-05
  ],