{"1": {
 "calculator": "dftd3",
 "calculator_parameters": {"xc": "PBE", "cutoff": 60},
 "cell": {"array": {"__ndarray__": [[3, 3], "float64", [7.110726808841715, -5.0710156501570854e-17, 0.0, -3.555363404420842, 6.158070055827974, 0.0, 2.080119656697281e-18, -3.002190250716021e-35, 27.269191572565752]]}, "__ase_objtype__": "cell"},
 "ctime": 22.36901480962295,
 "dipole": {"__ndarray__": [[3], "float64", [27.756413675685266, -16.025172907396684, -0.00015583141097812918]]},
 "energy": -62.03158801422292,
 "forces": {"__ndarray__": [[16, 3], "float64", [4.4504687931761055e-12, 3.1678798242750795e-12, 0.041551836525139926, 6.853900709452107e-13, 3.052593206012388e-12, 0.038280728948874784, 0.0755467820333016, 9.096735446375549e-05, -0.008964623235188264, -0.03769461095680244, -0.06547091609728706, -0.008964623235410923, -0.03785217107779757, 0.06537994873869495, -0.008964623230251233, -0.07881573230972756, -0.0021407102761594743, 0.0732722264910016, 0.037553956676823964, 0.06932678153382785, 0.07327222648786484, 0.04126177563131158, -0.0671860712598698, 0.07327222649697168, 1.082205148045293e-12, 6.734343456008983e-12, -0.038280846347564824, 6.893253304654722e-14, 7.191907029494936e-12, -0.041551968792567465, 0.07881580211535333, 0.0021401703162222526, -0.0732721739107964, -0.0375544591916089, -0.06932657201795277, -0.07327217390657981, -0.04126134292639986, 0.06718640169552752, -0.07327217390841557, -0.07554676828001211, -9.149385488644614e-05, 0.00896465387071263, 0.03769414813739017, 0.06547116742323647, 0.008964653871553895, 0.037852620141878374, -0.06537967357596407, 0.008964653874655674]]},
 "free_energy": -120.94684826974921,
 "initial_magmoms": {"__ndarray__": [[16], "float64", [3.4336176920859742, 3.433596304587767, -0.129923899087685, -0.12992389908768534, -0.12992389908768479, -0.12992392686920337, -0.12992392686920384, -0.1299239268692034, 3.4336176920859742, 3.433596304587767, -0.129923899087685, -0.12992389908768534, -0.12992389908768479, -0.12992392686920337, -0.12992392686920384, -0.1299239268692034]]},
 "magmom": 11.99999890454433,
 "magmoms": {"__ndarray__": [[16], "float64", [3.4357634924248472, 3.44054707330514, -0.1300349268431081, -0.13003492684309687, -0.1300349268431039, -0.13262904881350943, -0.13262904881351129, -0.13262904881350063, 3.440544296801497, 3.43576544745732, -0.13262799458138325, -0.1326279945813883, -0.13262799458137042, -0.1300365698941753, -0.13003656989416407, -0.13003656989418236]]},
 "mtime": 22.36901480962295,
 "numbers": {"__ndarray__": [[16], "int64", [24, 24, 53, 53, 53, 53, 53, 53, 24, 24, 53, 53, 53, 53, 53, 53]]},
 "pbc": {"__ndarray__": [[3], "bool", [true, true, false]]},
 "positions": {"__ndarray__": [[16, 3], "float64", [3.555363404420857, 2.0526900186093235, 9.031768140250842, 4.326397033547583e-15, 4.105380037218648, 9.031767975043767, 4.561628863618558, -5.5115568486210904e-08, 7.428941044726383, 1.2745489248800976, 2.2075836048557465, 7.428941044726383, -2.2808143840777713, 3.950486506087792, 7.428941044726383, 2.5490977146270852, 2.009976698318651e-06, 10.634596040843695, 2.2808162877981837, 3.9504856732436773, 10.634596040843695, 5.836176210837283, 2.207582372607597, 10.634596040843695, -3.836808902669396e-15, -8.374682305590183e-16, 15.759284550704248, 3.555363404420857, 2.0526900186093235, 15.75928438549718, 4.5616288636185685, 4.105379982103082, 14.156457455179792, 4.829912329300951, 0.15489358624642202, 14.156457455179792, 1.2745490203430827, 1.8977964874784674, 14.156457455179792, 2.549097714627097, 4.105382047195348, 17.362112451297108, 5.836179692219037, 1.897795654634353, 17.362112451297108, 2.280812806416421, 0.15489235399827278, 17.362112451297108]]},
 "stress": {"__ndarray__": [[6], "float64", [0.0018955965894354668, 0.001895596589422735, 0.0008959383248090924, -1.2882649567346352e-15, 1.0475896413052764e-14, -1.8158354684693935e-14]]},
 "unique_id": "1a64a8e390bd7147c885922076e57cc1",
 "user": "sahpa"},
"ids": [1],
"nextid": 2}
