{
 "0": {
  "0": [
   0.621258180888509,
   0.6397946383915114,
   0.6397738911979493,
   0.6212444915256496,
   0.6256785184151621,
   0.6423020755669991,
   0.6422533022613661,
   0.6256510655045319,
   0.628078546867393,
   0.6419957477207605,
   0.6419668846141177,
   0.6280645719495398,
   0.628064571949662,
   0.6419668846141366,
   0.6419957477208088,
   0.6280785468674143,
   0.6256510655043958,
   0.6422533022612871,
   0.6423020755669568,
   0.6256785184152268,
   0.6212444915255599,
   0.6397738911978931,
   0.6397946383915762,
   0.621258180888544
  ],
  "1": [
   2.966682472348074,
   2.9483327443170504,
   2.948358962809626,
   2.966713493141927,
   2.9622395214670734,
   2.9458215420478693,
   2.9458740618523787,
   2.9623007759292386,
   2.959793394478865,
   2.946087003964532,
   2.9461131378347125,
   2.959823870645413,
   2.9598238706453706,
   2.946113137834757,
   2.946087003964478,
   2.9597933944790054,
   2.962300775929319,
   2.9458740618524297,
   2.9458215420478338,
   2.9622395214670383,
   2.9667134931419508,
   2.948358962809661,
   2.948332744317123,
   2.9666824723480607
  ]
 },
 "1": {
  "0": [
   1.7553155118006818,
   1.7558813285042607,
   1.7558843502429298,
   1.7553168175884668,
   1.7553147858985345,
   1.7558663345825778,
   1.7558729228069778,
   1.7553174833875471,
   1.7553153606040497,
   1.7558545977686466,
   1.7558580336920409,
   1.7553167671277092,
   1.7553167671276149,
   1.755858033692005,
   1.7558545977687516,
   1.7553153606041492,
   1.7553174833878051,
   1.7558729228071792,
   1.7558663345824725,
   1.7553147858984866,
   1.7553168175882028,
   1.7558843502428179,
   1.755881328504074,
   1.7553155118005095
  ],
  "1": [
   1.7490291780240432,
   1.7491433172135324,
   1.7491435938129498,
   1.7490273672562477,
   1.7490269717176123,
   1.7491410899513928,
   1.7491415835421742,
   1.7490236415083527,
   1.7490232118225997,
   1.7491391606694113,
   1.749139375051366,
   1.749021505816209,
   1.749021505816247,
   1.7491393750512587,
   1.7491391606694828,
   1.7490232118224995,
   1.7490236415081686,
   1.7491415835420738,
   1.7491410899513642,
   1.749026971717533,
   1.7490273672562913,
   1.7491435938128825,
   1.7491433172135844,
   1.7490291780240192
  ]
 },
 "2": {
  "0": [
   1.7957214226118037,
   1.795648688020958,
   1.7954591324827198,
   1.7954539472212785,
   1.7956424387542242,
   1.7957195350123802,
   1.7957247408820993,
   1.7956545156386534,
   1.79545816038727,
   1.7954476780308608,
   1.7956412624011515,
   1.7957205988497913,
   1.795725823803452,
   1.795653681907322,
   1.7954521560537102,
   1.7954468592419386,
   1.79564696753834,
   1.7957238094983945,
   1.7957238094982455,
   1.7956469675382218,
   1.7954468592420176,
   1.795452156054277,
   1.7956536819067703,
   1.795725823803792,
   1.7957205988494884,
   1.79564126240102,
   1.7954476780309085,
   1.7954581603877098,
   1.7956545156388355,
   1.7957247408818806,
   1.7957195350127906,
   1.7956424387542889,
   1.7954539472212219,
   1.795459132482405,
   1.7956486880213618,
   1.7957214226119635
  ],
  "1": [
   1.795231553519227,
   1.795179787571324,
   1.7951245365435615,
   1.7951260460998029,
   1.795182817006173,
   1.7952329699932352,
   1.7952366015757186,
   1.7951808269671512,
   1.7951214029594873,
   1.7951242532639464,
   1.7951867843714522,
   1.7952394624780008,
   1.7952429245488462,
   1.7951846421961102,
   1.79511994973524,
   1.7951215788506678,
   1.795187639451485,
   1.7952443151641404,
   1.7952443151640032,
   1.7951876394513648,
   1.795121578850649,
   1.7951199497352557,
   1.7951846421962467,
   1.795242924548817,
   1.7952394624780164,
   1.7951867843714222,
   1.795124253263914,
   1.795121402959861,
   1.79518082696717,
   1.7952366015757608,
   1.795232969993097,
   1.795182817006156,
   1.7951260460999938,
   1.7951245365433945,
   1.7951797875712876,
   1.795231553519179
  ]
 },
 "Z_a": [
  6,
  6,
  6,
  6,
  6,
  6,
  6,
  6,
  6,
  6,
  6,
  6,
  15,
  15,
  15,
  15,
  5,
  5,
  5,
  5,
  6,
  6,
  6,
  6,
  1,
  1,
  1,
  1
 ],
 "spos_ac": [
  [
   0.8699160744877641,
   0.5834161987086461,
   0.7463669200398202
  ],
  [
   0.7015352726879851,
   0.4880090784078269,
   0.246253587368464
  ],
  [
   0.2014849469550319,
   0.08329337259590185,
   0.3250448089018769
  ],
  [
   0.36992089165857833,
   0.9881320104187304,
   0.825158272176593
  ],
  [
   0.20151249694080317,
   0.48965171698223525,
   0.3250616513887663
  ],
  [
   0.36989329874058813,
   0.5834194930207328,
   0.825174984060093
  ],
  [
   0.8699436244735367,
   0.988135198832681,
   0.74638376252669
  ],
  [
   0.7015076797699924,
   0.08329656100983873,
   0.24627029925197835
  ],
  [
   0.5780630240442051,
   0.7857389495503777,
   0.832436528614425
  ],
  [
   0.9933475267784281,
   0.2856896047658299,
   0.3324182470292321
  ],
  [
   0.49336554738436394,
   0.28568962187818037,
   0.2389920428141474
  ],
  [
   0.07808104465014103,
   0.7857389666627534,
   0.7390103243993436
  ],
  [
   0.754224737683117,
   0.7856881534083234,
   0.05214363913549332
  ],
  [
   0.8172063592368138,
   0.2857403577876434,
   0.5521294922552344
  ],
  [
   0.31720383374545863,
   0.2857404180202441,
   0.01928493229307921
  ],
  [
   0.2542222121917596,
   0.7856882136409327,
   0.5192990791733408
  ],
  [
   0.9406631137702488,
   0.785767860668835,
   0.6142479410078823
  ],
  [
   0.6307746855411989,
   0.2856606995918082,
   0.1141852134496121
  ],
  [
   0.13076545765832873,
   0.285660710759749,
   0.45718063042071005
  ],
  [
   0.44065388588736404,
   0.7857678718367567,
   0.9572433579789548
  ],
  [
   0.9381991319443621,
   0.7857630996231021,
   0.29003180849006505
  ],
  [
   0.633221400408768,
   0.2856654776310827,
   0.7899652437121043
  ],
  [
   0.13322943948422294,
   0.28566547180545393,
   0.7813967629385008
  ],
  [
   0.4382071710197879,
   0.7857630937974978,
   0.28146332771646937
  ],
  [
   0.535714285714294,
   0.5357142857142884,
   0.5357142857142776
  ],
  [
   0.035714285714276,
   0.5357142857142809,
   0.03571428571428969
  ],
  [
   0.5357142857142945,
   0.035714285714275616,
   0.5357142857142763
  ],
  [
   0.03571428571428916,
   0.03571428571428573,
   0.03571428571427985
  ]
 ]
}