{
 "0": {
  "0": [
   0.6220266712068293,
   0.6405059458417875,
   0.6404958956244815,
   0.6220162340308468,
   0.6264458305975756,
   0.6430385348072387,
   0.6430176183889014,
   0.6264219087520595,
   0.6288724712228607,
   0.6428067296037057,
   0.642795882401906,
   0.628859684980418,
   0.6288596849803274,
   0.6427958824017723,
   0.6428067296037291,
   0.6288724712228575,
   0.6264219087520658,
   0.6430176183888756,
   0.6430385348072533,
   0.6264458305974786,
   0.6220162340308778,
   0.6404958956242122,
   0.6405059458418634,
   0.622026671206837
  ],
  "1": [
   2.9683531388188467,
   2.9498795931640984,
   2.949865026814736,
   2.9683432573381783,
   2.9639470570902984,
   2.9473604813263794,
   2.9473297388712054,
   2.963924067905796,
   2.96150991143463,
   2.947580309485832,
   2.947563722596184,
   2.961496947003165,
   2.9614969470032086,
   2.947563722596208,
   2.9475803094857986,
   2.9615099114346664,
   2.9639240679057948,
   2.947329738871201,
   2.947360481326335,
   2.9639470570903366,
   2.968343257338132,
   2.949865026814713,
   2.949879593164085,
   2.968353138818859
  ]
 },
 "1": {
  "0": [
   1.759186735324407,
   1.7590898714951362,
   1.7590959743248877,
   1.7591944349194322,
   1.7591798846021536,
   1.7590908977270434,
   1.7591032810129748,
   1.7591951101391465,
   1.7591806351329087,
   1.7590983874641566,
   1.759104259461457,
   1.7591884493886367,
   1.7591884493887764,
   1.7591042594613753,
   1.7590983874640933,
   1.7591806351330512,
   1.759195110138998,
   1.7591032810132334,
   1.759090897727085,
   1.7591798846022126,
   1.7591944349193902,
   1.7590959743248131,
   1.759089871495302,
   1.7591867353243815
  ],
  "1": [
   1.756498939579673,
   1.7565854901191713,
   1.7565658976871397,
   1.7564868814739905,
   1.7565056683402622,
   1.7565765844667813,
   1.7565368111541082,
   1.7564814830388622,
   1.7565004115704932,
   1.7565476182511799,
   1.7565275374403053,
   1.7564882538191593,
   1.7564882538191877,
   1.756527537440353,
   1.7565476182512036,
   1.756500411570479,
   1.7564814830387636,
   1.756536811154124,
   1.7565765844667713,
   1.7565056683402072,
   1.7564868814740577,
   1.7565658976871075,
   1.7565854901192204,
   1.7564989395796153
  ]
 },
 "2": {
  "0": [
   1.7947315725506814,
   1.7947292289812569,
   1.7947384260010075,
   1.794743611960185,
   1.7947363702369559,
   1.7947333561991201,
   1.794730167031298,
   1.7947255882523476,
   1.7947356403897061,
   1.7947467778147765,
   1.7947396084634502,
   1.794733999743915,
   1.7947308416299668,
   1.7947288574310132,
   1.794738650474675,
   1.7947441870795253,
   1.7947358987229474,
   1.7947325422000306,
   1.7947325421996612,
   1.7947358987229625,
   1.794744187080538,
   1.7947386504754979,
   1.794728857431453,
   1.7947308416303618,
   1.7947339997437306,
   1.7947396084636844,
   1.7947467778144233,
   1.7947356403905408,
   1.79472558825296,
   1.7947301670310483,
   1.7947333561987977,
   1.794736370236404,
   1.7947436119596558,
   1.7947384260010695,
   1.7947292289816685,
   1.7947315725508504
  ],
  "1": [
   1.795676674339245,
   1.7956756811113994,
   1.7956725883982552,
   1.7956767086576548,
   1.7956866715114543,
   1.7956832100027973,
   1.7956735618564974,
   1.7956703699325227,
   1.7956703205577529,
   1.7956787795068123,
   1.7956923926912158,
   1.7956869153503907,
   1.7956773633787984,
   1.7956760644758802,
   1.7956722712702096,
   1.7956765973963262,
   1.7956871200731277,
   1.795683761181664,
   1.795683761181483,
   1.795687120072996,
   1.7956765973972262,
   1.7956722712713145,
   1.7956760644763736,
   1.7956773633788161,
   1.7956869153501973,
   1.7956923926912733,
   1.7956787795067637,
   1.7956703205586872,
   1.7956703699332406,
   1.7956735618565132,
   1.7956832100025135,
   1.795686671511065,
   1.7956767086566776,
   1.7956725883978621,
   1.7956756811112726,
   1.795676674339141
  ]
 },
 "Z_a": [
  6,
  6,
  6,
  6,
  6,
  6,
  6,
  6,
  6,
  6,
  6,
  6,
  15,
  15,
  15,
  15,
  5,
  5,
  5,
  5,
  6,
  6,
  6,
  6,
  1,
  1,
  1,
  1
 ],
 "spos_ac": [
  [
   0.8699160744877641,
   0.5834161987086461,
   0.7463669200398202
  ],
  [
   0.7015352726879851,
   0.4880090784078269,
   0.246253587368464
  ],
  [
   0.2014849469550319,
   0.08329337259590185,
   0.3250448089018769
  ],
  [
   0.36992089165857833,
   0.9881320104187304,
   0.825158272176593
  ],
  [
   0.20151249694080317,
   0.4880123727199402,
   0.3250616513887663
  ],
  [
   0.36989329874058813,
   0.5834194930207328,
   0.825174984060093
  ],
  [
   0.8699436244735367,
   0.988135198832681,
   0.74638376252669
  ],
  [
   0.7015076797699924,
   0.08329656100983873,
   0.24627029925197835
  ],
  [
   0.5780630240442051,
   0.7873782938126728,
   0.832436528614425
  ],
  [
   0.9933475267784281,
   0.2856896047658299,
   0.3324182470292321
  ],
  [
   0.49336554738436394,
   0.28568962187818037,
   0.2389920428141474
  ],
  [
   0.07808104465014103,
   0.7857389666627534,
   0.7390103243993436
  ],
  [
   0.754224737683117,
   0.7856881534083234,
   0.05214363913549332
  ],
  [
   0.8172063592368138,
   0.2857403577876434,
   0.5521294922552344
  ],
  [
   0.31720383374545863,
   0.2857404180202441,
   0.01928493229307921
  ],
  [
   0.2542222121917596,
   0.7856882136409327,
   0.5192990791733408
  ],
  [
   0.9406631137702488,
   0.785767860668835,
   0.6142479410078823
  ],
  [
   0.6307746855411989,
   0.2856606995918082,
   0.1141852134496121
  ],
  [
   0.13076545765832873,
   0.285660710759749,
   0.45718063042071005
  ],
  [
   0.44065388588736404,
   0.7857678718367567,
   0.9572433579789548
  ],
  [
   0.9381991319443621,
   0.7857630996231021,
   0.29003180849006505
  ],
  [
   0.633221400408768,
   0.2856654776310827,
   0.7899652437121043
  ],
  [
   0.13322943948422294,
   0.28566547180545393,
   0.7813967629385008
  ],
  [
   0.4382071710197879,
   0.7857630937974978,
   0.28146332771646937
  ],
  [
   0.535714285714294,
   0.5357142857142884,
   0.5357142857142776
  ],
  [
   0.035714285714276,
   0.5357142857142809,
   0.03571428571428969
  ],
  [
   0.5357142857142945,
   0.035714285714275616,
   0.5357142857142763
  ],
  [
   0.03571428571428916,
   0.03571428571428573,
   0.03571428571427985
  ]
 ]
}