{
 "0": {
  "0": [
   0.6214133056350707,
   0.6397534176309977,
   0.6397801202120353,
   0.6214370041493787,
   0.6258822712434203,
   0.6423635082008303,
   0.6424233181589272,
   0.6259347348103795,
   0.6283937342439674,
   0.6422544580586709,
   0.642288603798867,
   0.6284234470724734,
   0.6284234470724753,
   0.6422886037988998,
   0.6422544580586294,
   0.6283937342439897,
   0.6259347348104987,
   0.6424233181589244,
   0.6423635082009119,
   0.6258822712433483,
   0.6214370041494329,
   0.6397801202119318,
   0.6397534176310747,
   0.6214133056351144
  ],
  "1": [
   2.967202085404818,
   2.9487570040331144,
   2.9487483144976245,
   2.9671925888249038,
   2.9627784874055334,
   2.946171829209126,
   2.9461602556353643,
   2.9627648372336277,
   2.9603524131854493,
   2.946346771792918,
   2.946345339915028,
   2.960349289707351,
   2.960349289707382,
   2.946345339914898,
   2.9463467717930194,
   2.960352413185471,
   2.962764837233638,
   2.946160255635406,
   2.9461718292089825,
   2.962778487405585,
   2.9671925888248776,
   2.948748314497593,
   2.948757004033166,
   2.96720208540481
  ]
 },
 "1": {
  "0": [
   1.7966529506336675,
   1.7966761547992307,
   1.796674047854759,
   1.7966509015781293,
   1.7966528620706543,
   1.7966748156119725,
   1.7966705424632006,
   1.7966489865298276,
   1.7966510504177244,
   1.7966711190626745,
   1.7966691023836332,
   1.7966490556818207,
   1.7966490556817334,
   1.7966691023837396,
   1.7966711190627003,
   1.79665105041778,
   1.7966489865298274,
   1.7966705424632494,
   1.7966748156118124,
   1.7966528620706586,
   1.7966509015781535,
   1.7966740478547243,
   1.7966761547992376,
   1.7966529506337707
  ],
  "1": [
   1.7935264530879735,
   1.7936792122760423,
   1.7936805478138658,
   1.793526832973606,
   1.7935224707192445,
   1.7936773916457065,
   1.7936797871717773,
   1.7935234989317432,
   1.7935188999094762,
   1.7936766536839235,
   1.7936779342374238,
   1.7935194099587417,
   1.7935194099587632,
   1.793677934237296,
   1.7936766536838487,
   1.7935188999095846,
   1.7935234989317157,
   1.7936797871716896,
   1.7936773916457869,
   1.7935224707192527,
   1.7935268329737462,
   1.7936805478135958,
   1.7936792122760126,
   1.7935264530879966
  ]
 },
 "2": {
  "0": [
   1.7450707952260505,
   1.7452278761852587,
   1.7454517295599523,
   1.7454482384318346,
   1.7452203143292413,
   1.7450667300226874,
   1.7450695660304827,
   1.7452248543311843,
   1.7454452996384306,
   1.7454386364384626,
   1.745209533429753,
   1.7450614497485875,
   1.7450641254887722,
   1.745214064297369,
   1.74543538570588,
   1.7454321504142372,
   1.745206467531486,
   1.7450602743519803,
   1.7450602743518113,
   1.7452064675314423,
   1.745432150414227,
   1.7454353857057645,
   1.7452140642976441,
   1.7450641254886907,
   1.7450614497485768,
   1.7452095334295734,
   1.745438636438573,
   1.7454452996384724,
   1.7452248543312425,
   1.7450695660306088,
   1.7450667300227531,
   1.7452203143290568,
   1.7454482384318868,
   1.7454517295600174,
   1.7452278761847482,
   1.745070795226141
  ],
  "1": [
   1.7458453679734987,
   1.7458869013139349,
   1.7458903087022823,
   1.7458863581152093,
   1.7458782493977452,
   1.7458410091138459,
   1.7458478001610125,
   1.7458969959168666,
   1.745900676708288,
   1.7458920074481816,
   1.745879349637003,
   1.7458389071057596,
   1.7458458535944055,
   1.7458983410929338,
   1.7459069190528196,
   1.7459025005458284,
   1.745889416526774,
   1.7458414665275352,
   1.7458414665275825,
   1.7458894165267365,
   1.7459025005458224,
   1.7459069190527172,
   1.745898341092923,
   1.745845853594589,
   1.7458389071057923,
   1.745879349637182,
   1.7458920074478985,
   1.7459006767082121,
   1.7458969959170518,
   1.745847800161113,
   1.7458410091138223,
   1.7458782493979277,
   1.7458863581154376,
   1.7458903087023059,
   1.7458869013137701,
   1.7458453679733164
  ]
 },
 "Z_a": [
  6,
  6,
  6,
  6,
  6,
  6,
  6,
  6,
  6,
  6,
  6,
  6,
  15,
  15,
  15,
  15,
  5,
  5,
  5,
  5,
  6,
  6,
  6,
  6,
  1,
  1,
  1,
  1
 ],
 "spos_ac": [
  [
   0.8699160744877641,
   0.5834161987086461,
   0.7463669200398202
  ],
  [
   0.7015352726879851,
   0.4880090784078269,
   0.246253587368464
  ],
  [
   0.2014849469550319,
   0.08329337259590185,
   0.3250448089018769
  ],
  [
   0.36992089165857833,
   0.9881320104187304,
   0.8272679768179432
  ],
  [
   0.20151249694080317,
   0.4880123727199402,
   0.3250616513887663
  ],
  [
   0.36989329874058813,
   0.5834194930207328,
   0.825174984060093
  ],
  [
   0.8699436244735367,
   0.988135198832681,
   0.74638376252669
  ],
  [
   0.7015076797699924,
   0.08329656100983873,
   0.24627029925197835
  ],
  [
   0.5780630240442051,
   0.7857389495503777,
   0.832436528614425
  ],
  [
   0.9933475267784281,
   0.2856896047658299,
   0.3324182470292321
  ],
  [
   0.49336554738436394,
   0.28568962187818037,
   0.2389920428141474
  ],
  [
   0.07808104465014103,
   0.7857389666627534,
   0.7390103243993436
  ],
  [
   0.754224737683117,
   0.7856881534083234,
   0.05214363913549332
  ],
  [
   0.8172063592368138,
   0.2857403577876434,
   0.5521294922552344
  ],
  [
   0.31720383374545863,
   0.2857404180202441,
   0.01928493229307921
  ],
  [
   0.2542222121917596,
   0.7856882136409327,
   0.5192990791733408
  ],
  [
   0.9406631137702488,
   0.785767860668835,
   0.6142479410078823
  ],
  [
   0.6307746855411989,
   0.2856606995918082,
   0.1141852134496121
  ],
  [
   0.13076545765832873,
   0.285660710759749,
   0.45718063042071005
  ],
  [
   0.44065388588736404,
   0.7857678718367567,
   0.9572433579789548
  ],
  [
   0.9381991319443621,
   0.7857630996231021,
   0.29003180849006505
  ],
  [
   0.633221400408768,
   0.2856654776310827,
   0.7899652437121043
  ],
  [
   0.13322943948422294,
   0.28566547180545393,
   0.7813967629385008
  ],
  [
   0.4382071710197879,
   0.7857630937974978,
   0.28146332771646937
  ],
  [
   0.535714285714294,
   0.5357142857142884,
   0.5357142857142776
  ],
  [
   0.035714285714276,
   0.5357142857142809,
   0.03571428571428969
  ],
  [
   0.5357142857142945,
   0.035714285714275616,
   0.5357142857142763
  ],
  [
   0.03571428571428916,
   0.03571428571428573,
   0.03571428571427985
  ]
 ]
}