{
 "0": {
  "0": [
   0.6172431211949446,
   0.6357722978748308,
   0.6357723185556745,
   0.6172431438934887,
   0.6215562879211702,
   0.638261950594306,
   0.6382619839676278,
   0.6215563293091114,
   0.6239022142925094,
   0.6380040618017983,
   0.6380040756528935,
   0.6239022340949987,
   0.6239022340949656,
   0.6380040756527844,
   0.6380040618016873,
   0.6239022142925167,
   0.6215563293091215,
   0.6382619839675768,
   0.6382619505942525,
   0.6215562879211125,
   0.6172431438933178,
   0.6357723185557477,
   0.6357722978748463,
   0.6172431211949438
  ],
  "1": [
   2.9643699897011273,
   2.945937698513091,
   2.9459377088677914,
   2.964369994957505,
   2.959880123861467,
   2.9432920467147845,
   2.9432920596417267,
   2.9598801344095422,
   2.9573643453934326,
   2.9434060704922906,
   2.9434060738363623,
   2.9573643524723185,
   2.9573643524722004,
   2.943406073836392,
   2.9434060704923817,
   2.957364345393485,
   2.9598801344094867,
   2.943292059641632,
   2.943292046714842,
   2.9598801238614647,
   2.9643699949575004,
   2.945937708867813,
   2.9459376985130135,
   2.964369989701335
  ]
 },
 "1": {
  "0": [
   1.7967208906597618,
   1.7967481843699369,
   1.7967481482687722,
   1.796720869214664,
   1.796720655380933,
   1.7967522575204986,
   1.7967521834416917,
   1.7967206118184709,
   1.7967204029719566,
   1.7967563290858555,
   1.7967562922331433,
   1.7967203806822254,
   1.7967203806823615,
   1.7967562922333473,
   1.7967563290858382,
   1.7967204029720283,
   1.796720611818679,
   1.7967521834416187,
   1.7967522575205768,
   1.7967206553810564,
   1.7967208692145662,
   1.7967481482690735,
   1.7967481843696216,
   1.7967208906597516
  ],
  "1": [
   1.7936724156282307,
   1.7936449098525924,
   1.7936448946937606,
   1.7936724034336358,
   1.7936726806090595,
   1.7936408495059448,
   1.7936408172309093,
   1.7936726560459457,
   1.79367292895947,
   1.7936367364104635,
   1.7936367200755876,
   1.7936729158716704,
   1.7936729158717637,
   1.7936367200756782,
   1.7936367364105263,
   1.7936729289592448,
   1.793672656046068,
   1.7936408172307787,
   1.7936408495060578,
   1.793672680609042,
   1.7936724034337668,
   1.7936448946938517,
   1.7936449098525806,
   1.793672415628491
  ]
 },
 "2": {
  "0": [
   1.7957242744025084,
   1.795503670817609,
   1.7952638472269862,
   1.7952638502599276,
   1.795503675719143,
   1.7957242763956913,
   1.7957316479220333,
   1.7955324494605271,
   1.7953046531518477,
   1.7953046593021333,
   1.7955324590856403,
   1.7957316514724109,
   1.795739359893132,
   1.7955625178329575,
   1.7953482163700856,
   1.7953482192203292,
   1.7955625220481943,
   1.7957393618938595,
   1.7957393618936468,
   1.795562522048218,
   1.7953482192202446,
   1.7953482163700218,
   1.7955625178331174,
   1.7957393598926612,
   1.7957316514724389,
   1.7955324590853787,
   1.7953046593022322,
   1.795304653151995,
   1.795532449460745,
   1.7957316479221583,
   1.7957242763959065,
   1.7955036757193021,
   1.7952638502603546,
   1.795263847226783,
   1.7955036708173644,
   1.795724274402547
  ],
  "1": [
   1.797915776653271,
   1.7978143907353619,
   1.7976605724275911,
   1.7976605742617264,
   1.7978143971507365,
   1.7979157803934742,
   1.7979100689703675,
   1.7978108448135193,
   1.797654688912976,
   1.797654692206766,
   1.7978108578892333,
   1.797910076499096,
   1.7979048306801566,
   1.7978080283743747,
   1.797649545782772,
   1.797649547694294,
   1.797808034775732,
   1.7979048345279147,
   1.7979048345278856,
   1.7978080347762229,
   1.7976495476942986,
   1.7976495457828332,
   1.7978080283746272,
   1.7979048306802345,
   1.7979100764991611,
   1.797810857889457,
   1.797654692206714,
   1.7976546889128073,
   1.7978108448134416,
   1.797910068970402,
   1.7979157803936434,
   1.7978143971504346,
   1.7976605742615297,
   1.7976605724274761,
   1.7978143907350084,
   1.7979157766534348
  ]
 },
 "Z_a": [
  6,
  6,
  6,
  6,
  6,
  6,
  6,
  6,
  6,
  6,
  6,
  6,
  15,
  15,
  15,
  15,
  5,
  5,
  5,
  5,
  6,
  6,
  6,
  6,
  1,
  1,
  1,
  1
 ],
 "spos_ac": [
  [
   0.8699160744877641,
   0.5834161987086461,
   0.7463669200398202
  ],
  [
   0.7015352726879851,
   0.4880090784078269,
   0.246253587368464
  ],
  [
   0.2014849469550319,
   0.08329337259590185,
   0.3250448089018769
  ],
  [
   0.36992089165857833,
   0.9881320104187304,
   0.825158272176593
  ],
  [
   0.20151249694080317,
   0.4880123727199402,
   0.3250616513887663
  ],
  [
   0.36989329874058813,
   0.5834194930207328,
   0.825174984060093
  ],
  [
   0.8699436244735367,
   0.988135198832681,
   0.74638376252669
  ],
  [
   0.7015076797699924,
   0.08329656100983873,
   0.24627029925197835
  ],
  [
   0.5780630240442051,
   0.7857389495503777,
   0.832436528614425
  ],
  [
   0.9933475267784281,
   0.2856896047658299,
   0.3324182470292321
  ],
  [
   0.49336554738436394,
   0.28568962187818037,
   0.2389920428141474
  ],
  [
   0.07808104465014103,
   0.7857389666627534,
   0.7390103243993436
  ],
  [
   0.754224737683117,
   0.7856881534083234,
   0.05214363913549332
  ],
  [
   0.8172063592368138,
   0.2857403577876434,
   0.5521294922552344
  ],
  [
   0.31720383374545863,
   0.2857404180202441,
   0.01928493229307921
  ],
  [
   0.2542222121917596,
   0.7856882136409327,
   0.5192990791733408
  ],
  [
   0.9406631137702488,
   0.785767860668835,
   0.6142479410078823
  ],
  [
   0.6307746855411989,
   0.2856606995918082,
   0.1141852134496121
  ],
  [
   0.13076545765832873,
   0.285660710759749,
   0.45718063042071005
  ],
  [
   0.44160990883191464,
   0.7857678718367567,
   0.9572433579789548
  ],
  [
   0.9381991319443621,
   0.7857630996231021,
   0.29003180849006505
  ],
  [
   0.633221400408768,
   0.2856654776310827,
   0.7899652437121043
  ],
  [
   0.13322943948422294,
   0.28566547180545393,
   0.7813967629385008
  ],
  [
   0.4382071710197879,
   0.7857630937974978,
   0.28146332771646937
  ],
  [
   0.535714285714294,
   0.5357142857142884,
   0.5357142857142776
  ],
  [
   0.035714285714276,
   0.5357142857142809,
   0.03571428571428969
  ],
  [
   0.5357142857142945,
   0.035714285714275616,
   0.5357142857142763
  ],
  [
   0.03571428571428916,
   0.03571428571428573,
   0.03571428571427985
  ]
 ]
}