{
 "0": {
  "0": [
   0.6435492959251583,
   0.662033811286484,
   0.662033800564948,
   0.6435492864702139,
   0.6478938291446538,
   0.664676671165804,
   0.6646766440035761,
   0.6478938041195944,
   0.6502588995763657,
   0.6645684738594181,
   0.6645684564424328,
   0.6502588818896827,
   0.6502588818895684,
   0.6645684564424118,
   0.6645684738595347,
   0.6502588995763152,
   0.6478938041195843,
   0.6646766440034636,
   0.6646766711658129,
   0.6478938291446487,
   0.6435492864701591,
   0.6620338005648388,
   0.66203381128648,
   0.6435492959252078
  ],
  "1": [
   3.021072466209275,
   3.0023588948106736,
   3.00235885781809,
   3.02107244549567,
   3.0167551440203773,
   3.0000132706277185,
   3.0000131904686778,
   3.016755102416025,
   3.014432311713235,
   3.000440528784247,
   3.0004404842633363,
   3.014432291429995,
   3.0144322914299364,
   3.000440484263349,
   3.000440528784208,
   3.0144323117132856,
   3.0167551024160755,
   3.000013190468589,
   3.0000132706276075,
   3.016755144020429,
   3.0210724454956828,
   3.002358857817892,
   3.002358894810607,
   3.021072466209306
  ]
 },
 "1": {
  "0": [
   1.79672053496062,
   1.796748042712457,
   1.7967480712949748,
   1.7967205510673034,
   1.7967202626962027,
   1.796752076078611,
   1.7967521337473757,
   1.7967202943847227,
   1.7967200103845677,
   1.7967561740939106,
   1.7967562036239253,
   1.7967200258655154,
   1.7967200258655946,
   1.7967562036239408,
   1.7967561740939235,
   1.7967200103844496,
   1.796720294384425,
   1.7967521337472656,
   1.7967520760785776,
   1.7967202626962697,
   1.7967205510672155,
   1.7967480712948718,
   1.7967480427123337,
   1.7967205349608264
  ],
  "1": [
   1.7936716922554061,
   1.7936440821561606,
   1.7936440835669734,
   1.7936716967665012,
   1.7936719444631621,
   1.7936400064234053,
   1.7936400088969464,
   1.7936719535282968,
   1.7936721964343745,
   1.7936358956586698,
   1.7936358966528334,
   1.793672201071003,
   1.793672201071117,
   1.7936358966527997,
   1.7936358956586556,
   1.7936721964343894,
   1.7936719535284276,
   1.7936400088974678,
   1.7936400064230003,
   1.7936719444630795,
   1.7936716967664204,
   1.79364408356728,
   1.7936440821559916,
   1.7936716922555238
  ]
 },
 "2": {
  "0": [
   1.7951289103908652,
   1.795282253588158,
   1.7954499828119164,
   1.795449984386705,
   1.7952822581264951,
   1.7951289125673162,
   1.7951334650413708,
   1.7952738776466004,
   1.7954375453857103,
   1.7954375489518255,
   1.7952738859361612,
   1.7951334701129134,
   1.7951381063115548,
   1.79526542465522,
   1.7954249706080645,
   1.7954249722489197,
   1.795265428714198,
   1.7951381087889762,
   1.7951381087895422,
   1.7952654287141268,
   1.7954249722488944,
   1.7954249706081302,
   1.7952654246551267,
   1.795138106311438,
   1.795133470112948,
   1.79527388593589,
   1.7954375489515708,
   1.795437545385828,
   1.7952738776465103,
   1.7951334650414363,
   1.795128912567286,
   1.7952822581262768,
   1.7954499843868972,
   1.7954499828118726,
   1.7952822535879758,
   1.7951289103908774
  ],
  "1": [
   1.7952456008154813,
   1.7950996037509868,
   1.794892495089024,
   1.794892492805704,
   1.7950995983703737,
   1.7952455984678277,
   1.7952489751659655,
   1.7951034382121493,
   1.7948929836865828,
   1.7948929786927121,
   1.7951034277662647,
   1.7952489699369802,
   1.7952524245645378,
   1.7951075026155403,
   1.7948938279827829,
   1.7948938252765114,
   1.7951074973603742,
   1.7952524219366832,
   1.7952524219366923,
   1.7951074973601817,
   1.794893825276114,
   1.7948938279829836,
   1.7951075026156762,
   1.7952524245642034,
   1.7952489699367795,
   1.79510342776635,
   1.7948929786925993,
   1.7948929836865948,
   1.7951034382120505,
   1.7952489751660201,
   1.7952455984676863,
   1.7950995983702072,
   1.794892492805627,
   1.7948924950886471,
   1.7950996037510816,
   1.79524560081528
  ]
 },
 "Z_a": [
  6,
  6,
  6,
  6,
  6,
  6,
  6,
  6,
  6,
  6,
  6,
  6,
  15,
  15,
  15,
  15,
  5,
  5,
  5,
  5,
  6,
  6,
  6,
  6,
  1,
  1,
  1,
  1
 ],
 "spos_ac": [
  [
   0.8699160744877641,
   0.5834161987086461,
   0.7463669200398202
  ],
  [
   0.7015352726879851,
   0.4880090784078269,
   0.246253587368464
  ],
  [
   0.2014849469550319,
   0.08329337259590185,
   0.3250448089018769
  ],
  [
   0.36992089165857833,
   0.9881320104187304,
   0.825158272176593
  ],
  [
   0.20151249694080317,
   0.4880123727199402,
   0.3250616513887663
  ],
  [
   0.36989329874058813,
   0.5834194930207328,
   0.825174984060093
  ],
  [
   0.8699436244735367,
   0.988135198832681,
   0.74638376252669
  ],
  [
   0.7015076797699924,
   0.08329656100983873,
   0.24627029925197835
  ],
  [
   0.5780630240442051,
   0.7857389495503777,
   0.832436528614425
  ],
  [
   0.9933475267784281,
   0.2856896047658299,
   0.3324182470292321
  ],
  [
   0.49336554738436394,
   0.28568962187818037,
   0.2389920428141474
  ],
  [
   0.07808104465014103,
   0.7857389666627534,
   0.7390103243993436
  ],
  [
   0.754224737683117,
   0.7856881534083234,
   0.05214363913549332
  ],
  [
   0.8172063592368138,
   0.2857403577876434,
   0.5521294922552344
  ],
  [
   0.31624781080090797,
   0.2857404180202441,
   0.01928493229307921
  ],
  [
   0.2542222121917596,
   0.7856882136409327,
   0.5192990791733408
  ],
  [
   0.9406631137702488,
   0.785767860668835,
   0.6142479410078823
  ],
  [
   0.6307746855411989,
   0.2856606995918082,
   0.1141852134496121
  ],
  [
   0.13076545765832873,
   0.285660710759749,
   0.45718063042071005
  ],
  [
   0.44065388588736404,
   0.7857678718367567,
   0.9572433579789548
  ],
  [
   0.9381991319443621,
   0.7857630996231021,
   0.29003180849006505
  ],
  [
   0.633221400408768,
   0.2856654776310827,
   0.7899652437121043
  ],
  [
   0.13322943948422294,
   0.28566547180545393,
   0.7813967629385008
  ],
  [
   0.4382071710197879,
   0.7857630937974978,
   0.28146332771646937
  ],
  [
   0.535714285714294,
   0.5357142857142884,
   0.5357142857142776
  ],
  [
   0.035714285714276,
   0.5357142857142809,
   0.03571428571428969
  ],
  [
   0.5357142857142945,
   0.035714285714275616,
   0.5357142857142763
  ],
  [
   0.03571428571428916,
   0.03571428571428573,
   0.03571428571427985
  ]
 ]
}