{
 "0": {
  "0": [
   0.6220521505402161,
   0.640530608473966,
   0.6405160442553478,
   0.6220422708698529,
   0.6264717203546226,
   0.6430663630987876,
   0.6430356250940396,
   0.6264487331779789,
   0.6288993836743798,
   0.6428329931446933,
   0.6428164080045745,
   0.6288864182284121,
   0.628886418228375,
   0.6428164080045377,
   0.6428329931446766,
   0.6288993836743315,
   0.6264487331780836,
   0.6430356250939928,
   0.6430663630988399,
   0.6264717203546187,
   0.6220422708699055,
   0.6405160442553636,
   0.6405306084740844,
   0.6220521505403178
  ],
  "1": [
   2.968378723407575,
   2.949899525624577,
   2.949889472086598,
   2.9683682838508187,
   2.9639732894200237,
   2.9473781158771777,
   2.947357195038087,
   2.96394936614743,
   2.961535902570537,
   2.947600311649598,
   2.9475894651593806,
   2.9615231167914606,
   2.961523116791595,
   2.947589465159501,
   2.9476003116496328,
   2.9615359025706653,
   2.963949366147558,
   2.947357195037961,
   2.9473781158771173,
   2.96397328942012,
   2.9683682838507073,
   2.9498894720865323,
   2.949899525624565,
   2.9683787234074965
  ]
 },
 "1": {
  "0": [
   1.7595468519534103,
   1.7596880670235864,
   1.7596684738473312,
   1.7595347949029252,
   1.7595530678823674,
   1.7596872837529218,
   1.7596475101742164,
   1.7595288836976715,
   1.7595473081749664,
   1.7596665128962017,
   1.7596464322322078,
   1.7595351509219028,
   1.7595351509216992,
   1.7596464322322476,
   1.7596665128963465,
   1.7595473081750805,
   1.7595288836977938,
   1.7596475101741125,
   1.759687283752949,
   1.7595530678824358,
   1.759534794902965,
   1.7596684738472224,
   1.7596880670235113,
   1.7595468519536213
  ],
  "1": [
   1.7561398467837788,
   1.755988352912363,
   1.7559944555197795,
   1.7561475462453784,
   1.756133510435065,
   1.7559812602128808,
   1.755993643007191,
   1.75614873616004,
   1.7561347672215388,
   1.7559805590941557,
   1.7559864309550381,
   1.7561425815009528,
   1.7561425815008957,
   1.755986430955179,
   1.7559805590940607,
   1.756134767221519,
   1.7561487361600432,
   1.7559936430071719,
   1.7559812602128375,
   1.756133510435147,
   1.7561475462454366,
   1.7559944555196625,
   1.7559883529123306,
   1.7561398467836373
  ]
 },
 "2": {
  "0": [
   1.7947081431852763,
   1.7947047976821222,
   1.7947148858460389,
   1.7947190058598927,
   1.7947157870578385,
   1.7947146791016562,
   1.7947044501430578,
   1.7946990711995892,
   1.7947127944875154,
   1.794721252840123,
   1.794721092007066,
   1.7947178034966267,
   1.7947076163697546,
   1.7947043390919097,
   1.7947149543835106,
   1.7947192808285555,
   1.794715393730673,
   1.7947140144543297,
   1.7947140144547917,
   1.7947153937311244,
   1.7947192808290513,
   1.7947149543841112,
   1.7947043390916677,
   1.7947076163690654,
   1.7947178034958988,
   1.7947210920067975,
   1.7947212528395817,
   1.79471279448863,
   1.794699071200332,
   1.794704450143469,
   1.7947146791017186,
   1.7947157870580404,
   1.7947190058602942,
   1.794714885845952,
   1.7947047976815773,
   1.794708143184439
  ],
  "1": [
   1.7956561863273757,
   1.7956531878639423,
   1.7956459932011857,
   1.7956511804275772,
   1.7956603295211369,
   1.795657970390948,
   1.7956555229502724,
   1.7956499472161132,
   1.7956428439010823,
   1.7956539832524752,
   1.7956639698481558,
   1.7956593562762662,
   1.795656959998777,
   1.7956536576440436,
   1.7956454523586618,
   1.795650990196525,
   1.7956607000805522,
   1.7956586609731306,
   1.7956586609731817,
   1.7956607000803444,
   1.7956509901964246,
   1.7956454523584173,
   1.7956536576440993,
   1.7956569599981902,
   1.7956593562759997,
   1.7956639698483172,
   1.7956539832522715,
   1.795642843901235,
   1.7956499472161471,
   1.7956555229501687,
   1.7956579703908762,
   1.7956603295206948,
   1.7956511804277397,
   1.7956459932008493,
   1.7956531878636561,
   1.7956561863275793
  ]
 },
 "Z_a": [
  6,
  6,
  6,
  6,
  6,
  6,
  6,
  6,
  6,
  6,
  6,
  6,
  15,
  15,
  15,
  15,
  5,
  5,
  5,
  5,
  6,
  6,
  6,
  6,
  1,
  1,
  1,
  1
 ],
 "spos_ac": [
  [
   0.8699160744877641,
   0.5834161987086461,
   0.7463669200398202
  ],
  [
   0.7015352726879851,
   0.4880090784078269,
   0.246253587368464
  ],
  [
   0.2014849469550319,
   0.08329337259590185,
   0.3250448089018769
  ],
  [
   0.36992089165857833,
   0.9881320104187304,
   0.825158272176593
  ],
  [
   0.20151249694080317,
   0.4880123727199402,
   0.3250616513887663
  ],
  [
   0.36989329874058813,
   0.5834194930207328,
   0.825174984060093
  ],
  [
   0.8699436244735367,
   0.988135198832681,
   0.74638376252669
  ],
  [
   0.7015076797699924,
   0.08329656100983873,
   0.24627029925197835
  ],
  [
   0.5780630240442051,
   0.7857389495503777,
   0.832436528614425
  ],
  [
   0.9933475267784281,
   0.2856896047658299,
   0.3324182470292321
  ],
  [
   0.49336554738436394,
   0.28732896614047543,
   0.2389920428141474
  ],
  [
   0.07808104465014103,
   0.7857389666627534,
   0.7390103243993436
  ],
  [
   0.754224737683117,
   0.7856881534083234,
   0.05214363913549332
  ],
  [
   0.8172063592368138,
   0.2857403577876434,
   0.5521294922552344
  ],
  [
   0.31720383374545863,
   0.2857404180202441,
   0.01928493229307921
  ],
  [
   0.2542222121917596,
   0.7856882136409327,
   0.5192990791733408
  ],
  [
   0.9406631137702488,
   0.785767860668835,
   0.6142479410078823
  ],
  [
   0.6307746855411989,
   0.2856606995918082,
   0.1141852134496121
  ],
  [
   0.13076545765832873,
   0.285660710759749,
   0.45718063042071005
  ],
  [
   0.44065388588736404,
   0.7857678718367567,
   0.9572433579789548
  ],
  [
   0.9381991319443621,
   0.7857630996231021,
   0.29003180849006505
  ],
  [
   0.633221400408768,
   0.2856654776310827,
   0.7899652437121043
  ],
  [
   0.13322943948422294,
   0.28566547180545393,
   0.7813967629385008
  ],
  [
   0.4382071710197879,
   0.7857630937974978,
   0.28146332771646937
  ],
  [
   0.535714285714294,
   0.5357142857142884,
   0.5357142857142776
  ],
  [
   0.035714285714276,
   0.5357142857142809,
   0.03571428571428969
  ],
  [
   0.5357142857142945,
   0.035714285714275616,
   0.5357142857142763
  ],
  [
   0.03571428571428916,
   0.03571428571428573,
   0.03571428571427985
  ]
 ]
}