{
 "0": {
  "0": [
   0.6220255432944669,
   0.6405046024571397,
   0.6404945810129655,
   0.6220151338243256,
   0.6264447316128091,
   0.6430372098658994,
   0.6430163554249447,
   0.6264208696985484,
   0.6288714305873541,
   0.6428054484778526,
   0.6427946351544261,
   0.6288586778508455,
   0.6288586778508989,
   0.6427946351543778,
   0.6428054484778194,
   0.6288714305873909,
   0.6264208696986087,
   0.6430163554249199,
   0.6430372098659044,
   0.626444731612806,
   0.6220151338244039,
   0.6404945810130229,
   0.6405046024572633,
   0.622025543294346
  ],
  "1": [
   2.968351592748215,
   2.9498780605080204,
   2.949863513235379,
   2.9683417297483827,
   2.963945405471641,
   2.947358819963694,
   2.9473281149252757,
   2.9639224511990814,
   2.9615081624625543,
   2.947578537502947,
   2.9475619677793192,
   2.961495213473401,
   2.961495213474019,
   2.947561967779288,
   2.9475785375031305,
   2.961508162462459,
   2.963922451198957,
   2.9473281149251815,
   2.947358819963713,
   2.963945405471642,
   2.9683417297484467,
   2.9498635132354303,
   2.9498780605079697,
   2.968351592748078
  ]
 },
 "1": {
  "0": [
   1.834243854797126,
   1.8343969519264276,
   1.834403039307019,
   1.8342515397937926,
   1.8342426668892846,
   1.8343977786568526,
   1.8344101299267166,
   1.8342578639445377,
   1.8342488096942027,
   1.8344049898097838,
   1.8344108452292318,
   1.8342566096998958,
   1.834256609699843,
   1.8344108452293437,
   1.8344049898099188,
   1.8342488096943241,
   1.834257863944391,
   1.8344101299267659,
   1.8343977786568033,
   1.8342426668893697,
   1.8342515397940222,
   1.8344030393071817,
   1.8343969519262988,
   1.8342438547969557
  ],
  "1": [
   1.830857010286906,
   1.830723226434733,
   1.830703642373045,
   1.8308449638262132,
   1.8308629033645252,
   1.830744165979819,
   1.8307044092558766,
   1.8308387424474801,
   1.8308566303139997,
   1.8307452277815415,
   1.8307251554413635,
   1.8308444843789649,
   1.8308444843790566,
   1.8307251554413853,
   1.830745227781343,
   1.8308566303138756,
   1.8308387424473243,
   1.8307044092557199,
   1.8307441659799846,
   1.8308629033647341,
   1.8308449638262712,
   1.8307036423730247,
   1.8307232264348097,
   1.8308570102870174
  ]
 },
 "2": {
  "0": [
   1.7947116191384473,
   1.7947083155394437,
   1.7947167577139063,
   1.7947219497448035,
   1.794715468661388,
   1.7947134080946838,
   1.794710361395966,
   1.7947045991634891,
   1.7947137105077697,
   1.7947248614753462,
   1.7947186422343437,
   1.7947142040134867,
   1.7947111743568103,
   1.7947078207848977,
   1.7947164646387301,
   1.794722008305765,
   1.794714874138857,
   1.7947128793572693,
   1.7947128793572538,
   1.794714874138793,
   1.7947220083059696,
   1.794716464638702,
   1.794707820784763,
   1.7947111743568323,
   1.7947142040135915,
   1.7947186422345145,
   1.7947248614753903,
   1.7947137105079278,
   1.794704599163471,
   1.7947103613955206,
   1.7947134080948928,
   1.7947154686612585,
   1.7947219497447124,
   1.7947167577138456,
   1.7947083155393724,
   1.794711619138606
  ],
  "1": [
   1.7956527204006534,
   1.7956496872562213,
   1.7956441570450246,
   1.7956482790271793,
   1.795660681583341,
   1.795659257840059,
   1.7956496182964026,
   1.7956444292446854,
   1.79564195959743,
   1.7956504220064327,
   1.795666461137945,
   1.795662975066502,
   1.7956534119423115,
   1.79565019348797,
   1.7956439778635482,
   1.7956483080772108,
   1.7956612543107597,
   1.7956598122286311,
   1.7956598122282772,
   1.7956612543107808,
   1.7956483080775025,
   1.7956439778637108,
   1.7956501934880476,
   1.7956534119422378,
   1.7956629750662427,
   1.7956664611376834,
   1.7956504220063263,
   1.7956419595965174,
   1.7956444292451765,
   1.7956496182962367,
   1.7956592578399555,
   1.795660681583304,
   1.7956482790269739,
   1.7956441570449242,
   1.795649687255999,
   1.7956527204006107
  ]
 },
 "Z_a": [
  6,
  6,
  6,
  6,
  6,
  6,
  6,
  6,
  6,
  6,
  6,
  6,
  15,
  15,
  15,
  15,
  5,
  5,
  5,
  5,
  6,
  6,
  6,
  6,
  1,
  1,
  1,
  1
 ],
 "spos_ac": [
  [
   0.8699160744877641,
   0.5834161987086461,
   0.7463669200398202
  ],
  [
   0.7015352726879851,
   0.4880090784078269,
   0.246253587368464
  ],
  [
   0.2014849469550319,
   0.08329337259590185,
   0.3250448089018769
  ],
  [
   0.36992089165857833,
   0.9881320104187304,
   0.825158272176593
  ],
  [
   0.20151249694080317,
   0.4880123727199402,
   0.3250616513887663
  ],
  [
   0.36989329874058813,
   0.5834194930207328,
   0.825174984060093
  ],
  [
   0.8699436244735367,
   0.988135198832681,
   0.74638376252669
  ],
  [
   0.7015076797699924,
   0.08329656100983873,
   0.24627029925197835
  ],
  [
   0.5780630240442051,
   0.7857389495503777,
   0.832436528614425
  ],
  [
   0.9933475267784281,
   0.2856896047658299,
   0.3324182470292321
  ],
  [
   0.49336554738436394,
   0.28568962187818037,
   0.2389920428141474
  ],
  [
   0.07808104465014103,
   0.7840996224004583,
   0.7390103243993436
  ],
  [
   0.754224737683117,
   0.7856881534083234,
   0.05214363913549332
  ],
  [
   0.8172063592368138,
   0.2857403577876434,
   0.5521294922552344
  ],
  [
   0.31720383374545863,
   0.2857404180202441,
   0.01928493229307921
  ],
  [
   0.2542222121917596,
   0.7856882136409327,
   0.5192990791733408
  ],
  [
   0.9406631137702488,
   0.785767860668835,
   0.6142479410078823
  ],
  [
   0.6307746855411989,
   0.2856606995918082,
   0.1141852134496121
  ],
  [
   0.13076545765832873,
   0.285660710759749,
   0.45718063042071005
  ],
  [
   0.44065388588736404,
   0.7857678718367567,
   0.9572433579789548
  ],
  [
   0.9381991319443621,
   0.7857630996231021,
   0.29003180849006505
  ],
  [
   0.633221400408768,
   0.2856654776310827,
   0.7899652437121043
  ],
  [
   0.13322943948422294,
   0.28566547180545393,
   0.7813967629385008
  ],
  [
   0.4382071710197879,
   0.7857630937974978,
   0.28146332771646937
  ],
  [
   0.535714285714294,
   0.5357142857142884,
   0.5357142857142776
  ],
  [
   0.035714285714276,
   0.5357142857142809,
   0.03571428571428969
  ],
  [
   0.5357142857142945,
   0.035714285714275616,
   0.5357142857142763
  ],
  [
   0.03571428571428916,
   0.03571428571428573,
   0.03571428571427985
  ]
 ]
}