{
 "0": {
  "0": [
   0.6219888787880723,
   0.6404636379887836,
   0.6405705608407966,
   0.6220905722934716,
   0.6263547223118985,
   0.6429363181158616,
   0.6431506902394317,
   0.6265535171007491,
   0.6288400758169954,
   0.6427624518832786,
   0.6428697131317074,
   0.6289366522284316,
   0.6289366522284197,
   0.6428697131316462,
   0.6427624518833452,
   0.6288400758170996,
   0.6265535171007093,
   0.6431506902394428,
   0.6429363181159679,
   0.6263547223119326,
   0.6220905722934944,
   0.6405705608407503,
   0.6404636379886658,
   0.6219888787879626
  ],
  "1": [
   2.9683328405728266,
   2.949856613687064,
   2.949898327886708,
   2.9683714881900114,
   2.9639022728561293,
   2.947309077996044,
   2.947391074749806,
   2.9639800461314305,
   2.961491084145327,
   2.9475564293720016,
   2.947596618878299,
   2.961530286977967,
   2.9615302869780895,
   2.9475966188783196,
   2.9475564293719994,
   2.9614910841452375,
   2.963980046131442,
   2.947391074749767,
   2.9473090779960973,
   2.9639022728561497,
   2.9683714881899887,
   2.949898327886663,
   2.949856613687006,
   2.968332840572849
  ]
 },
 "1": {
  "0": [
   1.8872575028021592,
   1.8876058485285259,
   1.8875964897967366,
   1.8872545757968802,
   1.8872641144026339,
   1.8876130935274293,
   1.887593526291096,
   1.8872581972876095,
   1.887267895275809,
   1.887609727281229,
   1.8875994781290968,
   1.8872648062395203,
   1.8872648062395079,
   1.8875994781290284,
   1.8876097272813408,
   1.8872678952758328,
   1.8872581972875255,
   1.8875935262914683,
   1.8876130935274367,
   1.887264114402742,
   1.8872545757968313,
   1.8875964897966762,
   1.8876058485284475,
   1.8872575028022442
  ],
  "1": [
   1.8297513052865906,
   1.8302936861878214,
   1.830276754708354,
   1.8297381527125338,
   1.8297596229789168,
   1.830266991679617,
   1.830232908328588,
   1.8297330480036291,
   1.8297543962951548,
   1.8302228209899662,
   1.830205780867798,
   1.8297410627052522,
   1.829741062705428,
   1.8302057808677363,
   1.8302228209898885,
   1.8297543962951486,
   1.8297330480036134,
   1.8302329083286724,
   1.8302669916796601,
   1.8297596229789823,
   1.829738152712413,
   1.830276754708373,
   1.8302936861879988,
   1.829751305286548
  ]
 },
 "2": {
  "0": [
   1.7946989901528065,
   1.7946964890986556,
   1.7947057177626202,
   1.794711112826621,
   1.7947044637400391,
   1.7947019315473318,
   1.7946970886237459,
   1.7946919152304843,
   1.794702690946435,
   1.7947138565762375,
   1.7947083405373745,
   1.7947030536280153,
   1.7946981792218548,
   1.7946955589491613,
   1.7947052672729054,
   1.7947110301660072,
   1.7947039728564473,
   1.7947011515333877,
   1.794701151533535,
   1.7947039728566039,
   1.7947110301660467,
   1.794705267272772,
   1.7946955589491123,
   1.7946981792218493,
   1.794703053627773,
   1.794708340537468,
   1.7947138565759126,
   1.7947026909465462,
   1.794691915230596,
   1.794697088623829,
   1.7947019315471793,
   1.794704463739995,
   1.794711112826511,
   1.7947057177626662,
   1.7946964890987063,
   1.794698990152957
  ],
  "1": [
   1.7956868688681642,
   1.7956885579676007,
   1.795682436583046,
   1.7956823687915897,
   1.7956896556934978,
   1.7956877315601714,
   1.7956866417915551,
   1.7956882374744172,
   1.7956823518808998,
   1.795682302065449,
   1.7956903761047476,
   1.79568839356809,
   1.7956873137283615,
   1.7956890175114266,
   1.7956823122215646,
   1.7956821496965127,
   1.795690024814033,
   1.7956881943025744,
   1.795688194302792,
   1.7956900248142422,
   1.7956821496967592,
   1.7956823122216863,
   1.7956890175115927,
   1.7956873137280558,
   1.795688393567797,
   1.7956903761041527,
   1.7956823020654131,
   1.7956823518812772,
   1.7956882374745684,
   1.7956866417917843,
   1.7956877315601834,
   1.7956896556935273,
   1.7956823687919092,
   1.7956824365828157,
   1.7956885579672075,
   1.795686868868165
  ]
 },
 "Z_a": [
  6,
  6,
  6,
  6,
  6,
  6,
  6,
  6,
  6,
  6,
  6,
  6,
  15,
  15,
  15,
  15,
  5,
  5,
  5,
  5,
  6,
  6,
  6,
  6,
  1,
  1,
  1,
  1
 ],
 "spos_ac": [
  [
   0.8699160744877641,
   0.5834161987086461,
   0.7463669200398202
  ],
  [
   0.7015352726879851,
   0.4880090784078269,
   0.246253587368464
  ],
  [
   0.2014849469550319,
   0.08329337259590185,
   0.3250448089018769
  ],
  [
   0.36992089165857833,
   0.9881320104187304,
   0.825158272176593
  ],
  [
   0.20151249694080317,
   0.4880123727199402,
   0.3250616513887663
  ],
  [
   0.36989329874058813,
   0.5834194930207328,
   0.825174984060093
  ],
  [
   0.8699436244735367,
   0.988135198832681,
   0.74638376252669
  ],
  [
   0.7015076797699924,
   0.08329656100983873,
   0.24627029925197835
  ],
  [
   0.5780630240442051,
   0.7857389495503777,
   0.832436528614425
  ],
  [
   0.9933475267784281,
   0.2856896047658299,
   0.3324182470292321
  ],
  [
   0.49336554738436394,
   0.28568962187818037,
   0.2389920428141474
  ],
  [
   0.07808104465014103,
   0.7857389666627534,
   0.7390103243993436
  ],
  [
   0.754224737683117,
   0.7840488091460284,
   0.05214363913549332
  ],
  [
   0.8172063592368138,
   0.2857403577876434,
   0.5521294922552344
  ],
  [
   0.31720383374545863,
   0.2857404180202441,
   0.01928493229307921
  ],
  [
   0.2542222121917596,
   0.7856882136409327,
   0.5192990791733408
  ],
  [
   0.9406631137702488,
   0.785767860668835,
   0.6142479410078823
  ],
  [
   0.6307746855411989,
   0.2856606995918082,
   0.1141852134496121
  ],
  [
   0.13076545765832873,
   0.285660710759749,
   0.45718063042071005
  ],
  [
   0.44065388588736404,
   0.7857678718367567,
   0.9572433579789548
  ],
  [
   0.9381991319443621,
   0.7857630996231021,
   0.29003180849006505
  ],
  [
   0.633221400408768,
   0.2856654776310827,
   0.7899652437121043
  ],
  [
   0.13322943948422294,
   0.28566547180545393,
   0.7813967629385008
  ],
  [
   0.4382071710197879,
   0.7857630937974978,
   0.28146332771646937
  ],
  [
   0.535714285714294,
   0.5357142857142884,
   0.5357142857142776
  ],
  [
   0.035714285714276,
   0.5357142857142809,
   0.03571428571428969
  ],
  [
   0.5357142857142945,
   0.035714285714275616,
   0.5357142857142763
  ],
  [
   0.03571428571428916,
   0.03571428571428573,
   0.03571428571427985
  ]
 ]
}