{
 "0": {
  "0": [
   0.6231928704033225,
   0.6416384306099994,
   0.6416470930352912,
   0.6232023379149748,
   0.6276166500749496,
   0.6442238049610217,
   0.6442353134794849,
   0.6276302384305203,
   0.6300430225363817,
   0.6440491385778229,
   0.6440505327778191,
   0.6300461161124984,
   0.6300461161124747,
   0.6440505327777716,
   0.6440491385778531,
   0.6300430225362983,
   0.6276302384304747,
   0.6442353134795521,
   0.6442238049610226,
   0.627616650075092,
   0.6232023379149843,
   0.6416470930352507,
   0.6416384306100743,
   0.6231928704032846
  ],
  "1": [
   2.9689809403811247,
   2.95064135503636,
   2.9506146415913865,
   2.9689572334695717,
   2.964512253475159,
   2.948031585832533,
   2.947971729977952,
   2.9644597470405785,
   2.962001154710773,
   2.9481410578502034,
   2.9481068682965548,
   2.961971400674378,
   2.9619714006743583,
   2.9481068682965113,
   2.948141057850175,
   2.962001154710648,
   2.9644597470404612,
   2.9479717299778003,
   2.948031585832637,
   2.9645122534752693,
   2.968957233469589,
   2.9506146415914176,
   2.9506413550363906,
   2.9689809403811482
  ]
 },
 "1": {
  "0": [
   1.7965727725167047,
   1.7967811685352253,
   1.7967798262066164,
   1.7965723893546373,
   1.796568939773303,
   1.7967885619206283,
   1.7967861490547543,
   1.7965679094752114,
   1.796564360642939,
   1.7967949277315298,
   1.7967936348956144,
   1.7965638481105897,
   1.7965638481105295,
   1.7967936348956102,
   1.7967949277315893,
   1.7965643606428516,
   1.796567909475163,
   1.7967861490547046,
   1.7967885619206212,
   1.7965689397733264,
   1.7965723893545784,
   1.7967798262065335,
   1.7967811685352881,
   1.796572772516675
  ],
  "1": [
   1.793607584131231,
   1.7935758705474323,
   1.7935780075673236,
   1.7936096499257381,
   1.7936061650221593,
   1.7935642377038137,
   1.793568572482289,
   1.7936100698013913,
   1.7936067318694975,
   1.7935546281142174,
   1.7935566786706754,
   1.7936087409717432,
   1.7936087409717911,
   1.7935566786707478,
   1.7935546281142314,
   1.7936067318695028,
   1.793610069801419,
   1.7935685724822414,
   1.7935642377037888,
   1.7936061650220736,
   1.7936096499257912,
   1.7935780075673546,
   1.7935758705474443,
   1.7936075841312102
  ]
 },
 "2": {
  "0": [
   1.7448938998486823,
   1.7449303905761566,
   1.7449536380403874,
   1.744957585573884,
   1.7449390401885205,
   1.744898255457152,
   1.7448912212903507,
   1.7449310403358365,
   1.7449594175591698,
   1.744968083211562,
   1.7449486824101967,
   1.744900108946964,
   1.744893167018145,
   1.7449406335124136,
   1.7449700751994959,
   1.7449744918861883,
   1.7449495552303418,
   1.744897553045811,
   1.7448975530458033,
   1.7449495552302832,
   1.7449744918862575,
   1.744970075199488,
   1.7449406335122621,
   1.7448931670179677,
   1.7449001089470604,
   1.7449486824102252,
   1.7449680832113426,
   1.7449594175590493,
   1.7449310403357408,
   1.7448912212902439,
   1.7448982554567996,
   1.7449390401884777,
   1.7449575855745703,
   1.7449536380408572,
   1.7449303905762357,
   1.7448938998485612
  ],
  "1": [
   1.746011911825214,
   1.7461662906003796,
   1.7463792533446194,
   1.7463827246096568,
   1.7461738219432204,
   1.7460159660205068,
   1.746007242566528,
   1.7461559785389094,
   1.7463695101448609,
   1.746376137271694,
   1.7461712432188574,
   1.7460153366289894,
   1.7460067024760848,
   1.7461533791074133,
   1.74636282562307,
   1.7463660437268245,
   1.7461609471083948,
   1.7460105448375705,
   1.7460105448375056,
   1.7461609471084643,
   1.7463660437268074,
   1.746362825623149,
   1.7461533791073935,
   1.7460067024761383,
   1.746015336628825,
   1.746171243218829,
   1.7463761372716908,
   1.7463695101446957,
   1.746155978538817,
   1.746007242566561,
   1.7460159660203447,
   1.7461738219432366,
   1.7463827246097925,
   1.7463792533448412,
   1.746166290600409,
   1.7460119118251913
  ]
 },
 "Z_a": [
  6,
  6,
  6,
  6,
  6,
  6,
  6,
  6,
  6,
  6,
  6,
  6,
  15,
  15,
  15,
  15,
  5,
  5,
  5,
  5,
  6,
  6,
  6,
  6,
  1,
  1,
  1,
  1
 ],
 "spos_ac": [
  [
   0.8699160744877641,
   0.5834161987086461,
   0.7463669200398202
  ],
  [
   0.7015352726879851,
   0.4880090784078269,
   0.246253587368464
  ],
  [
   0.2014849469550319,
   0.08329337259590185,
   0.3250448089018769
  ],
  [
   0.36992089165857833,
   0.9881320104187304,
   0.825158272176593
  ],
  [
   0.20151249694080317,
   0.4880123727199402,
   0.3271713560301165
  ],
  [
   0.36989329874058813,
   0.5834194930207328,
   0.825174984060093
  ],
  [
   0.8699436244735367,
   0.988135198832681,
   0.74638376252669
  ],
  [
   0.7015076797699924,
   0.08329656100983873,
   0.24627029925197835
  ],
  [
   0.5780630240442051,
   0.7857389495503777,
   0.832436528614425
  ],
  [
   0.9933475267784281,
   0.2856896047658299,
   0.3324182470292321
  ],
  [
   0.49336554738436394,
   0.28568962187818037,
   0.2389920428141474
  ],
  [
   0.07808104465014103,
   0.7857389666627534,
   0.7390103243993436
  ],
  [
   0.754224737683117,
   0.7856881534083234,
   0.05214363913549332
  ],
  [
   0.8172063592368138,
   0.2857403577876434,
   0.5521294922552344
  ],
  [
   0.31720383374545863,
   0.2857404180202441,
   0.01928493229307921
  ],
  [
   0.2542222121917596,
   0.7856882136409327,
   0.5192990791733408
  ],
  [
   0.9406631137702488,
   0.785767860668835,
   0.6142479410078823
  ],
  [
   0.6307746855411989,
   0.2856606995918082,
   0.1141852134496121
  ],
  [
   0.13076545765832873,
   0.285660710759749,
   0.45718063042071005
  ],
  [
   0.44065388588736404,
   0.7857678718367567,
   0.9572433579789548
  ],
  [
   0.9381991319443621,
   0.7857630996231021,
   0.29003180849006505
  ],
  [
   0.633221400408768,
   0.2856654776310827,
   0.7899652437121043
  ],
  [
   0.13322943948422294,
   0.28566547180545393,
   0.7813967629385008
  ],
  [
   0.4382071710197879,
   0.7857630937974978,
   0.28146332771646937
  ],
  [
   0.535714285714294,
   0.5357142857142884,
   0.5357142857142776
  ],
  [
   0.035714285714276,
   0.5357142857142809,
   0.03571428571428969
  ],
  [
   0.5357142857142945,
   0.035714285714275616,
   0.5357142857142763
  ],
  [
   0.03571428571428916,
   0.03571428571428573,
   0.03571428571427985
  ]
 ]
}