{
 "0": {
  "0": [
   0.6212522534134723,
   0.639844813920969,
   0.6398447935543615,
   0.6212522288387871,
   0.6256935780651041,
   0.6423935883765353,
   0.6423935440228297,
   0.6256935250958822,
   0.628149459706432,
   0.6421941628204761,
   0.6421941376017868,
   0.6281494299121471,
   0.628149429912227,
   0.642194137601871,
   0.6421941628205241,
   0.6281494597063222,
   0.6256935250958894,
   0.6423935440228162,
   0.6423935883765364,
   0.6256935780652237,
   0.6212522288388767,
   0.6398447935544348,
   0.6398448139210225,
   0.6212522534134161
  ],
  "1": [
   2.9679151400191794,
   2.9496816395091803,
   2.9496816520654328,
   2.967915147894678,
   2.96344092386465,
   2.9471055553885894,
   2.9471055724258446,
   2.963440933685393,
   2.9609574912870507,
   2.947282249851514,
   2.9472822528819167,
   2.960957492446296,
   2.960957492446325,
   2.9472822528818643,
   2.947282249851526,
   2.9609574912870427,
   2.9634409336854755,
   2.947105572425535,
   2.9471055553886534,
   2.9634409238646744,
   2.9679151478948262,
   2.9496816520654137,
   2.949681639509132,
   2.96791514001918
  ]
 },
 "1": {
  "0": [
   1.7967190553675096,
   1.7967462040598554,
   1.7967462109537116,
   1.796719058568302,
   1.7967187861907579,
   1.796750237599887,
   1.7967502514613656,
   1.7967187912433957,
   1.7967185240645096,
   1.7967543138506998,
   1.7967543206792018,
   1.7967185263745697,
   1.7967185263745946,
   1.7967543206792702,
   1.7967543138508315,
   1.7967185240642998,
   1.7967187912433105,
   1.7967502514615603,
   1.7967502375999562,
   1.7967187861905427,
   1.7967190585686936,
   1.7967462109535888,
   1.7967462040598534,
   1.7967190553674524
  ],
  "1": [
   1.793672279967601,
   1.7936449367662168,
   1.7936449240202046,
   1.793672277036291,
   1.7936725269995113,
   1.7936408520593459,
   1.7936408259298193,
   1.7936725206721087,
   1.7936727665862382,
   1.7936367173647625,
   1.7936367042114119,
   1.7936727629323301,
   1.7936727629323705,
   1.7936367042112444,
   1.7936367173648617,
   1.7936727665862486,
   1.7936725206721722,
   1.7936408259301149,
   1.7936408520592653,
   1.7936725269995144,
   1.793672277036266,
   1.7936449240202015,
   1.7936449367662923,
   1.7936722799675802
  ]
 },
 "2": {
  "0": [
   1.8051654874497705,
   1.8051955995425515,
   1.8052756980782478,
   1.8052756951741489,
   1.805195595892374,
   1.805165485713624,
   1.8051639151414374,
   1.8052014862169965,
   1.805289255341483,
   1.8052892497638664,
   1.805201478408556,
   1.805163911991127,
   1.8051625558330697,
   1.8052069885787718,
   1.8053036368390767,
   1.8053036337854111,
   1.8052069844755279,
   1.8051625546334122,
   1.8051625546333587,
   1.8052069844753402,
   1.8053036337855264,
   1.8053036368393447,
   1.805206988578837,
   1.8051625558330224,
   1.805163911990914,
   1.8052014784086385,
   1.8052892497634039,
   1.8052892553422724,
   1.8052014862172172,
   1.805163915141778,
   1.8051654857133086,
   1.8051955958927295,
   1.8052756951742859,
   1.8052756980786526,
   1.8051955995424172,
   1.8051654874492176
  ],
  "1": [
   1.8064487470415327,
   1.8067735420428357,
   1.8071424554267024,
   1.8071424511473944,
   1.8067735351685168,
   1.8064487441045893,
   1.806450513770246,
   1.8067790790455764,
   1.8071479709716143,
   1.8071479620329225,
   1.8067790651720723,
   1.8064505080504152,
   1.8064526165693915,
   1.8067844556505577,
   1.8071540715369043,
   1.8071540671153943,
   1.8067844488945581,
   1.8064526142118986,
   1.8064526142121742,
   1.8067844488944678,
   1.8071540671155688,
   1.8071540715368641,
   1.806784455650694,
   1.8064526165695771,
   1.8064505080503974,
   1.8067790651721836,
   1.8071479620329367,
   1.8071479709716722,
   1.80677907904352,
   1.8064505137701932,
   1.8064487441044967,
   1.8067735351686167,
   1.8071424511474037,
   1.8071424554268969,
   1.8067735420426,
   1.8064487470416994
  ]
 },
 "Z_a": [
  6,
  6,
  6,
  6,
  6,
  6,
  6,
  6,
  6,
  6,
  6,
  6,
  15,
  15,
  15,
  15,
  5,
  5,
  5,
  5,
  6,
  6,
  6,
  6,
  1,
  1,
  1,
  1
 ],
 "spos_ac": [
  [
   0.8699160744877641,
   0.5834161987086461,
   0.7463669200398202
  ],
  [
   0.7015352726879851,
   0.4880090784078269,
   0.246253587368464
  ],
  [
   0.2014849469550319,
   0.08329337259590185,
   0.3250448089018769
  ],
  [
   0.36992089165857833,
   0.9881320104187304,
   0.825158272176593
  ],
  [
   0.20151249694080317,
   0.4880123727199402,
   0.3250616513887663
  ],
  [
   0.36989329874058813,
   0.5834194930207328,
   0.825174984060093
  ],
  [
   0.8699436244735367,
   0.988135198832681,
   0.74638376252669
  ],
  [
   0.7015076797699924,
   0.08329656100983873,
   0.24627029925197835
  ],
  [
   0.5780630240442051,
   0.7857389495503777,
   0.832436528614425
  ],
  [
   0.9933475267784281,
   0.2856896047658299,
   0.3324182470292321
  ],
  [
   0.49336554738436394,
   0.28568962187818037,
   0.2389920428141474
  ],
  [
   0.07808104465014103,
   0.7857389666627534,
   0.7390103243993436
  ],
  [
   0.754224737683117,
   0.7856881534083234,
   0.05214363913549332
  ],
  [
   0.8172063592368138,
   0.2857403577876434,
   0.5521294922552344
  ],
  [
   0.31720383374545863,
   0.2857404180202441,
   0.01928493229307921
  ],
  [
   0.2542222121917596,
   0.7856882136409327,
   0.5192990791733408
  ],
  [
   0.9406631137702488,
   0.785767860668835,
   0.6142479410078823
  ],
  [
   0.6307746855411989,
   0.2856606995918082,
   0.1141852134496121
  ],
  [
   0.13076545765832873,
   0.285660710759749,
   0.4550709257793599
  ],
  [
   0.44065388588736404,
   0.7857678718367567,
   0.9572433579789548
  ],
  [
   0.9381991319443621,
   0.7857630996231021,
   0.29003180849006505
  ],
  [
   0.633221400408768,
   0.2856654776310827,
   0.7899652437121043
  ],
  [
   0.13322943948422294,
   0.28566547180545393,
   0.7813967629385008
  ],
  [
   0.4382071710197879,
   0.7857630937974978,
   0.28146332771646937
  ],
  [
   0.535714285714294,
   0.5357142857142884,
   0.5357142857142776
  ],
  [
   0.035714285714276,
   0.5357142857142809,
   0.03571428571428969
  ],
  [
   0.5357142857142945,
   0.035714285714275616,
   0.5357142857142763
  ],
  [
   0.03571428571428916,
   0.03571428571428573,
   0.03571428571427985
  ]
 ]
}