{
 "0": {
  "0": [
   0.6232022682463548,
   0.641646823348345,
   0.6416381472427739,
   0.6231927807022469,
   0.6276302215291855,
   0.6442351371616905,
   0.6442235980779756,
   0.6276165974303846,
   0.630046123783334,
   0.6440504574671193,
   0.6440490465449721,
   0.6300430155768539,
   0.630043015576736,
   0.6440490465448521,
   0.6440504574671696,
   0.6300461237834389,
   0.6276165974302467,
   0.6442235980776846,
   0.6442351371617367,
   0.6276302215292047,
   0.6231927807021973,
   0.6416381472426802,
   0.6416468233484498,
   0.6232022682461705
  ],
  "1": [
   2.9689573220757195,
   2.950614763860192,
   2.9506414793654328,
   2.9689810393532863,
   2.9644598169001743,
   2.9479718526754324,
   2.9480316948471836,
   2.9645123296655083,
   2.961971475036954,
   2.9481070017923496,
   2.948141172373093,
   2.9620012236957343,
   2.9620012236955477,
   2.9481411723732873,
   2.94810700179217,
   2.961971475036979,
   2.964512329665619,
   2.948031694847606,
   2.947971852675234,
   2.9644598169001397,
   2.9689810393530314,
   2.9506414793654283,
   2.9506147638600715,
   2.968957322075654
  ]
 },
 "1": {
  "0": [
   1.7965724672432792,
   1.796779957761044,
   1.7967812996031534,
   1.7965728573968132,
   1.7965679853011391,
   1.796786273138027,
   1.7967886838982918,
   1.7965690307314923,
   1.7965639307226917,
   1.7967937512800003,
   1.7967950419736993,
   1.796564449536492,
   1.796564449536257,
   1.7967950419734797,
   1.796793751279628,
   1.796563930722432,
   1.7965690307317856,
   1.7967886838979734,
   1.7967862731380295,
   1.796567985301025,
   1.796572857396991,
   1.7967812996032013,
   1.7967799577612076,
   1.79657246724326
  ],
  "1": [
   1.7936075216992113,
   1.793575941294532,
   1.7935738140428057,
   1.7936054574152311,
   1.7936079361358497,
   1.7935665132562366,
   1.793562197560285,
   1.793604034976046,
   1.793606605780992,
   1.7935546340778459,
   1.7935525933510648,
   1.7936045983528224,
   1.7936045983526974,
   1.7935525933505836,
   1.793554634077594,
   1.7936066057807876,
   1.7936040349759446,
   1.7935621975603315,
   1.7935665132561114,
   1.7936079361357424,
   1.7936054574153144,
   1.7935738140428845,
   1.7935759412948529,
   1.793607521698939
  ]
 },
 "2": {
  "0": [
   1.8445534475159797,
   1.8445161684533826,
   1.8445080633706386,
   1.8445041145253587,
   1.8445075204445196,
   1.8445490917495873,
   1.8445555382767427,
   1.8445150562692052,
   1.844502401142668,
   1.844493735389529,
   1.844497417075954,
   1.844546651021004,
   1.8445529695036382,
   1.8445049799970843,
   1.8444918972128719,
   1.8444874812825063,
   1.8444960597030684,
   1.8445485846147782,
   1.8445485846145933,
   1.8444960597028446,
   1.8444874812821694,
   1.8444918972131041,
   1.8445049799968394,
   1.8445529695039629,
   1.8445466510211606,
   1.8444974170758048,
   1.8444937353900106,
   1.8445024011424704,
   1.8445150562696755,
   1.8445555382771401,
   1.8445490917498344,
   1.8445075204440584,
   1.8445041145247665,
   1.8445080633710191,
   1.844516168453513,
   1.8445534475165453
  ],
  "1": [
   1.8453249993425422,
   1.8451712263539575,
   1.8449430538217138,
   1.844939573158671,
   1.8451636780167813,
   1.845320940234538,
   1.8453302607309938,
   1.8451820107562253,
   1.844952694633777,
   1.844946049596739,
   1.8451667192123642,
   1.8453221552967003,
   1.8453314207526264,
   1.8451850950797102,
   1.8449592297987643,
   1.8449560018226276,
   1.8451775118836748,
   1.845327574542115,
   1.8453275745418003,
   1.845177511883711,
   1.844956001822754,
   1.8449592297984765,
   1.8451850950796829,
   1.845331420753094,
   1.8453221552967503,
   1.845166719212426,
   1.844946049596373,
   1.8449526946331798,
   1.8451820107572148,
   1.8453302607314848,
   1.8453209402347166,
   1.8451636780163916,
   1.8449395731585976,
   1.8449430538214595,
   1.8451712263548126,
   1.8453249993427372
  ]
 },
 "Z_a": [
  6,
  6,
  6,
  6,
  6,
  6,
  6,
  6,
  6,
  6,
  6,
  6,
  15,
  15,
  15,
  15,
  5,
  5,
  5,
  5,
  6,
  6,
  6,
  6,
  1,
  1,
  1,
  1
 ],
 "spos_ac": [
  [
   0.8699160744877641,
   0.5834161987086461,
   0.7463669200398202
  ],
  [
   0.7015352726879851,
   0.4880090784078269,
   0.2441438827271138
  ],
  [
   0.2014849469550319,
   0.08329337259590185,
   0.3250448089018769
  ],
  [
   0.36992089165857833,
   0.9881320104187304,
   0.825158272176593
  ],
  [
   0.20151249694080317,
   0.4880123727199402,
   0.3250616513887663
  ],
  [
   0.36989329874058813,
   0.5834194930207328,
   0.825174984060093
  ],
  [
   0.8699436244735367,
   0.988135198832681,
   0.74638376252669
  ],
  [
   0.7015076797699924,
   0.08329656100983873,
   0.24627029925197835
  ],
  [
   0.5780630240442051,
   0.7857389495503777,
   0.832436528614425
  ],
  [
   0.9933475267784281,
   0.2856896047658299,
   0.3324182470292321
  ],
  [
   0.49336554738436394,
   0.28568962187818037,
   0.2389920428141474
  ],
  [
   0.07808104465014103,
   0.7857389666627534,
   0.7390103243993436
  ],
  [
   0.754224737683117,
   0.7856881534083234,
   0.05214363913549332
  ],
  [
   0.8172063592368138,
   0.2857403577876434,
   0.5521294922552344
  ],
  [
   0.31720383374545863,
   0.2857404180202441,
   0.01928493229307921
  ],
  [
   0.2542222121917596,
   0.7856882136409327,
   0.5192990791733408
  ],
  [
   0.9406631137702488,
   0.785767860668835,
   0.6142479410078823
  ],
  [
   0.6307746855411989,
   0.2856606995918082,
   0.1141852134496121
  ],
  [
   0.13076545765832873,
   0.285660710759749,
   0.45718063042071005
  ],
  [
   0.44065388588736404,
   0.7857678718367567,
   0.9572433579789548
  ],
  [
   0.9381991319443621,
   0.7857630996231021,
   0.29003180849006505
  ],
  [
   0.633221400408768,
   0.2856654776310827,
   0.7899652437121043
  ],
  [
   0.13322943948422294,
   0.28566547180545393,
   0.7813967629385008
  ],
  [
   0.4382071710197879,
   0.7857630937974978,
   0.28146332771646937
  ],
  [
   0.535714285714294,
   0.5357142857142884,
   0.5357142857142776
  ],
  [
   0.035714285714276,
   0.5357142857142809,
   0.03571428571428969
  ],
  [
   0.5357142857142945,
   0.035714285714275616,
   0.5357142857142763
  ],
  [
   0.03571428571428916,
   0.03571428571428573,
   0.03571428571427985
  ]
 ]
}