{
 "0": {
  "0": [
   0.6219888082591579,
   0.6404642178467316,
   0.6405710340303935,
   0.6220903872793148,
   0.6263547632910591,
   0.6429368048835108,
   0.6431509471049578,
   0.6265533293768283,
   0.6288401041657568,
   0.6427627238055162,
   0.6428698597313035,
   0.6289365661240134,
   0.6289365661239945,
   0.6428698597313772,
   0.6427627238053901,
   0.6288401041657857,
   0.6265533293766614,
   0.6431509471048233,
   0.6429368048834689,
   0.6263547632910375,
   0.6220903872791907,
   0.6405710340302602,
   0.6404642178467367,
   0.6219888082591432
  ],
  "1": [
   2.968331073036248,
   2.9498549010434747,
   2.9498966543397107,
   2.96836974019276,
   2.963900446470937,
   2.9473073152972478,
   2.9473894097657762,
   2.9639782782037476,
   2.961489214323975,
   2.9475546472339262,
   2.947594899145158,
   2.9615284586148927,
   2.961528458614815,
   2.9475948991451983,
   2.9475546472339387,
   2.9614892143240015,
   2.9639782782038555,
   2.9473894097658246,
   2.9473073152973943,
   2.96390044647105,
   2.968369740192646,
   2.9498966543395078,
   2.9498549010436004,
   2.968331073036284
  ]
 },
 "1": {
  "0": [
   1.706185277527731,
   1.7058985062501546,
   1.7058891167814239,
   1.706182329802126,
   1.706181136579988,
   1.7059095686085952,
   1.7058899403970638,
   1.7061751779207512,
   1.7061739962852414,
   1.7059117567194333,
   1.7059014770571899,
   1.7061708867087033,
   1.7061708867086547,
   1.7059014770571541,
   1.7059117567197857,
   1.7061739962851297,
   1.7061751779207768,
   1.7058899403969376,
   1.705909568608555,
   1.7061811365801693,
   1.7061823298022298,
   1.7058891167814076,
   1.7058985062499539,
   1.706185277527945
  ],
  "1": [
   1.7576020901028384,
   1.7570076913816017,
   1.7569907635260416,
   1.757588941787821,
   1.7576077032189152,
   1.7570434278884923,
   1.7570093519609369,
   1.7575811372991705,
   1.757600191578281,
   1.7570623764186135,
   1.7570453400927009,
   1.7575868626406783,
   1.7575868626408213,
   1.7570453400929897,
   1.7570623764186362,
   1.7576001915782067,
   1.7575811372991021,
   1.7570093519605798,
   1.7570434278883218,
   1.75760770321916,
   1.7575889417879613,
   1.7569907635261863,
   1.757007691381599,
   1.7576020901028757
  ]
 },
 "2": {
  "0": [
   1.7947464311060657,
   1.794743408497613,
   1.7947521279284966,
   1.7947575203593487,
   1.7947513786030111,
   1.79474936896221,
   1.7947447280341082,
   1.7947390901692293,
   1.794749519264144,
   1.794760680534045,
   1.794755505868775,
   1.7947506867175023,
   1.7947460118802065,
   1.7947429900153917,
   1.7947525193541463,
   1.7947582802457274,
   1.7947513992679314,
   1.7947489809402928,
   1.7947489809407324,
   1.79475139926821,
   1.7947582802457105,
   1.7947525193543206,
   1.794742990015577,
   1.7947460118802572,
   1.7947506867173568,
   1.7947555058694202,
   1.7947606805342746,
   1.7947495192641394,
   1.7947390901686031,
   1.794744728033889,
   1.794749368962378,
   1.794751378603116,
   1.7947575203594321,
   1.7947521279285996,
   1.794743408497028,
   1.7947464311061
  ],
  "1": [
   1.7956464562167316,
   1.7956448596593122,
   1.7956365163474237,
   1.795636460030929,
   1.79564598026345,
   1.7956473321729607,
   1.7956463977678059,
   1.7956446160466475,
   1.7956364907502753,
   1.7956364629501864,
   1.7956468008264004,
   1.7956481741535644,
   1.7956472471630798,
   1.795645490172897,
   1.795636526689883,
   1.7956363748345843,
   1.7956465206166126,
   1.7956481404074507,
   1.795648140407197,
   1.7956465206166927,
   1.7956363748348692,
   1.7956365266895347,
   1.7956454901729204,
   1.7956472471628557,
   1.7956481741531878,
   1.7956468008266224,
   1.7956364629497434,
   1.7956364907511089,
   1.7956446160465267,
   1.7956463977678347,
   1.7956473321727013,
   1.795645980263835,
   1.795636460030918,
   1.7956365163472148,
   1.7956448596592847,
   1.795646456216486
  ]
 },
 "Z_a": [
  6,
  6,
  6,
  6,
  6,
  6,
  6,
  6,
  6,
  6,
  6,
  6,
  15,
  15,
  15,
  15,
  5,
  5,
  5,
  5,
  6,
  6,
  6,
  6,
  1,
  1,
  1,
  1
 ],
 "spos_ac": [
  [
   0.8699160744877641,
   0.5834161987086461,
   0.7463669200398202
  ],
  [
   0.7015352726879851,
   0.4880090784078269,
   0.246253587368464
  ],
  [
   0.2014849469550319,
   0.08329337259590185,
   0.3250448089018769
  ],
  [
   0.36992089165857833,
   0.9881320104187304,
   0.825158272176593
  ],
  [
   0.20151249694080317,
   0.4880123727199402,
   0.3250616513887663
  ],
  [
   0.36989329874058813,
   0.5834194930207328,
   0.825174984060093
  ],
  [
   0.8699436244735367,
   0.988135198832681,
   0.74638376252669
  ],
  [
   0.7015076797699924,
   0.08329656100983873,
   0.24627029925197835
  ],
  [
   0.5780630240442051,
   0.7857389495503777,
   0.832436528614425
  ],
  [
   0.9933475267784281,
   0.2856896047658299,
   0.3324182470292321
  ],
  [
   0.49336554738436394,
   0.28568962187818037,
   0.2389920428141474
  ],
  [
   0.07808104465014103,
   0.7857389666627534,
   0.7390103243993436
  ],
  [
   0.754224737683117,
   0.7856881534083234,
   0.05214363913549332
  ],
  [
   0.8172063592368138,
   0.2857403577876434,
   0.5521294922552344
  ],
  [
   0.31720383374545863,
   0.2857404180202441,
   0.01928493229307921
  ],
  [
   0.2542222121917596,
   0.7873275579032277,
   0.5192990791733408
  ],
  [
   0.9406631137702488,
   0.785767860668835,
   0.6142479410078823
  ],
  [
   0.6307746855411989,
   0.2856606995918082,
   0.1141852134496121
  ],
  [
   0.13076545765832873,
   0.285660710759749,
   0.45718063042071005
  ],
  [
   0.44065388588736404,
   0.7857678718367567,
   0.9572433579789548
  ],
  [
   0.9381991319443621,
   0.7857630996231021,
   0.29003180849006505
  ],
  [
   0.633221400408768,
   0.2856654776310827,
   0.7899652437121043
  ],
  [
   0.13322943948422294,
   0.28566547180545393,
   0.7813967629385008
  ],
  [
   0.4382071710197879,
   0.7857630937974978,
   0.28146332771646937
  ],
  [
   0.535714285714294,
   0.5357142857142884,
   0.5357142857142776
  ],
  [
   0.035714285714276,
   0.5357142857142809,
   0.03571428571428969
  ],
  [
   0.5357142857142945,
   0.035714285714275616,
   0.5357142857142763
  ],
  [
   0.03571428571428916,
   0.03571428571428573,
   0.03571428571427985
  ]
 ]
}