{
 "0": {
  "0": [
   0.6208652678760777,
   0.6393731357995779,
   0.6393647340038867,
   0.6208561750222673,
   0.6252690849468685,
   0.6418443409826953,
   0.6418335451914907,
   0.6252562765579832,
   0.6277106122459236,
   0.6415687950081882,
   0.6415678825953224,
   0.6277079392296145,
   0.6277079392295144,
   0.6415678825953413,
   0.6415687950081245,
   0.6277106122458666,
   0.6252562765579561,
   0.6418335451915538,
   0.641844340982725,
   0.6252690849468436,
   0.6208561750222292,
   0.6393647340039343,
   0.6393731357997177,
   0.6208652678760871
  ],
  "1": [
   2.967733483668195,
   2.9491165540320887,
   2.9491441213402254,
   2.9677579104372045,
   2.963376385931765,
   2.9466724116319907,
   2.9467343345252632,
   2.9634306872491534,
   2.9610236674036017,
   2.947018611372321,
   2.9470540907882494,
   2.96105457298198,
   2.9610545729819178,
   2.9470540907881873,
   2.947018611372292,
   2.9610236674035413,
   2.963430687249163,
   2.9467343345253485,
   2.9466724116320715,
   2.9633763859320026,
   2.9677579104374074,
   2.949144121340177,
   2.949116554032029,
   2.967733483668245
  ]
 },
 "1": {
  "0": [
   1.7965828432767814,
   1.7967875949269034,
   1.7967890292471334,
   1.7965832067818504,
   1.796578287113702,
   1.796793811789903,
   1.7967964465717554,
   1.79657927102264,
   1.79657412982367,
   1.7968012956140607,
   1.7968027171008294,
   1.7965746227461885,
   1.796574622746231,
   1.7968027171007561,
   1.7968012956140262,
   1.7965741298236841,
   1.7965792710225421,
   1.7967964465717285,
   1.7967938117899225,
   1.7965782871136204,
   1.7965832067819605,
   1.796789029247158,
   1.7967875949269438,
   1.7965828432766784
  ],
  "1": [
   1.7936516497065107,
   1.7936148540572314,
   1.7936124605785257,
   1.7936494340289824,
   1.7936520045240123,
   1.7936052471904709,
   1.793600403435837,
   1.7936478002256036,
   1.7936504390994732,
   1.7935929347054749,
   1.7935906271498594,
   1.7936482797292193,
   1.7936482797293514,
   1.7935906271498359,
   1.79359293470541,
   1.7936504390994497,
   1.793647800225547,
   1.7936004034357125,
   1.7936052471904085,
   1.7936520045238984,
   1.7936494340291267,
   1.7936124605783916,
   1.7936148540573167,
   1.793651649706483
  ]
 },
 "2": {
  "0": [
   1.7448709469349566,
   1.7449086370763438,
   1.7449230314197792,
   1.744919055624222,
   1.7448998909588287,
   1.7448665637479333,
   1.7448728895739523,
   1.7449185259781204,
   1.7449338858835546,
   1.7449251349973687,
   1.7449007083000232,
   1.7448639335995897,
   1.7448703511598944,
   1.7449195758618166,
   1.74494059583225,
   1.7449361168426754,
   1.7449105589342615,
   1.744865923039855,
   1.7448659230392316,
   1.744910558933592,
   1.7449361168419233,
   1.7449405958315807,
   1.7449195758614662,
   1.7448703511599934,
   1.7448639335995946,
   1.7449007083001704,
   1.7449251349974235,
   1.7449338858832555,
   1.744918525977913,
   1.744872889573208,
   1.7448665637470995,
   1.7448998909584035,
   1.7449190556242042,
   1.7449230314197754,
   1.7449086370764109,
   1.7448709469348966
  ],
  "1": [
   1.746009221766514,
   1.746169831459778,
   1.7463829973967002,
   1.7463796058064547,
   1.7461623782607325,
   1.7460051510619898,
   1.7460083642173885,
   1.7461667957372426,
   1.746375700174657,
   1.74636923828831,
   1.7461516479634072,
   1.7460002525289753,
   1.7460033475176102,
   1.7461560549821025,
   1.7463649519198867,
   1.7463618106178638,
   1.7461485583390053,
   1.7459994898161442,
   1.7459994898157911,
   1.7461485583386318,
   1.746361810617872,
   1.7463649519194786,
   1.746156054981936,
   1.7460033475175354,
   1.7460002525289102,
   1.7461516479631585,
   1.746369238288235,
   1.7463757001745919,
   1.7461667957371867,
   1.746008364216828,
   1.7460051510616463,
   1.7461623782606197,
   1.7463796058068388,
   1.7463829973965952,
   1.7461698314596714,
   1.7460092217666536
  ]
 },
 "Z_a": [
  6,
  6,
  6,
  6,
  6,
  6,
  6,
  6,
  6,
  6,
  6,
  6,
  15,
  15,
  15,
  15,
  5,
  5,
  5,
  5,
  6,
  6,
  6,
  6,
  1,
  1,
  1,
  1
 ],
 "spos_ac": [
  [
   0.8699160744877641,
   0.5834161987086461,
   0.7463669200398202
  ],
  [
   0.7015352726879851,
   0.4880090784078269,
   0.246253587368464
  ],
  [
   0.2014849469550319,
   0.08329337259590185,
   0.3250448089018769
  ],
  [
   0.36992089165857833,
   0.9881320104187304,
   0.825158272176593
  ],
  [
   0.20151249694080317,
   0.4880123727199402,
   0.3250616513887663
  ],
  [
   0.36989329874058813,
   0.5834194930207328,
   0.825174984060093
  ],
  [
   0.8699436244735367,
   0.988135198832681,
   0.74638376252669
  ],
  [
   0.7015076797699924,
   0.08329656100983873,
   0.24838000389332857
  ],
  [
   0.5780630240442051,
   0.7857389495503777,
   0.832436528614425
  ],
  [
   0.9933475267784281,
   0.2856896047658299,
   0.3324182470292321
  ],
  [
   0.49336554738436394,
   0.28568962187818037,
   0.2389920428141474
  ],
  [
   0.07808104465014103,
   0.7857389666627534,
   0.7390103243993436
  ],
  [
   0.754224737683117,
   0.7856881534083234,
   0.05214363913549332
  ],
  [
   0.8172063592368138,
   0.2857403577876434,
   0.5521294922552344
  ],
  [
   0.31720383374545863,
   0.2857404180202441,
   0.01928493229307921
  ],
  [
   0.2542222121917596,
   0.7856882136409327,
   0.5192990791733408
  ],
  [
   0.9406631137702488,
   0.785767860668835,
   0.6142479410078823
  ],
  [
   0.6307746855411989,
   0.2856606995918082,
   0.1141852134496121
  ],
  [
   0.13076545765832873,
   0.285660710759749,
   0.45718063042071005
  ],
  [
   0.44065388588736404,
   0.7857678718367567,
   0.9572433579789548
  ],
  [
   0.9381991319443621,
   0.7857630996231021,
   0.29003180849006505
  ],
  [
   0.633221400408768,
   0.2856654776310827,
   0.7899652437121043
  ],
  [
   0.13322943948422294,
   0.28566547180545393,
   0.7813967629385008
  ],
  [
   0.4382071710197879,
   0.7857630937974978,
   0.28146332771646937
  ],
  [
   0.535714285714294,
   0.5357142857142884,
   0.5357142857142776
  ],
  [
   0.035714285714276,
   0.5357142857142809,
   0.03571428571428969
  ],
  [
   0.5357142857142945,
   0.035714285714275616,
   0.5357142857142763
  ],
  [
   0.03571428571428916,
   0.03571428571428573,
   0.03571428571427985
  ]
 ]
}