{
 "0": {
  "0": [
   0.6214148594573786,
   0.6398714674839114,
   0.6398642051252615,
   0.621409503143553,
   0.6257843046734141,
   0.6423824778624899,
   0.642367391097593,
   0.6257720948902545,
   0.6281667429224086,
   0.6421325714821632,
   0.6421245510438746,
   0.6281596661293569,
   0.6281596661292953,
   0.6421245510438742,
   0.642132571482156,
   0.628166742922414,
   0.6257720948901798,
   0.6423673910975733,
   0.6423824778625338,
   0.6257843046733974,
   0.6214095031435255,
   0.6398642051252189,
   0.6398714674839441,
   0.6214148594573438
  ],
  "1": [
   2.9677366002366394,
   2.9492398615575746,
   2.9492325832869617,
   2.967731209927478,
   2.9632793216029287,
   2.946695235317937,
   2.9466801278247967,
   2.9632670277032807,
   2.9607956573171177,
   2.946897529450842,
   2.9468895058796667,
   2.960788530848554,
   2.9607885308484674,
   2.9468895058796956,
   2.946897529450846,
   2.960795657317121,
   2.963267027703268,
   2.946680127824756,
   2.946695235317924,
   2.9632793216029216,
   2.967731209927461,
   2.949232583286941,
   2.9492398615575017,
   2.9677366002366785
  ]
 },
 "1": {
  "0": [
   1.7963892386183922,
   1.7963940139028123,
   1.7963934913065194,
   1.7963887384757702,
   1.7963908544948608,
   1.7964002162231796,
   1.7963991252967635,
   1.7963898686848345,
   1.7963919581961514,
   1.7964059161160908,
   1.796405367594039,
   1.7963914821914964,
   1.7963914821914468,
   1.7964053675940597,
   1.7964059161160875,
   1.7963919581960988,
   1.7963898686848558,
   1.7963991252967788,
   1.7964002162231254,
   1.7963908544947942,
   1.796388738475733,
   1.7963934913065371,
   1.7963940139028225,
   1.796389238618323
  ],
  "1": [
   1.7933426253501545,
   1.7932930090279586,
   1.793292478638521,
   1.79334213244409,
   1.7933447615023053,
   1.7932910616444726,
   1.7932899543213532,
   1.793343790271291,
   1.7933463836609689,
   1.7932885317061795,
   1.79328797439462,
   1.7933459148673945,
   1.7933459148674469,
   1.793287974394591,
   1.793288531706078,
   1.793346383660886,
   1.7933437902711677,
   1.7932899543213798,
   1.7932910616444486,
   1.7933447615023403,
   1.7933421324439927,
   1.793292478638426,
   1.7932930090281123,
   1.793342625350052
  ]
 },
 "2": {
  "0": [
   1.795114958655803,
   1.795110994354985,
   1.7951188871363895,
   1.7951184271555178,
   1.7951101563222354,
   1.795114555421048,
   1.7951155819525169,
   1.7951128316513296,
   1.7951219725541643,
   1.7951209839418885,
   1.7951111027077031,
   1.7951149263006954,
   1.7951160045819414,
   1.7951137580062235,
   1.7951246712781828,
   1.7951241960638609,
   1.7951128864999515,
   1.7951156379645503,
   1.7951156379645672,
   1.7951128864999093,
   1.7951241960639515,
   1.7951246712783435,
   1.7951137580063397,
   1.7951160045818573,
   1.795114926301006,
   1.795111102707608,
   1.7951209839418025,
   1.7951219725541412,
   1.7951128316512053,
   1.7951155819525595,
   1.7951145554210992,
   1.795110156322189,
   1.7951184271555505,
   1.7951188871363064,
   1.7951109943549,
   1.7951149586560111
  ],
  "1": [
   1.796061002202587,
   1.796057575146888,
   1.7960500290471224,
   1.7960495615455165,
   1.7960567186551568,
   1.7960605892144303,
   1.7960622348606397,
   1.796059903004088,
   1.7960530207032062,
   1.7960520164171232,
   1.7960581383614491,
   1.7960615603954824,
   1.7960632923248288,
   1.7960613256306648,
   1.7960555815530252,
   1.7960550983860009,
   1.7960604363439654,
   1.796062916603249,
   1.796062916603334,
   1.7960604363439625,
   1.7960550983859855,
   1.7960555815528219,
   1.7960613256308453,
   1.7960632923247908,
   1.79606156039537,
   1.7960581383615246,
   1.796052016417176,
   1.7960530207032226,
   1.7960599030038684,
   1.796062234860732,
   1.7960605892145283,
   1.7960567186552534,
   1.7960495615455285,
   1.796050029047131,
   1.796057575146819,
   1.7960610022025787
  ]
 },
 "Z_a": [
  6,
  6,
  6,
  6,
  6,
  6,
  6,
  6,
  6,
  6,
  6,
  6,
  15,
  15,
  15,
  15,
  5,
  5,
  5,
  5,
  6,
  6,
  6,
  6,
  1,
  1,
  1,
  1
 ],
 "spos_ac": [
  [
   0.8699160744877641,
   0.5834161987086461,
   0.7463669200398202
  ],
  [
   0.7015352726879851,
   0.4880090784078269,
   0.246253587368464
  ],
  [
   0.2014849469550319,
   0.08329337259590185,
   0.3250448089018769
  ],
  [
   0.36992089165857833,
   0.9881320104187304,
   0.825158272176593
  ],
  [
   0.20151249694080317,
   0.4880123727199402,
   0.3250616513887663
  ],
  [
   0.36989329874058813,
   0.5834194930207328,
   0.825174984060093
  ],
  [
   0.8699436244735367,
   0.988135198832681,
   0.74638376252669
  ],
  [
   0.7015076797699924,
   0.08329656100983873,
   0.24627029925197835
  ],
  [
   0.5780630240442051,
   0.7857389495503777,
   0.832436528614425
  ],
  [
   0.9933475267784281,
   0.2856896047658299,
   0.3324182470292321
  ],
  [
   0.49336554738436394,
   0.28568962187818037,
   0.2389920428141474
  ],
  [
   0.07808104465014103,
   0.7857389666627534,
   0.7390103243993436
  ],
  [
   0.754224737683117,
   0.7856881534083234,
   0.05214363913549332
  ],
  [
   0.8172063592368138,
   0.2857403577876434,
   0.5521294922552344
  ],
  [
   0.31720383374545863,
   0.2857404180202441,
   0.01928493229307921
  ],
  [
   0.2542222121917596,
   0.7856882136409327,
   0.5192990791733408
  ],
  [
   0.9406631137702488,
   0.785767860668835,
   0.6142479410078823
  ],
  [
   0.6307746855411989,
   0.2856606995918082,
   0.1141852134496121
  ],
  [
   0.13076545765832873,
   0.285660710759749,
   0.45718063042071005
  ],
  [
   0.44065388588736404,
   0.7857678718367567,
   0.9572433579789548
  ],
  [
   0.9381991319443621,
   0.7857630996231021,
   0.29003180849006505
  ],
  [
   0.633221400408768,
   0.2856654776310827,
   0.7899652437121043
  ],
  [
   0.13322943948422294,
   0.28566547180545393,
   0.7813967629385008
  ],
  [
   0.4382071710197879,
   0.7857630937974978,
   0.28146332771646937
  ],
  [
   0.535714285714294,
   0.5357142857142884,
   0.5357142857142776
  ],
  [
   0.035714285714276,
   0.5357142857142809,
   0.03571428571428969
  ],
  [
   0.5357142857142945,
   0.034074941451980534,
   0.5357142857142763
  ],
  [
   0.03571428571428916,
   0.03571428571428573,
   0.03571428571427985
  ]
 ]
}