{
 "0": {
  "0": [
   0.6226570954908242,
   0.6411541228448258,
   0.64116139050378,
   0.6226624658079986,
   0.6271146495532345,
   0.6436990929311602,
   0.6437141810966568,
   0.6271269036568194,
   0.6295987155107379,
   0.643497272860733,
   0.6435052869449239,
   0.629605822179969,
   0.6296058221800376,
   0.6435052869449291,
   0.6434972728606277,
   0.6295987155107362,
   0.6271269036569194,
   0.6437141810966532,
   0.6436990929311722,
   0.6271146495531841,
   0.6226624658079589,
   0.6411613905037822,
   0.6411541228448299,
   0.6226570954907792
  ],
  "1": [
   2.968978864734794,
   2.9505225171642757,
   2.9505297692744126,
   2.9689842012930043,
   2.964609706613149,
   2.9480118574885252,
   2.9480269256106406,
   2.9646218771108725,
   2.9622276819128333,
   2.948262246550247,
   2.948270257860024,
   2.962234739201795,
   2.962234739201739,
   2.9482702578599356,
   2.948262246550198,
   2.962227681912749,
   2.9646218771107513,
   2.9480269256106473,
   2.948011857488488,
   2.9646097066131367,
   2.968984201293026,
   2.9505297692744006,
   2.9505225171643295,
   2.968978864734968
  ]
 },
 "1": {
  "0": [
   1.7963878689680723,
   1.7963928794481347,
   1.7963934121895089,
   1.7963883639251135,
   1.796389005627859,
   1.796398482920317,
   1.7963995950888405,
   1.7963899803550414,
   1.7963906196389123,
   1.7964047058137795,
   1.7964052657563008,
   1.7963910903217222,
   1.7963910903217277,
   1.796405265756227,
   1.7964047058137114,
   1.7963906196388393,
   1.7963899803551484,
   1.796399595088882,
   1.796398482920287,
   1.796389005627822,
   1.7963883639249973,
   1.7963934121896148,
   1.7963928794482618,
   1.796387868968125
  ],
  "1": [
   1.7933396588584418,
   1.7932897610209817,
   1.7932902859512743,
   1.7933401610811817,
   1.793341294361757,
   1.7932872797419086,
   1.7932883755190467,
   1.7933422837198731,
   1.7933434053416055,
   1.7932853367867818,
   1.7932858879337679,
   1.793343883261438,
   1.7933438832614508,
   1.7932858879336808,
   1.7932853367868111,
   1.7933434053416728,
   1.7933422837205555,
   1.7932883755190991,
   1.7932872797416233,
   1.7933412943617106,
   1.7933401610812152,
   1.7932902859512143,
   1.7932897610209633,
   1.7933396588585127
  ]
 },
 "2": {
  "0": [
   1.7951164611119987,
   1.7951122321312305,
   1.7951206687414862,
   1.7951211367332698,
   1.7951130891274585,
   1.7951168739635184,
   1.7951168383073661,
   1.7951131763144084,
   1.7951232236699968,
   1.7951242285898665,
   1.7951149414847587,
   1.7951175132104054,
   1.7951175662641639,
   1.795114976630701,
   1.795126442937637,
   1.7951269265082923,
   1.7951158662441795,
   1.7951179421812513,
   1.795117942181412,
   1.7951158662444413,
   1.7951269265086216,
   1.7951264429373854,
   1.7951149766309469,
   1.7951175662641083,
   1.7951175132107047,
   1.7951149414848238,
   1.7951242285901494,
   1.7951232236702388,
   1.7951131763147474,
   1.7951168383073135,
   1.7951168739632684,
   1.795113089127318,
   1.795121136732931,
   1.795120668741941,
   1.795112232131589,
   1.7951164611119674
  ],
  "1": [
   1.796059743058788,
   1.7960556104123844,
   1.7960482144429855,
   1.7960486749013709,
   1.7960564489178312,
   1.7960601461481973,
   1.7960607039953567,
   1.7960570261781024,
   1.796050665336746,
   1.796051654552019,
   1.7960587555889396,
   1.7960613600608708,
   1.7960620410611772,
   1.796059302139432,
   1.7960537344970386,
   1.7960542100970676,
   1.796060173933696,
   1.7960624078725043,
   1.7960624078724794,
   1.7960601739335507,
   1.7960542100968686,
   1.7960537344970993,
   1.7960593021393974,
   1.7960620410611174,
   1.7960613600609727,
   1.7960587555891072,
   1.7960516545516043,
   1.7960506653365196,
   1.7960570261781146,
   1.796060703994927,
   1.7960601461482248,
   1.7960564489180173,
   1.796048674901529,
   1.7960482144429832,
   1.7960556104123755,
   1.7960597430589689
  ]
 },
 "Z_a": [
  6,
  6,
  6,
  6,
  6,
  6,
  6,
  6,
  6,
  6,
  6,
  6,
  15,
  15,
  15,
  15,
  5,
  5,
  5,
  5,
  6,
  6,
  6,
  6,
  1,
  1,
  1,
  1
 ],
 "spos_ac": [
  [
   0.8699160744877641,
   0.5834161987086461,
   0.7463669200398202
  ],
  [
   0.7015352726879851,
   0.4880090784078269,
   0.246253587368464
  ],
  [
   0.2014849469550319,
   0.08329337259590185,
   0.3250448089018769
  ],
  [
   0.36992089165857833,
   0.9881320104187304,
   0.825158272176593
  ],
  [
   0.20151249694080317,
   0.4880123727199402,
   0.3250616513887663
  ],
  [
   0.36989329874058813,
   0.5834194930207328,
   0.825174984060093
  ],
  [
   0.8699436244735367,
   0.988135198832681,
   0.74638376252669
  ],
  [
   0.7015076797699924,
   0.08329656100983873,
   0.24627029925197835
  ],
  [
   0.5780630240442051,
   0.7857389495503777,
   0.832436528614425
  ],
  [
   0.9933475267784281,
   0.2856896047658299,
   0.3324182470292321
  ],
  [
   0.49336554738436394,
   0.28568962187818037,
   0.2389920428141474
  ],
  [
   0.07808104465014103,
   0.7857389666627534,
   0.7390103243993436
  ],
  [
   0.754224737683117,
   0.7856881534083234,
   0.05214363913549332
  ],
  [
   0.8172063592368138,
   0.2857403577876434,
   0.5521294922552344
  ],
  [
   0.31720383374545863,
   0.2857404180202441,
   0.01928493229307921
  ],
  [
   0.2542222121917596,
   0.7856882136409327,
   0.5192990791733408
  ],
  [
   0.9406631137702488,
   0.785767860668835,
   0.6142479410078823
  ],
  [
   0.6307746855411989,
   0.2856606995918082,
   0.1141852134496121
  ],
  [
   0.13076545765832873,
   0.285660710759749,
   0.45718063042071005
  ],
  [
   0.44065388588736404,
   0.7857678718367567,
   0.9572433579789548
  ],
  [
   0.9381991319443621,
   0.7857630996231021,
   0.29003180849006505
  ],
  [
   0.633221400408768,
   0.2856654776310827,
   0.7899652437121043
  ],
  [
   0.13322943948422294,
   0.28566547180545393,
   0.7813967629385008
  ],
  [
   0.4382071710197879,
   0.7857630937974978,
   0.28146332771646937
  ],
  [
   0.535714285714294,
   0.5357142857142884,
   0.5357142857142776
  ],
  [
   0.035714285714276,
   0.5340749414519859,
   0.03571428571428969
  ],
  [
   0.5357142857142945,
   0.035714285714275616,
   0.5357142857142763
  ],
  [
   0.03571428571428916,
   0.03571428571428573,
   0.03571428571427985
  ]
 ]
}