{
 "0": {
  "0": [
   0.5994783026851762,
   0.6177668163945336,
   0.6177261623254534,
   0.5994352760220434,
   0.6039290848014334,
   0.6204011857321702,
   0.6203189379008796,
   0.6038435697901241,
   0.6063600367204791,
   0.6202521149063608,
   0.620210499182038,
   0.6063173189929865,
   0.6063173189930082,
   0.6202104991820128,
   0.6202521149063267,
   0.6063600367204196,
   0.6038435697900214,
   0.6203189379009229,
   0.6204011857321479,
   0.60392908480144,
   0.5994352760221942,
   0.6177261623253442,
   0.6177668163945685,
   0.5994783026851558
  ],
  "1": [
   2.9455641215471196,
   2.927049568478064,
   2.9270121044243647,
   2.945520845841969,
   2.941173885516339,
   2.9246217833094383,
   2.924549560666442,
   2.9410877430208444,
   2.9387161157961765,
   2.924907516992682,
   2.9248729865120873,
   2.9386731484119406,
   2.938673148411941,
   2.924872986512098,
   2.924907516992685,
   2.9387161157961166,
   2.9410877430209266,
   2.9245495606665344,
   2.924621783309466,
   2.9411738855163105,
   2.9455208458421067,
   2.927012104424364,
   2.927049568478136,
   2.945564121547212
  ]
 },
 "1": {
  "0": [
   1.7936849170650258,
   1.7935021638230753,
   1.7935122276410116,
   1.7936900191714735,
   1.7936797206739437,
   1.7934985942218133,
   1.7935183177375944,
   1.7936895474565802,
   1.7936797314351922,
   1.7935043574600882,
   1.793514588902339,
   1.7936844343843625,
   1.7936844343843619,
   1.7935145889024018,
   1.793504357460106,
   1.793679731435239,
   1.7936895474565235,
   1.7935183177377036,
   1.7934985942219013,
   1.7936797206738784,
   1.7936900191715486,
   1.7935122276410111,
   1.7935021638230726,
   1.7936849170650813
  ],
  "1": [
   1.7922712589582919,
   1.7926985343371413,
   1.7926950464539617,
   1.792269404989207,
   1.7922785506796386,
   1.7926988505276436,
   1.7926917325830423,
   1.7922748571629266,
   1.7922838912719463,
   1.7926955912465643,
   1.7926919731649165,
   1.7922821050074027,
   1.792282105007381,
   1.7926919731649504,
   1.7926955912465625,
   1.7922838912719405,
   1.7922748571629885,
   1.792691732583087,
   1.7926988505274977,
   1.7922785506795387,
   1.7922694049892098,
   1.792695046454064,
   1.7926985343371409,
   1.7922712589582996
  ]
 },
 "2": {
  "0": [
   1.7928211761755533,
   1.7930226599565195,
   1.793286509364481,
   1.7932823207960515,
   1.7930150828502582,
   1.7928175231072758,
   1.7928235454044517,
   1.7930157800400268,
   1.7932741994542327,
   1.7932658601067515,
   1.7930002927814408,
   1.7928161108933711,
   1.7928219869297761,
   1.793000829970161,
   1.7932562788683464,
   1.793252228669653,
   1.7929929743269548,
   1.7928181815652777,
   1.7928181815655233,
   1.79299297432684,
   1.793252228669603,
   1.7932562788680833,
   1.7930008299703482,
   1.7928219869298851,
   1.7928161108932705,
   1.7930002927815776,
   1.7932658601069014,
   1.7932741994541912,
   1.793015780040138,
   1.792823545404674,
   1.7928175231073773,
   1.7930150828506333,
   1.7932823207961333,
   1.7932865093642076,
   1.7930226599565664,
   1.7928211761757735
  ],
  "1": [
   1.7926945963732357,
   1.7926854037216333,
   1.7927034269096462,
   1.7927011687958485,
   1.7926799137203895,
   1.7926916088424067,
   1.7926978832115896,
   1.792693006417361,
   1.7927121926064138,
   1.7927080246673972,
   1.792681677615486,
   1.7926915571309425,
   1.7926979193698036,
   1.7926949578718716,
   1.792718645864695,
   1.7927164505451532,
   1.7926891277580335,
   1.7926949452498122,
   1.7926949452497776,
   1.7926891277581272,
   1.7927164505451763,
   1.7927186458649034,
   1.7926949578720124,
   1.7926979193697872,
   1.7926915571308986,
   1.7926816776154273,
   1.7927080246673246,
   1.7927121926070821,
   1.7926930064175735,
   1.7926978832114864,
   1.7926916088423808,
   1.7926799137201799,
   1.7927011687956749,
   1.792703426909305,
   1.7926854037217232,
   1.7926945963737118
  ]
 },
 "Z_a": [
  6,
  6,
  6,
  6,
  6,
  6,
  6,
  6,
  6,
  6,
  6,
  6,
  15,
  15,
  15,
  15,
  5,
  5,
  5,
  5,
  6,
  6,
  6,
  6,
  1,
  1,
  1,
  1
 ],
 "spos_ac": [
  [
   0.8699160744877641,
   0.5834161987086461,
   0.7463669200398202
  ],
  [
   0.7015352726879851,
   0.4880090784078269,
   0.246253587368464
  ],
  [
   0.2014849469550319,
   0.08329337259590185,
   0.3250448089018769
  ],
  [
   0.36992089165857833,
   0.9881320104187304,
   0.825158272176593
  ],
  [
   0.20151249694080317,
   0.4880123727199402,
   0.3250616513887663
  ],
  [
   0.3708493216851388,
   0.5834194930207328,
   0.825174984060093
  ],
  [
   0.8699436244735367,
   0.988135198832681,
   0.74638376252669
  ],
  [
   0.7015076797699924,
   0.08329656100983873,
   0.24627029925197835
  ],
  [
   0.5780630240442051,
   0.7857389495503777,
   0.832436528614425
  ],
  [
   0.9933475267784281,
   0.2856896047658299,
   0.3324182470292321
  ],
  [
   0.49336554738436394,
   0.28568962187818037,
   0.2389920428141474
  ],
  [
   0.07808104465014103,
   0.7857389666627534,
   0.7390103243993436
  ],
  [
   0.754224737683117,
   0.7856881534083234,
   0.05214363913549332
  ],
  [
   0.8172063592368138,
   0.2857403577876434,
   0.5521294922552344
  ],
  [
   0.31720383374545863,
   0.2857404180202441,
   0.01928493229307921
  ],
  [
   0.2542222121917596,
   0.7856882136409327,
   0.5192990791733408
  ],
  [
   0.9406631137702488,
   0.785767860668835,
   0.6142479410078823
  ],
  [
   0.6307746855411989,
   0.2856606995918082,
   0.1141852134496121
  ],
  [
   0.13076545765832873,
   0.285660710759749,
   0.45718063042071005
  ],
  [
   0.44065388588736404,
   0.7857678718367567,
   0.9572433579789548
  ],
  [
   0.9381991319443621,
   0.7857630996231021,
   0.29003180849006505
  ],
  [
   0.633221400408768,
   0.2856654776310827,
   0.7899652437121043
  ],
  [
   0.13322943948422294,
   0.28566547180545393,
   0.7813967629385008
  ],
  [
   0.4382071710197879,
   0.7857630937974978,
   0.28146332771646937
  ],
  [
   0.535714285714294,
   0.5357142857142884,
   0.5357142857142776
  ],
  [
   0.035714285714276,
   0.5357142857142809,
   0.03571428571428969
  ],
  [
   0.5357142857142945,
   0.035714285714275616,
   0.5357142857142763
  ],
  [
   0.03571428571428916,
   0.03571428571428573,
   0.03571428571427985
  ]
 ]
}