{
 "0": {
  "0": [
   0.621587892208411,
   0.6403088973338477,
   0.6403088841421601,
   0.6215878836382148,
   0.625941005008893,
   0.6427882727899875,
   0.642788254528932,
   0.6259409938510591,
   0.6283241212002193,
   0.6425122508791625,
   0.6425122472041453,
   0.6283241194108676,
   0.6283241194108726,
   0.6425122472042212,
   0.6425122508791776,
   0.6283241212002673,
   0.6259409938510406,
   0.6427882545288485,
   0.6427882727899659,
   0.625941005008921,
   0.6215878836380749,
   0.6403088841421906,
   0.6403088973339333,
   0.6215878922085825
  ],
  "1": [
   2.9675870723122317,
   2.949226620397715,
   2.949226641388671,
   2.9675870975874497,
   2.963200907227661,
   2.946720326223271,
   2.946720372054931,
   2.9632009617072534,
   2.9607900920637737,
   2.946974028100869,
   2.946974054168174,
   2.960790122725294,
   2.9607901227253026,
   2.946974054168147,
   2.946974028100897,
   2.9607900920637595,
   2.9632009617072708,
   2.9467203720549446,
   2.946720326223295,
   2.963200907227537,
   2.9675870975874186,
   2.9492266413886106,
   2.9492266203977677,
   2.967587072312286
  ]
 },
 "1": {
  "0": [
   1.7967197053154271,
   1.7967470109341517,
   1.7967470236055592,
   1.7967197083359685,
   1.7967194357210088,
   1.7967510347490472,
   1.7967510607094779,
   1.796719442196667,
   1.796719174033004,
   1.7967551073743648,
   1.7967551204481396,
   1.796719177755738,
   1.7967191777556066,
   1.7967551204482008,
   1.79675510737431,
   1.7967191740330533,
   1.7967194421966513,
   1.7967510607095183,
   1.7967510347490185,
   1.7967194357210556,
   1.7967197083360102,
   1.7967470236054088,
   1.796747010934199,
   1.7967197053154078
  ],
  "1": [
   1.7936717004957985,
   1.7936441858646552,
   1.7936441789786959,
   1.7936716973805897,
   1.793671946465551,
   1.7936401041947696,
   1.7936400903131169,
   1.7936719415443674,
   1.793672185724089,
   1.7936359786845935,
   1.793635971852496,
   1.7936721834737404,
   1.7936721834737859,
   1.7936359718524586,
   1.7936359786846552,
   1.7936721857240159,
   1.7936719415441533,
   1.7936400903132494,
   1.7936401041947982,
   1.7936719464654647,
   1.7936716973805298,
   1.7936441789786277,
   1.7936441858645422,
   1.7936717004959926
  ]
 },
 "2": {
  "0": [
   1.7838817412091141,
   1.7835523031643605,
   1.7831767522824715,
   1.7831767567166719,
   1.783552310291752,
   1.7838817442543757,
   1.7838801305378655,
   1.7835469749273465,
   1.7831713965681575,
   1.7831714058347372,
   1.783546989325242,
   1.783880136458751,
   1.783878225728124,
   1.783541794352967,
   1.7831654785137205,
   1.7831654831165447,
   1.7835418013732036,
   1.7838782281897236,
   1.7838782281898704,
   1.7835418013733677,
   1.7831654831161137,
   1.7831654785134599,
   1.7835417943531244,
   1.783878225727956,
   1.783880136458814,
   1.783546989325536,
   1.7831714058348633,
   1.7831713965681877,
   1.7835469749273904,
   1.7838801305379683,
   1.783881744254254,
   1.7835523102917896,
   1.783176756716379,
   1.7831767522826676,
   1.7835523031646052,
   1.783881741209348
  ],
  "1": [
   1.785154847195262,
   1.7851310667471998,
   1.785056509628277,
   1.7850565126501796,
   1.7851310706230665,
   1.7851548490446632,
   1.7851563225717364,
   1.7851248907857746,
   1.7850424102339306,
   1.7850424160418066,
   1.7851248990626631,
   1.7851563259459386,
   1.7851576277037149,
   1.7851190781422237,
   1.785027504230724,
   1.7850275074114943,
   1.7851190824749832,
   1.7851576290152773,
   1.7851576290154283,
   1.785119082475094,
   1.7850275074115542,
   1.7850275042307955,
   1.7851190781422703,
   1.78515762770388,
   1.785156325945725,
   1.7851248990624071,
   1.7850424160420841,
   1.7850424102339035,
   1.7851248907856196,
   1.7851563225719485,
   1.7851548490444906,
   1.7851310706230243,
   1.7850565126503104,
   1.7850565096281568,
   1.7851310667471454,
   1.7851548471951857
  ]
 },
 "Z_a": [
  6,
  6,
  6,
  6,
  6,
  6,
  6,
  6,
  6,
  6,
  6,
  6,
  15,
  15,
  15,
  15,
  5,
  5,
  5,
  5,
  6,
  6,
  6,
  6,
  1,
  1,
  1,
  1
 ],
 "spos_ac": [
  [
   0.8699160744877641,
   0.5834161987086461,
   0.7463669200398202
  ],
  [
   0.7015352726879851,
   0.4880090784078269,
   0.246253587368464
  ],
  [
   0.2014849469550319,
   0.08329337259590185,
   0.3250448089018769
  ],
  [
   0.36992089165857833,
   0.9881320104187304,
   0.825158272176593
  ],
  [
   0.20151249694080317,
   0.4880123727199402,
   0.3250616513887663
  ],
  [
   0.36989329874058813,
   0.5834194930207328,
   0.825174984060093
  ],
  [
   0.8699436244735367,
   0.988135198832681,
   0.74638376252669
  ],
  [
   0.7015076797699924,
   0.08329656100983873,
   0.24627029925197835
  ],
  [
   0.5780630240442051,
   0.7857389495503777,
   0.832436528614425
  ],
  [
   0.9933475267784281,
   0.2856896047658299,
   0.3324182470292321
  ],
  [
   0.49336554738436394,
   0.28568962187818037,
   0.2389920428141474
  ],
  [
   0.07808104465014103,
   0.7857389666627534,
   0.7390103243993436
  ],
  [
   0.754224737683117,
   0.7856881534083234,
   0.05214363913549332
  ],
  [
   0.8172063592368138,
   0.2857403577876434,
   0.5521294922552344
  ],
  [
   0.31720383374545863,
   0.2857404180202441,
   0.01928493229307921
  ],
  [
   0.2542222121917596,
   0.7856882136409327,
   0.5192990791733408
  ],
  [
   0.9406631137702488,
   0.785767860668835,
   0.6142479410078823
  ],
  [
   0.6307746855411989,
   0.2856606995918082,
   0.1141852134496121
  ],
  [
   0.13076545765832873,
   0.285660710759749,
   0.45718063042071005
  ],
  [
   0.44065388588736404,
   0.7857678718367567,
   0.9593530626203051
  ],
  [
   0.9381991319443621,
   0.7857630996231021,
   0.29003180849006505
  ],
  [
   0.633221400408768,
   0.2856654776310827,
   0.7899652437121043
  ],
  [
   0.13322943948422294,
   0.28566547180545393,
   0.7813967629385008
  ],
  [
   0.4382071710197879,
   0.7857630937974978,
   0.28146332771646937
  ],
  [
   0.535714285714294,
   0.5357142857142884,
   0.5357142857142776
  ],
  [
   0.035714285714276,
   0.5357142857142809,
   0.03571428571428969
  ],
  [
   0.5357142857142945,
   0.035714285714275616,
   0.5357142857142763
  ],
  [
   0.03571428571428916,
   0.03571428571428573,
   0.03571428571427985
  ]
 ]
}