{
 "0": {
  "0": [
   0.6747464705744597,
   0.6929879916792895,
   0.6929879575674394,
   0.6747464524546289,
   0.6792574789242928,
   0.6956998344669922,
   0.6956997603558616,
   0.6792574421232076,
   0.6818019997706287,
   0.6956765431309334,
   0.6956765012595122,
   0.6818019809833847,
   0.6818019809834698,
   0.6956765012595529,
   0.6956765431308549,
   0.6818019997706359,
   0.6792574421232874,
   0.6956997603558421,
   0.6956998344670616,
   0.6792574789243879,
   0.6747464524547001,
   0.6929879575674344,
   0.6929879916791587,
   0.6747464705745314
  ],
  "1": [
   2.9898656617423875,
   2.971394215170755,
   2.971394202562128,
   2.989865650800848,
   2.98538324758509,
   2.9689813204346867,
   2.968981289677633,
   2.9853832202074826,
   2.9828817520907744,
   2.9693255158950675,
   2.9693254973344785,
   2.982881734251413,
   2.982881734251353,
   2.96932549733452,
   2.969325515894991,
   2.9828817520908757,
   2.9853832202074457,
   2.968981289677566,
   2.968981320434645,
   2.985383247585202,
   2.989865650800855,
   2.97139420256214,
   2.971394215170778,
   2.9898656617425545
  ]
 },
 "1": {
  "0": [
   1.7967191313583868,
   1.7967461872541723,
   1.7967461893292351,
   1.7967191370346036,
   1.7967188702061612,
   1.7967502320759703,
   1.7967502363850205,
   1.7967188810807444,
   1.7967186187999697,
   1.7967543152465095,
   1.7967543175150618,
   1.796718624361292,
   1.796718624361554,
   1.7967543175150809,
   1.7967543152465457,
   1.7967186188001174,
   1.7967188810807786,
   1.7967502363850316,
   1.7967502320759297,
   1.7967188702061987,
   1.7967191370346745,
   1.7967461893291445,
   1.7967461872544954,
   1.7967191313581945
  ],
  "1": [
   1.7936731517121216,
   1.7936460037521604,
   1.7936460318143574,
   1.793673167099982,
   1.7936733931548299,
   1.7936419156995473,
   1.7936419718690935,
   1.7936734239253729,
   1.7936736450135637,
   1.7936378190959545,
   1.7936378475301409,
   1.7936736600159309,
   1.7936736600158056,
   1.7936378475302552,
   1.7936378190959932,
   1.7936736450132336,
   1.793673423925229,
   1.7936419718690957,
   1.7936419156995118,
   1.7936733931546804,
   1.7936731670998052,
   1.7936460318145742,
   1.7936460037520363,
   1.7936731517121858
  ]
 },
 "2": {
  "0": [
   1.794317467981205,
   1.7941736511233577,
   1.793981094023557,
   1.7939810912368426,
   1.7941736455706911,
   1.7943174657178511,
   1.794320216909255,
   1.7941771758180647,
   1.7939820135836408,
   1.7939820079882136,
   1.794177164537047,
   1.7943202119237394,
   1.7943230074034762,
   1.7941809131206197,
   1.7939833393545808,
   1.7939833365151228,
   1.7941809075933108,
   1.7943230048792587,
   1.794323004879228,
   1.7941809075931987,
   1.793983336514976,
   1.7939833393544706,
   1.7941809131208066,
   1.7943230074033658,
   1.7943202119234862,
   1.794177164536977,
   1.7939820079879656,
   1.7939820135836202,
   1.7941771758179685,
   1.7943202169094628,
   1.7943174657179217,
   1.7941736455707624,
   1.7939810912370138,
   1.7939810940235925,
   1.7941736511232018,
   1.794317467980819
  ],
  "1": [
   1.7960626008200329,
   1.79621756311054,
   1.7963700053114167,
   1.7963700073848041,
   1.796217567938347,
   1.796062603023044,
   1.7960673889051584,
   1.7962093202358094,
   1.796357226494842,
   1.7963572306181137,
   1.7962093295771144,
   1.7960673939776617,
   1.7960722918818315,
   1.7962010154514463,
   1.7963442691595957,
   1.796344270914355,
   1.796201019876923,
   1.7960722943681897,
   1.7960722943679344,
   1.79620101987714,
   1.7963442709140969,
   1.7963442691594056,
   1.7962010154514712,
   1.7960722918816365,
   1.7960673939777474,
   1.7962093295768775,
   1.7963572306186402,
   1.7963572264943544,
   1.7962093202356129,
   1.7960673889053642,
   1.7960626030231106,
   1.7962175679384667,
   1.7963700073849485,
   1.7963700053113763,
   1.796217563110732,
   1.796062600819746
  ]
 },
 "Z_a": [
  6,
  6,
  6,
  6,
  6,
  6,
  6,
  6,
  6,
  6,
  6,
  6,
  15,
  15,
  15,
  15,
  5,
  5,
  5,
  5,
  6,
  6,
  6,
  6,
  1,
  1,
  1,
  1
 ],
 "spos_ac": [
  [
   0.8699160744877641,
   0.5834161987086461,
   0.7463669200398202
  ],
  [
   0.7015352726879851,
   0.4880090784078269,
   0.246253587368464
  ],
  [
   0.2014849469550319,
   0.08329337259590185,
   0.3250448089018769
  ],
  [
   0.36992089165857833,
   0.9881320104187304,
   0.825158272176593
  ],
  [
   0.20151249694080317,
   0.4880123727199402,
   0.3250616513887663
  ],
  [
   0.36989329874058813,
   0.5834194930207328,
   0.825174984060093
  ],
  [
   0.8699436244735367,
   0.988135198832681,
   0.74638376252669
  ],
  [
   0.7015076797699924,
   0.08329656100983873,
   0.24627029925197835
  ],
  [
   0.5780630240442051,
   0.7857389495503777,
   0.832436528614425
  ],
  [
   0.9933475267784281,
   0.2856896047658299,
   0.3324182470292321
  ],
  [
   0.49336554738436394,
   0.28568962187818037,
   0.2389920428141474
  ],
  [
   0.07808104465014103,
   0.7857389666627534,
   0.7390103243993436
  ],
  [
   0.7532687147385664,
   0.7856881534083234,
   0.05214363913549332
  ],
  [
   0.8172063592368138,
   0.2857403577876434,
   0.5521294922552344
  ],
  [
   0.31720383374545863,
   0.2857404180202441,
   0.01928493229307921
  ],
  [
   0.2542222121917596,
   0.7856882136409327,
   0.5192990791733408
  ],
  [
   0.9406631137702488,
   0.785767860668835,
   0.6142479410078823
  ],
  [
   0.6307746855411989,
   0.2856606995918082,
   0.1141852134496121
  ],
  [
   0.13076545765832873,
   0.285660710759749,
   0.45718063042071005
  ],
  [
   0.44065388588736404,
   0.7857678718367567,
   0.9572433579789548
  ],
  [
   0.9381991319443621,
   0.7857630996231021,
   0.29003180849006505
  ],
  [
   0.633221400408768,
   0.2856654776310827,
   0.7899652437121043
  ],
  [
   0.13322943948422294,
   0.28566547180545393,
   0.7813967629385008
  ],
  [
   0.4382071710197879,
   0.7857630937974978,
   0.28146332771646937
  ],
  [
   0.535714285714294,
   0.5357142857142884,
   0.5357142857142776
  ],
  [
   0.035714285714276,
   0.5357142857142809,
   0.03571428571428969
  ],
  [
   0.5357142857142945,
   0.035714285714275616,
   0.5357142857142763
  ],
  [
   0.03571428571428916,
   0.03571428571428573,
   0.03571428571427985
  ]
 ]
}