{
 "0": {
  "0": [
   0.5994358858091213,
   0.6177266140846588,
   0.6177672862908089,
   0.5994789230543807,
   0.6038441361199007,
   0.6203193867189196,
   0.6204016861036242,
   0.6039296810058541,
   0.606317866439626,
   0.6202109647465662,
   0.6202526158014622,
   0.6063606039855811,
   0.6063606039855812,
   0.6202526158014959,
   0.620210964746424,
   0.6063178664396465,
   0.603929681005896,
   0.6204016861037569,
   0.6203193867189855,
   0.6038441361197993,
   0.5994789230543025,
   0.6177672862907192,
   0.6177266140845344,
   0.5994358858092209
  ],
  "1": [
   2.9455208430942537,
   2.927012117870823,
   2.9270495163667833,
   2.9455640535701253,
   2.941087621837336,
   2.9245493802110696,
   2.9246214800323145,
   2.9411736349416575,
   2.9386728970608123,
   2.924872587721688,
   2.9249070624132623,
   2.9387158008311696,
   2.9387158008311443,
   2.9249070624131916,
   2.9248725877217145,
   2.9386728970608886,
   2.941173634941727,
   2.9246214800322337,
   2.924549380211011,
   2.941087621837502,
   2.945564053570184,
   2.927049516366758,
   2.9270121178708726,
   2.9455208430942488
  ]
 },
 "1": {
  "0": [
   1.7936908475184286,
   1.793512709347837,
   1.7935026418688491,
   1.7936857475399097,
   1.793690388651005,
   1.793518800250887,
   1.793499066666857,
   1.7936805676859515,
   1.7936852910387866,
   1.7935150669652042,
   1.7935048287954394,
   1.7936805911568767,
   1.7936805911568223,
   1.7935048287955662,
   1.793515066965198,
   1.793685291038745,
   1.7936805676859147,
   1.7934990666666801,
   1.7935188002510343,
   1.7936903886509574,
   1.7936857475398464,
   1.793502641869002,
   1.7935127093479104,
   1.7936908475186648
  ],
  "1": [
   1.7922693735194202,
   1.7926946019624086,
   1.7926980956715128,
   1.7922712305022213,
   1.7922748347619917,
   1.7926912823474483,
   1.7926984132203496,
   1.7922785349256962,
   1.7922820973116953,
   1.7926915239677224,
   1.7926951481282445,
   1.7922838865226807,
   1.7922838865226087,
   1.7926951481282898,
   1.7926915239677361,
   1.7922820973116715,
   1.792278534925728,
   1.792698413220407,
   1.792691282347512,
   1.7922748347621194,
   1.792271230502127,
   1.7926980956710052,
   1.792694601962402,
   1.7922693735194424
  ]
 },
 "2": {
  "0": [
   1.7966248392237765,
   1.7964228721367677,
   1.7961743613294314,
   1.7961785541621174,
   1.7964304543740448,
   1.7966284963110366,
   1.7966218885171783,
   1.7964292848920416,
   1.7961867759158219,
   1.796195122160936,
   1.7964447849066179,
   1.7966293292065258,
   1.7966228332151164,
   1.7964437530247492,
   1.7962048414952012,
   1.7962088953202802,
   1.796451613947268,
   1.7966266420592332,
   1.7966266420592718,
   1.7964516139471727,
   1.7962088953207525,
   1.7962048414950569,
   1.796443753025107,
   1.796622833215273,
   1.796629329206648,
   1.7964447849071317,
   1.7961951221609007,
   1.7961867759155163,
   1.7964292848921153,
   1.7966218885172474,
   1.7966284963110037,
   1.7964304543739937,
   1.796178554162127,
   1.7961743613295837,
   1.796422872136748,
   1.7966248392240887
  ],
  "1": [
   1.7986411622634186,
   1.7986505301994562,
   1.7986167991022268,
   1.798619060024083,
   1.7986560250713266,
   1.798644151528666,
   1.798638466901446,
   1.798643396134801,
   1.7986079297814868,
   1.798612102686936,
   1.7986547336035292,
   1.7986447969337986,
   1.7986390588689853,
   1.7986419394073923,
   1.7986013390608626,
   1.7986035363676147,
   1.7986477727809143,
   1.7986420345302077,
   1.7986420345302114,
   1.7986477727807373,
   1.7986035363684203,
   1.798601339061633,
   1.7986419394081457,
   1.7986390588688723,
   1.7986447969339072,
   1.7986547336032856,
   1.798612102686552,
   1.79860792978104,
   1.7986433961339927,
   1.7986384669015083,
   1.7986441515291616,
   1.7986560250721189,
   1.7986190600252918,
   1.7986167991028772,
   1.7986505301996156,
   1.7986411622630578
  ]
 },
 "Z_a": [
  6,
  6,
  6,
  6,
  6,
  6,
  6,
  6,
  6,
  6,
  6,
  6,
  15,
  15,
  15,
  15,
  5,
  5,
  5,
  5,
  6,
  6,
  6,
  6,
  1,
  1,
  1,
  1
 ],
 "spos_ac": [
  [
   0.8708720974323148,
   0.5834161987086461,
   0.7463669200398202
  ],
  [
   0.7015352726879851,
   0.4880090784078269,
   0.246253587368464
  ],
  [
   0.2014849469550319,
   0.08329337259590185,
   0.3250448089018769
  ],
  [
   0.36992089165857833,
   0.9881320104187304,
   0.825158272176593
  ],
  [
   0.20151249694080317,
   0.4880123727199402,
   0.3250616513887663
  ],
  [
   0.36989329874058813,
   0.5834194930207328,
   0.825174984060093
  ],
  [
   0.8699436244735367,
   0.988135198832681,
   0.74638376252669
  ],
  [
   0.7015076797699924,
   0.08329656100983873,
   0.24627029925197835
  ],
  [
   0.5780630240442051,
   0.7857389495503777,
   0.832436528614425
  ],
  [
   0.9933475267784281,
   0.2856896047658299,
   0.3324182470292321
  ],
  [
   0.49336554738436394,
   0.28568962187818037,
   0.2389920428141474
  ],
  [
   0.07808104465014103,
   0.7857389666627534,
   0.7390103243993436
  ],
  [
   0.754224737683117,
   0.7856881534083234,
   0.05214363913549332
  ],
  [
   0.8172063592368138,
   0.2857403577876434,
   0.5521294922552344
  ],
  [
   0.31720383374545863,
   0.2857404180202441,
   0.01928493229307921
  ],
  [
   0.2542222121917596,
   0.7856882136409327,
   0.5192990791733408
  ],
  [
   0.9406631137702488,
   0.785767860668835,
   0.6142479410078823
  ],
  [
   0.6307746855411989,
   0.2856606995918082,
   0.1141852134496121
  ],
  [
   0.13076545765832873,
   0.285660710759749,
   0.45718063042071005
  ],
  [
   0.44065388588736404,
   0.7857678718367567,
   0.9572433579789548
  ],
  [
   0.9381991319443621,
   0.7857630996231021,
   0.29003180849006505
  ],
  [
   0.633221400408768,
   0.2856654776310827,
   0.7899652437121043
  ],
  [
   0.13322943948422294,
   0.28566547180545393,
   0.7813967629385008
  ],
  [
   0.4382071710197879,
   0.7857630937974978,
   0.28146332771646937
  ],
  [
   0.535714285714294,
   0.5357142857142884,
   0.5357142857142776
  ],
  [
   0.035714285714276,
   0.5357142857142809,
   0.03571428571428969
  ],
  [
   0.5357142857142945,
   0.035714285714275616,
   0.5357142857142763
  ],
  [
   0.03571428571428916,
   0.03571428571428573,
   0.03571428571427985
  ]
 ]
}