{
 "0": {
  "0": [
   0.6448288985032488,
   0.6633437643066679,
   0.6633811363965825,
   0.6448720817738476,
   0.649219685352143,
   0.6657721772965958,
   0.665844232632447,
   0.6493056449880493,
   0.6516780558613712,
   0.6654871326123772,
   0.6655215875961829,
   0.6517209315134133,
   0.651720931513495,
   0.6655215875961892,
   0.6654871326123666,
   0.651678055861265,
   0.6493056449880672,
   0.6658442326325087,
   0.6657721772965529,
   0.6492196853521486,
   0.6448720817738707,
   0.6633811363964263,
   0.6633437643066109,
   0.6448288985031805
  ],
  "1": [
   2.990914908280644,
   2.9726266815648983,
   2.97266733866496,
   2.990957914400572,
   2.9864644833571776,
   2.9699926916109707,
   2.9700749642502884,
   2.9865499634199284,
   2.9840340316932883,
   2.970142306015584,
   2.9701839460213333,
   2.984076735314582,
   2.98407673531458,
   2.9701839460213417,
   2.970142306015618,
   2.9840340316933007,
   2.9865499634199764,
   2.9700749642502533,
   2.9699926916109174,
   2.9864644833572043,
   2.9909579144006098,
   2.9726673386649503,
   2.9726266815648534,
   2.990914908280642
  ]
 },
 "1": {
  "0": [
   1.7953181208831261,
   1.7957975430694568,
   1.7958010461668945,
   1.7953199808064073,
   1.79532308019847,
   1.7958023163568277,
   1.7958094669004916,
   1.7953267904417918,
   1.7953298568943568,
   1.7958107298330876,
   1.795814363574074,
   1.7953316521605778,
   1.7953316521604719,
   1.7958143635741726,
   1.7958107298330444,
   1.7953298568945513,
   1.7953267904419319,
   1.7958094669005573,
   1.795802316356903,
   1.795323080198552,
   1.7953199808064169,
   1.795801046166871,
   1.7957975430693767,
   1.7953181208832603
  ],
  "1": [
   1.7906442961675233,
   1.790411409442281,
   1.7904013808232138,
   1.790639222539661,
   1.7906443295099588,
   1.7904093862010058,
   1.790389728422526,
   1.7906345621556903,
   1.79063974160506,
   1.7903975039587914,
   1.7903873045977474,
   1.790635067826616,
   1.7906350678265268,
   1.7903873045976153,
   1.790397503958824,
   1.7906397416049376,
   1.790634562155668,
   1.7903897284224763,
   1.790409386201013,
   1.79064432951004,
   1.790639222539797,
   1.7904013808232704,
   1.7904114094422128,
   1.790644296167448
  ]
 },
 "2": {
  "0": [
   1.7917500522598013,
   1.7917379620520275,
   1.7917747570869154,
   1.7917770209593649,
   1.7917434577107356,
   1.7917530425741026,
   1.7917493997671896,
   1.7917392431619776,
   1.7917817078765974,
   1.7917858850412625,
   1.7917505820106603,
   1.7917557274312816,
   1.7917521562210583,
   1.7917461944817297,
   1.7917902685247378,
   1.79179246799315,
   1.7917520290179756,
   1.7917551315320566,
   1.7917551315320448,
   1.79175202901802,
   1.7917924679931816,
   1.7917902685247413,
   1.791746194481525,
   1.791752156220922,
   1.791755727431404,
   1.7917505820106963,
   1.7917858850414825,
   1.791781707876341,
   1.791739243161877,
   1.7917493997672782,
   1.791753042574272,
   1.791743457710666,
   1.791777020959075,
   1.7917747570868234,
   1.791737962052105,
   1.7917500522597065
  ],
  "1": [
   1.7937645923810732,
   1.7939624337499867,
   1.7942141030620165,
   1.7942182898479917,
   1.79397000357739,
   1.793768246064789,
   1.7937637593329365,
   1.793948120363683,
   1.7941975648233015,
   1.7942058974607973,
   1.793963599210817,
   1.7937711892649706,
   1.7937664356732048,
   1.7939412957780299,
   1.7941838180519998,
   1.794187866094959,
   1.793949145856193,
   1.793770240178732,
   1.793770240178713,
   1.793949145856329,
   1.7941878660948813,
   1.7941838180518335,
   1.7939412957780165,
   1.7937664356731535,
   1.7937711892647732,
   1.7939635992106833,
   1.7942058974607629,
   1.794197564823313,
   1.793948120363757,
   1.7937637593328415,
   1.7937682460647466,
   1.7939700035774537,
   1.7942182898481898,
   1.794214103061702,
   1.7939624337498798,
   1.7937645923811774
  ]
 },
 "Z_a": [
  6,
  6,
  6,
  6,
  6,
  6,
  6,
  6,
  6,
  6,
  6,
  6,
  15,
  15,
  15,
  15,
  5,
  5,
  5,
  5,
  6,
  6,
  6,
  6,
  1,
  1,
  1,
  1
 ],
 "spos_ac": [
  [
   0.8699160744877641,
   0.5834161987086461,
   0.7463669200398202
  ],
  [
   0.7015352726879851,
   0.4880090784078269,
   0.246253587368464
  ],
  [
   0.20052892401048125,
   0.08329337259590185,
   0.3250448089018769
  ],
  [
   0.36992089165857833,
   0.9881320104187304,
   0.825158272176593
  ],
  [
   0.20151249694080317,
   0.4880123727199402,
   0.3250616513887663
  ],
  [
   0.36989329874058813,
   0.5834194930207328,
   0.825174984060093
  ],
  [
   0.8699436244735367,
   0.988135198832681,
   0.74638376252669
  ],
  [
   0.7015076797699924,
   0.08329656100983873,
   0.24627029925197835
  ],
  [
   0.5780630240442051,
   0.7857389495503777,
   0.832436528614425
  ],
  [
   0.9933475267784281,
   0.2856896047658299,
   0.3324182470292321
  ],
  [
   0.49336554738436394,
   0.28568962187818037,
   0.2389920428141474
  ],
  [
   0.07808104465014103,
   0.7857389666627534,
   0.7390103243993436
  ],
  [
   0.754224737683117,
   0.7856881534083234,
   0.05214363913549332
  ],
  [
   0.8172063592368138,
   0.2857403577876434,
   0.5521294922552344
  ],
  [
   0.31720383374545863,
   0.2857404180202441,
   0.01928493229307921
  ],
  [
   0.2542222121917596,
   0.7856882136409327,
   0.5192990791733408
  ],
  [
   0.9406631137702488,
   0.785767860668835,
   0.6142479410078823
  ],
  [
   0.6307746855411989,
   0.2856606995918082,
   0.1141852134496121
  ],
  [
   0.13076545765832873,
   0.285660710759749,
   0.45718063042071005
  ],
  [
   0.44065388588736404,
   0.7857678718367567,
   0.9572433579789548
  ],
  [
   0.9381991319443621,
   0.7857630996231021,
   0.29003180849006505
  ],
  [
   0.633221400408768,
   0.2856654776310827,
   0.7899652437121043
  ],
  [
   0.13322943948422294,
   0.28566547180545393,
   0.7813967629385008
  ],
  [
   0.4382071710197879,
   0.7857630937974978,
   0.28146332771646937
  ],
  [
   0.535714285714294,
   0.5357142857142884,
   0.5357142857142776
  ],
  [
   0.035714285714276,
   0.5357142857142809,
   0.03571428571428969
  ],
  [
   0.5357142857142945,
   0.035714285714275616,
   0.5357142857142763
  ],
  [
   0.03571428571428916,
   0.03571428571428573,
   0.03571428571427985
  ]
 ]
}