{
 "0": {
  "0": [
   0.6220587158382718,
   0.6405298182100064,
   0.640510868305316,
   0.6220236824860942,
   0.6264888238484736,
   0.643065660705078,
   0.643030410838151,
   0.6264188438249206,
   0.6289036316425727,
   0.64282948604638,
   0.6428137044253814,
   0.6288687023046672,
   0.6288687023047953,
   0.642813704425341,
   0.6428294860463738,
   0.6289036316425255,
   0.6264188438248681,
   0.6430304108381172,
   0.64306566070515,
   0.6264888238484748,
   0.6220236824860741,
   0.640510868305265,
   0.64052981821004,
   0.6220587158382171
  ],
  "1": [
   2.9683810665640316,
   2.949902645943067,
   2.949884373996113,
   2.9683606379303127,
   2.963978053001246,
   2.947380536148295,
   2.947352300977683,
   2.963938533512701,
   2.961535600320484,
   2.947598088342129,
   2.9475886886381644,
   2.961516428925938,
   2.9615164289260236,
   2.947588688638013,
   2.947598088341999,
   2.961535600320505,
   2.963938533512568,
   2.9473523009776903,
   2.947380536148316,
   2.963978053001207,
   2.968360637930553,
   2.9498843739961425,
   2.949902645943202,
   2.968381066564207
  ]
 },
 "1": {
  "0": [
   1.78965785964499,
   1.7903149509174607,
   1.7903204500177397,
   1.7896661633346733,
   1.7896629740693188,
   1.7903086013999092,
   1.790319624551326,
   1.7896793264528286,
   1.7896761783039714,
   1.7903075405763647,
   1.7903129647254974,
   1.7896842807423814,
   1.789684280742395,
   1.7903129647257132,
   1.7903075405760207,
   1.7896761783039479,
   1.7896793264526858,
   1.7903196245511597,
   1.7903086014001457,
   1.78966297406939,
   1.7896661633347883,
   1.7903204500179144,
   1.790314950917405,
   1.7896578596449026
  ],
  "1": [
   1.7834796341747021,
   1.782996569782872,
   1.7829897242248371,
   1.7834710730739631,
   1.7834888628543955,
   1.7830221399225075,
   1.7830081328246452,
   1.783471345938982,
   1.7834891371790569,
   1.783040662839563,
   1.7830335865868836,
   1.7834803012412244,
   1.7834803012411904,
   1.7830335865869593,
   1.7830406628394186,
   1.78348913717906,
   1.7834713459388742,
   1.7830081328245453,
   1.78302213992267,
   1.783488862854575,
   1.7834710730739929,
   1.7829897242249755,
   1.782996569782882,
   1.7834796341747923
  ]
 },
 "2": {
  "0": [
   1.7947336192596648,
   1.7947310546884796,
   1.7947436893673085,
   1.7947538257934892,
   1.7947452905171484,
   1.7947384924065077,
   1.7947310495043283,
   1.794723505294771,
   1.7947384774806174,
   1.794759144200564,
   1.794752207834563,
   1.7947403897352618,
   1.7947329851758078,
   1.794730343983941,
   1.794743770676058,
   1.7947539721296402,
   1.7947446963151803,
   1.7947377259748494,
   1.7947377259750863,
   1.794744696315593,
   1.794753972129902,
   1.794743770676509,
   1.7947303439837974,
   1.7947329851752818,
   1.7947403897349383,
   1.7947522078342923,
   1.7947591442000668,
   1.7947384774814947,
   1.7947235052954222,
   1.7947310495044764,
   1.794738492406391,
   1.7947452905175525,
   1.7947538257939124,
   1.7947436893673874,
   1.794731054688122,
   1.7947336192593881
  ],
  "1": [
   1.795634709620598,
   1.7956302975038825,
   1.7956278039343305,
   1.795639638618957,
   1.7956506221417061,
   1.7956442006881432,
   1.7956304123012767,
   1.7956202156857564,
   1.7956221153698204,
   1.795646098288505,
   1.795661582029834,
   1.7956490041933848,
   1.7956353300282009,
   1.7956309797689811,
   1.7956285388588762,
   1.7956404328146023,
   1.7956517211950722,
   1.7956446004482889,
   1.7956446004480464,
   1.7956517211953589,
   1.7956404328146063,
   1.7956285388587454,
   1.7956309797686174,
   1.7956353300277068,
   1.7956490041924553,
   1.7956615820290525,
   1.7956460982881088,
   1.7956221153709158,
   1.795620215686838,
   1.795630412301799,
   1.795644200688252,
   1.7956506221421193,
   1.7956396386195868,
   1.7956278039347757,
   1.7956302975037097,
   1.7956347096201357
  ]
 },
 "Z_a": [
  6,
  6,
  6,
  6,
  6,
  6,
  6,
  6,
  6,
  6,
  6,
  6,
  15,
  15,
  15,
  15,
  5,
  5,
  5,
  5,
  6,
  6,
  6,
  6,
  1,
  1,
  1,
  1
 ],
 "spos_ac": [
  [
   0.8699160744877641,
   0.5834161987086461,
   0.7463669200398202
  ],
  [
   0.7015352726879851,
   0.4880090784078269,
   0.246253587368464
  ],
  [
   0.2014849469550319,
   0.08329337259590185,
   0.3250448089018769
  ],
  [
   0.36992089165857833,
   0.9881320104187304,
   0.825158272176593
  ],
  [
   0.20151249694080317,
   0.4880123727199402,
   0.3250616513887663
  ],
  [
   0.36989329874058813,
   0.5834194930207328,
   0.825174984060093
  ],
  [
   0.8699436244735367,
   0.988135198832681,
   0.74638376252669
  ],
  [
   0.7015076797699924,
   0.08329656100983873,
   0.24627029925197835
  ],
  [
   0.5780630240442051,
   0.7857389495503777,
   0.832436528614425
  ],
  [
   0.9933475267784281,
   0.2856896047658299,
   0.3324182470292321
  ],
  [
   0.49336554738436394,
   0.28568962187818037,
   0.2389920428141474
  ],
  [
   0.07808104465014103,
   0.7857389666627534,
   0.7390103243993436
  ],
  [
   0.754224737683117,
   0.7856881534083234,
   0.05214363913549332
  ],
  [
   0.8172063592368138,
   0.2857403577876434,
   0.5521294922552344
  ],
  [
   0.31720383374545863,
   0.2857404180202441,
   0.01928493229307921
  ],
  [
   0.2542222121917596,
   0.7856882136409327,
   0.5192990791733408
  ],
  [
   0.9406631137702488,
   0.78740720493113,
   0.6142479410078823
  ],
  [
   0.6307746855411989,
   0.2856606995918082,
   0.1141852134496121
  ],
  [
   0.13076545765832873,
   0.285660710759749,
   0.45718063042071005
  ],
  [
   0.44065388588736404,
   0.7857678718367567,
   0.9572433579789548
  ],
  [
   0.9381991319443621,
   0.7857630996231021,
   0.29003180849006505
  ],
  [
   0.633221400408768,
   0.2856654776310827,
   0.7899652437121043
  ],
  [
   0.13322943948422294,
   0.28566547180545393,
   0.7813967629385008
  ],
  [
   0.4382071710197879,
   0.7857630937974978,
   0.28146332771646937
  ],
  [
   0.535714285714294,
   0.5357142857142884,
   0.5357142857142776
  ],
  [
   0.035714285714276,
   0.5357142857142809,
   0.03571428571428969
  ],
  [
   0.5357142857142945,
   0.035714285714275616,
   0.5357142857142763
  ],
  [
   0.03571428571428916,
   0.03571428571428573,
   0.03571428571427985
  ]
 ]
}