{
 "0": {
  "0": [
   0.6219609658774238,
   0.6404339028821392,
   0.6404386342269013,
   0.6219604295940194,
   0.6263731397085796,
   0.6429573993869802,
   0.6429683860332286,
   0.6263719460540151,
   0.6288061276045372,
   0.6427326459451338,
   0.6427390813989715,
   0.6288054927545637,
   0.6288054927546552,
   0.6427390813989131,
   0.6427326459451376,
   0.6288061276046145,
   0.6263719460541701,
   0.6429683860332869,
   0.6429573993869333,
   0.626373139708521,
   0.6219604295941532,
   0.6404386342270261,
   0.640433902882055,
   0.6219609658776236
  ],
  "1": [
   2.968283156801321,
   2.9498025755152337,
   2.949807285405906,
   2.9682825567697737,
   2.963868417917407,
   2.947270387239842,
   2.9472813273498923,
   2.9638670996791316,
   2.9614351352562878,
   2.947497831812028,
   2.94750424338326,
   2.961434437710519,
   2.9614344377106896,
   2.9475042433831735,
   2.947497831811997,
   2.961435135256219,
   2.9638670996791143,
   2.9472813273498994,
   2.94727038723984,
   2.963868417917584,
   2.9682825567697066,
   2.9498072854058215,
   2.9498025755154664,
   2.9682831568013777
  ]
 },
 "1": {
  "0": [
   1.7975590174589646,
   1.7976038904392153,
   1.7976034601847461,
   1.7975590772037264,
   1.7975591478885218,
   1.7976078692128123,
   1.797607048405613,
   1.7975592568312233,
   1.7975593111641168,
   1.797611447038857,
   1.7976110547065027,
   1.7975593301766972,
   1.797559330176823,
   1.7976110547064486,
   1.797611447038745,
   1.7975593111641228,
   1.7975592568313004,
   1.797607048405598,
   1.7976078692128425,
   1.7975591478884396,
   1.7975590772037322,
   1.7976034601847655,
   1.7976038904388874,
   1.7975590174589455
  ],
  "1": [
   1.7945099606006807,
   1.7945005394952858,
   1.794500092535307,
   1.7945100455378449,
   1.7945105987633279,
   1.7944964123741838,
   1.7944955587515397,
   1.7945107595271337,
   1.7945112864706803,
   1.794491797204136,
   1.7944913876970745,
   1.7945113315321979,
   1.794511331532348,
   1.794491387697173,
   1.7944917972041046,
   1.7945112864707093,
   1.794510759527076,
   1.794495558751596,
   1.794496412374193,
   1.7945105987633394,
   1.794510045537851,
   1.794500092535433,
   1.794500539495284,
   1.7945099606007642
  ]
 },
 "2": {
  "0": [
   1.7948038263379054,
   1.794822537825531,
   1.7948556465834133,
   1.7948562366005245,
   1.7948233037772294,
   1.794804017338294,
   1.7948029634914946,
   1.7948210465767898,
   1.7948557993352685,
   1.794856952942072,
   1.7948225996810947,
   1.7948035184637112,
   1.7948024167717773,
   1.7948202736717531,
   1.7948563394863655,
   1.7948568743711555,
   1.7948210345603404,
   1.7948026852967909,
   1.794802685296837,
   1.794821034560603,
   1.794856874371095,
   1.7948563394864259,
   1.7948202736721934,
   1.794802416771923,
   1.794803518464177,
   1.7948225996808878,
   1.7948569529420015,
   1.7948557993354055,
   1.7948210465765526,
   1.7948029634914957,
   1.7948040173384747,
   1.7948233037769865,
   1.7948562366002665,
   1.7948556465834224,
   1.7948225378251506,
   1.7948038263379489
  ],
  "1": [
   1.7957487456525072,
   1.7957679717189656,
   1.7957856882517778,
   1.7957862737079366,
   1.7957687188032996,
   1.7957489234768378,
   1.7957484373698502,
   1.7957669457542353,
   1.795785746157792,
   1.7957868902292065,
   1.7957684622064118,
   1.7957489661326227,
   1.795748466987375,
   1.7957666431440884,
   1.79578615069612,
   1.7957866801742293,
   1.795767385433053,
   1.7957487224033053,
   1.7957487224032822,
   1.7957673854332128,
   1.7957866801740874,
   1.7957861506966168,
   1.7957666431440529,
   1.7957484669878123,
   1.7957489661326598,
   1.7957684622067747,
   1.7957868902286123,
   1.7957857461577336,
   1.7957669457542054,
   1.7957484373698445,
   1.7957489234769664,
   1.7957687188030256,
   1.7957862737081787,
   1.7957856882519532,
   1.7957679717188282,
   1.7957487456521235
  ]
 },
 "Z_a": [
  6,
  6,
  6,
  6,
  6,
  6,
  6,
  6,
  6,
  6,
  6,
  6,
  15,
  15,
  15,
  15,
  5,
  5,
  5,
  5,
  6,
  6,
  6,
  6,
  1,
  1,
  1,
  1
 ],
 "spos_ac": [
  [
   0.8699160744877641,
   0.5834161987086461,
   0.7463669200398202
  ],
  [
   0.7015352726879851,
   0.4880090784078269,
   0.246253587368464
  ],
  [
   0.2014849469550319,
   0.08329337259590185,
   0.3250448089018769
  ],
  [
   0.36992089165857833,
   0.9881320104187304,
   0.825158272176593
  ],
  [
   0.20151249694080317,
   0.4880123727199402,
   0.3250616513887663
  ],
  [
   0.36989329874058813,
   0.5834194930207328,
   0.825174984060093
  ],
  [
   0.8699436244735367,
   0.988135198832681,
   0.74638376252669
  ],
  [
   0.7015076797699924,
   0.08329656100983873,
   0.24627029925197835
  ],
  [
   0.5780630240442051,
   0.7857389495503777,
   0.832436528614425
  ],
  [
   0.9933475267784281,
   0.2856896047658299,
   0.3324182470292321
  ],
  [
   0.49336554738436394,
   0.28568962187818037,
   0.2389920428141474
  ],
  [
   0.07808104465014103,
   0.7857389666627534,
   0.7390103243993436
  ],
  [
   0.754224737683117,
   0.7856881534083234,
   0.05214363913549332
  ],
  [
   0.8172063592368138,
   0.2857403577876434,
   0.5521294922552344
  ],
  [
   0.31720383374545863,
   0.2857404180202441,
   0.01928493229307921
  ],
  [
   0.2542222121917596,
   0.7856882136409327,
   0.5192990791733408
  ],
  [
   0.9406631137702488,
   0.785767860668835,
   0.6142479410078823
  ],
  [
   0.6307746855411989,
   0.2856606995918082,
   0.1141852134496121
  ],
  [
   0.13076545765832873,
   0.285660710759749,
   0.45718063042071005
  ],
  [
   0.44065388588736404,
   0.7857678718367567,
   0.9572433579789548
  ],
  [
   0.9381991319443621,
   0.7857630996231021,
   0.29003180849006505
  ],
  [
   0.633221400408768,
   0.2856654776310827,
   0.7899652437121043
  ],
  [
   0.13322943948422294,
   0.28566547180545393,
   0.7813967629385008
  ],
  [
   0.4382071710197879,
   0.7857630937974978,
   0.28146332771646937
  ],
  [
   0.5347582627697434,
   0.5357142857142884,
   0.5357142857142776
  ],
  [
   0.035714285714276,
   0.5357142857142809,
   0.03571428571428969
  ],
  [
   0.5357142857142945,
   0.035714285714275616,
   0.5357142857142763
  ],
  [
   0.03571428571428916,
   0.03571428571428573,
   0.03571428571427985
  ]
 ]
}