{
 "0": {
  "0": [
   0.6212451581214103,
   0.6397748405717469,
   0.6397956452966165,
   0.6212588893400192,
   0.6256517596589705,
   0.6422542634310464,
   0.6423031578432633,
   0.6256793011466123,
   0.6280652938280968,
   0.6419678789899014,
   0.641996811037613,
   0.6280793181664065,
   0.6280793181663825,
   0.6419968110376952,
   0.6419678789899468,
   0.6280652938279929,
   0.6256793011465588,
   0.6423031578431708,
   0.6422542634310758,
   0.6256517596589697,
   0.6212588893401636,
   0.639795645296614,
   0.6397748405717852,
   0.6212451581214319
  ],
  "1": [
   2.966713394660658,
   2.948358828700834,
   2.948332604469584,
   2.9666823684476933,
   2.9623007825899546,
   2.9458739043748006,
   2.9458213711070558,
   2.962239514418939,
   2.959823968679634,
   2.9461129432548057,
   2.946086796747117,
   2.959793481946321,
   2.959793481946282,
   2.9460867967470725,
   2.946112943254799,
   2.9598239686796397,
   2.962239514418861,
   2.9458213711070416,
   2.9458739043747943,
   2.962300782589979,
   2.9666823684476618,
   2.948332604469639,
   2.948358828700797,
   2.966713394660622
  ]
 },
 "1": {
  "0": [
   1.838121074837544,
   1.837609780828162,
   1.8376067402331995,
   1.8381197546409174,
   1.8381213078082943,
   1.8376330046677598,
   1.8376263791665488,
   1.838118582849708,
   1.8381202356933688,
   1.8376530277312708,
   1.8376495708086367,
   1.8381188150646328,
   1.8381188150644892,
   1.8376495708086769,
   1.8376530277311527,
   1.8381202356933377,
   1.8381185828497961,
   1.8376263791664726,
   1.837633004667746,
   1.8381213078083272,
   1.8381197546407606,
   1.8376067402332759,
   1.8376097808282406,
   1.838121074837478
  ],
  "1": [
   1.8383168435449855,
   1.8381477244104747,
   1.8381474662102748,
   1.8383186689774011,
   1.8383195444980582,
   1.8381418636647617,
   1.8381414061727666,
   1.8383229019699097,
   1.8383238028235163,
   1.8381356485491327,
   1.8381354539435195,
   1.8383255235014064,
   1.8383255235015215,
   1.8381354539433852,
   1.838135648549086,
   1.8383238028235527,
   1.838322901969801,
   1.8381414061728891,
   1.8381418636648827,
   1.8383195444981408,
   1.838318668977302,
   1.8381474662101949,
   1.838147724410486,
   1.8383168435449617
  ]
 },
 "2": {
  "0": [
   1.7957206997682154,
   1.795643480809755,
   1.795454804471395,
   1.7954599951555341,
   1.7956497423905144,
   1.7957225928981253,
   1.7957217717998484,
   1.7956423167670257,
   1.7954485514151215,
   1.795459048167647,
   1.795655594638492,
   1.7957259194064281,
   1.7957249919186404,
   1.7956480464367415,
   1.7954477571076028,
   1.7954530593098006,
   1.795654772364196,
   1.7957270087485144,
   1.7957270087498012,
   1.7956547723653273,
   1.7954530593076101,
   1.7954477571042933,
   1.7956480464348608,
   1.795724991918609,
   1.795725919406368,
   1.7956555946386012,
   1.795459048167858,
   1.7954485514150365,
   1.795642316766931,
   1.7957217717986094,
   1.7957225928963754,
   1.7956497423885303,
   1.7954599951534864,
   1.7954548044698875,
   1.795643480809645,
   1.7957206997682396
  ],
  "1": [
   1.7952315569886723,
   1.795181318599805,
   1.7951244430388467,
   1.795122944242691,
   1.7951783064045628,
   1.795230147990416,
   1.795238046678946,
   1.7951852785537517,
   1.7951226490655994,
   1.7951198197693101,
   1.7951793561027256,
   1.7952351990627375,
   1.795242902719465,
   1.795186143690689,
   1.7951199835601304,
   1.7951183651674718,
   1.7951831640032954,
   1.7952415191153868,
   1.795241519115628,
   1.7951831640036386,
   1.7951183651669576,
   1.7951199835596456,
   1.7951861436903773,
   1.7952429027195007,
   1.7952351990629012,
   1.7951793561025813,
   1.795119819769393,
   1.7951226490656311,
   1.7951852785536555,
   1.7952380466785498,
   1.7952301479897703,
   1.7951783064042834,
   1.7951229442422816,
   1.7951244430384345,
   1.7951813185998373,
   1.7952315569888169
  ]
 },
 "Z_a": [
  6,
  6,
  6,
  6,
  6,
  6,
  6,
  6,
  6,
  6,
  6,
  6,
  15,
  15,
  15,
  15,
  5,
  5,
  5,
  5,
  6,
  6,
  6,
  6,
  1,
  1,
  1,
  1
 ],
 "spos_ac": [
  [
   0.8699160744877641,
   0.5834161987086461,
   0.7463669200398202
  ],
  [
   0.7015352726879851,
   0.4880090784078269,
   0.246253587368464
  ],
  [
   0.2014849469550319,
   0.08165402833360677,
   0.3250448089018769
  ],
  [
   0.36992089165857833,
   0.9881320104187304,
   0.825158272176593
  ],
  [
   0.20151249694080317,
   0.4880123727199402,
   0.3250616513887663
  ],
  [
   0.36989329874058813,
   0.5834194930207328,
   0.825174984060093
  ],
  [
   0.8699436244735367,
   0.988135198832681,
   0.74638376252669
  ],
  [
   0.7015076797699924,
   0.08329656100983873,
   0.24627029925197835
  ],
  [
   0.5780630240442051,
   0.7857389495503777,
   0.832436528614425
  ],
  [
   0.9933475267784281,
   0.2856896047658299,
   0.3324182470292321
  ],
  [
   0.49336554738436394,
   0.28568962187818037,
   0.2389920428141474
  ],
  [
   0.07808104465014103,
   0.7857389666627534,
   0.7390103243993436
  ],
  [
   0.754224737683117,
   0.7856881534083234,
   0.05214363913549332
  ],
  [
   0.8172063592368138,
   0.2857403577876434,
   0.5521294922552344
  ],
  [
   0.31720383374545863,
   0.2857404180202441,
   0.01928493229307921
  ],
  [
   0.2542222121917596,
   0.7856882136409327,
   0.5192990791733408
  ],
  [
   0.9406631137702488,
   0.785767860668835,
   0.6142479410078823
  ],
  [
   0.6307746855411989,
   0.2856606995918082,
   0.1141852134496121
  ],
  [
   0.13076545765832873,
   0.285660710759749,
   0.45718063042071005
  ],
  [
   0.44065388588736404,
   0.7857678718367567,
   0.9572433579789548
  ],
  [
   0.9381991319443621,
   0.7857630996231021,
   0.29003180849006505
  ],
  [
   0.633221400408768,
   0.2856654776310827,
   0.7899652437121043
  ],
  [
   0.13322943948422294,
   0.28566547180545393,
   0.7813967629385008
  ],
  [
   0.4382071710197879,
   0.7857630937974978,
   0.28146332771646937
  ],
  [
   0.535714285714294,
   0.5357142857142884,
   0.5357142857142776
  ],
  [
   0.035714285714276,
   0.5357142857142809,
   0.03571428571428969
  ],
  [
   0.5357142857142945,
   0.035714285714275616,
   0.5357142857142763
  ],
  [
   0.03571428571428916,
   0.03571428571428573,
   0.03571428571427985
  ]
 ]
}