{
 "0": {
  "0": [
   0.6228310063578892,
   0.6412544798129889,
   0.6412740708359389,
   0.6228438051784915,
   0.6272363899789608,
   0.6437996666646411,
   0.643845938447195,
   0.6272621040915515,
   0.6296990360124384,
   0.6436473099963219,
   0.6436747771713711,
   0.6297121626569102,
   0.6297121626571054,
   0.6436747771713707,
   0.6436473099962213,
   0.6296990360124581,
   0.6272621040917187,
   0.6438459384474119,
   0.6437996666647074,
   0.6272363899789839,
   0.6228438051785122,
   0.6412740708358481,
   0.641254479812951,
   0.6228310063577458
  ],
  "1": [
   2.970015034428908,
   2.9514117368364516,
   2.951385637644276,
   2.9699841910695293,
   2.9656326260445978,
   2.9488696501999816,
   2.948817429308796,
   2.965571811113135,
   2.9632141025013308,
   2.949058921954324,
   2.949033002266423,
   2.9631839222363836,
   2.963183922236393,
   2.949033002266413,
   2.949058921954503,
   2.9632141025012655,
   2.965571811113182,
   2.948817429308862,
   2.948869650199929,
   2.965632626044472,
   2.969984191069635,
   2.951385637644254,
   2.95141173683663,
   2.9700150344289895
  ]
 },
 "1": {
  "0": [
   1.7552693984131174,
   1.7558198961410614,
   1.7558169386754503,
   1.7552681395987837,
   1.755269712509125,
   1.755808659866783,
   1.7558022373756526,
   1.7552671127424437,
   1.7552686949607816,
   1.7557940656259017,
   1.7557907403143522,
   1.7552673322927859,
   1.7552673322926864,
   1.7557907403143223,
   1.755794065626188,
   1.7552686949611243,
   1.755267112742399,
   1.7558022373756101,
   1.7558086598668512,
   1.7552697125093242,
   1.7552681395985672,
   1.755816938675487,
   1.7558198961410907,
   1.7552693984130399
  ],
  "1": [
   1.7491010424582698,
   1.7492064658910453,
   1.749206389749955,
   1.7491029616074218,
   1.7490973520876918,
   1.7492045456174803,
   1.7492044681961958,
   1.749100914542649,
   1.7490953989167692,
   1.7492026537725884,
   1.7492026337489925,
   1.7490972122807915,
   1.7490972122808695,
   1.74920263374887,
   1.7492026537727416,
   1.7490953989168168,
   1.7491009145424847,
   1.749204468196423,
   1.749204545617547,
   1.74909735208771,
   1.7491029616075702,
   1.7492063897500252,
   1.7492064658911095,
   1.7491010424581837
  ]
 },
 "2": {
  "0": [
   1.7956576678999672,
   1.7955864980169893,
   1.7954112464344192,
   1.7954162453671922,
   1.7955925141579652,
   1.7956594881967776,
   1.7956587181798631,
   1.7955852271603698,
   1.7954051245427864,
   1.795415231477371,
   1.7955980080647451,
   1.7956627394806082,
   1.7956618332816814,
   1.7955906141145987,
   1.7954042616405668,
   1.7954093580289547,
   1.7955970972446271,
   1.7956637900290993,
   1.7956637900290273,
   1.7955970972445028,
   1.7954093580289805,
   1.7954042616405321,
   1.7955906141151123,
   1.7956618332818,
   1.795662739480669,
   1.7955980080648948,
   1.7954152314772074,
   1.7954051245425635,
   1.795585227160056,
   1.7956587181798584,
   1.7956594881970358,
   1.7955925141577305,
   1.7954162453668547,
   1.7954112464342196,
   1.795586498017513,
   1.7956576679001037
  ],
  "1": [
   1.7952850653302748,
   1.7952348379985816,
   1.7951784925483443,
   1.795177000256984,
   1.795231908466003,
   1.7952836960264438,
   1.7952916353385953,
   1.7952389501239614,
   1.7951769212310569,
   1.7951741251259663,
   1.7952331841383882,
   1.795288903094434,
   1.7952966340180914,
   1.7952400694087989,
   1.7951745046133816,
   1.795172900483014,
   1.7952371572567511,
   1.7952953021583797,
   1.7952953021584621,
   1.795237157256696,
   1.7951729004833807,
   1.795174504613632,
   1.795240069408307,
   1.7952966340181093,
   1.795288903094876,
   1.7952331841389366,
   1.7951741251259818,
   1.7951769212310826,
   1.7952389501241406,
   1.7952916353388022,
   1.7952836960266763,
   1.7952319084664654,
   1.7951770002568477,
   1.7951784925484056,
   1.7952348379985,
   1.7952850653303927
  ]
 },
 "Z_a": [
  6,
  6,
  6,
  6,
  6,
  6,
  6,
  6,
  6,
  6,
  6,
  6,
  15,
  15,
  15,
  15,
  5,
  5,
  5,
  5,
  6,
  6,
  6,
  6,
  1,
  1,
  1,
  1
 ],
 "spos_ac": [
  [
   0.8699160744877641,
   0.5834161987086461,
   0.7463669200398202
  ],
  [
   0.7015352726879851,
   0.4880090784078269,
   0.246253587368464
  ],
  [
   0.2014849469550319,
   0.08329337259590185,
   0.3250448089018769
  ],
  [
   0.36992089165857833,
   0.9881320104187304,
   0.825158272176593
  ],
  [
   0.20151249694080317,
   0.4880123727199402,
   0.3250616513887663
  ],
  [
   0.36989329874058813,
   0.5834194930207328,
   0.825174984060093
  ],
  [
   0.8699436244735367,
   0.988135198832681,
   0.74638376252669
  ],
  [
   0.7015076797699924,
   0.08493590527213381,
   0.24627029925197835
  ],
  [
   0.5780630240442051,
   0.7857389495503777,
   0.832436528614425
  ],
  [
   0.9933475267784281,
   0.2856896047658299,
   0.3324182470292321
  ],
  [
   0.49336554738436394,
   0.28568962187818037,
   0.2389920428141474
  ],
  [
   0.07808104465014103,
   0.7857389666627534,
   0.7390103243993436
  ],
  [
   0.754224737683117,
   0.7856881534083234,
   0.05214363913549332
  ],
  [
   0.8172063592368138,
   0.2857403577876434,
   0.5521294922552344
  ],
  [
   0.31720383374545863,
   0.2857404180202441,
   0.01928493229307921
  ],
  [
   0.2542222121917596,
   0.7856882136409327,
   0.5192990791733408
  ],
  [
   0.9406631137702488,
   0.785767860668835,
   0.6142479410078823
  ],
  [
   0.6307746855411989,
   0.2856606995918082,
   0.1141852134496121
  ],
  [
   0.13076545765832873,
   0.285660710759749,
   0.45718063042071005
  ],
  [
   0.44065388588736404,
   0.7857678718367567,
   0.9572433579789548
  ],
  [
   0.9381991319443621,
   0.7857630996231021,
   0.29003180849006505
  ],
  [
   0.633221400408768,
   0.2856654776310827,
   0.7899652437121043
  ],
  [
   0.13322943948422294,
   0.28566547180545393,
   0.7813967629385008
  ],
  [
   0.4382071710197879,
   0.7857630937974978,
   0.28146332771646937
  ],
  [
   0.535714285714294,
   0.5357142857142884,
   0.5357142857142776
  ],
  [
   0.035714285714276,
   0.5357142857142809,
   0.03571428571428969
  ],
  [
   0.5357142857142945,
   0.035714285714275616,
   0.5357142857142763
  ],
  [
   0.03571428571428916,
   0.03571428571428573,
   0.03571428571427985
  ]
 ]
}