{
 "0": {
  "0": [
   0.6218418434224174,
   0.6402102916280823,
   0.6402102957186864,
   0.6218418436047977,
   0.6262348800224666,
   0.6427113029742747,
   0.6427113164635353,
   0.6262348812642304,
   0.6286348965087821,
   0.6424468136805257,
   0.6424468237544596,
   0.6286348986259029,
   0.6286348986259399,
   0.6424468237544303,
   0.6424468136805469,
   0.6286348965087679,
   0.6262348812641588,
   0.6427113164635737,
   0.6427113029742655,
   0.6262348800224374,
   0.621841843604857,
   0.6402102957186783,
   0.6402102916281734,
   0.621841843422507
  ],
  "1": [
   2.9673171905583495,
   2.948855715599776,
   2.948855699013573,
   2.967317186331699,
   2.962906140670415,
   2.9463213116536147,
   2.9463212770825176,
   2.9629061305454676,
   2.9604721604358417,
   2.946542387550001,
   2.9465423690398427,
   2.960472154997402,
   2.9604721549974258,
   2.946542369039904,
   2.9465423875500294,
   2.9604721604358337,
   2.962906130545463,
   2.9463212770825433,
   2.9463213116536284,
   2.9629061406703427,
   2.967317186331716,
   2.948855699013586,
   2.9488557155997928,
   2.967317190558366
  ]
 },
 "1": {
  "0": [
   1.7967188913935954,
   1.7967461239817368,
   1.7967461241144287,
   1.7967188901600126,
   1.7967186249552605,
   1.7967501565591104,
   1.7967501571001694,
   1.7967186222282323,
   1.7967183620476657,
   1.7967542255542406,
   1.7967542260183451,
   1.7967183609195414,
   1.7967183609195452,
   1.7967542260183558,
   1.79675422555422,
   1.79671836204772,
   1.7967186222281564,
   1.7967501571001736,
   1.796750156559078,
   1.7967186249552896,
   1.7967188901600535,
   1.796746124114416,
   1.7967461239818099,
   1.796718891393448
  ],
  "1": [
   1.7936711427367293,
   1.7936439252983363,
   1.79364391945946,
   1.7936711377348311,
   1.7936714054792917,
   1.7936398798440225,
   1.7936398677845777,
   1.7936713953364674,
   1.7936716582521066,
   1.7936357918874806,
   1.7936357857804166,
   1.7936716533190826,
   1.7936716533191561,
   1.7936357857804583,
   1.7936357918875334,
   1.7936716582521983,
   1.793671395336715,
   1.7936398677844612,
   1.7936398798440338,
   1.793671405479235,
   1.7936711377348584,
   1.7936439194594553,
   1.793643925298367,
   1.7936711427366137
  ]
 },
 "2": {
  "0": [
   1.8502537342908516,
   1.8500153092790848,
   1.8497596474569067,
   1.8497596405624086,
   1.850015298205167,
   1.850253728710593,
   1.8502470330600178,
   1.8500044329362095,
   1.8497528931883336,
   1.8497528795842995,
   1.8500044096143287,
   1.8502470229092798,
   1.8502402798817315,
   1.8499938589427034,
   1.8497454887126095,
   1.8497454817737782,
   1.8499938473417086,
   1.8502402751610099,
   1.8502402751611389,
   1.849993847341623,
   1.8497454817737493,
   1.8497454887128766,
   1.8499938589424465,
   1.850240279881711,
   1.8502470229093742,
   1.8500044096144164,
   1.8497528795842897,
   1.8497528931883565,
   1.850004432936008,
   1.8502470330599472,
   1.8502537287105656,
   1.8500152982051732,
   1.8497596405624048,
   1.849759647456803,
   1.8500153092792233,
   1.8502537342908476
  ],
  "1": [
   1.8523120066204246,
   1.8523329689503172,
   1.8523198875356623,
   1.8523198864204797,
   1.8523329660221732,
   1.8523120045394756,
   1.852312096221377,
   1.8523395981812973,
   1.852334171451066,
   1.85233416932937,
   1.852339591335244,
   1.8523120932334174,
   1.852312387417044,
   1.8523470726833993,
   1.8523487185484477,
   1.8523487174778859,
   1.8523470691870392,
   1.8523123859876,
   1.852312385987607,
   1.8523470691871524,
   1.8523487174778084,
   1.8523487185483496,
   1.852347072683455,
   1.8523123874168923,
   1.8523120932334303,
   1.8523395913348812,
   1.852334169329557,
   1.8523341714510655,
   1.852339598181372,
   1.8523120962211699,
   1.852312004539538,
   1.8523329660221044,
   1.852319886420321,
   1.8523198875357316,
   1.8523329689504258,
   1.8523120066203844
  ]
 },
 "Z_a": [
  6,
  6,
  6,
  6,
  6,
  6,
  6,
  6,
  6,
  6,
  6,
  6,
  15,
  15,
  15,
  15,
  5,
  5,
  5,
  5,
  6,
  6,
  6,
  6,
  1,
  1,
  1,
  1
 ],
 "spos_ac": [
  [
   0.8699160744877641,
   0.5834161987086461,
   0.7463669200398202
  ],
  [
   0.7015352726879851,
   0.4880090784078269,
   0.246253587368464
  ],
  [
   0.2014849469550319,
   0.08329337259590185,
   0.3250448089018769
  ],
  [
   0.36992089165857833,
   0.9881320104187304,
   0.825158272176593
  ],
  [
   0.20151249694080317,
   0.4880123727199402,
   0.3250616513887663
  ],
  [
   0.36989329874058813,
   0.5834194930207328,
   0.825174984060093
  ],
  [
   0.8699436244735367,
   0.988135198832681,
   0.74638376252669
  ],
  [
   0.7015076797699924,
   0.08329656100983873,
   0.24627029925197835
  ],
  [
   0.5780630240442051,
   0.7857389495503777,
   0.832436528614425
  ],
  [
   0.9933475267784281,
   0.2856896047658299,
   0.3324182470292321
  ],
  [
   0.49336554738436394,
   0.28568962187818037,
   0.2389920428141474
  ],
  [
   0.07808104465014103,
   0.7857389666627534,
   0.7390103243993436
  ],
  [
   0.754224737683117,
   0.7856881534083234,
   0.05214363913549332
  ],
  [
   0.8172063592368138,
   0.2857403577876434,
   0.5521294922552344
  ],
  [
   0.31720383374545863,
   0.2857404180202441,
   0.01928493229307921
  ],
  [
   0.2542222121917596,
   0.7856882136409327,
   0.5192990791733408
  ],
  [
   0.9406631137702488,
   0.785767860668835,
   0.6142479410078823
  ],
  [
   0.6307746855411989,
   0.2856606995918082,
   0.1141852134496121
  ],
  [
   0.13076545765832873,
   0.285660710759749,
   0.45718063042071005
  ],
  [
   0.44065388588736404,
   0.7857678718367567,
   0.9572433579789548
  ],
  [
   0.9381991319443621,
   0.7857630996231021,
   0.29003180849006505
  ],
  [
   0.633221400408768,
   0.2856654776310827,
   0.7899652437121043
  ],
  [
   0.13322943948422294,
   0.28566547180545393,
   0.7813967629385008
  ],
  [
   0.4382071710197879,
   0.7857630937974978,
   0.2793536230751192
  ],
  [
   0.535714285714294,
   0.5357142857142884,
   0.5357142857142776
  ],
  [
   0.035714285714276,
   0.5357142857142809,
   0.03571428571428969
  ],
  [
   0.5357142857142945,
   0.035714285714275616,
   0.5357142857142763
  ],
  [
   0.03571428571428916,
   0.03571428571428573,
   0.03571428571427985
  ]
 ]
}