{
 "0": {
  "0": [
   0.5994735703167783,
   0.6178650267661883,
   0.6178650266023917,
   0.5994735724803073,
   0.6039058189672867,
   0.6204171381979859,
   0.6204171430871862,
   0.6039058273424056,
   0.6063637089765739,
   0.6202143549315253,
   0.6202143605588618,
   0.6063637149502679,
   0.6063637149504216,
   0.6202143605588734,
   0.6202143549315031,
   0.6063637089765446,
   0.6039058273424162,
   0.620417143087117,
   0.6204171381979087,
   0.603905818967293,
   0.5994735724803003,
   0.6178650266024199,
   0.6178650267662396,
   0.5994735703167697
  ],
  "1": [
   2.9465480386028275,
   2.9276147284666165,
   2.9276147377454906,
   2.9465480420524974,
   2.942164705204471,
   2.9250991927783234,
   2.925099217246875,
   2.9421647154519226,
   2.939762706803423,
   2.9253355366522116,
   2.9253355526592175,
   2.9397627140992766,
   2.9397627140993166,
   2.925335552659205,
   2.925335536652175,
   2.9397627068034677,
   2.9421647154519586,
   2.9250992172468555,
   2.925099192778393,
   2.9421647052044917,
   2.946548042052468,
   2.9276147377454524,
   2.9276147284665646,
   2.9465480386028666
  ]
 },
 "1": {
  "0": [
   1.7967188820033217,
   1.796746053156065,
   1.7967460469772305,
   1.7967188828812983,
   1.796718617425458,
   1.796750108165533,
   1.7967500967988133,
   1.7967186175531842,
   1.796718356828925,
   1.796754192011196,
   1.796754187283195,
   1.7967183566425897,
   1.7967183566426617,
   1.7967541872831514,
   1.7967541920112213,
   1.796718356828942,
   1.796718617552929,
   1.7967500967987826,
   1.796750108165456,
   1.7967186174255037,
   1.7967188828813454,
   1.7967460469772212,
   1.7967460531561215,
   1.7967188820032485
  ],
  "1": [
   1.7936716173352587,
   1.7936441227604443,
   1.793644149539898,
   1.7936716334440843,
   1.7936718844395014,
   1.7936400427541384,
   1.7936400959858287,
   1.793671917111943,
   1.79367216371997,
   1.7936359523656453,
   1.793635979891648,
   1.7936721801839033,
   1.7936721801838882,
   1.7936359798917492,
   1.793635952365741,
   1.7936721637199924,
   1.7936719171117896,
   1.7936400959857777,
   1.793640042754161,
   1.7936718844395096,
   1.7936716334440999,
   1.7936441495399376,
   1.7936441227605235,
   1.7936716173352472
  ]
 },
 "2": {
  "0": [
   1.79671738439695,
   1.7967567007817342,
   1.7968025083238945,
   1.7968025056457135,
   1.7967566954235659,
   1.796717382121616,
   1.7967164901250043,
   1.7967587954807658,
   1.7968097533019023,
   1.7968097491367239,
   1.7967587837395673,
   1.7967164844369417,
   1.7967153031227496,
   1.7967607522024855,
   1.7968169973048438,
   1.7968169953829805,
   1.7967607465672215,
   1.7967153007209884,
   1.796715300721147,
   1.7967607465670874,
   1.7968169953829447,
   1.796816997304682,
   1.7967607522023852,
   1.7967153031224796,
   1.7967164844368082,
   1.796758783739297,
   1.7968097491366548,
   1.7968097533018734,
   1.7967587954810857,
   1.7967164901252402,
   1.7967173821216003,
   1.7967566954235548,
   1.7968025056458372,
   1.7968025083239219,
   1.7967567007819252,
   1.7967173843970907
  ],
  "1": [
   1.7969649234749034,
   1.7968391447872027,
   1.7966869465739919,
   1.796686944188851,
   1.7968391400996548,
   1.7969649211135204,
   1.7969625998182035,
   1.79682693677138,
   1.7966750502435376,
   1.7966750460200867,
   1.7968269257988243,
   1.7969625940393754,
   1.7969597988660966,
   1.7968141402830788,
   1.796662437057024,
   1.7966624359626004,
   1.7968141348994355,
   1.7969597966166386,
   1.7969597966167508,
   1.7968141348994333,
   1.7966624359626915,
   1.7966624370572535,
   1.7968141402832765,
   1.796959798866282,
   1.7969625940393246,
   1.7968269257990417,
   1.7966750460200387,
   1.7966750502435986,
   1.796826936771428,
   1.7969625998184333,
   1.7969649211135406,
   1.796839140099551,
   1.7966869441889632,
   1.7966869465740873,
   1.7968391447871397,
   1.7969649234751772
  ]
 },
 "Z_a": [
  6,
  6,
  6,
  6,
  6,
  6,
  6,
  6,
  6,
  6,
  6,
  6,
  15,
  15,
  15,
  15,
  5,
  5,
  5,
  5,
  6,
  6,
  6,
  6,
  1,
  1,
  1,
  1
 ],
 "spos_ac": [
  [
   0.8699160744877641,
   0.5834161987086461,
   0.7463669200398202
  ],
  [
   0.7015352726879851,
   0.4880090784078269,
   0.246253587368464
  ],
  [
   0.2014849469550319,
   0.08329337259590185,
   0.3250448089018769
  ],
  [
   0.36992089165857833,
   0.9881320104187304,
   0.825158272176593
  ],
  [
   0.20151249694080317,
   0.4880123727199402,
   0.3250616513887663
  ],
  [
   0.36989329874058813,
   0.5834194930207328,
   0.825174984060093
  ],
  [
   0.8699436244735367,
   0.988135198832681,
   0.74638376252669
  ],
  [
   0.7015076797699924,
   0.08329656100983873,
   0.24627029925197835
  ],
  [
   0.5780630240442051,
   0.7857389495503777,
   0.832436528614425
  ],
  [
   0.9933475267784281,
   0.2856896047658299,
   0.3324182470292321
  ],
  [
   0.49336554738436394,
   0.28568962187818037,
   0.2389920428141474
  ],
  [
   0.07808104465014103,
   0.7857389666627534,
   0.7390103243993436
  ],
  [
   0.754224737683117,
   0.7856881534083234,
   0.05214363913549332
  ],
  [
   0.8172063592368138,
   0.2857403577876434,
   0.5521294922552344
  ],
  [
   0.31720383374545863,
   0.2857404180202441,
   0.01928493229307921
  ],
  [
   0.2542222121917596,
   0.7856882136409327,
   0.5192990791733408
  ],
  [
   0.9406631137702488,
   0.785767860668835,
   0.6142479410078823
  ],
  [
   0.6307746855411989,
   0.2856606995918082,
   0.1141852134496121
  ],
  [
   0.13076545765832873,
   0.285660710759749,
   0.45718063042071005
  ],
  [
   0.44065388588736404,
   0.7857678718367567,
   0.9572433579789548
  ],
  [
   0.9381991319443621,
   0.7857630996231021,
   0.29003180849006505
  ],
  [
   0.6341774233533186,
   0.2856654776310827,
   0.7899652437121043
  ],
  [
   0.13322943948422294,
   0.28566547180545393,
   0.7813967629385008
  ],
  [
   0.4382071710197879,
   0.7857630937974978,
   0.28146332771646937
  ],
  [
   0.535714285714294,
   0.5357142857142884,
   0.5357142857142776
  ],
  [
   0.035714285714276,
   0.5357142857142809,
   0.03571428571428969
  ],
  [
   0.5357142857142945,
   0.035714285714275616,
   0.5357142857142763
  ],
  [
   0.03571428571428916,
   0.03571428571428573,
   0.03571428571427985
  ]
 ]
}