{
 "0": {
  "0": [
   0.37495529481617224,
   0.3919321202057313,
   0.39192527976507685,
   0.37493744520748246,
   0.375663107681347,
   0.3941152287438143,
   0.3941039460645462,
   0.3756273975449705,
   0.3751743832776095,
   0.39473813166155497,
   0.3947342365960733,
   0.37515643318491776,
   0.3751564331849669,
   0.39473423659606705,
   0.39473813166158755,
   0.37517438327767405,
   0.37562739754507907,
   0.39410394606449833,
   0.39411522874383403,
   0.3756631076813822,
   0.37493744520746314,
   0.3919252797651012,
   0.3919321202057438,
   0.3749552948161328
  ],
  "1": [
   -3.0677111983884084,
   -3.0846918301365425,
   -3.08471478660271,
   -3.067732559846803,
   -3.068399043979221,
   -3.086861804193744,
   -3.086905977173332,
   -3.0684426478030256,
   -3.0679300725639886,
   -3.0874995194120136,
   -3.087520841917598,
   -3.067952280127294,
   -3.067952280127445,
   -3.08752084191767,
   -3.087499519412052,
   -3.0679300725640672,
   -3.0684426478030575,
   -3.0869059771733367,
   -3.0868618041937546,
   -3.0683990439791966,
   -3.0677325598467333,
   -3.0847147866026683,
   -3.084691830136664,
   -3.0677111983884644
  ]
 },
 "1": {
  "0": [
   1.7878251866681951,
   1.7883201132770725,
   1.7883227044129306,
   1.7878294178616392,
   1.7878258186803382,
   1.7883165942697763,
   1.7883214501597873,
   1.787834521980638,
   1.7878309256253473,
   1.788314892447069,
   1.7883175564360463,
   1.7878353898504218,
   1.7878353898500146,
   1.7883175564357716,
   1.7883148924468177,
   1.7878309256249547,
   1.7878345219803575,
   1.7883214501595566,
   1.788316594269537,
   1.7878258186802953,
   1.7878294178619512,
   1.7883227044130694,
   1.78832011327735,
   1.7878251866685477
  ],
  "1": [
   1.784960973363778,
   1.7847230904828584,
   1.7847241541686767,
   1.7849606457211968,
   1.7849720844365695,
   1.7847405203352196,
   1.7847429919991533,
   1.7849717644502003,
   1.7849829703374493,
   1.7847602028837966,
   1.784761282632139,
   1.7849828613635748,
   1.7849828613631278,
   1.7847612826316597,
   1.784760202883326,
   1.7849829703369964,
   1.7849717644496852,
   1.784742991998812,
   1.7847405203348428,
   1.784972084436456,
   1.7849606457216027,
   1.7847241541690497,
   1.784723090483447,
   1.78496097336423
  ]
 },
 "2": {
  "0": [
   1.7942685921669448,
   1.794265170961973,
   1.7942676701127804,
   1.7942759090917528,
   1.7942784251956276,
   1.7942738161521987,
   1.7942655826316298,
   1.794258609382284,
   1.7942632270046839,
   1.794280120873057,
   1.7942852123442776,
   1.7942767426251274,
   1.7942685269135799,
   1.7942653335817105,
   1.7942676257647954,
   1.7942762156949044,
   1.7942786282051288,
   1.7942740643165447,
   1.7942740643165653,
   1.794278628205248,
   1.794276215694795,
   1.7942676257646057,
   1.7942653335815721,
   1.7942685269135306,
   1.794276742625301,
   1.7942852123442283,
   1.7942801208728996,
   1.794263227004582,
   1.7942586093821515,
   1.7942655826315659,
   1.7942738161522156,
   1.794278425195681,
   1.7942759090918017,
   1.794267670112807,
   1.794265170961966,
   1.7942685921669894
  ],
  "1": [
   1.7960968251814258,
   1.7960936821412012,
   1.7960989500210198,
   1.796107151556396,
   1.7961083055796112,
   1.7961031700442514,
   1.7960935513269711,
   1.7960863813908448,
   1.7960953725441984,
   1.7961115399904173,
   1.7961155820511228,
   1.7961064496938133,
   1.796096429782977,
   1.7960936935976282,
   1.796099270206493,
   1.7961078058228017,
   1.7961083046329913,
   1.7961032057526527,
   1.7961032057525848,
   1.7961083046330346,
   1.7961078058226936,
   1.7960992702062621,
   1.7960936935975795,
   1.7960964297828559,
   1.796106449693677,
   1.796115582051012,
   1.7961115399905137,
   1.7960953725442044,
   1.796086381390936,
   1.7960935513270386,
   1.796103170044207,
   1.7961083055795826,
   1.7961071515563944,
   1.7960989500214746,
   1.7960936821412812,
   1.7960968251815788
  ]
 },
 "Z_a": [
  6,
  6,
  6,
  6,
  6,
  6,
  6,
  6,
  6,
  6,
  6,
  6,
  15,
  15,
  15,
  15,
  5,
  5,
  5,
  5,
  6,
  6,
  6,
  6,
  1,
  1,
  1,
  1
 ],
 "spos_ac": [
  [
   0.875086171267842,
   0.5799114664354494,
   0.7620001604529165
  ],
  [
   0.6963326491430107,
   0.49152273806342317,
   0.26204968708065984
  ],
  [
   0.19634578503225414,
   0.07986334182487917,
   0.3093996709370247
  ],
  [
   0.37509243651960295,
   0.9915710460212733,
   0.809350332057105
  ],
  [
   0.19634240016082302,
   0.4915171049931042,
   0.30942841097595686
  ],
  [
   0.37509592228564614,
   0.5799058333650529,
   0.8093788843478147
  ],
  [
   0.8750827863963759,
   0.9915652296037303,
   0.7620289004915775
  ],
  [
   0.6963361349088255,
   0.0798575254071736,
   0.26207823937147035
  ],
  [
   0.5878528164294758,
   0.7857486902548056,
   0.8132081770705389
  ],
  [
   0.9835807429164943,
   0.28567971172124473,
   0.31319234859390055
  ],
  [
   0.4835757549990956,
   0.2856798811737049,
   0.25822039435815514
  ],
  [
   0.08784782851211616,
   0.7857488597073228,
   0.7582362228344648
  ],
  [
   0.7581652244482407,
   0.7856983365429423,
   0.06779663046633189
  ],
  [
   0.8132687115998859,
   0.28572998789025006,
   0.56776712828043
  ],
  [
   0.31326334698036784,
   0.28573023488574767,
   0.003631940962239495
  ],
  [
   0.25815985982870476,
   0.785698583538386,
   0.5036614431480133
  ],
  [
   0.9476341398671434,
   0.7874282577801881,
   0.6263911160405566
  ],
  [
   0.6237953359644607,
   0.2856820998259023,
   0.12641184983721956
  ],
  [
   0.12379442715717318,
   0.2856821654782436,
   0.4450374551733063
  ],
  [
   0.44763323546407974,
   0.7857464716026812,
   0.9450167215913226
  ],
  [
   0.9461837097119583,
   0.7857448850466753,
   0.2958269766902139
  ],
  [
   0.6252729068777036,
   0.285683959345953,
   0.7958524720273839
  ],
  [
   0.1252448617163888,
   0.2856836863818081,
   0.7756015947384649
  ],
  [
   0.4461556645508782,
   0.7857446120828451,
   0.27557609940116634
  ],
  [
   0.535714285714305,
   0.5357142857142547,
   0.5357142857142149
  ],
  [
   0.03571428571427876,
   0.5357142857142906,
   0.03571428571427213
  ],
  [
   0.5357142857143153,
   0.03571428571430044,
   0.5357142857142152
  ],
  [
   0.03571428571427918,
   0.03571428571425121,
   0.03571428571428174
  ]
 ]
}