{
 "0": {
  "0": [
   0.37492279529789435,
   0.39190522069629835,
   0.3919129570609473,
   0.3749291549876051,
   0.3756173896218596,
   0.3940815299079723,
   0.3940972743576265,
   0.3756319814044294,
   0.375140786070191,
   0.3947115150935116,
   0.3947194291419509,
   0.37514868688869807,
   0.3751486868886869,
   0.3947194291419929,
   0.394711515093547,
   0.3751407860702043,
   0.3756319814044564,
   0.3940972743576262,
   0.3940815299080696,
   0.37561738962190483,
   0.374929154987633,
   0.39191295706098644,
   0.3919052206963606,
   0.3749227952979631
  ],
  "1": [
   -3.0677488534765613,
   -3.0847307838570637,
   -3.084717094199944,
   -3.0677397494675134,
   -3.0684534564872132,
   -3.086919104377944,
   -3.0868907948307043,
   -3.068433893852535,
   -3.0679696843569415,
   -3.087539036411854,
   -3.0875244012550667,
   -3.0679590608000296,
   -3.0679590608000598,
   -3.087524401255047,
   -3.087539036411858,
   -3.0679696843569486,
   -3.06843389385254,
   -3.086890794830661,
   -3.0869191043779987,
   -3.0684534564872377,
   -3.06773974946758,
   -3.084717094199963,
   -3.084730783857114,
   -3.0677488534765067
  ]
 },
 "1": {
  "0": [
   1.8345140989324715,
   1.8346585635996089,
   1.8346568339174993,
   1.8345126962002478,
   1.8345185448278478,
   1.8346621070020896,
   1.8346585100370798,
   1.8345153328967758,
   1.8345213117749066,
   1.834663395358422,
   1.8346617155970182,
   1.8345199379020787,
   1.8345199379020833,
   1.834661715597001,
   1.8346633953583855,
   1.8345213117749122,
   1.834515332896759,
   1.8346585100370498,
   1.8346621070021187,
   1.8345185448278227,
   1.834512696200216,
   1.8346568339174836,
   1.834658563599617,
   1.8345140989324435
  ],
  "1": [
   1.832605722017747,
   1.8325620988121079,
   1.8325703187947298,
   1.8326097869204037,
   1.832612337404442,
   1.8325685336713124,
   1.8325856425591496,
   1.8326204347970156,
   1.8326226563336234,
   1.832584335962298,
   1.8325926709442382,
   1.8326267653449624,
   1.8326267653449255,
   1.832592670944223,
   1.8325843359623146,
   1.832622656333663,
   1.832620434796955,
   1.8325856425591458,
   1.8325685336713076,
   1.8326123374044077,
   1.8326097869204203,
   1.8325703187947544,
   1.8325620988121016,
   1.8326057220177394
  ]
 },
 "2": {
  "0": [
   1.7942810786401155,
   1.794283209554564,
   1.7942804537363577,
   1.7942756617942774,
   1.794275027053687,
   1.7942777987294,
   1.794282682726613,
   1.7942874654137129,
   1.7942828756445068,
   1.7942731162799943,
   1.7942711516300462,
   1.7942761334334165,
   1.7942812388620366,
   1.794283545439843,
   1.7942808328659392,
   1.7942757439414303,
   1.7942753939422575,
   1.7942778864933078,
   1.7942778864933475,
   1.7942753939423721,
   1.794275743941187,
   1.7942808328659992,
   1.7942835454396953,
   1.7942812388621903,
   1.7942761334332926,
   1.7942711516301566,
   1.7942731162801242,
   1.7942828756445357,
   1.7942874654136411,
   1.7942826827265643,
   1.7942777987294516,
   1.7942750270537176,
   1.7942756617945308,
   1.7942804537362096,
   1.7942832095546895,
   1.794281078639985
  ],
  "1": [
   1.796133479165814,
   1.7961370560784622,
   1.796138005436808,
   1.796135836208026,
   1.7961307157288888,
   1.796130020709708,
   1.7961353634948491,
   1.7961396973674126,
   1.7961393383823852,
   1.7961346247829675,
   1.7961276357698435,
   1.796128071810229,
   1.796133350833263,
   1.7961366180106575,
   1.7961377314098486,
   1.7961356401198012,
   1.7961303327366633,
   1.7961296529409407,
   1.796129652940844,
   1.796130332736737,
   1.7961356401196393,
   1.7961377314099023,
   1.79613661801067,
   1.7961333508335882,
   1.7961280718100145,
   1.7961276357697302,
   1.796134624782794,
   1.7961393383824942,
   1.796139697367287,
   1.7961353634951007,
   1.7961300207095772,
   1.7961307157286728,
   1.7961358362081083,
   1.7961380054365101,
   1.7961370560783223,
   1.7961334791660115
  ]
 },
 "Z_a": [
  6,
  6,
  6,
  6,
  6,
  6,
  6,
  6,
  6,
  6,
  6,
  6,
  15,
  15,
  15,
  15,
  5,
  5,
  5,
  5,
  6,
  6,
  6,
  6,
  1,
  1,
  1,
  1
 ],
 "spos_ac": [
  [
   0.875086171267842,
   0.5799114664354494,
   0.7620001604529165
  ],
  [
   0.6963326491430107,
   0.49152273806342317,
   0.26204968708065984
  ],
  [
   0.19634578503225414,
   0.07986334182487917,
   0.3093996709370247
  ],
  [
   0.37509243651960295,
   0.9915710460212733,
   0.809350332057105
  ],
  [
   0.19634240016082302,
   0.4915171049931042,
   0.30942841097595686
  ],
  [
   0.37509592228564614,
   0.5799058333650529,
   0.8093788843478147
  ],
  [
   0.8750827863963759,
   0.9915652296037303,
   0.7620289004915775
  ],
  [
   0.6963361349088255,
   0.0798575254071736,
   0.26207823937147035
  ],
  [
   0.5878528208337471,
   0.7840668384249256,
   0.8132081772853229
  ],
  [
   0.9835807429164943,
   0.28567971172124473,
   0.31319234859390055
  ],
  [
   0.4835757549990956,
   0.2856798811737049,
   0.25822039435815514
  ],
  [
   0.08784782851211616,
   0.7857488597073228,
   0.7582362228344648
  ],
  [
   0.7581652244482407,
   0.7856983365429423,
   0.06779663046633189
  ],
  [
   0.8132687115998859,
   0.28572998789025006,
   0.56776712828043
  ],
  [
   0.31326334698036784,
   0.28573023488574767,
   0.003631940962239495
  ],
  [
   0.25815985982870476,
   0.785698583538386,
   0.5036614431480133
  ],
  [
   0.9476341442714147,
   0.7857464059503083,
   0.6263911162553406
  ],
  [
   0.6237953359644607,
   0.2856820998259023,
   0.12641184983721956
  ],
  [
   0.12379442715717318,
   0.2856821654782436,
   0.4450374551733063
  ],
  [
   0.44763323546407974,
   0.7857464716026812,
   0.9450167215913226
  ],
  [
   0.9461837097119583,
   0.7857448850466753,
   0.2958269766902139
  ],
  [
   0.6252729068777036,
   0.285683959345953,
   0.7958524720273839
  ],
  [
   0.1252448617163888,
   0.2856836863818081,
   0.7756015947384649
  ],
  [
   0.4461556645508782,
   0.7857446120828451,
   0.27557609940116634
  ],
  [
   0.535714285714305,
   0.5357142857142547,
   0.5357142857142149
  ],
  [
   0.03571428571427876,
   0.5357142857142906,
   0.03571428571427213
  ],
  [
   0.5357142857143153,
   0.03571428571430044,
   0.5357142857142152
  ],
  [
   0.03571428571427918,
   0.03571428571425121,
   0.03571428571428174
  ]
 ]
}