{
 "0": {
  "0": [
   0.3755901914608819,
   0.39264695468581373,
   0.3926570978414151,
   0.37559880966206377,
   0.3762286126481721,
   0.39477410298726917,
   0.39479702954884655,
   0.3762488556564544,
   0.3756963499855127,
   0.39535371268143554,
   0.39536707582001784,
   0.37570853637677043,
   0.3757085363767584,
   0.3953670758200168,
   0.3953537126814457,
   0.3756963499854734,
   0.3762488556564627,
   0.3947970295488036,
   0.3947741029872413,
   0.3762286126481564,
   0.37559880966205605,
   0.3926570978414038,
   0.3926469546858071,
   0.3755901914608908
  ],
  "1": [
   -3.0666708672725287,
   -3.0836452900082363,
   -3.0836362402491186,
   -3.0666634058664206,
   -3.0673684933304624,
   -3.085807252849818,
   -3.0857858884023432,
   -3.067350220293282,
   -3.0668890790538472,
   -3.086412111337318,
   -3.086399159968198,
   -3.0668775061107474,
   -3.066877506110739,
   -3.086399159968165,
   -3.0864121113372818,
   -3.0668890790538192,
   -3.0673502202932674,
   -3.08578588840231,
   -3.085807252849777,
   -3.067368493330404,
   -3.066663405866388,
   -3.083636240249077,
   -3.0836452900082274,
   -3.066670867272554
  ]
 },
 "1": {
  "0": [
   1.7959872193723678,
   1.7959866304095207,
   1.7959840711564612,
   1.795984268547921,
   1.795990555131649,
   1.795992056427519,
   1.7959863213545568,
   1.7959848715361102,
   1.7959913690451674,
   1.7959940761544826,
   1.7959914751963968,
   1.7959883794199754,
   1.7959883794199405,
   1.7959914751964028,
   1.7959940761544835,
   1.7959913690451537,
   1.7959848715361166,
   1.7959863213545633,
   1.795992056427553,
   1.7959905551316302,
   1.7959842685479268,
   1.7959840711564288,
   1.7959866304095202,
   1.7959872193723503
  ],
  "1": [
   1.7937973683500188,
   1.7936907557549906,
   1.7936922941818283,
   1.793798128351116,
   1.7937982650957953,
   1.793686673394289,
   1.793689867997916,
   1.7937997872106417,
   1.7937997880905518,
   1.7936847916807794,
   1.7936863325792687,
   1.7938004658198952,
   1.7938004658199158,
   1.7936863325792785,
   1.7936847916807601,
   1.7937997880905507,
   1.7937997872106535,
   1.7936898679979036,
   1.7936866733943102,
   1.7937982650958566,
   1.7937981283511446,
   1.79369229418184,
   1.793690755754981,
   1.7937973683500195
  ]
 },
 "2": {
  "0": [
   1.7432316410080955,
   1.743325869459212,
   1.7434345651891086,
   1.743430987154159,
   1.7433180111994795,
   1.7432280697110043,
   1.7432308805565446,
   1.7433257621862326,
   1.7434325540367535,
   1.7434259498460785,
   1.7433109702042913,
   1.7432235451346907,
   1.7432267156621863,
   1.7433188596182378,
   1.7434275714967025,
   1.7434242735101317,
   1.7433110401143415,
   1.7432227777445992,
   1.7432227777446994,
   1.743311040114356,
   1.7434242735101178,
   1.743427571496664,
   1.743318859618168,
   1.7432267156622427,
   1.7432235451346234,
   1.7433109702043035,
   1.743425949846074,
   1.7434325540367286,
   1.7433257621863074,
   1.7432308805564447,
   1.7432280697110156,
   1.7433180111994553,
   1.7434309871541154,
   1.7434345651891108,
   1.7433258694592215,
   1.7432316410081277
  ],
  "1": [
   1.745145043123827,
   1.7451601058530708,
   1.7451639236630307,
   1.74516164697904,
   1.745155609192921,
   1.7451431558237016,
   1.7451471227818018,
   1.7451642216269174,
   1.7451679497090198,
   1.745163081399643,
   1.745155708037529,
   1.7451427534488566,
   1.7451465477725283,
   1.7451646637888663,
   1.7451690696182096,
   1.7451666926281435,
   1.745160309996954,
   1.7451444736799573,
   1.745144473679917,
   1.7451603099968869,
   1.745166692628147,
   1.7451690696181965,
   1.7451646637888278,
   1.745146547772569,
   1.7451427534488284,
   1.7451557080374078,
   1.7451630813996568,
   1.7451679497090113,
   1.7451642216269414,
   1.7451471227818265,
   1.7451431558237533,
   1.7451556091929152,
   1.7451616469790687,
   1.7451639236630403,
   1.745160105853027,
   1.7451450431237436
  ]
 },
 "Z_a": [
  6,
  6,
  6,
  6,
  6,
  6,
  6,
  6,
  6,
  6,
  6,
  6,
  15,
  15,
  15,
  15,
  5,
  5,
  5,
  5,
  6,
  6,
  6,
  6,
  1,
  1,
  1,
  1
 ],
 "spos_ac": [
  [
   0.875086171267842,
   0.5799114664354494,
   0.7620001604529165
  ],
  [
   0.6963326491430107,
   0.49152273806342317,
   0.26204968708065984
  ],
  [
   0.19634578503225414,
   0.07986334182487917,
   0.3093996709370247
  ],
  [
   0.37509243651960295,
   0.9915710460212733,
   0.809350332057105
  ],
  [
   0.19634240016082302,
   0.4915171049931042,
   0.30942841097595686
  ],
  [
   0.37509592228564614,
   0.5799058333650529,
   0.8093788843478147
  ],
  [
   0.8750827898123248,
   0.9915652294368008,
   0.7641955304650185
  ],
  [
   0.6963361349088255,
   0.0798575254071736,
   0.26207823937147035
  ],
  [
   0.5878528164294758,
   0.7857486902548056,
   0.8132081770705389
  ],
  [
   0.9835807429164943,
   0.28567971172124473,
   0.31319234859390055
  ],
  [
   0.4835757549990956,
   0.2856798811737049,
   0.25822039435815514
  ],
  [
   0.08784782851211616,
   0.7857488597073228,
   0.7582362228344648
  ],
  [
   0.7581652244482407,
   0.7856983365429423,
   0.06779663046633189
  ],
  [
   0.8132687115998859,
   0.28572998789025006,
   0.56776712828043
  ],
  [
   0.31326334698036784,
   0.28573023488574767,
   0.003631940962239495
  ],
  [
   0.25815985982870476,
   0.785698583538386,
   0.5036614431480133
  ],
  [
   0.9476341442714147,
   0.7857464059503083,
   0.6263911162553406
  ],
  [
   0.6237953359644607,
   0.2856820998259023,
   0.12641184983721956
  ],
  [
   0.12379442715717318,
   0.2856821654782436,
   0.4450374551733063
  ],
  [
   0.44763323546407974,
   0.7857464716026812,
   0.9450167215913226
  ],
  [
   0.9461837097119583,
   0.7857448850466753,
   0.2958269766902139
  ],
  [
   0.6252729068777036,
   0.285683959345953,
   0.7958524720273839
  ],
  [
   0.1252448617163888,
   0.2856836863818081,
   0.7756015947384649
  ],
  [
   0.4461556645508782,
   0.7857446120828451,
   0.27557609940116634
  ],
  [
   0.535714285714305,
   0.5357142857142547,
   0.5357142857142149
  ],
  [
   0.03571428571427876,
   0.5357142857142906,
   0.03571428571427213
  ],
  [
   0.5357142857143153,
   0.03571428571430044,
   0.5357142857142152
  ],
  [
   0.03571428571427918,
   0.03571428571425121,
   0.03571428571428174
  ]
 ]
}