{
 "0": {
  "0": [
   0.3749363342647915,
   0.39192405824731585,
   0.39193114778756644,
   0.3749540613203186,
   0.3756261860610481,
   0.39410278090160605,
   0.3941140621705318,
   0.37566190173375924,
   0.3751552516399835,
   0.3947329954969133,
   0.3947368891890781,
   0.375173057603696,
   0.3751730576037052,
   0.39473688918905675,
   0.39473299549688157,
   0.3751552516399648,
   0.37566190173371206,
   0.3941140621704073,
   0.3941027809014103,
   0.3756261860609946,
   0.3749540613202178,
   0.3919311477873578,
   0.39192405824709414,
   0.3749363342646968
  ],
  "1": [
   -3.067733769582533,
   -3.0847158493471847,
   -3.084693141602545,
   -3.0677122857147423,
   -3.0684437982011237,
   -3.086907214455855,
   -3.0868630396713455,
   -3.068400199920104,
   -3.0679535177267283,
   -3.087522129253942,
   -3.0875008051971347,
   -3.0679311646756497,
   -3.067931164675666,
   -3.087500805197108,
   -3.0875221292538906,
   -3.0679535177266932,
   -3.068400199920041,
   -3.08686303967122,
   -3.086907214455693,
   -3.0684437982010433,
   -3.0677122857146237,
   -3.084693141602379,
   -3.0847158493469595,
   -3.0677337695824503
  ]
 },
 "1": {
  "0": [
   1.8044892395191843,
   1.8040085696752135,
   1.804005979289559,
   1.8044850092296232,
   1.80448885904028,
   1.804015448402354,
   1.8040098190660685,
   1.8044800197664006,
   1.8044841473703295,
   1.8040189509412292,
   1.8040162879673056,
   1.8044796840077193,
   1.8044796840077135,
   1.8040162879673374,
   1.8040189509412172,
   1.8044841473703472,
   1.804480019766393,
   1.804009819066002,
   1.8040154484023407,
   1.8044888590402133,
   1.804485009229636,
   1.8040059792895669,
   1.8040085696751798,
   1.8044892395192167
  ],
  "1": [
   1.8035077070482337,
   1.8037313237597743,
   1.8037302593570637,
   1.8035080338012837,
   1.8034963441887382,
   1.8037105339299693,
   1.8037088356790947,
   1.803496799752906,
   1.8034850622035299,
   1.8036890499717455,
   1.8036879691864676,
   1.8034851703294341,
   1.8034851703294177,
   1.8036879691864416,
   1.8036890499717244,
   1.8034850622035326,
   1.8034967997529263,
   1.8037088356790891,
   1.803710533929955,
   1.803496344188699,
   1.8035080338012643,
   1.8037302593571156,
   1.8037313237597863,
   1.803507707048281
  ]
 },
 "2": {
  "0": [
   1.7942752824450987,
   1.7942798915809492,
   1.7942773789143247,
   1.79426913873103,
   1.7942666366939044,
   1.7942700586952052,
   1.7942779325307379,
   1.7942866857672155,
   1.7942812558197014,
   1.7942650318983056,
   1.7942600809070268,
   1.7942673319191618,
   1.7942755572951037,
   1.794280108118998,
   1.79427768256863,
   1.7942690913868427,
   1.794266812593576,
   1.7942700198624697,
   1.7942700198625128,
   1.79426681259349,
   1.7942690913867962,
   1.7942776825687137,
   1.794280108119002,
   1.7942755572952032,
   1.794267331918978,
   1.7942600809069764,
   1.7942650318981912,
   1.794281255819679,
   1.794286685767316,
   1.794277932530727,
   1.7942700586951879,
   1.7942666366939455,
   1.7942691387309897,
   1.7942773789142452,
   1.7942798915809435,
   1.7942752824452122
  ],
  "1": [
   1.7961038176007589,
   1.7961088591615588,
   1.796107597060424,
   1.7960993967412875,
   1.796094236342099,
   1.7960974725691872,
   1.7961073413576727,
   1.7961161185864176,
   1.796112312839667,
   1.796095475515667,
   1.7960869198241671,
   1.7960938836464442,
   1.7961038055491114,
   1.796108825383465,
   1.796108231474954,
   1.7960996970829837,
   1.7960942152878272,
   1.7960970296638588,
   1.796097029663784,
   1.796094215287874,
   1.7960996970830372,
   1.7961082314749388,
   1.7961088253834496,
   1.7961038055491,
   1.7960938836463887,
   1.7960869198241696,
   1.7960954755156817,
   1.7961123128396064,
   1.7961161185863201,
   1.7961073413576805,
   1.7960974725691956,
   1.7960942363420922,
   1.796099396741383,
   1.79610759706044,
   1.7961088591616174,
   1.7961038176007291
  ]
 },
 "Z_a": [
  6,
  6,
  6,
  6,
  6,
  6,
  6,
  6,
  6,
  6,
  6,
  6,
  15,
  15,
  15,
  15,
  5,
  5,
  5,
  5,
  6,
  6,
  6,
  6,
  1,
  1,
  1,
  1
 ],
 "spos_ac": [
  [
   0.875086171267842,
   0.5799114664354494,
   0.7620001604529165
  ],
  [
   0.6963326491430107,
   0.49152273806342317,
   0.26204968708065984
  ],
  [
   0.19634578503225414,
   0.07986334182487917,
   0.3093996709370247
  ],
  [
   0.37509243651960295,
   0.9915710460212733,
   0.809350332057105
  ],
  [
   0.19634240016082302,
   0.4915171049931042,
   0.30942841097595686
  ],
  [
   0.37509592228564614,
   0.5799058333650529,
   0.8093788843478147
  ],
  [
   0.8750827863963759,
   0.9915652296037303,
   0.7620289004915775
  ],
  [
   0.6963361349088255,
   0.0798575254071736,
   0.26207823937147035
  ],
  [
   0.5878528164294758,
   0.7857486902548056,
   0.8132081770705389
  ],
  [
   0.9835807429164943,
   0.28567971172124473,
   0.31319234859390055
  ],
  [
   0.4835757549990956,
   0.2856798811737049,
   0.25822039435815514
  ],
  [
   0.08784782851211616,
   0.7857488597073228,
   0.7582362228344648
  ],
  [
   0.7581652244482407,
   0.7856983365429423,
   0.06779663046633189
  ],
  [
   0.8132687115998859,
   0.28572998789025006,
   0.56776712828043
  ],
  [
   0.31326334698036784,
   0.28573023488574767,
   0.003631940962239495
  ],
  [
   0.25815985982870476,
   0.785698583538386,
   0.5036614431480133
  ],
  [
   0.9476341486756859,
   0.7840645541204283,
   0.6263911164701246
  ],
  [
   0.6237953359644607,
   0.2856820998259023,
   0.12641184983721956
  ],
  [
   0.12379442715717318,
   0.2856821654782436,
   0.4450374551733063
  ],
  [
   0.44763323546407974,
   0.7857464716026812,
   0.9450167215913226
  ],
  [
   0.9461837097119583,
   0.7857448850466753,
   0.2958269766902139
  ],
  [
   0.6252729068777036,
   0.285683959345953,
   0.7958524720273839
  ],
  [
   0.1252448617163888,
   0.2856836863818081,
   0.7756015947384649
  ],
  [
   0.4461556645508782,
   0.7857446120828451,
   0.27557609940116634
  ],
  [
   0.535714285714305,
   0.5357142857142547,
   0.5357142857142149
  ],
  [
   0.03571428571427876,
   0.5357142857142906,
   0.03571428571427213
  ],
  [
   0.5357142857143153,
   0.03571428571430044,
   0.5357142857142152
  ],
  [
   0.03571428571427918,
   0.03571428571425121,
   0.03571428571428174
  ]
 ]
}