{
 "0": {
  "0": [
   0.35146502918620837,
   0.3684373042493829,
   0.3684168826342827,
   0.3514419058764171,
   0.3521845646876534,
   0.3706821303835285,
   0.37063995238379227,
   0.3521367838726624,
   0.3516981257720534,
   0.3713475933210327,
   0.37132575212670954,
   0.3516731511046842,
   0.3516731511041609,
   0.3713257521260086,
   0.37134759332028827,
   0.35169812577079257,
   0.3521367838710497,
   0.37063995238173186,
   0.3706821303829834,
   0.35218456468725473,
   0.3514419058758899,
   0.3684168826336823,
   0.3684373042488682,
   0.3514650291857339
  ],
  "1": [
   -3.091172436143704,
   -3.108273249620764,
   -3.108295637880025,
   -3.091194746718379,
   -3.091853500498052,
   -3.1104013358207436,
   -3.1104471973840857,
   -3.091899890643743,
   -3.091375592896361,
   -3.1109913614917812,
   -3.1110151470202254,
   -3.0913997620780407,
   -3.091399762077619,
   -3.1110151470195984,
   -3.1109913614911284,
   -3.0913755928952256,
   -3.091899890642359,
   -3.1104471973821943,
   -3.1104013358201748,
   -3.0918535004976238,
   -3.0911947467179166,
   -3.108295637879448,
   -3.108273249620193,
   -3.091172436143241
  ]
 },
 "1": {
  "0": [
   1.798067622686987,
   1.797804790291383,
   1.7978027814091755,
   1.798066266580842,
   1.798064086929509,
   1.7978085045612664,
   1.7978038262746368,
   1.7980619430369156,
   1.798059751936373,
   1.7978092446020681,
   1.797807170133155,
   1.7980587060167932,
   1.7980587060168007,
   1.797807170133118,
   1.7978092446020228,
   1.7980597519363912,
   1.7980619430368177,
   1.7978038262746567,
   1.7978085045611796,
   1.798064086929502,
   1.7980662665808482,
   1.7978027814091198,
   1.7978047902914098,
   1.7980676226870174
  ],
  "1": [
   1.7969423894880607,
   1.7969710353602728,
   1.7969761991924211,
   1.7969452431584019,
   1.7969420388350057,
   1.7969688015041005,
   1.796979505905298,
   1.796947808551289,
   1.7969441666944457,
   1.7969725847050537,
   1.7969778091036168,
   1.7969471271688646,
   1.796947127168876,
   1.7969778091036086,
   1.7969725847050761,
   1.7969441666944397,
   1.796947808551248,
   1.7969795059053193,
   1.7969688015041705,
   1.7969420388349377,
   1.7969452431584207,
   1.7969761991924462,
   1.7969710353601875,
   1.796942389488004
  ]
 },
 "2": {
  "0": [
   1.7966155760263223,
   1.7965762563942131,
   1.796502318077752,
   1.7965014199664209,
   1.7965728907826857,
   1.7966130788353218,
   1.7966137633403583,
   1.7965759188523556,
   1.7965008531711035,
   1.7964993179157924,
   1.796569584147391,
   1.7966098846876215,
   1.7966105052210448,
   1.7965723901921486,
   1.7964989662260817,
   1.7964983663247658,
   1.7965692524065846,
   1.7966084488074026,
   1.7966084488074443,
   1.7965692524066583,
   1.7964983663247363,
   1.7964989662259774,
   1.7965723901922495,
   1.7966105052210326,
   1.796609884687559,
   1.7965695841473022,
   1.7964993179157052,
   1.796500853171203,
   1.7965759188530832,
   1.796613763340336,
   1.7966130788353871,
   1.796572890782693,
   1.7965014199661975,
   1.7965023180777702,
   1.796576256394309,
   1.7966155760263096
  ],
  "1": [
   1.797949392313078,
   1.797821050486424,
   1.7976738161990358,
   1.7976718697307792,
   1.797817738779417,
   1.7979480277785373,
   1.7979527448795167,
   1.7978308926932514,
   1.7976856334517803,
   1.7976809775874485,
   1.7978244906120382,
   1.7979496929396033,
   1.797954082663405,
   1.7978373459160877,
   1.7976947126749694,
   1.797692718712979,
   1.7978342241735312,
   1.7979530506371797,
   1.7979530506372172,
   1.7978342241735767,
   1.7976927187129503,
   1.797694712674983,
   1.7978373459161294,
   1.7979540826633935,
   1.7979496929392897,
   1.7978244906120286,
   1.7976809775873897,
   1.7976856334518123,
   1.7978308926933297,
   1.7979527448796593,
   1.7979480277786308,
   1.7978177387794658,
   1.7976718697308274,
   1.7976738161990105,
   1.7978210504864185,
   1.7979493923129157
  ]
 },
 "Z_a": [
  6,
  6,
  6,
  6,
  6,
  6,
  6,
  6,
  6,
  6,
  6,
  6,
  15,
  15,
  15,
  15,
  5,
  5,
  5,
  5,
  6,
  6,
  6,
  6,
  1,
  1,
  1,
  1
 ],
 "spos_ac": [
  [
   0.875086171267842,
   0.5799114664354494,
   0.7620001604529165
  ],
  [
   0.6963326491430107,
   0.49152273806342317,
   0.26204968708065984
  ],
  [
   0.1973346616108491,
   0.07986333433198271,
   0.30939967843795063
  ],
  [
   0.37509243651960295,
   0.9915710460212733,
   0.809350332057105
  ],
  [
   0.19634240016082302,
   0.4915171049931042,
   0.30942841097595686
  ],
  [
   0.37509592228564614,
   0.5799058333650529,
   0.8093788843478147
  ],
  [
   0.8750827863963759,
   0.9915652296037303,
   0.7620289004915775
  ],
  [
   0.6963361349088255,
   0.0798575254071736,
   0.26207823937147035
  ],
  [
   0.5878528164294758,
   0.7857486902548056,
   0.8132081770705389
  ],
  [
   0.9835807429164943,
   0.28567971172124473,
   0.31319234859390055
  ],
  [
   0.4835757549990956,
   0.2856798811737049,
   0.25822039435815514
  ],
  [
   0.08784782851211616,
   0.7857488597073228,
   0.7582362228344648
  ],
  [
   0.7581652244482407,
   0.7856983365429423,
   0.06779663046633189
  ],
  [
   0.8132687115998859,
   0.28572998789025006,
   0.56776712828043
  ],
  [
   0.31326334698036784,
   0.28573023488574767,
   0.003631940962239495
  ],
  [
   0.25815985982870476,
   0.785698583538386,
   0.5036614431480133
  ],
  [
   0.9476341442714147,
   0.7857464059503083,
   0.6263911162553406
  ],
  [
   0.6237953359644607,
   0.2856820998259023,
   0.12641184983721956
  ],
  [
   0.12379442715717318,
   0.2856821654782436,
   0.4450374551733063
  ],
  [
   0.44763323546407974,
   0.7857464716026812,
   0.9450167215913226
  ],
  [
   0.9461837097119583,
   0.7857448850466753,
   0.2958269766902139
  ],
  [
   0.6252729068777036,
   0.285683959345953,
   0.7958524720273839
  ],
  [
   0.1252448617163888,
   0.2856836863818081,
   0.7756015947384649
  ],
  [
   0.4461556645508782,
   0.7857446120828451,
   0.27557609940116634
  ],
  [
   0.535714285714305,
   0.5357142857142547,
   0.5357142857142149
  ],
  [
   0.03571428571427876,
   0.5357142857142906,
   0.03571428571427213
  ],
  [
   0.5357142857143153,
   0.03571428571430044,
   0.5357142857142152
  ],
  [
   0.03571428571427918,
   0.03571428571425121,
   0.03571428571428174
  ]
 ]
}