{
 "0": {
  "0": [
   0.3749344891194155,
   0.39191437124554446,
   0.3919181021317193,
   0.37493773608206593,
   0.3756336809716164,
   0.3940950983537852,
   0.39409874440319553,
   0.3756372261960471,
   0.3751563958361485,
   0.39472370441610843,
   0.39472312091680345,
   0.37515593950214365,
   0.3751559395026441,
   0.3947231209174148,
   0.39472370441671595,
   0.37515639583732224,
   0.37563722619749174,
   0.39409874440483367,
   0.3940950983554165,
   0.37563368097301253,
   0.37493773608335346,
   0.3919181021319471,
   0.39191437124567335,
   0.37493448911948346
  ],
  "1": [
   -3.0677348757573393,
   -3.084717966817009,
   -3.084713548016197,
   -3.067736945371981,
   -3.0684323225390506,
   -3.086900904364323,
   -3.0868929636154046,
   -3.068438560523709,
   -3.0679542540720504,
   -3.087525496534945,
   -3.087522249385285,
   -3.067958398857896,
   -3.0679583988583827,
   -3.0875222493858874,
   -3.0875254965355907,
   -3.0679542540732916,
   -3.0684385605251214,
   -3.08689296361701,
   -3.086900904365947,
   -3.068432322540439,
   -3.0677369453732575,
   -3.08471354801639,
   -3.0847179668173004,
   -3.067734875757417
  ]
 },
 "1": {
  "0": [
   1.7583012385393406,
   1.757893134923684,
   1.7578928733548496,
   1.7583029460435888,
   1.7583015572642622,
   1.7579053365022836,
   1.7579047548901083,
   1.7583045998586748,
   1.758303416666034,
   1.7579167905384179,
   1.7579166160102004,
   1.7583049651518314,
   1.7583049651518623,
   1.7579166160102948,
   1.7579167905384783,
   1.7583034166660836,
   1.758304599858711,
   1.757904754890082,
   1.7579053365022743,
   1.7583015572642786,
   1.758302946043575,
   1.7578928733548274,
   1.7578931349236147,
   1.7583012385392605
  ],
  "1": [
   1.7564436194239619,
   1.7561386762452644,
   1.7561311130673762,
   1.7564402743832104,
   1.7564451272108086,
   1.7561340330014565,
   1.756119316075627,
   1.7564381293126112,
   1.7564428529164742,
   1.7561225510672216,
   1.7561149686166315,
   1.7564391832439152,
   1.7564391832439525,
   1.7561149686166992,
   1.7561225510672696,
   1.7564428529165046,
   1.7564381293126798,
   1.7561193160757211,
   1.7561340330015547,
   1.756445127210777,
   1.7564402743831546,
   1.7561311130672637,
   1.7561386762451687,
   1.7564436194239448
  ]
 },
 "2": {
  "0": [
   1.7942907995642663,
   1.794293069908435,
   1.794293486341402,
   1.794290712276309,
   1.7942895469010736,
   1.794289288051827,
   1.7942913305302273,
   1.7942951448314481,
   1.7942944015093487,
   1.7942895812677218,
   1.7942877740561012,
   1.7942886644626095,
   1.794290792840692,
   1.7942934928902605,
   1.7942934394986716,
   1.7942910288592426,
   1.7942896221484586,
   1.7942894689462077,
   1.7942894689462061,
   1.7942896221485816,
   1.794291028859282,
   1.7942934394987047,
   1.7942934928902428,
   1.7942907928406813,
   1.7942886644626406,
   1.794287774055976,
   1.79428958126767,
   1.7942944015093063,
   1.794295144831429,
   1.7942913305303068,
   1.7942892880518566,
   1.7942895469011062,
   1.7942907122764196,
   1.7942934863414437,
   1.7942930699083741,
   1.7942907995641961
  ],
  "1": [
   1.7961392094340014,
   1.796141998978545,
   1.7961448325690552,
   1.7961440748771356,
   1.796140114736907,
   1.796137859052174,
   1.7961398343725055,
   1.7961428601935077,
   1.7961454762476972,
   1.7961439043300174,
   1.7961390158930826,
   1.796137191069505,
   1.7961387003521407,
   1.796141849596505,
   1.7961447929427152,
   1.796144334489353,
   1.7961398266109985,
   1.7961378937691839,
   1.7961378937691734,
   1.7961398266109825,
   1.796144334489427,
   1.7961447929426995,
   1.7961418495964285,
   1.7961387003521712,
   1.7961371910694226,
   1.7961390158931114,
   1.7961439043299805,
   1.7961454762476285,
   1.7961428601936165,
   1.796139834372414,
   1.7961378590521069,
   1.7961401147369165,
   1.7961440748771094,
   1.7961448325690148,
   1.7961419989784786,
   1.7961392094339756
  ]
 },
 "Z_a": [
  6,
  6,
  6,
  6,
  6,
  6,
  6,
  6,
  6,
  6,
  6,
  6,
  15,
  15,
  15,
  15,
  5,
  5,
  5,
  5,
  6,
  6,
  6,
  6,
  1,
  1,
  1,
  1
 ],
 "spos_ac": [
  [
   0.875086171267842,
   0.5799114664354494,
   0.7620001604529165
  ],
  [
   0.6963326491430107,
   0.49152273806342317,
   0.26204968708065984
  ],
  [
   0.19634578503225414,
   0.07986334182487917,
   0.3093996709370247
  ],
  [
   0.37509243651960295,
   0.9915710460212733,
   0.809350332057105
  ],
  [
   0.19634240016082302,
   0.4915171049931042,
   0.30942841097595686
  ],
  [
   0.37509592228564614,
   0.5799058333650529,
   0.8093788843478147
  ],
  [
   0.8750827863963759,
   0.9915652296037303,
   0.7620289004915775
  ],
  [
   0.6963361349088255,
   0.0798575254071736,
   0.26207823937147035
  ],
  [
   0.5878528164294758,
   0.7857486902548056,
   0.8132081770705389
  ],
  [
   0.9835807429164943,
   0.28567971172124473,
   0.31319234859390055
  ],
  [
   0.4835757549990956,
   0.2856798811737049,
   0.25822039435815514
  ],
  [
   0.08784782851211616,
   0.7857488597073228,
   0.7582362228344648
  ],
  [
   0.7581652244482407,
   0.7856983365429423,
   0.06779663046633189
  ],
  [
   0.8132687115998859,
   0.28572998789025006,
   0.56776712828043
  ],
  [
   0.31326334698036784,
   0.28573023488574767,
   0.003631940962239495
  ],
  [
   0.25815985982870476,
   0.785698583538386,
   0.5036614431480133
  ],
  [
   0.9476341442714147,
   0.7857464059503083,
   0.6263911162553406
  ],
  [
   0.6237953359644607,
   0.2856820998259023,
   0.12641184983721956
  ],
  [
   0.12379442715717318,
   0.2856821654782436,
   0.4450374551733063
  ],
  [
   0.44763323546407974,
   0.7857464716026812,
   0.9450167215913226
  ],
  [
   0.946183705307687,
   0.7874267368765552,
   0.29582697647543
  ],
  [
   0.6252729068777036,
   0.285683959345953,
   0.7958524720273839
  ],
  [
   0.1252448617163888,
   0.2856836863818081,
   0.7756015947384649
  ],
  [
   0.4461556645508782,
   0.7857446120828451,
   0.27557609940116634
  ],
  [
   0.535714285714305,
   0.5357142857142547,
   0.5357142857142149
  ],
  [
   0.03571428571427876,
   0.5357142857142906,
   0.03571428571427213
  ],
  [
   0.5357142857143153,
   0.03571428571430044,
   0.5357142857142152
  ],
  [
   0.03571428571427918,
   0.03571428571425121,
   0.03571428571428174
  ]
 ]
}