{
 "0": {
  "0": [
   0.3755746918366979,
   0.39256714663733755,
   0.39256015519611237,
   0.375570029235483,
   0.37631123934106986,
   0.3947776371468958,
   0.39476270085232634,
   0.3763008172797716,
   0.3758667234979862,
   0.39542741378770435,
   0.39541940903286216,
   0.3758607037505649,
   0.3758607037505586,
   0.39541940903285144,
   0.3954274137877032,
   0.37586672349822503,
   0.3763008172800603,
   0.3947627008527334,
   0.39477763714690767,
   0.376311239341034,
   0.3755700292354734,
   0.39256015519612536,
   0.3925671466373232,
   0.3755746918367108
  ],
  "1": [
   -3.0670992089180213,
   -3.0840676815819354,
   -3.084074912039052,
   -3.0671037269527153,
   -3.0677615402932417,
   -3.0862192790877456,
   -3.0862342002852836,
   -3.067771922449253,
   -3.067247757930194,
   -3.0868230590618655,
   -3.0868310592183317,
   -3.0672536095055105,
   -3.0672536095055176,
   -3.0868310592183494,
   -3.08682305906188,
   -3.0672477579304753,
   -3.0677719224495776,
   -3.086234200285677,
   -3.0862192790877625,
   -3.067761540293268,
   -3.067103726952687,
   -3.084074912039131,
   -3.08406768158194,
   -3.067099208918036
  ]
 },
 "1": {
  "0": [
   1.796438264421021,
   1.796470380681024,
   1.7964701282353104,
   1.7964381810958179,
   1.7964369050930518,
   1.7964701552684907,
   1.796469226809495,
   1.7964366535318712,
   1.7964355115322916,
   1.7964688096062378,
   1.7964685487180556,
   1.7964354054495937,
   1.7964354054495772,
   1.7964685487180039,
   1.7964688096062147,
   1.7964355115322863,
   1.7964366535318976,
   1.7964692268095084,
   1.7964701552684759,
   1.7964369050930884,
   1.796438181095829,
   1.796470128235344,
   1.7964703806809257,
   1.7964382644210142
  ],
  "1": [
   1.7945156988299318,
   1.7945337950423321,
   1.7945335374563833,
   1.794515600092668,
   1.7945141075582927,
   1.7945301962507456,
   1.7945300322688693,
   1.7945139625574176,
   1.7945123233856322,
   1.7945270319672244,
   1.7945267656052344,
   1.7945122019474669,
   1.794512201947483,
   1.7945267656051902,
   1.7945270319672242,
   1.7945123233855804,
   1.7945139625574036,
   1.794530032268907,
   1.7945301962507505,
   1.7945141075582516,
   1.7945156000927291,
   1.7945335374563272,
   1.7945337950423124,
   1.7945156988299222
  ]
 },
 "2": {
  "0": [
   1.7945527556132297,
   1.7945421273016382,
   1.7945318068948857,
   1.7945313981949644,
   1.794541462673264,
   1.794552429874365,
   1.794552449572631,
   1.79454335403987,
   1.7945336649160555,
   1.7945332541047363,
   1.7945419082324976,
   1.7945520148413836,
   1.7945521056933516,
   1.7945438051138625,
   1.794535904979406,
   1.794535472957624,
   1.794543094027905,
   1.7945517929332853,
   1.7945517929332284,
   1.7945430940279468,
   1.7945354729576268,
   1.7945359049794243,
   1.7945438051138605,
   1.7945521056933957,
   1.7945520148413805,
   1.7945419082326481,
   1.7945332541047043,
   1.7945336649160273,
   1.7945433540400664,
   1.7945524495726142,
   1.7945524298744802,
   1.7945414626731797,
   1.7945313981950188,
   1.7945318068949099,
   1.794542127301653,
   1.7945527556132437
  ],
  "1": [
   1.7964029608685141,
   1.7963943068528267,
   1.7963875306150527,
   1.7963871310451909,
   1.7963936577752584,
   1.796402642567499,
   1.7964029157092347,
   1.7963951590908036,
   1.7963898933035536,
   1.7963888283408438,
   1.7963937453076952,
   1.7964019364523027,
   1.7964019243307168,
   1.7963953186429533,
   1.7963912764292531,
   1.7963908537233306,
   1.796394623762365,
   1.7964016186831118,
   1.7964016186830731,
   1.7963946237624013,
   1.7963908537232216,
   1.796391276429137,
   1.7963953186429629,
   1.7964019243307505,
   1.7964019364521746,
   1.7963937453078445,
   1.796388828340921,
   1.79638989330369,
   1.7963951590907155,
   1.7964029157092478,
   1.796402642567609,
   1.7963936577752055,
   1.79638713104514,
   1.7963875306149149,
   1.7963943068527923,
   1.7964029608685121
  ]
 },
 "Z_a": [
  6,
  6,
  6,
  6,
  6,
  6,
  6,
  6,
  6,
  6,
  6,
  6,
  15,
  15,
  15,
  15,
  5,
  5,
  5,
  5,
  6,
  6,
  6,
  6,
  1,
  1,
  1,
  1
 ],
 "spos_ac": [
  [
   0.875086171267842,
   0.5799114664354494,
   0.7620001604529165
  ],
  [
   0.6963326491430107,
   0.49152273806342317,
   0.26204968708065984
  ],
  [
   0.19634578503225414,
   0.07986334182487917,
   0.3093996709370247
  ],
  [
   0.37509243651960295,
   0.9915710460212733,
   0.809350332057105
  ],
  [
   0.19634240016082302,
   0.4915171049931042,
   0.30942841097595686
  ],
  [
   0.37509592228564614,
   0.5799058333650529,
   0.8093788843478147
  ],
  [
   0.8750827863963759,
   0.9915652296037303,
   0.7620289004915775
  ],
  [
   0.6963361349088255,
   0.0798575254071736,
   0.26207823937147035
  ],
  [
   0.5878528164294758,
   0.7857486902548056,
   0.8132081770705389
  ],
  [
   0.9835807429164943,
   0.28567971172124473,
   0.31319234859390055
  ],
  [
   0.4835757549990956,
   0.2856798811737049,
   0.25822039435815514
  ],
  [
   0.08784782851211616,
   0.7857488597073228,
   0.7582362228344648
  ],
  [
   0.7581652244482407,
   0.7856983365429423,
   0.06779663046633189
  ],
  [
   0.8132687115998859,
   0.28572998789025006,
   0.56776712828043
  ],
  [
   0.31326334698036784,
   0.28573023488574767,
   0.003631940962239495
  ],
  [
   0.25815985982870476,
   0.785698583538386,
   0.5036614431480133
  ],
  [
   0.9476341442714147,
   0.7857464059503083,
   0.6263911162553406
  ],
  [
   0.6237953359644607,
   0.2856820998259023,
   0.12641184983721956
  ],
  [
   0.12379442715717318,
   0.2856821654782436,
   0.4450374551733063
  ],
  [
   0.44763323546407974,
   0.7857464716026812,
   0.9450167215913226
  ],
  [
   0.9461837097119583,
   0.7857448850466753,
   0.2958269766902139
  ],
  [
   0.6252729068777036,
   0.285683959345953,
   0.7958524720273839
  ],
  [
   0.1252448617163888,
   0.2856836863818081,
   0.7756015947384649
  ],
  [
   0.4461556645508782,
   0.7857446120828451,
   0.27557609940116634
  ],
  [
   0.535714285714305,
   0.5357142857142547,
   0.5357142857142149
  ],
  [
   0.03571428571427876,
   0.5357142857142906,
   0.03571428571427213
  ],
  [
   0.5357142857143153,
   0.03571428571430044,
   0.5357142857142152
  ],
  [
   0.035714281310007936,
   0.037396137544131125,
   0.0357142854994978
  ]
 ]
}