{
 "0": {
  "0": [
   0.37430831062336745,
   0.39127961438969533,
   0.3912726322874427,
   0.3743036732869123,
   0.37497660357876617,
   0.3934391250842946,
   0.39342420192599936,
   0.37496623344064006,
   0.3744585211182626,
   0.3940360955208033,
   0.39402809334625366,
   0.3744525246026107,
   0.3744525246026508,
   0.3940280933463076,
   0.3940360955208822,
   0.37445852111828276,
   0.3749662334406527,
   0.3934242019260027,
   0.3934391250843421,
   0.37497660357877516,
   0.37430367328692354,
   0.3912726322874035,
   0.39127961438966286,
   0.37430831062333825
  ],
  "1": [
   -3.0683655876412583,
   -3.0853552060067466,
   -3.0853624464588547,
   -3.068370124256138,
   -3.06909615418977,
   -3.0875577802063625,
   -3.08757271439135,
   -3.0691065747232513,
   -3.068655964115942,
   -3.088214378327845,
   -3.0882223817029653,
   -3.0686618388111375,
   -3.0686618388111726,
   -3.0882223817030003,
   -3.088214378327872,
   -3.0686559641159974,
   -3.069106574723258,
   -3.0875727143913485,
   -3.0875577802063887,
   -3.0690961541897934,
   -3.0683701242561394,
   -3.0853624464588543,
   -3.0853552060067075,
   -3.0683655876411953
  ]
 },
 "1": {
  "0": [
   1.7964397075229699,
   1.7964721157737178,
   1.7964718595856015,
   1.796439609353873,
   1.796438368903935,
   1.7964718755887243,
   1.7964709396594112,
   1.7964380867526166,
   1.7964369805100315,
   1.7964705122896045,
   1.796470247568898,
   1.7964368596409988,
   1.7964368596410227,
   1.796470247568873,
   1.7964705122895903,
   1.7964369805100013,
   1.7964380867525827,
   1.7964709396594638,
   1.7964718755886522,
   1.7964383689039576,
   1.7964396093538715,
   1.7964718595855926,
   1.796472115773739,
   1.7964397075229528
  ],
  "1": [
   1.794516512482529,
   1.7945344174654652,
   1.7945341649809499,
   1.7945164280419212,
   1.794514902269933,
   1.7945308310245731,
   1.7945306776314343,
   1.794514785173482,
   1.7945131128392795,
   1.7945276843569558,
   1.7945274231922101,
   1.7945130057176661,
   1.7945130057176368,
   1.7945274231921973,
   1.794527684356931,
   1.7945131128392753,
   1.7945147851735106,
   1.7945306776314984,
   1.794530831024541,
   1.7945149022698945,
   1.7945164280419288,
   1.7945341649809543,
   1.794534417465454,
   1.79451651248251
  ]
 },
 "2": {
  "0": [
   1.7939888499360737,
   1.7939978245879067,
   1.7940043409672037,
   1.794003939538536,
   1.793997173496316,
   1.7939885311434967,
   1.7939892788824394,
   1.7939977384659787,
   1.7940023107557321,
   1.7940019100703615,
   1.7939963203116627,
   1.7939888512482065,
   1.79398987413829,
   1.7939968595431413,
   1.7940006202503012,
   1.7940001954144678,
   1.7939961625383067,
   1.7939895676272715,
   1.7939895676274193,
   1.79399616253829,
   1.7940001954144138,
   1.794000620250132,
   1.7939968595430735,
   1.7939898741382774,
   1.7939888512480409,
   1.793996320311645,
   1.7940019100702123,
   1.794002310755709,
   1.7939977384659267,
   1.7939892788825529,
   1.7939885311433497,
   1.7939971734963538,
   1.7940039395386003,
   1.794004340967043,
   1.7939978245878951,
   1.7939888499361114
  ],
  "1": [
   1.7958390617422857,
   1.795850018216125,
   1.7958600719658917,
   1.7958596638556654,
   1.7958493528040806,
   1.79583873515448,
   1.795839758715184,
   1.795849572801463,
   1.795858554188418,
   1.7958574680301518,
   1.7958481264339057,
   1.7958387571056784,
   1.7958396988145415,
   1.7958483874892084,
   1.7958559991778806,
   1.7958555675111376,
   1.7958476762487168,
   1.795839385323373,
   1.7958393853233416,
   1.7958476762487021,
   1.7958555675111536,
   1.7958559991779415,
   1.7958483874892512,
   1.7958396988145373,
   1.7958387571056575,
   1.7958481264338844,
   1.7958574680301742,
   1.795858554188473,
   1.795849572801435,
   1.7958397587152826,
   1.795838735154592,
   1.7958493528040929,
   1.7958596638556745,
   1.7958600719658118,
   1.7958500182160901,
   1.7958390617423952
  ]
 },
 "Z_a": [
  6,
  6,
  6,
  6,
  6,
  6,
  6,
  6,
  6,
  6,
  6,
  6,
  15,
  15,
  15,
  15,
  5,
  5,
  5,
  5,
  6,
  6,
  6,
  6,
  1,
  1,
  1,
  1
 ],
 "spos_ac": [
  [
   0.875086171267842,
   0.5799114664354494,
   0.7620001604529165
  ],
  [
   0.6963326491430107,
   0.49152273806342317,
   0.26204968708065984
  ],
  [
   0.19634578503225414,
   0.07986334182487917,
   0.3093996709370247
  ],
  [
   0.37509243651960295,
   0.9915710460212733,
   0.809350332057105
  ],
  [
   0.19634240016082302,
   0.4915171049931042,
   0.30942841097595686
  ],
  [
   0.37509592228564614,
   0.5799058333650529,
   0.8093788843478147
  ],
  [
   0.8750827863963759,
   0.9915652296037303,
   0.7620289004915775
  ],
  [
   0.6963361349088255,
   0.0798575254071736,
   0.26207823937147035
  ],
  [
   0.5878528164294758,
   0.7857486902548056,
   0.8132081770705389
  ],
  [
   0.9835807429164943,
   0.28567971172124473,
   0.31319234859390055
  ],
  [
   0.4835757549990956,
   0.2856798811737049,
   0.25822039435815514
  ],
  [
   0.08784782851211616,
   0.7857488597073228,
   0.7582362228344648
  ],
  [
   0.7581652244482407,
   0.7856983365429423,
   0.06779663046633189
  ],
  [
   0.8132687115998859,
   0.28572998789025006,
   0.56776712828043
  ],
  [
   0.31326334698036784,
   0.28573023488574767,
   0.003631940962239495
  ],
  [
   0.25815985982870476,
   0.785698583538386,
   0.5036614431480133
  ],
  [
   0.9476341442714147,
   0.7857464059503083,
   0.6263911162553406
  ],
  [
   0.6237953359644607,
   0.2856820998259023,
   0.12641184983721956
  ],
  [
   0.12379442715717318,
   0.2856821654782436,
   0.4450374551733063
  ],
  [
   0.44763323546407974,
   0.7857464716026812,
   0.9450167215913226
  ],
  [
   0.9461837097119583,
   0.7857448850466753,
   0.2958269766902139
  ],
  [
   0.6252729068777036,
   0.285683959345953,
   0.7958524720273839
  ],
  [
   0.1252448617163888,
   0.2856836863818081,
   0.7756015947384649
  ],
  [
   0.4461556645508782,
   0.7857446120828451,
   0.27557609940116634
  ],
  [
   0.535714285714305,
   0.5357142857142547,
   0.5357142857142149
  ],
  [
   0.035714281310007506,
   0.5373961375441705,
   0.03571428549948819
  ],
  [
   0.5357142857143153,
   0.03571428571430044,
   0.5357142857142152
  ],
  [
   0.03571428571427918,
   0.03571428571425121,
   0.03571428571428174
  ]
 ]
}