{
 "0": {
  "0": [
   0.3751890790203735,
   0.3922314208641167,
   0.3922315471748679,
   0.37518901259738574,
   0.3758956204550213,
   0.39443160103303454,
   0.394431602242355,
   0.3758956291414297,
   0.3754334442174244,
   0.39508556079666585,
   0.3950855608148371,
   0.37543337212418837,
   0.3754333721242217,
   0.39508556081490454,
   0.3950855607967009,
   0.3754334442174714,
   0.375895629141467,
   0.3944316022423811,
   0.3944316010331101,
   0.37589562045506586,
   0.3751890125973997,
   0.39223154717488123,
   0.392231420864114,
   0.37518907902033777
  ],
  "1": [
   -3.0669538222992876,
   -3.083916549846427,
   -3.083916661039099,
   -3.0669537532359183,
   -3.067654234071673,
   -3.0860925378038386,
   -3.0860925206793346,
   -3.0676542207272193,
   -3.067172769479019,
   -3.0867152268902247,
   -3.0867152173931687,
   -3.06717269273052,
   -3.0671726927306016,
   -3.0867152173932366,
   -3.086715226890298,
   -3.0671727694790976,
   -3.067654220727287,
   -3.0860925206794114,
   -3.086092537803935,
   -3.0676542340717403,
   -3.0669537532360094,
   -3.0839166610390625,
   -3.083916549846428,
   -3.0669538222992383
  ]
 },
 "1": {
  "0": [
   1.7961574129742146,
   1.7961646108950544,
   1.7961646144402985,
   1.7961574154619482,
   1.7961575469258193,
   1.796166287355257,
   1.79616591514715,
   1.7961574805422582,
   1.79615774857218,
   1.7961672041171475,
   1.7961672075537625,
   1.796157750742366,
   1.7961577507423625,
   1.7961672075537902,
   1.7961672041171668,
   1.7961577485721951,
   1.7961574805423115,
   1.7961659151471976,
   1.7961662873552449,
   1.796157546925857,
   1.796157415461917,
   1.796164614440314,
   1.7961646108950766,
   1.7961574129741829
  ],
  "1": [
   1.7942347215966643,
   1.7942275677002648,
   1.7942275648749628,
   1.7942347209730625,
   1.7942345941807882,
   1.7942258892197895,
   1.7942262736681343,
   1.7942346723623432,
   1.7942344037841063,
   1.7942249927785334,
   1.7942249897026845,
   1.7942344031336457,
   1.794234403133637,
   1.7942249897026639,
   1.794224992778527,
   1.7942344037840943,
   1.7942346723623253,
   1.7942262736680858,
   1.7942258892197545,
   1.7942345941807396,
   1.7942347209730627,
   1.7942275648749635,
   1.794227567700277,
   1.794234721596707
  ]
 },
 "2": {
  "0": [
   1.7373532689795053,
   1.7374524101674695,
   1.7375691699408244,
   1.7375691685116061,
   1.7374524083089518,
   1.7373532680123174,
   1.737355839111382,
   1.7374558417310233,
   1.7375691132936295,
   1.737569446762186,
   1.7374558379828335,
   1.7373561267961537,
   1.737359558361798,
   1.7374589696293352,
   1.7375699128050053,
   1.7375699115415133,
   1.7374589680082002,
   1.7373595574928569,
   1.7373595574924856,
   1.7374589680076828,
   1.737569911540807,
   1.7375699128041913,
   1.7374589696286242,
   1.7373595583607333,
   1.7373561267959634,
   1.7374558379850868,
   1.7375694467646428,
   1.7375691132935522,
   1.7374558417308732,
   1.7373558391122204,
   1.7373532680134838,
   1.7374524083098508,
   1.7375691685123684,
   1.7375691699414462,
   1.7374524101679774,
   1.7373532689801197
  ],
  "1": [
   1.7386553569523449,
   1.7386331506764459,
   1.7386155626182642,
   1.7386155630689712,
   1.7386331508557018,
   1.7386553565449097,
   1.7386538847178181,
   1.738630435630657,
   1.738611500471025,
   1.7386111790585799,
   1.7386304364325065,
   1.7386536021301144,
   1.7386526523357908,
   1.738627312237967,
   1.7386066594023306,
   1.7386066597889371,
   1.7386273128831242,
   1.7386526518781857,
   1.7386526518777805,
   1.7386273128827967,
   1.738606659788255,
   1.738606659401726,
   1.7386273122371734,
   1.7386526523349257,
   1.7386536021299146,
   1.738630436434799,
   1.7386111790607743,
   1.7386115004710996,
   1.7386304356305788,
   1.7386538847184243,
   1.7386553565459724,
   1.7386331508564254,
   1.738615563069661,
   1.7386155626188702,
   1.7386331506769839,
   1.7386553569528544
  ]
 },
 "Z_a": [
  6,
  6,
  6,
  6,
  6,
  6,
  6,
  6,
  6,
  6,
  6,
  6,
  15,
  15,
  15,
  15,
  5,
  5,
  5,
  5,
  6,
  6,
  6,
  6,
  1,
  1,
  1,
  1
 ],
 "spos_ac": [
  [
   0.875086171267842,
   0.5799114664354494,
   0.7620001604529165
  ],
  [
   0.6963326491430107,
   0.49152273806342317,
   0.26204968708065984
  ],
  [
   0.19634578503225414,
   0.07986334182487917,
   0.3093996709370247
  ],
  [
   0.37509243651960295,
   0.9915710460212733,
   0.809350332057105
  ],
  [
   0.19634240016082302,
   0.4915171049931042,
   0.30942841097595686
  ],
  [
   0.37509592228564614,
   0.5799058333650529,
   0.8093788843478147
  ],
  [
   0.8750827863963759,
   0.9915652296037303,
   0.7620289004915775
  ],
  [
   0.6963361349088255,
   0.0798575254071736,
   0.26207823937147035
  ],
  [
   0.5878528164294758,
   0.7857486902548056,
   0.8132081770705389
  ],
  [
   0.9835807429164943,
   0.28567971172124473,
   0.31319234859390055
  ],
  [
   0.4835757549990956,
   0.2856798811737049,
   0.25822039435815514
  ],
  [
   0.08784782851211616,
   0.7857488597073228,
   0.7582362228344648
  ],
  [
   0.7581652244482407,
   0.7856983365429423,
   0.06779663046633189
  ],
  [
   0.8132687115998859,
   0.28572998789025006,
   0.56776712828043
  ],
  [
   0.31326334698036784,
   0.28573023488574767,
   0.003631940962239495
  ],
  [
   0.25815985982870476,
   0.785698583538386,
   0.5036614431480133
  ],
  [
   0.9476341442714147,
   0.7857464059503083,
   0.6263911162553406
  ],
  [
   0.6237953359644607,
   0.2856820998259023,
   0.12641184983721956
  ],
  [
   0.12379442715717318,
   0.2856821654782436,
   0.4450374551733063
  ],
  [
   0.44763323546407974,
   0.7857464716026812,
   0.9450167215913226
  ],
  [
   0.9461837097119583,
   0.7857448850466753,
   0.2958269766902139
  ],
  [
   0.6252729068777036,
   0.285683959345953,
   0.7958524720273839
  ],
  [
   0.1252448617163888,
   0.2856836863818081,
   0.7756015947384649
  ],
  [
   0.44615566796682715,
   0.7857446119159155,
   0.2777427293746074
  ],
  [
   0.535714285714305,
   0.5357142857142547,
   0.5357142857142149
  ],
  [
   0.03571428571427876,
   0.5357142857142906,
   0.03571428571427213
  ],
  [
   0.5357142857143153,
   0.03571428571430044,
   0.5357142857142152
  ],
  [
   0.03571428571427918,
   0.03571428571425121,
   0.03571428571428174
  ]
 ]
}