{
 "0": {
  "0": [
   0.3738677228841572,
   0.3908406735708475,
   0.39084996323325755,
   0.37387505143774624,
   0.37455466501682305,
   0.3929905695794352,
   0.3930119151888885,
   0.37457292830755956,
   0.37408220023603506,
   0.393603976760051,
   0.3936169188088329,
   0.3740936219578872,
   0.3740936219578921,
   0.3936169188088429,
   0.3936039767600869,
   0.3740822002360148,
   0.3745729283075512,
   0.39301191518891826,
   0.39299056957946754,
   0.3745546650167875,
   0.3738750514377619,
   0.39084996323325494,
   0.39084067357078867,
   0.37386772288417275
  ],
  "1": [
   -3.0683945513508215,
   -3.085452313890782,
   -3.085442435453385,
   -3.0683858208796657,
   -3.0690443470247972,
   -3.0875922672272673,
   -3.0875693444820675,
   -3.0690241203664597,
   -3.0685039301227954,
   -3.0881621954859257,
   -3.088148829809283,
   -3.0684916030617404,
   -3.068491603061775,
   -3.088148829809254,
   -3.08816219548592,
   -3.068503930122797,
   -3.069024120366468,
   -3.0875693444820853,
   -3.0875922672272815,
   -3.069044347024776,
   -3.0683858208796395,
   -3.0854424354535,
   -3.085452313890689,
   -3.0683945513509134
  ]
 },
 "1": {
  "0": [
   1.7965935637064696,
   1.7966995046824186,
   1.796701043341099,
   1.7965943212201607,
   1.7965919608549812,
   1.7967023135831122,
   1.7967047301417733,
   1.7965933409977295,
   1.7965912149008993,
   1.7967054585125126,
   1.7967069998160554,
   1.7965918906738034,
   1.7965918906738834,
   1.7967069998160548,
   1.7967054585125048,
   1.7965912149009293,
   1.7965933409977515,
   1.796704730141793,
   1.796702313583112,
   1.796591960855031,
   1.796594321220164,
   1.7967010433410897,
   1.7966995046824044,
   1.796593563706393
  ],
  "1": [
   1.7944080512728442,
   1.7944082842779072,
   1.7944057246467475,
   1.794405100174824,
   1.794407376399606,
   1.794405648353879,
   1.7944006758383104,
   1.794401830623708,
   1.7944039465888055,
   1.7944008825537956,
   1.7943982797068432,
   1.7944009564573231,
   1.7944009564572792,
   1.7943982797068474,
   1.7944008825538298,
   1.7944039465887873,
   1.7944018306237268,
   1.7944006758383357,
   1.7944056483538684,
   1.7944073763996433,
   1.7944051001748187,
   1.79440572464673,
   1.7944082842779285,
   1.7944080512728333
  ]
 },
 "2": {
  "0": [
   1.7432941466811487,
   1.7433070285534213,
   1.7433071264340227,
   1.7433048524441328,
   1.7433025495463634,
   1.743292261348523,
   1.7432959816358704,
   1.7433115178905665,
   1.743310656728414,
   1.7433064584581561,
   1.7433030145862178,
   1.7432921731213284,
   1.743296030842944,
   1.743312262551408,
   1.7433126396984362,
   1.7433102647253427,
   1.7433079137390306,
   1.7432939589348873,
   1.7432939589349008,
   1.7433079137390022,
   1.7433102647252963,
   1.7433126396983656,
   1.7433122625513642,
   1.7432960308429348,
   1.7432921731213826,
   1.743303014586091,
   1.743306458458191,
   1.7433106567284,
   1.7433115178906908,
   1.743295981635884,
   1.7432922613485018,
   1.743302549546356,
   1.7433048524440746,
   1.7433071264339555,
   1.7433070285533931,
   1.743294146681253
  ],
  "1": [
   1.7450837389368417,
   1.7451800926764136,
   1.7452924857903838,
   1.7452889153652311,
   1.7451722460604364,
   1.7450801716037538,
   1.7450832496726483,
   1.7451796129794874,
   1.7452909685860811,
   1.7452837089415791,
   1.7451648457510003,
   1.7450753696066328,
   1.7450784420053083,
   1.7451724150324859,
   1.745285120393321,
   1.7452818297386272,
   1.7451646080795018,
   1.7450745088128794,
   1.7450745088128004,
   1.7451646080795054,
   1.745281829738674,
   1.7452851203932729,
   1.7451724150325791,
   1.7450784420053898,
   1.7450753696065504,
   1.745164845750875,
   1.7452837089416597,
   1.7452909685861058,
   1.7451796129795436,
   1.7450832496724595,
   1.7450801716037425,
   1.745172246060317,
   1.7452889153651663,
   1.7452924857903005,
   1.7451800926764465,
   1.7450837389368878
  ]
 },
 "Z_a": [
  6,
  6,
  6,
  6,
  6,
  6,
  6,
  6,
  6,
  6,
  6,
  6,
  15,
  15,
  15,
  15,
  5,
  5,
  5,
  5,
  6,
  6,
  6,
  6,
  1,
  1,
  1,
  1
 ],
 "spos_ac": [
  [
   0.875086171267842,
   0.5799114664354494,
   0.7620001604529165
  ],
  [
   0.6963326491430107,
   0.49152273806342317,
   0.26204968708065984
  ],
  [
   0.19634578503225414,
   0.07986334182487917,
   0.3093996709370247
  ],
  [
   0.37509243651960295,
   0.9915710460212733,
   0.809350332057105
  ],
  [
   0.19634240016082302,
   0.4915171049931042,
   0.30942841097595686
  ],
  [
   0.37509592228564614,
   0.5799058333650529,
   0.8093788843478147
  ],
  [
   0.8750827863963759,
   0.9915652296037303,
   0.7620289004915775
  ],
  [
   0.6963361383247744,
   0.07985752524024409,
   0.2642448693449114
  ],
  [
   0.5878528164294758,
   0.7857486902548056,
   0.8132081770705389
  ],
  [
   0.9835807429164943,
   0.28567971172124473,
   0.31319234859390055
  ],
  [
   0.4835757549990956,
   0.2856798811737049,
   0.25822039435815514
  ],
  [
   0.08784782851211616,
   0.7857488597073228,
   0.7582362228344648
  ],
  [
   0.7581652244482407,
   0.7856983365429423,
   0.06779663046633189
  ],
  [
   0.8132687115998859,
   0.28572998789025006,
   0.56776712828043
  ],
  [
   0.31326334698036784,
   0.28573023488574767,
   0.003631940962239495
  ],
  [
   0.25815985982870476,
   0.785698583538386,
   0.5036614431480133
  ],
  [
   0.9476341442714147,
   0.7857464059503083,
   0.6263911162553406
  ],
  [
   0.6237953359644607,
   0.2856820998259023,
   0.12641184983721956
  ],
  [
   0.12379442715717318,
   0.2856821654782436,
   0.4450374551733063
  ],
  [
   0.44763323546407974,
   0.7857464716026812,
   0.9450167215913226
  ],
  [
   0.9461837097119583,
   0.7857448850466753,
   0.2958269766902139
  ],
  [
   0.6252729068777036,
   0.285683959345953,
   0.7958524720273839
  ],
  [
   0.1252448617163888,
   0.2856836863818081,
   0.7756015947384649
  ],
  [
   0.4461556645508782,
   0.7857446120828451,
   0.27557609940116634
  ],
  [
   0.535714285714305,
   0.5357142857142547,
   0.5357142857142149
  ],
  [
   0.03571428571427876,
   0.5357142857142906,
   0.03571428571427213
  ],
  [
   0.5357142857143153,
   0.03571428571430044,
   0.5357142857142152
  ],
  [
   0.03571428571427918,
   0.03571428571425121,
   0.03571428571428174
  ]
 ]
}