{
 "0": {
  "0": [
   0.3983992250113433,
   0.4155002394835371,
   0.4154781030914352,
   0.398376798134717,
   0.3991044283799629,
   0.4176520051913123,
   0.4176061536486795,
   0.39905805736880123,
   0.39860450069931885,
   0.4182200562858694,
   0.4181962752829843,
   0.3985801897651285,
   0.3985801897648461,
   0.41819627528261544,
   0.41822005628549375,
   0.3986045007081571,
   0.399058057376813,
   0.41760615365969994,
   0.4176520052028365,
   0.39910442838813087,
   0.3983767981420102,
   0.4154781031006481,
   0.4155002394926979,
   0.3983992250173285
  ],
  "1": [
   -3.0442374045611476,
   -3.0612119046140416,
   -3.061232573578449,
   -3.0442604125982577,
   -3.044932096641303,
   -3.0634350220702484,
   -3.0634771888664933,
   -3.0449798827472447,
   -3.0444684181751143,
   -3.0641207212746804,
   -3.0641425540966765,
   -3.044493243448869,
   -3.0444932434486045,
   -3.0641425540963203,
   -3.064120721274346,
   -3.044468418183292,
   -3.0449798827546415,
   -3.0634771888768806,
   -3.0634350220811797,
   -3.0449320966488385,
   -3.04426041260492,
   -3.061232573587159,
   -3.0612119046227932,
   -3.0442374045666365
  ]
 },
 "1": {
  "0": [
   1.7988652648238315,
   1.7989081739337962,
   1.7989133413625173,
   1.7988681251024996,
   1.7988651668842945,
   1.7989093045196427,
   1.798919239008438,
   1.7988708056343896,
   1.7988676885126094,
   1.7989148918905022,
   1.7989201203301148,
   1.7988706558415832,
   1.79887065584124,
   1.7989201203299179,
   1.798914891890459,
   1.7988676885124397,
   1.798870805634811,
   1.7989192390088447,
   1.798909304519968,
   1.7988651668846467,
   1.7988681251028757,
   1.7989133413626637,
   1.7989081739339003,
   1.798865264824478
  ],
  "1": [
   1.7961450101846068,
   1.795867882553857,
   1.7958658679941049,
   1.796143650541089,
   1.7961412329007602,
   1.795868231509053,
   1.7958643210987248,
   1.7961392241817105,
   1.7961364928127577,
   1.795867167739914,
   1.7958650874445212,
   1.7961354432722192,
   1.7961354432724923,
   1.795865087444588,
   1.795867167740048,
   1.7961364928129213,
   1.7961392241817524,
   1.7958643210987022,
   1.795868231509031,
   1.796141232900843,
   1.796143650540865,
   1.7958658679941015,
   1.7958678825539736,
   1.796145010184327
  ]
 },
 "2": {
  "0": [
   1.7924432820705143,
   1.792573628311707,
   1.7927195622661187,
   1.792717616889055,
   1.7925703193994689,
   1.7924419197094446,
   1.7924413337753264,
   1.792566876521136,
   1.7927101123209417,
   1.7927061433659084,
   1.7925604797316879,
   1.7924388704049334,
   1.7924382735530404,
   1.7925571459266036,
   1.792698703562637,
   1.7926967106357217,
   1.7925540269574172,
   1.7924372430823634,
   1.7924372430879456,
   1.7925540269628146,
   1.7926967106361262,
   1.7926987035616544,
   1.7925571459229928,
   1.7924382735471625,
   1.7924388703994316,
   1.7925604797268837,
   1.7927061433613467,
   1.7927101123169795,
   1.7925668765168155,
   1.7924413337726774,
   1.7924419197073787,
   1.7925703193995322,
   1.7927176168909857,
   1.792719562265708,
   1.792573628303906,
   1.7924432820624507
  ],
  "1": [
   1.793778147032868,
   1.7938183951497908,
   1.7938899432616509,
   1.7938890463457304,
   1.7938150290878598,
   1.7937756489497079,
   1.7937816320763245,
   1.7938217024879437,
   1.7938923899594403,
   1.7938901841305,
   1.7938153678003896,
   1.793777195378552,
   1.7937827720669401,
   1.7938220356339805,
   1.7938930067674514,
   1.7938924081799499,
   1.7938188978455056,
   1.7937807148617584,
   1.7937807148674052,
   1.7938188978509306,
   1.7938924081805236,
   1.793893006766442,
   1.7938220356308168,
   1.7937827720609458,
   1.7937771953728514,
   1.793815367795394,
   1.7938901841258579,
   1.7938923899552548,
   1.7938217024835534,
   1.7937816320734536,
   1.793775648947559,
   1.7938150290876522,
   1.793889046347725,
   1.793889943261317,
   1.793818395141875,
   1.7937781470245513
  ]
 },
 "Z_a": [
  6,
  6,
  6,
  6,
  6,
  6,
  6,
  6,
  6,
  6,
  6,
  6,
  15,
  15,
  15,
  15,
  5,
  5,
  5,
  5,
  6,
  6,
  6,
  6,
  1,
  1,
  1,
  1
 ],
 "spos_ac": [
  [
   0.8740972946892471,
   0.579911473928346,
   0.7620001529519905
  ],
  [
   0.6963326491430107,
   0.49152273806342317,
   0.26204968708065984
  ],
  [
   0.19634578503225414,
   0.07986334182487917,
   0.3093996709370247
  ],
  [
   0.37509243651960295,
   0.9915710460212733,
   0.809350332057105
  ],
  [
   0.19634240016082302,
   0.4915171049931042,
   0.30942841097595686
  ],
  [
   0.37509592228564614,
   0.5799058333650529,
   0.8093788843478147
  ],
  [
   0.8750827863963759,
   0.9915652296037303,
   0.7620289004915775
  ],
  [
   0.6963361349088255,
   0.0798575254071736,
   0.26207823937147035
  ],
  [
   0.5878528164294758,
   0.7857486902548056,
   0.8132081770705389
  ],
  [
   0.9835807429164943,
   0.28567971172124473,
   0.31319234859390055
  ],
  [
   0.4835757549990956,
   0.2856798811737049,
   0.25822039435815514
  ],
  [
   0.08784782851211616,
   0.7857488597073228,
   0.7582362228344648
  ],
  [
   0.7581652244482407,
   0.7856983365429423,
   0.06779663046633189
  ],
  [
   0.8132687115998859,
   0.28572998789025006,
   0.56776712828043
  ],
  [
   0.31326334698036784,
   0.28573023488574767,
   0.003631940962239495
  ],
  [
   0.25815985982870476,
   0.785698583538386,
   0.5036614431480133
  ],
  [
   0.9476341442714147,
   0.7857464059503083,
   0.6263911162553406
  ],
  [
   0.6237953359644607,
   0.2856820998259023,
   0.12641184983721956
  ],
  [
   0.12379442715717318,
   0.2856821654782436,
   0.4450374551733063
  ],
  [
   0.44763323546407974,
   0.7857464716026812,
   0.9450167215913226
  ],
  [
   0.9461837097119583,
   0.7857448850466753,
   0.2958269766902139
  ],
  [
   0.6252729068777036,
   0.285683959345953,
   0.7958524720273839
  ],
  [
   0.1252448617163888,
   0.2856836863818081,
   0.7756015947384649
  ],
  [
   0.4461556645508782,
   0.7857446120828451,
   0.27557609940116634
  ],
  [
   0.535714285714305,
   0.5357142857142547,
   0.5357142857142149
  ],
  [
   0.03571428571427876,
   0.5357142857142906,
   0.03571428571427213
  ],
  [
   0.5357142857143153,
   0.03571428571430044,
   0.5357142857142152
  ],
  [
   0.03571428571427918,
   0.03571428571425121,
   0.03571428571428174
  ]
 ]
}