{
 "0": {
  "0": [
   0.38007372051214794,
   0.3969994015019697,
   0.3969995164674787,
   0.38007366044153734,
   0.3808407678210453,
   0.3992319940295106,
   0.3992319725743667,
   0.38084075550332436,
   0.3804360342596741,
   0.3999146614791869,
   0.3999146494153008,
   0.3804359677123168,
   0.38043596771235433,
   0.3999146494152543,
   0.39991466147918886,
   0.3804360342597141,
   0.38084075550312746,
   0.3992319725741966,
   0.39923199402934845,
   0.3808407678210372,
   0.3800736604414466,
   0.39699951646743004,
   0.39699940150193086,
   0.3800737205121284
  ],
  "1": [
   -3.0629206922197314,
   -3.079960904802522,
   -3.079961024083315,
   -3.0629206183353923,
   -3.063562273678338,
   -3.08203567209524,
   -3.082035663985329,
   -3.0635622697911433,
   -3.063021313812377,
   -3.0825567699359633,
   -3.082556766851264,
   -3.0630212261391754,
   -3.063021226139081,
   -3.0825567668511957,
   -3.0825567699358345,
   -3.0630213138122007,
   -3.0635622697909213,
   -3.0820356639850504,
   -3.0820356720952033,
   -3.063562273678255,
   -3.0629206183353586,
   -3.0799610240833224,
   -3.0799609048024585,
   -3.0629206922196883
  ]
 },
 "1": {
  "0": [
   1.7961566577105776,
   1.7961638070420256,
   1.796163803746085,
   1.7961566530183992,
   1.7961567663769737,
   1.7961654881042304,
   1.7961650937367635,
   1.7961567034688255,
   1.7961569729122455,
   1.7961663854717058,
   1.796166382013138,
   1.7961569680457041,
   1.7961569680457445,
   1.7961663820131506,
   1.7961663854717345,
   1.796156972912271,
   1.7961567034689112,
   1.7961650937367328,
   1.7961654881042117,
   1.7961567663769795,
   1.7961566530183493,
   1.796163803746007,
   1.7961638070419295,
   1.7961566577105148
  ],
  "1": [
   1.7942339281615638,
   1.7942268265760282,
   1.7942268302562925,
   1.7942339259790234,
   1.794233793809414,
   1.7942251450447075,
   1.794225538500693,
   1.794233868639878,
   1.7942336053945833,
   1.7942242441260627,
   1.7942242475047396,
   1.7942336032426076,
   1.7942336032425246,
   1.794224247504752,
   1.7942242441261045,
   1.7942336053946077,
   1.7942338686397679,
   1.7942255385007444,
   1.7942251450448636,
   1.7942337938093056,
   1.794233925978987,
   1.7942268302562894,
   1.7942268265760426,
   1.794233928161562
  ]
 },
 "2": {
  "0": [
   1.7955019031418231,
   1.7953243055516726,
   1.7951342995210862,
   1.7951342965259196,
   1.7953243012216427,
   1.7955019014532088,
   1.795510447832472,
   1.7953448663578309,
   1.7951607636248958,
   1.7951610960558073,
   1.7953448574574624,
   1.7955107169328628,
   1.7955195816287264,
   1.7953656928955468,
   1.795188458575054,
   1.795188455611259,
   1.7953656882629871,
   1.7955195797488137,
   1.7955195797489878,
   1.7953656882631588,
   1.7951884556113462,
   1.7951884585752242,
   1.7953656928958892,
   1.7955195816289604,
   1.795510716932902,
   1.7953448574576103,
   1.7951610960558178,
   1.795160763625247,
   1.7953448663581895,
   1.7955104478325565,
   1.7955019014531175,
   1.7953243012215894,
   1.7951342965256432,
   1.7951342995211617,
   1.7953243055518484,
   1.795501903142209
  ],
  "1": [
   1.7978427725794583,
   1.7977637896322292,
   1.7976535596002101,
   1.797653561965332,
   1.7977637940003728,
   1.7978427745007468,
   1.797841764073377,
   1.797768088099592,
   1.797660766107102,
   1.7976604366073299,
   1.7977680970674814,
   1.797841487790099,
   1.7978404112904975,
   1.7977724627092655,
   1.797666870460439,
   1.797666873275685,
   1.7977724670480197,
   1.7978404133271457,
   1.797840413327111,
   1.7977724670483066,
   1.7976668732759913,
   1.797666870460746,
   1.7977724627095328,
   1.797840411290847,
   1.7978414877902114,
   1.7977680970675851,
   1.7976604366073485,
   1.797660766107395,
   1.797768088100045,
   1.797841764073398,
   1.797842774500745,
   1.7977637939999993,
   1.7976535619653184,
   1.7976535596001446,
   1.797763789632309,
   1.7978427725795307
  ]
 },
 "Z_a": [
  6,
  6,
  6,
  6,
  6,
  6,
  6,
  6,
  6,
  6,
  6,
  6,
  15,
  15,
  15,
  15,
  5,
  5,
  5,
  5,
  6,
  6,
  6,
  6,
  1,
  1,
  1,
  1
 ],
 "spos_ac": [
  [
   0.875086171267842,
   0.5799114664354494,
   0.7620001604529165
  ],
  [
   0.6963326491430107,
   0.49152273806342317,
   0.26204968708065984
  ],
  [
   0.19634578503225414,
   0.07986334182487917,
   0.3093996709370247
  ],
  [
   0.37509243651960295,
   0.9915710460212733,
   0.809350332057105
  ],
  [
   0.19634240016082302,
   0.4915171049931042,
   0.30942841097595686
  ],
  [
   0.37509592228564614,
   0.5799058333650529,
   0.8093788843478147
  ],
  [
   0.8750827863963759,
   0.9915652296037303,
   0.7620289004915775
  ],
  [
   0.6963361349088255,
   0.0798575254071736,
   0.26207823937147035
  ],
  [
   0.5878528164294758,
   0.7857486902548056,
   0.8132081770705389
  ],
  [
   0.9835807429164943,
   0.28567971172124473,
   0.31319234859390055
  ],
  [
   0.4835757549990956,
   0.2856798811737049,
   0.25822039435815514
  ],
  [
   0.08784782851211616,
   0.7857488597073228,
   0.7582362228344648
  ],
  [
   0.7581652244482407,
   0.7856983365429423,
   0.06779663046633189
  ],
  [
   0.8132687115998859,
   0.28572998789025006,
   0.56776712828043
  ],
  [
   0.31326334698036784,
   0.28573023488574767,
   0.003631940962239495
  ],
  [
   0.25815985982870476,
   0.785698583538386,
   0.5036614431480133
  ],
  [
   0.9466452676928196,
   0.7857464134432047,
   0.6263911087544146
  ],
  [
   0.6237953359644607,
   0.2856820998259023,
   0.12641184983721956
  ],
  [
   0.12379442715717318,
   0.2856821654782436,
   0.4450374551733063
  ],
  [
   0.44763323546407974,
   0.7857464716026812,
   0.9450167215913226
  ],
  [
   0.9461837097119583,
   0.7857448850466753,
   0.2958269766902139
  ],
  [
   0.6252729068777036,
   0.285683959345953,
   0.7958524720273839
  ],
  [
   0.1252448617163888,
   0.2856836863818081,
   0.7756015947384649
  ],
  [
   0.4461556645508782,
   0.7857446120828451,
   0.27557609940116634
  ],
  [
   0.535714285714305,
   0.5357142857142547,
   0.5357142857142149
  ],
  [
   0.03571428571427876,
   0.5357142857142906,
   0.03571428571427213
  ],
  [
   0.5357142857143153,
   0.03571428571430044,
   0.5357142857142152
  ],
  [
   0.03571428571427918,
   0.03571428571425121,
   0.03571428571428174
  ]
 ]
}