{
 "0": {
  "0": [
   0.37494427356338506,
   0.39192175455846756,
   0.39193570078967904,
   0.3749532592960113,
   0.3756385084641921,
   0.3940956740738015,
   0.3941240013497178,
   0.3756580909901257,
   0.37516390521659354,
   0.39472940019956154,
   0.3947440417703859,
   0.37517438942664566,
   0.37517438942664966,
   0.394744041770417,
   0.39472940019960806,
   0.3751639052165917,
   0.37565809099017766,
   0.39412400134976383,
   0.3940956740738261,
   0.37563850846417146,
   0.3749532592960251,
   0.39193570078972473,
   0.39192175455849526,
   0.37494427356342075
  ],
  "1": [
   -3.067724768532639,
   -3.084708065463366,
   -3.0847005667526086,
   -3.0677182780802235,
   -3.06842738226528,
   -3.0868924166554192,
   -3.086876642862687,
   -3.068412774919714,
   -3.0679440034013896,
   -3.08751444978245,
   -3.087506520248212,
   -3.067935949723924,
   -3.067935949723946,
   -3.0875065202482177,
   -3.0875144497824274,
   -3.067944003401368,
   -3.0684127749197274,
   -3.0868766428627237,
   -3.08689241665545,
   -3.068427382265264,
   -3.0677182780801795,
   -3.0847005667526117,
   -3.084708065463309,
   -3.067724768532686
  ]
 },
 "1": {
  "0": [
   1.757782049519157,
   1.7578214462076387,
   1.7578296668513647,
   1.757786119350152,
   1.757771464985153,
   1.7578065014753703,
   1.7578228379031857,
   1.757779435586241,
   1.7577650732755354,
   1.7577990799106022,
   1.7578074186648445,
   1.7577691874704267,
   1.7577691874704426,
   1.7578074186648165,
   1.7577990799106036,
   1.7577650732754753,
   1.757779435586232,
   1.757822837903201,
   1.757806501475323,
   1.7577714649851248,
   1.7577861193502098,
   1.7578296668513849,
   1.7578214462076802,
   1.7577820495191732
  ],
  "1": [
   1.7558791337560404,
   1.7557349581333939,
   1.7557332229132532,
   1.7558777285484093,
   1.7558764146680936,
   1.7557328957732936,
   1.7557300676392964,
   1.7558733435122533,
   1.755871880176778,
   1.7557300797824846,
   1.755728397756086,
   1.7558705043017582,
   1.7558705043017353,
   1.755728397756084,
   1.7557300797825413,
   1.7558718801768964,
   1.7558733435123,
   1.7557300676392111,
   1.7557328957732723,
   1.7558764146680668,
   1.755877728548393,
   1.7557332229132725,
   1.75573495813338,
   1.7558791337560735
  ]
 },
 "2": {
  "0": [
   1.7942820481495656,
   1.7942835646537347,
   1.794280906914805,
   1.7942787374526237,
   1.7942772342493505,
   1.7942785913607386,
   1.7942836627882843,
   1.7942865718900198,
   1.7942817371569533,
   1.7942776918762444,
   1.794274514771025,
   1.7942769279632709,
   1.7942822938667577,
   1.79428379033355,
   1.7942809897064183,
   1.7942788985577787,
   1.7942775071114487,
   1.7942785975698659,
   1.7942785975698805,
   1.7942775071115307,
   1.7942788985577458,
   1.7942809897064664,
   1.7942837903335436,
   1.7942822938668235,
   1.7942769279632902,
   1.7942745147710313,
   1.794277691876235,
   1.7942817371570177,
   1.7942865718900534,
   1.7942836627882706,
   1.794278591360672,
   1.7942772342493358,
   1.7942787374525984,
   1.794280906914865,
   1.7942835646536663,
   1.7942820481495445
  ],
  "1": [
   1.7961324980084137,
   1.7961366889939212,
   1.7961375555525925,
   1.796132765928256,
   1.7961285133929439,
   1.7961292187450166,
   1.7961343747009737,
   1.7961405822986216,
   1.7961404855963103,
   1.7961300562282316,
   1.796124273941032,
   1.7961272625914666,
   1.7961322839852598,
   1.7961363673773143,
   1.796137578272001,
   1.796132491539249,
   1.7961282185199154,
   1.7961289325263428,
   1.7961289325262386,
   1.7961282185198673,
   1.796132491539268,
   1.7961375782719924,
   1.7961363673773967,
   1.7961322839852425,
   1.796127262591451,
   1.796124273940864,
   1.7961300562281206,
   1.7961404855962833,
   1.7961405822986114,
   1.7961343747009981,
   1.7961292187448168,
   1.7961285133930283,
   1.7961327659282085,
   1.79613755555255,
   1.7961366889938246,
   1.796132498008423
  ]
 },
 "Z_a": [
  6,
  6,
  6,
  6,
  6,
  6,
  6,
  6,
  6,
  6,
  6,
  6,
  15,
  15,
  15,
  15,
  5,
  5,
  5,
  5,
  6,
  6,
  6,
  6,
  1,
  1,
  1,
  1
 ],
 "spos_ac": [
  [
   0.875086171267842,
   0.5799114664354494,
   0.7620001604529165
  ],
  [
   0.6963326491430107,
   0.49152273806342317,
   0.26204968708065984
  ],
  [
   0.19634578503225414,
   0.07986334182487917,
   0.3093996709370247
  ],
  [
   0.37509243651960295,
   0.9915710460212733,
   0.809350332057105
  ],
  [
   0.19634240016082302,
   0.4915171049931042,
   0.30942841097595686
  ],
  [
   0.37509592228564614,
   0.5799058333650529,
   0.8093788843478147
  ],
  [
   0.8750827863963759,
   0.9915652296037303,
   0.7620289004915775
  ],
  [
   0.6963361349088255,
   0.0798575254071736,
   0.26207823937147035
  ],
  [
   0.5878528164294758,
   0.7857486902548056,
   0.8132081770705389
  ],
  [
   0.9835807385122232,
   0.2873615635511246,
   0.31319234837911664
  ],
  [
   0.4835757549990956,
   0.2856798811737049,
   0.25822039435815514
  ],
  [
   0.08784782851211616,
   0.7857488597073228,
   0.7582362228344648
  ],
  [
   0.7581652244482407,
   0.7856983365429423,
   0.06779663046633189
  ],
  [
   0.8132687115998859,
   0.28572998789025006,
   0.56776712828043
  ],
  [
   0.31326334698036784,
   0.28573023488574767,
   0.003631940962239495
  ],
  [
   0.25815985982870476,
   0.785698583538386,
   0.5036614431480133
  ],
  [
   0.9476341442714147,
   0.7857464059503083,
   0.6263911162553406
  ],
  [
   0.6237953359644607,
   0.2856820998259023,
   0.12641184983721956
  ],
  [
   0.12379442715717318,
   0.2856821654782436,
   0.4450374551733063
  ],
  [
   0.44763323546407974,
   0.7857464716026812,
   0.9450167215913226
  ],
  [
   0.9461837097119583,
   0.7857448850466753,
   0.2958269766902139
  ],
  [
   0.6252729068777036,
   0.285683959345953,
   0.7958524720273839
  ],
  [
   0.1252448617163888,
   0.2856836863818081,
   0.7756015947384649
  ],
  [
   0.4461556645508782,
   0.7857446120828451,
   0.27557609940116634
  ],
  [
   0.535714285714305,
   0.5357142857142547,
   0.5357142857142149
  ],
  [
   0.03571428571427876,
   0.5357142857142906,
   0.03571428571427213
  ],
  [
   0.5357142857143153,
   0.03571428571430044,
   0.5357142857142152
  ],
  [
   0.03571428571427918,
   0.03571428571425121,
   0.03571428571428174
  ]
 ]
}