{
 "0": {
  "0": [
   0.37476725829720864,
   0.39176299689958183,
   0.39176304659908334,
   0.37476473673803756,
   0.37546665663935574,
   0.39394169795508527,
   0.39394127852223326,
   0.3754617120193682,
   0.3749871143871402,
   0.39456778837213224,
   0.39456743746117623,
   0.3749845375476275,
   0.37498453754766536,
   0.3945674374612699,
   0.3945677883722074,
   0.37498711438749627,
   0.37546171201957307,
   0.3939412785224794,
   0.39394169795508965,
   0.37546665663938666,
   0.3747647367380278,
   0.3917630465990562,
   0.3917629968995625,
   0.3747672582972382
  ],
  "1": [
   -3.0679063960162134,
   -3.0848717355323854,
   -3.0848719047748023,
   -3.0679087589011482,
   -3.068605931907627,
   -3.087055081628553,
   -3.0870554347899843,
   -3.0686108073709293,
   -3.068127237170584,
   -3.087682477324114,
   -3.087682790759028,
   -3.06812963152081,
   -3.0681296315208626,
   -3.0876827907591227,
   -3.087682477324177,
   -3.0681272371709656,
   -3.0686108073711695,
   -3.0870554347902015,
   -3.0870550816285722,
   -3.0686059319077086,
   -3.067908758901162,
   -3.0848719047748308,
   -3.0848717355324777,
   -3.0679063960162343
  ]
 },
 "1": {
  "0": [
   1.7955884672699827,
   1.7956506365485796,
   1.7956507965236044,
   1.7955882517115533,
   1.795589633052431,
   1.7956533202970677,
   1.7956532304164163,
   1.7955891504289985,
   1.7955906872587437,
   1.7956553852773056,
   1.795655529372168,
   1.7955904756722858,
   1.7955904756722778,
   1.7956555293721135,
   1.7956553852772708,
   1.7955906872587282,
   1.795589150428984,
   1.7956532304163935,
   1.7956533202971132,
   1.7955896330524233,
   1.7955882517115702,
   1.7956507965235997,
   1.7956506365485594,
   1.795588467269992
  ],
  "1": [
   1.7936662840348376,
   1.793713770611789,
   1.7937139473823265,
   1.793666083018022,
   1.7936672049106777,
   1.793713081396818,
   1.7937138007126627,
   1.7936668888509637,
   1.7936678856768398,
   1.793713350338999,
   1.7937135114769702,
   1.7936676888671883,
   1.793667688867135,
   1.7937135114769251,
   1.793713350339016,
   1.7936678856767732,
   1.7936668888508815,
   1.793713800712645,
   1.7937130813968387,
   1.7936672049106863,
   1.7936660830179914,
   1.793713947382318,
   1.7937137706117536,
   1.7936662840347855
  ]
 },
 "2": {
  "0": [
   1.7922556164419738,
   1.7922806045121848,
   1.7923062268602332,
   1.7923062086533714,
   1.7922806120093457,
   1.7922556604895605,
   1.7922555968300415,
   1.7922801226075298,
   1.7923048978952991,
   1.792305249602649,
   1.7922801617040893,
   1.7922558741182588,
   1.7922560411599908,
   1.792279633084598,
   1.792304300960852,
   1.792304307418577,
   1.792279665936781,
   1.7922561032807003,
   1.7922561032808442,
   1.7922796659368074,
   1.7923043074181677,
   1.79230430096025,
   1.7922796330843216,
   1.7922560411598718,
   1.7922558741183217,
   1.7922801617039503,
   1.792305249602646,
   1.7923048978950904,
   1.7922801226073968,
   1.7922555968298297,
   1.792255660489353,
   1.7922806120092336,
   1.7923062086532962,
   1.7923062268601717,
   1.7922806045120971,
   1.7922556164418868
  ],
  "1": [
   1.7941072913169367,
   1.7941342947308743,
   1.79416346854438,
   1.79416345623366,
   1.7941343200080269,
   1.794107346580408,
   1.7941075436080138,
   1.7941334663600585,
   1.7941626802501869,
   1.794162371316995,
   1.7941335418528874,
   1.79410728466254,
   1.7941073555941343,
   1.7941327157508236,
   1.7941612600597179,
   1.7941612726371698,
   1.7941327669285903,
   1.794107429107819,
   1.7941074291077885,
   1.79413276692854,
   1.794161272636841,
   1.7941612600592145,
   1.7941327157505254,
   1.7941073555941782,
   1.7941072846624855,
   1.7941335418531066,
   1.794162371317014,
   1.7941626802500115,
   1.7941334663597814,
   1.7941075436078486,
   1.7941073465802395,
   1.7941343200079722,
   1.7941634562336695,
   1.7941634685443875,
   1.794134294730765,
   1.7941072913167653
  ]
 },
 "Z_a": [
  6,
  6,
  6,
  6,
  6,
  6,
  6,
  6,
  6,
  6,
  6,
  6,
  15,
  15,
  15,
  15,
  5,
  5,
  5,
  5,
  6,
  6,
  6,
  6,
  1,
  1,
  1,
  1
 ],
 "spos_ac": [
  [
   0.875086171267842,
   0.5799114664354494,
   0.7620001604529165
  ],
  [
   0.6963326491430107,
   0.49152273806342317,
   0.26204968708065984
  ],
  [
   0.19634578503225414,
   0.07986334182487917,
   0.3093996709370247
  ],
  [
   0.37509243651960295,
   0.9915710460212733,
   0.809350332057105
  ],
  [
   0.19634240016082302,
   0.4915171049931042,
   0.30942841097595686
  ],
  [
   0.37509592228564614,
   0.5799058333650529,
   0.8093788843478147
  ],
  [
   0.8750827863963759,
   0.9915652296037303,
   0.7620289004915775
  ],
  [
   0.6963361349088255,
   0.0798575254071736,
   0.26207823937147035
  ],
  [
   0.5878528164294758,
   0.7857486902548056,
   0.8132081770705389
  ],
  [
   0.9835807429164943,
   0.28567971172124473,
   0.31319234859390055
  ],
  [
   0.4835757549990956,
   0.2856798811737049,
   0.25822039435815514
  ],
  [
   0.08784782851211616,
   0.7857488597073228,
   0.7582362228344648
  ],
  [
   0.7581652244482407,
   0.7856983365429423,
   0.06779663046633189
  ],
  [
   0.8132687115998859,
   0.28572998789025006,
   0.56776712828043
  ],
  [
   0.31326334698036784,
   0.28573023488574767,
   0.003631940962239495
  ],
  [
   0.25815985982870476,
   0.785698583538386,
   0.5036614431480133
  ],
  [
   0.9476341442714147,
   0.7857464059503083,
   0.6263911162553406
  ],
  [
   0.6237953359644607,
   0.2856820998259023,
   0.12641184983721956
  ],
  [
   0.12379442715717318,
   0.2856821654782436,
   0.4450374551733063
  ],
  [
   0.44763323546407974,
   0.7857464716026812,
   0.9450167215913226
  ],
  [
   0.9461837097119583,
   0.7857448850466753,
   0.2958269766902139
  ],
  [
   0.6252729068777036,
   0.285683959345953,
   0.7958524720273839
  ],
  [
   0.1252448617163888,
   0.2856836863818081,
   0.7756015947384649
  ],
  [
   0.4461556645508782,
   0.7857446120828451,
   0.27557609940116634
  ],
  [
   0.535714285714305,
   0.5357142857142547,
   0.5357142857142149
  ],
  [
   0.03571428571427876,
   0.5357142857142906,
   0.03571428571427213
  ],
  [
   0.5357142857143153,
   0.03571428571430044,
   0.5357142857142152
  ],
  [
   0.03571428229833026,
   0.035714285881180724,
   0.033547655740840655
  ]
 ]
}