{
 "0": {
  "0": [
   0.3751110065045664,
   0.3920767600439136,
   0.39207692725724796,
   0.37511336794476763,
   0.3758106877664354,
   0.39426020064706435,
   0.39426054548076783,
   0.37581555550436363,
   0.3753321233198004,
   0.3948876979444334,
   0.39488800750980707,
   0.37533451412510505,
   0.3753345141253105,
   0.39488800751008374,
   0.3948876979447118,
   0.37533212331961874,
   0.37581555550403417,
   0.3942605454805321,
   0.39426020064639444,
   0.3758106877657547,
   0.3751133679439093,
   0.39207692725655646,
   0.39207676004322894,
   0.37511100650338286
  ],
  "1": [
   -3.067562649934258,
   -3.0845579807067365,
   -3.0845580324439053,
   -3.067560129719485,
   -3.068261901475931,
   -3.086736590512593,
   -3.086736179366805,
   -3.06825696440921,
   -3.0677822281277423,
   -3.087362579868293,
   -3.0873622327855523,
   -3.067779654762491,
   -3.0677796547627683,
   -3.087362232785846,
   -3.087362579868551,
   -3.067782228127557,
   -3.068256964408889,
   -3.0867361793665133,
   -3.086736590511882,
   -3.0682619014752452,
   -3.067560129718643,
   -3.0845580324431703,
   -3.0845579807059647,
   -3.067562649933168
  ]
 },
 "1": {
  "0": [
   1.7955887890692974,
   1.7956509353210823,
   1.7956507574295462,
   1.7955889897900907,
   1.7955897763644955,
   1.795653757609339,
   1.7956530365147658,
   1.7955900870251416,
   1.7955910419174856,
   1.7956556564449553,
   1.7956554943857557,
   1.795591238460797,
   1.795591238461042,
   1.795655494385671,
   1.795655656444773,
   1.79559104191765,
   1.7955900870252894,
   1.7956530365148486,
   1.7956537576095348,
   1.7955897763645743,
   1.7955889897900614,
   1.7956507574295177,
   1.7956509353210222,
   1.7955887890692763
  ],
  "1": [
   1.7936651948310454,
   1.7937134980494398,
   1.7937133369375506,
   1.7936654100892262,
   1.7936659081795723,
   1.793712955411611,
   1.7937130434958992,
   1.7936663853877208,
   1.7936667707566945,
   1.7937130659048495,
   1.7937129208693756,
   1.7936669820672493,
   1.7936669820673932,
   1.7937129208697875,
   1.7937130659051443,
   1.7936667707567748,
   1.7936663853877406,
   1.7937130434958792,
   1.7937129554116351,
   1.7936659081796118,
   1.7936654100892082,
   1.7937133369375682,
   1.7937134980494194,
   1.7936651948310036
  ]
 },
 "2": {
  "0": [
   1.7922565598098659,
   1.7922814047517122,
   1.7923068533819517,
   1.7923068670855828,
   1.7922813826110875,
   1.7922565056493118,
   1.7922565104216355,
   1.7922809892793379,
   1.7923055988973122,
   1.7923059011991105,
   1.7922809192506228,
   1.7922567716263922,
   1.7922570187751443,
   1.7922805111069473,
   1.7923050197149102,
   1.792305008678804,
   1.7922804627707376,
   1.7922569464022564,
   1.7922569464037945,
   1.7922804627726123,
   1.7923050086794352,
   1.7923050197152328,
   1.792280511107239,
   1.7922570187753124,
   1.7922567716265323,
   1.7922809192506148,
   1.7923059011990987,
   1.7923055988978587,
   1.792280989279899,
   1.7922565104219494,
   1.79225650564965,
   1.7922813826110473,
   1.7923068670851283,
   1.7923068533816728,
   1.7922814047514506,
   1.7922565598096025
  ],
  "1": [
   1.7941077125387264,
   1.794134654702642,
   1.794163794946643,
   1.7941638145684886,
   1.7941346503972895,
   1.7941076696184328,
   1.7941079213249531,
   1.7941338404861893,
   1.794163007258177,
   1.7941626489706153,
   1.7941338069474821,
   1.7941076463038292,
   1.7941077839147568,
   1.7941330485803633,
   1.794161529738039,
   1.7941615248428857,
   1.7941330186182012,
   1.7941077229625089,
   1.7941077229640743,
   1.7941330186200968,
   1.7941615248436271,
   1.7941615297384514,
   1.794133048580408,
   1.7941077839150026,
   1.7941076463042462,
   1.7941338069476187,
   1.7941626489707507,
   1.794163007258561,
   1.7941338404866847,
   1.794107921325581,
   1.794107669618857,
   1.7941346503973175,
   1.7941638145681575,
   1.794163794946354,
   1.7941346547024029,
   1.7941077125384426
  ]
 },
 "Z_a": [
  6,
  6,
  6,
  6,
  6,
  6,
  6,
  6,
  6,
  6,
  6,
  6,
  15,
  15,
  15,
  15,
  5,
  5,
  5,
  5,
  6,
  6,
  6,
  6,
  1,
  1,
  1,
  1
 ],
 "spos_ac": [
  [
   0.875086171267842,
   0.5799114664354494,
   0.7620001604529165
  ],
  [
   0.6963326491430107,
   0.49152273806342317,
   0.26204968708065984
  ],
  [
   0.19634578503225414,
   0.07986334182487917,
   0.3093996709370247
  ],
  [
   0.37509243651960295,
   0.9915710460212733,
   0.809350332057105
  ],
  [
   0.19634240016082302,
   0.4915171049931042,
   0.30942841097595686
  ],
  [
   0.37509592228564614,
   0.5799058333650529,
   0.8093788843478147
  ],
  [
   0.8750827863963759,
   0.9915652296037303,
   0.7620289004915775
  ],
  [
   0.6963361349088255,
   0.0798575254071736,
   0.26207823937147035
  ],
  [
   0.5878528164294758,
   0.7857486902548056,
   0.8132081770705389
  ],
  [
   0.9835807429164943,
   0.28567971172124473,
   0.31319234859390055
  ],
  [
   0.4835757549990956,
   0.2856798811737049,
   0.25822039435815514
  ],
  [
   0.08784782851211616,
   0.7857488597073228,
   0.7582362228344648
  ],
  [
   0.7581652244482407,
   0.7856983365429423,
   0.06779663046633189
  ],
  [
   0.8132687115998859,
   0.28572998789025006,
   0.56776712828043
  ],
  [
   0.31326334698036784,
   0.28573023488574767,
   0.003631940962239495
  ],
  [
   0.25815985982870476,
   0.785698583538386,
   0.5036614431480133
  ],
  [
   0.9476341442714147,
   0.7857464059503083,
   0.6263911162553406
  ],
  [
   0.6237953359644607,
   0.2856820998259023,
   0.12641184983721956
  ],
  [
   0.12379442715717318,
   0.2856821654782436,
   0.4450374551733063
  ],
  [
   0.44763323546407974,
   0.7857464716026812,
   0.9450167215913226
  ],
  [
   0.9461837097119583,
   0.7857448850466753,
   0.2958269766902139
  ],
  [
   0.6252729068777036,
   0.285683959345953,
   0.7958524720273839
  ],
  [
   0.1252448617163888,
   0.2856836863818081,
   0.7756015947384649
  ],
  [
   0.4461556645508782,
   0.7857446120828451,
   0.27557609940116634
  ],
  [
   0.535714282298356,
   0.5357142858811843,
   0.5335476557407739
  ],
  [
   0.03571428571427876,
   0.5357142857142906,
   0.03571428571427213
  ],
  [
   0.5357142857143153,
   0.03571428571430044,
   0.5357142857142152
  ],
  [
   0.03571428571427918,
   0.03571428571425121,
   0.03571428571428174
  ]
 ]
}