{
 "0": {
  "0": [
   0.3746802095232268,
   0.39159838375794703,
   0.39159851048771005,
   0.3746801537691726,
   0.3753724611485513,
   0.3937600454362607,
   0.39376004705742146,
   0.37537247017100567,
   0.3748764578006095,
   0.3943594952391779,
   0.39435949550601157,
   0.3748763865122215,
   0.3748763865122559,
   0.39435949550601473,
   0.3943594952390838,
   0.37487645780063283,
   0.37537247017108233,
   0.39376004705737033,
   0.39376004543624044,
   0.3753724611485059,
   0.3746801537692033,
   0.39159851048767397,
   0.3915983837579443,
   0.37468020952320946
  ],
  "1": [
   -3.068511193576758,
   -3.085508175396922,
   -3.08550828830624,
   -3.0685111191186487,
   -3.069210382734214,
   -3.0876942066050117,
   -3.087694189596056,
   -3.069210369461168,
   -3.068734316976218,
   -3.0883249692691055,
   -3.088324959812729,
   -3.068734238382547,
   -3.068734238382532,
   -3.088324959812718,
   -3.0883249692690655,
   -3.06873431697624,
   -3.0692103694610675,
   -3.0876941895960206,
   -3.0876942066050543,
   -3.0692103827342008,
   -3.0685111191186487,
   -3.085508288306272,
   -3.08550817539685,
   -3.0685111935767475
  ]
 },
 "1": {
  "0": [
   1.7961569958997545,
   1.796164051830726,
   1.7961640553481961,
   1.7961569982763261,
   1.7961571206302416,
   1.7961657195809582,
   1.7961653430942948,
   1.7961570572249075,
   1.79615730782011,
   1.7961666193388097,
   1.7961666227113962,
   1.7961573099210373,
   1.7961573099210215,
   1.7961666227112325,
   1.7961666193387789,
   1.796157307820073,
   1.796157057225011,
   1.79616534309434,
   1.7961657195809484,
   1.796157120630245,
   1.7961569982763654,
   1.7961640553481053,
   1.7961640518307451,
   1.7961569958997552
  ],
  "1": [
   1.794233927541606,
   1.7942268153601153,
   1.7942268126982697,
   1.7942339269989582,
   1.7942338105363145,
   1.7942251287739561,
   1.7942255160603728,
   1.7942338715803268,
   1.79423359758873,
   1.7942242295774316,
   1.7942242266345552,
   1.79423359705644,
   1.7942335970565955,
   1.7942242266346653,
   1.7942242295775273,
   1.794233597588833,
   1.7942338715803192,
   1.7942255160602596,
   1.7942251287737867,
   1.7942338105362698,
   1.794233926998925,
   1.794226812698284,
   1.7942268153600618,
   1.7942339275414099
  ]
 },
 "2": {
  "0": [
   1.737321617345094,
   1.737418577877954,
   1.737532958945329,
   1.7375329575318612,
   1.7374185760199228,
   1.7373216163317482,
   1.7373241467109914,
   1.7374221020741736,
   1.7375331139028725,
   1.737533456164745,
   1.7374220982764026,
   1.737324458271966,
   1.7373278181391587,
   1.7374252846356009,
   1.7375341846461034,
   1.737534183389479,
   1.7374252829747314,
   1.7373278173065623,
   1.7373278173066606,
   1.73742528297477,
   1.7375341833884572,
   1.7375341846461607,
   1.7374252846357074,
   1.7373278181390441,
   1.7373244582720657,
   1.7374220982764925,
   1.7375334561647409,
   1.7375331139029857,
   1.7374221020742864,
   1.7373241467109906,
   1.7373216163317724,
   1.7374185760200622,
   1.7375329575317922,
   1.7375329589451503,
   1.7374185778779876,
   1.7373216173450834
  ],
  "1": [
   1.7386383616557775,
   1.7386152694078776,
   1.7385966248962264,
   1.7385966254424545,
   1.738615269681754,
   1.7386383612487912,
   1.738636880493634,
   1.7386125807380979,
   1.738592535589474,
   1.7385922086150163,
   1.7386125816889828,
   1.7386366291572037,
   1.738635650572965,
   1.738609438355404,
   1.7385876820012045,
   1.7385876824574007,
   1.73860943904745,
   1.7386356501639446,
   1.7386356501642177,
   1.7386094390474642,
   1.7385876824574087,
   1.7385876820012234,
   1.738609438355424,
   1.7386356505729919,
   1.7386366291571413,
   1.738612581688917,
   1.7385922086151069,
   1.738592535589411,
   1.7386125807379988,
   1.738636880493852,
   1.7386383612490406,
   1.7386152696817048,
   1.7385966254426106,
   1.7385966248962212,
   1.7386152694079242,
   1.7386383616557672
  ]
 },
 "Z_a": [
  6,
  6,
  6,
  6,
  6,
  6,
  6,
  6,
  6,
  6,
  6,
  6,
  15,
  15,
  15,
  15,
  5,
  5,
  5,
  5,
  6,
  6,
  6,
  6,
  1,
  1,
  1,
  1
 ],
 "spos_ac": [
  [
   0.875086171267842,
   0.5799114664354494,
   0.7620001604529165
  ],
  [
   0.6963326491430107,
   0.49152273806342317,
   0.26204968708065984
  ],
  [
   0.19634578503225414,
   0.07986334182487917,
   0.3093996709370247
  ],
  [
   0.37509243651960295,
   0.9915710460212733,
   0.809350332057105
  ],
  [
   0.19634240016082302,
   0.4915171049931042,
   0.30942841097595686
  ],
  [
   0.37509592228564614,
   0.5799058333650529,
   0.8093788843478147
  ],
  [
   0.8750827863963759,
   0.9915652296037303,
   0.7620289004915775
  ],
  [
   0.6963361349088255,
   0.0798575254071736,
   0.26207823937147035
  ],
  [
   0.5878528164294758,
   0.7857486902548056,
   0.8132081770705389
  ],
  [
   0.9835807429164943,
   0.28567971172124473,
   0.31319234859390055
  ],
  [
   0.4835757549990956,
   0.2856798811737049,
   0.25822039435815514
  ],
  [
   0.08784782851211616,
   0.7857488597073228,
   0.7582362228344648
  ],
  [
   0.7581652244482407,
   0.7856983365429423,
   0.06779663046633189
  ],
  [
   0.8132687115998859,
   0.28572998789025006,
   0.56776712828043
  ],
  [
   0.31326334698036784,
   0.28573023488574767,
   0.003631940962239495
  ],
  [
   0.25815985982870476,
   0.785698583538386,
   0.5036614431480133
  ],
  [
   0.9476341442714147,
   0.7857464059503083,
   0.6263911162553406
  ],
  [
   0.6237953359644607,
   0.2856820998259023,
   0.12641184983721956
  ],
  [
   0.12379442715717318,
   0.2856821654782436,
   0.4450374551733063
  ],
  [
   0.44763323546407974,
   0.7857464716026812,
   0.9450167215913226
  ],
  [
   0.9461837131279072,
   0.7857448848797457,
   0.297993606663655
  ],
  [
   0.6252729068777036,
   0.285683959345953,
   0.7958524720273839
  ],
  [
   0.1252448617163888,
   0.2856836863818081,
   0.7756015947384649
  ],
  [
   0.4461556645508782,
   0.7857446120828451,
   0.27557609940116634
  ],
  [
   0.535714285714305,
   0.5357142857142547,
   0.5357142857142149
  ],
  [
   0.03571428571427876,
   0.5357142857142906,
   0.03571428571427213
  ],
  [
   0.5357142857143153,
   0.03571428571430044,
   0.5357142857142152
  ],
  [
   0.03571428571427918,
   0.03571428571425121,
   0.03571428571428174
  ]
 ]
}