{
 "0": {
  "0": [
   0.3743083468586642,
   0.3912796380876457,
   0.3912726560768593,
   0.37430370629782306,
   0.374976644042247,
   0.3934391533025925,
   0.39342423146468575,
   0.37496626864772686,
   0.3744585637536521,
   0.39403612924070536,
   0.39402812778827967,
   0.37445256666967475,
   0.3744525666696417,
   0.3940281277883691,
   0.3940361292407682,
   0.3744585637536395,
   0.3749662686477357,
   0.3934242314646979,
   0.3934391533025997,
   0.3749766440422282,
   0.374303706297807,
   0.39127265607681,
   0.3912796380876569,
   0.3743083468585561
  ],
  "1": [
   -3.068365541653245,
   -3.085355191564979,
   -3.0853624318216033,
   -3.068370081431389,
   -3.0690961002419606,
   -3.0875577576498685,
   -3.087572690302404,
   -3.069106525926912,
   -3.0686559038673193,
   -3.088214347499292,
   -3.0882223500469426,
   -3.0686617790747723,
   -3.0686617790747284,
   -3.0882223500469768,
   -3.0882143474992674,
   -3.068655903867332,
   -3.069106525926947,
   -3.0875726903024265,
   -3.087557757649912,
   -3.0690961002419614,
   -3.0683700814316586,
   -3.0853624318216353,
   -3.0853551915650925,
   -3.0683655416532534
  ]
 },
 "1": {
  "0": [
   1.7958760547231813,
   1.7958581602130153,
   1.7958579056771946,
   1.795875957287694,
   1.7958777610987733,
   1.7958620536798509,
   1.7958611163606442,
   1.7958774851442287,
   1.79587945460694,
   1.7958649331791718,
   1.795864667549139,
   1.7958793343669301,
   1.7958793343668784,
   1.7958646675491918,
   1.7958649331791654,
   1.7958794546069818,
   1.795877485144228,
   1.795861116360597,
   1.795862053679939,
   1.7958777610987553,
   1.7958759572877703,
   1.795857905677184,
   1.7958581602129922,
   1.7958760547231514
  ],
  "1": [
   1.7939534748837445,
   1.7939215701578322,
   1.793921319334026,
   1.7939533912086396,
   1.793954934646699,
   1.7939220856380726,
   1.7939219308778753,
   1.793954823793263,
   1.7939562522526642,
   1.793923151041577,
   1.7939228889799606,
   1.7939561457918132,
   1.7939561457918094,
   1.793922888979859,
   1.7939231510415588,
   1.793956252252899,
   1.7939548237932659,
   1.7939219308775576,
   1.7939220856380802,
   1.793954934646681,
   1.7939533912086518,
   1.7939213193339645,
   1.7939215701578413,
   1.7939534748837933
  ]
 },
 "2": {
  "0": [
   1.794551789872412,
   1.7945410557910555,
   1.7945306454093228,
   1.7945302447258809,
   1.7945404083773242,
   1.7945514717753077,
   1.7945514754034284,
   1.794542275210972,
   1.7945324995458443,
   1.7945321078364889,
   1.794540859507026,
   1.7945510583260933,
   1.794551130170388,
   1.7945427318344516,
   1.7945347497481072,
   1.7945343257380673,
   1.7945420360356534,
   1.7945508244122106,
   1.7945508244121873,
   1.7945420360356983,
   1.7945343257380928,
   1.7945347497480462,
   1.794542731834445,
   1.7945511301704045,
   1.7945510583261843,
   1.7945408595072823,
   1.7945321078364778,
   1.7945324995457848,
   1.7945422752109406,
   1.7945514754032936,
   1.794551471775366,
   1.7945404083773484,
   1.7945302447259008,
   1.7945306454092553,
   1.7945410557910815,
   1.7945517898724097
  ],
  "1": [
   1.796404424705791,
   1.7963958343130448,
   1.7963891101518623,
   1.7963887027906187,
   1.7963951725898395,
   1.7964040988144514,
   1.796404390965942,
   1.7963967003830095,
   1.7963914717208722,
   1.7963903945769848,
   1.7963952564769783,
   1.7964033998988211,
   1.7964034033461953,
   1.7963968565460344,
   1.7963928530735895,
   1.7963924222364702,
   1.7963961465169926,
   1.7964030906086796,
   1.7964030906089667,
   1.7963961465169591,
   1.7963924222364276,
   1.7963928530735573,
   1.7963968565460522,
   1.796403403345989,
   1.7964033998994435,
   1.7963952564771322,
   1.7963903945769295,
   1.7963914717208256,
   1.7963967003830315,
   1.7964043909657745,
   1.7964040988143688,
   1.7963951725897513,
   1.7963887027906993,
   1.7963891101519405,
   1.7963958343131727,
   1.7964044247057347
  ]
 },
 "Z_a": [
  6,
  6,
  6,
  6,
  6,
  6,
  6,
  6,
  6,
  6,
  6,
  6,
  15,
  15,
  15,
  15,
  5,
  5,
  5,
  5,
  6,
  6,
  6,
  6,
  1,
  1,
  1,
  1
 ],
 "spos_ac": [
  [
   0.875086171267842,
   0.5799114664354494,
   0.7620001604529165
  ],
  [
   0.6963326491430107,
   0.49152273806342317,
   0.26204968708065984
  ],
  [
   0.19634578503225414,
   0.07986334182487917,
   0.3093996709370247
  ],
  [
   0.37509243651960295,
   0.9915710460212733,
   0.809350332057105
  ],
  [
   0.19634240016082302,
   0.4915171049931042,
   0.30942841097595686
  ],
  [
   0.37509592228564614,
   0.5799058333650529,
   0.8093788843478147
  ],
  [
   0.8750827863963759,
   0.9915652296037303,
   0.7620289004915775
  ],
  [
   0.6963361349088255,
   0.0798575254071736,
   0.26207823937147035
  ],
  [
   0.5878528164294758,
   0.7857486902548056,
   0.8132081770705389
  ],
  [
   0.9835807429164943,
   0.28567971172124473,
   0.31319234859390055
  ],
  [
   0.4835757549990956,
   0.2856798811737049,
   0.25822039435815514
  ],
  [
   0.08784782851211616,
   0.7857488597073228,
   0.7582362228344648
  ],
  [
   0.7581652244482407,
   0.7856983365429423,
   0.06779663046633189
  ],
  [
   0.8132687115998859,
   0.28572998789025006,
   0.56776712828043
  ],
  [
   0.31326334698036784,
   0.28573023488574767,
   0.003631940962239495
  ],
  [
   0.25815985982870476,
   0.785698583538386,
   0.5036614431480133
  ],
  [
   0.9476341442714147,
   0.7857464059503083,
   0.6263911162553406
  ],
  [
   0.6237953359644607,
   0.2856820998259023,
   0.12641184983721956
  ],
  [
   0.12379442715717318,
   0.2856821654782436,
   0.4450374551733063
  ],
  [
   0.44763323546407974,
   0.7857464716026812,
   0.9450167215913226
  ],
  [
   0.9461837097119583,
   0.7857448850466753,
   0.2958269766902139
  ],
  [
   0.6252729068777036,
   0.285683959345953,
   0.7958524720273839
  ],
  [
   0.1252448617163888,
   0.2856836863818081,
   0.7756015947384649
  ],
  [
   0.4461556645508782,
   0.7857446120828451,
   0.27557609940116634
  ],
  [
   0.535714285714305,
   0.5357142857142547,
   0.5357142857142149
  ],
  [
   0.03571428571427876,
   0.5357142857142906,
   0.03571428571427213
  ],
  [
   0.5357142901185865,
   0.034032433884420524,
   0.5357142859289992
  ],
  [
   0.03571428571427918,
   0.03571428571425121,
   0.03571428571428174
  ]
 ]
}