{
 "0": {
  "0": [
   0.37493935134662454,
   0.39192275974154217,
   0.3919183417534767,
   0.3749414212318622,
   0.3756369564308989,
   0.3941057969578971,
   0.3940978564694625,
   0.375643194234082,
   0.37515903544438806,
   0.39473050182297464,
   0.39472725468245345,
   0.37516318028307405,
   0.3751631802830719,
   0.3947272546824146,
   0.3947305018229806,
   0.37515903544438234,
   0.37564319423408365,
   0.39409785646945966,
   0.39410579695790277,
   0.37563695643089223,
   0.37494142123185353,
   0.3919183417534833,
   0.39192275974153745,
   0.3749393513465993
  ],
  "1": [
   -3.0677300032307175,
   -3.0847095701952787,
   -3.0847133008438794,
   -3.067733250631999,
   -3.068429034590247,
   -3.0868901966455113,
   -3.086893843393595,
   -3.068432580708556,
   -3.067951600262416,
   -3.0875186883295465,
   -3.0875181050728,
   -3.0679511440527665,
   -3.0679511440527705,
   -3.087518105072803,
   -3.0875186883295402,
   -3.067951600262395,
   -3.0684325807084734,
   -3.0868938433935815,
   -3.086890196645529,
   -3.068429034590263,
   -3.0677332506319925,
   -3.0847133008438634,
   -3.0847095701953156,
   -3.0677300032307255
  ]
 },
 "1": {
  "0": [
   1.8339475664178582,
   1.8342525030466592,
   1.834260065864506,
   1.8339509113233565,
   1.8339460587543122,
   1.8342571467317015,
   1.8342718626317172,
   1.8339530561553952,
   1.83394833313119,
   1.8342686280901725,
   1.8342762101293757,
   1.8339520025504814,
   1.833952002550531,
   1.8342762101293382,
   1.8342686280902207,
   1.8339483331312014,
   1.833953056155375,
   1.834271862631736,
   1.8342571467316902,
   1.8339460587543268,
   1.8339509113233927,
   1.8342600658645496,
   1.8342525030467,
   1.8339475664178353
  ],
  "1": [
   1.8320899405600874,
   1.8324980234569839,
   1.832498285278295,
   1.8320882332078565,
   1.8320896213574083,
   1.8324858215081294,
   1.8324864034673731,
   1.8320865788791814,
   1.8320877617377307,
   1.8324743668209698,
   1.8324745416128776,
   1.8320862134329639,
   1.8320862134329596,
   1.8324745416129027,
   1.8324743668209844,
   1.8320877617376559,
   1.8320865788791516,
   1.8324864034673516,
   1.832485821508139,
   1.8320896213573898,
   1.8320882332078763,
   1.8324982852782696,
   1.8324980234569916,
   1.8320899405600786
  ]
 },
 "2": {
  "0": [
   1.794252439769476,
   1.7942496447305698,
   1.794246804744172,
   1.7942475623756517,
   1.7942515285118317,
   1.794253789895981,
   1.7942518148228817,
   1.7942487837198149,
   1.794246160980131,
   1.794247732782856,
   1.7942526272891588,
   1.7942544578531903,
   1.7942529488393457,
   1.7942497939690947,
   1.794246844019618,
   1.7942473026485157,
   1.7942518168411166,
   1.7942537555990092,
   1.7942537555989602,
   1.7942518168411943,
   1.7942473026484467,
   1.7942468440196864,
   1.7942497939690405,
   1.7942529488393648,
   1.7942544578532649,
   1.7942526272891128,
   1.7942477327828703,
   1.794246160980172,
   1.7942487837198529,
   1.7942518148229305,
   1.7942537898959956,
   1.7942515285118215,
   1.794247562375666,
   1.7942468047441058,
   1.7942496447305725,
   1.7942524397694737
  ],
  "1": [
   1.7961008584956184,
   1.7960985820991209,
   1.7960981583838818,
   1.7961009321931423,
   1.7961021049523096,
   1.796102370024508,
   1.7961003275168248,
   1.796096507288197,
   1.7960972432656839,
   1.7961020631244393,
   1.7961038778227205,
   1.7961029934211725,
   1.7961008651764208,
   1.7960981591085403,
   1.796098205070568,
   1.7961006156943036,
   1.7961020296927324,
   1.796102189278119,
   1.7961021892781373,
   1.7961020296927162,
   1.7961006156943866,
   1.7960982050705392,
   1.7960981591085476,
   1.7961008651763546,
   1.7961029934211243,
   1.7961038778227305,
   1.7961020631244067,
   1.7960972432656526,
   1.796096507288164,
   1.796100327516843,
   1.7961023700245051,
   1.7961021049523158,
   1.7961009321931944,
   1.7960981583838482,
   1.7960985820991004,
   1.7961008584955436
  ]
 },
 "Z_a": [
  6,
  6,
  6,
  6,
  6,
  6,
  6,
  6,
  6,
  6,
  6,
  6,
  15,
  15,
  15,
  15,
  5,
  5,
  5,
  5,
  6,
  6,
  6,
  6,
  1,
  1,
  1,
  1
 ],
 "spos_ac": [
  [
   0.875086171267842,
   0.5799114664354494,
   0.7620001604529165
  ],
  [
   0.6963326491430107,
   0.49152273806342317,
   0.26204968708065984
  ],
  [
   0.19634578503225414,
   0.07986334182487917,
   0.3093996709370247
  ],
  [
   0.37509243651960295,
   0.9915710460212733,
   0.809350332057105
  ],
  [
   0.19634240016082302,
   0.4915171049931042,
   0.30942841097595686
  ],
  [
   0.37509592228564614,
   0.5799058333650529,
   0.8093788843478147
  ],
  [
   0.8750827863963759,
   0.9915652296037303,
   0.7620289004915775
  ],
  [
   0.6963361349088255,
   0.0798575254071736,
   0.26207823937147035
  ],
  [
   0.5878528164294758,
   0.7857486902548056,
   0.8132081770705389
  ],
  [
   0.9835807429164943,
   0.28567971172124473,
   0.31319234859390055
  ],
  [
   0.4835757549990956,
   0.2856798811737049,
   0.25822039435815514
  ],
  [
   0.08784782851211616,
   0.7857488597073228,
   0.7582362228344648
  ],
  [
   0.7581652244482407,
   0.7856983365429423,
   0.06779663046633189
  ],
  [
   0.8132687115998859,
   0.28572998789025006,
   0.56776712828043
  ],
  [
   0.31326334698036784,
   0.28573023488574767,
   0.003631940962239495
  ],
  [
   0.25815985982870476,
   0.785698583538386,
   0.5036614431480133
  ],
  [
   0.9476341442714147,
   0.7857464059503083,
   0.6263911162553406
  ],
  [
   0.6237953359644607,
   0.2856820998259023,
   0.12641184983721956
  ],
  [
   0.12379442715717318,
   0.2856821654782436,
   0.4450374551733063
  ],
  [
   0.44763323546407974,
   0.7857464716026812,
   0.9450167215913226
  ],
  [
   0.9461837097119583,
   0.7857448850466753,
   0.2958269766902139
  ],
  [
   0.6252729068777036,
   0.285683959345953,
   0.7958524720273839
  ],
  [
   0.12524486612066002,
   0.2840018345519281,
   0.7756015949532488
  ],
  [
   0.4461556645508782,
   0.7857446120828451,
   0.27557609940116634
  ],
  [
   0.535714285714305,
   0.5357142857142547,
   0.5357142857142149
  ],
  [
   0.03571428571427876,
   0.5357142857142906,
   0.03571428571427213
  ],
  [
   0.5357142857143153,
   0.03571428571430044,
   0.5357142857142152
  ],
  [
   0.03571428571427918,
   0.03571428571425121,
   0.03571428571428174
  ]
 ]
}