{
 "0": {
  "0": [
   0.37492921894574055,
   0.39191283658383025,
   0.3919053374817987,
   0.3749227281768173,
   0.37563199459652924,
   0.3940972889778017,
   0.39408151478060494,
   0.3756173864645816,
   0.37514876712346595,
   0.3947194378799,
   0.39471150784674525,
   0.3751407131307297,
   0.3751407131308745,
   0.39471150784691905,
   0.3947194378801361,
   0.375148767123891,
   0.3756173864650657,
   0.3940815147814165,
   0.39409728897846563,
   0.37563199459685664,
   0.3749227281773953,
   0.3919053374818281,
   0.39191283658392745,
   0.37492921894581294
  ],
  "1": [
   -3.067739802804597,
   -3.0847169562048404,
   -3.084730902751666,
   -3.067748788577492,
   -3.068433878834306,
   -3.0868907761398643,
   -3.0869191041338104,
   -3.0684534619932196,
   -3.067959127553387,
   -3.0875243891544195,
   -3.087539031445917,
   -3.0679696119845214,
   -3.0679696119845765,
   -3.087539031446149,
   -3.0875243891547175,
   -3.067959127553775,
   -3.0684534619936477,
   -3.086919104134707,
   -3.086890776140485,
   -3.068433878834719,
   -3.0677487885779997,
   -3.0847309027517085,
   -3.084716956204846,
   -3.0677398028047005
  ]
 },
 "1": {
  "0": [
   1.8345127340526126,
   1.834656921793449,
   1.8346586565186471,
   1.8345141387232708,
   1.8345154546073599,
   1.8346589858463214,
   1.8346618129578567,
   1.834518524989654,
   1.8345199902601597,
   1.8346618027646284,
   1.834663484405801,
   1.8345213657696886,
   1.8345213657696,
   1.8346634844057477,
   1.8346618027646429,
   1.8345199902601044,
   1.8345185249895815,
   1.834661812957912,
   1.8346589858463396,
   1.8345154546072489,
   1.8345141387233763,
   1.8346586565187366,
   1.834656921793451,
   1.834512734052669
  ],
  "1": [
   1.8326098114953056,
   1.8325704162399223,
   1.8325621961501357,
   1.8326057418134263,
   1.832620396804107,
   1.8325853622987494,
   1.8325690270028938,
   1.832612426725519,
   1.8326267895801223,
   1.8325927852748003,
   1.8325844473275166,
   1.832622675532969,
   1.8326226755330353,
   1.8325844473274586,
   1.8325927852748318,
   1.8326267895801813,
   1.8326124267255302,
   1.8325690270028656,
   1.8325853622986084,
   1.8326203968041117,
   1.8326057418134523,
   1.8325621961501466,
   1.8325704162400056,
   1.8326098114952882
  ]
 },
 "2": {
  "0": [
   1.7942590932510563,
   1.7942549058752513,
   1.7942540435968721,
   1.7942588329021785,
   1.7942630813553015,
   1.7942623722545241,
   1.794257216905063,
   1.794251012751006,
   1.794251113941638,
   1.7942615425062662,
   1.7942673203983701,
   1.7942643281527195,
   1.794259307164131,
   1.7942552277132622,
   1.794254021211485,
   1.794259107592896,
   1.7942633761399291,
   1.794262658221079,
   1.7942626582210959,
   1.7942633761398794,
   1.7942591075928647,
   1.7942540212114038,
   1.7942552277132093,
   1.7942593071641944,
   1.7942643281529338,
   1.7942673203982362,
   1.7942615425062762,
   1.7942511139416346,
   1.79425101275099,
   1.7942572169049078,
   1.794262372254416,
   1.7942630813552432,
   1.794258832902131,
   1.7942540435968304,
   1.7942549058752004,
   1.7942590932509224
  ],
  "1": [
   1.7961095327473888,
   1.7961080199640034,
   1.796110682282707,
   1.796112851628318,
   1.796114350764287,
   1.7961129892053722,
   1.7961079184312205,
   1.7961050127076483,
   1.7961098520808405,
   1.7961138969320327,
   1.7961170698426276,
   1.7961146525256988,
   1.7961092868854074,
   1.7961077942961428,
   1.7961105992849284,
   1.7961126903003546,
   1.7961140776445914,
   1.7961129829769924,
   1.7961129829770592,
   1.7961140776445423,
   1.7961126903002669,
   1.7961105992849842,
   1.7961077942960995,
   1.7961092868854476,
   1.7961146525255829,
   1.7961170698425561,
   1.7961138969320938,
   1.7961098520809,
   1.7961050127075764,
   1.7961079184312718,
   1.7961129892051602,
   1.796114350764129,
   1.796112851628196,
   1.7961106822826607,
   1.7961080199639772,
   1.7961095327474108
  ]
 },
 "Z_a": [
  6,
  6,
  6,
  6,
  6,
  6,
  6,
  6,
  6,
  6,
  6,
  6,
  15,
  15,
  15,
  15,
  5,
  5,
  5,
  5,
  6,
  6,
  6,
  6,
  1,
  1,
  1,
  1
 ],
 "spos_ac": [
  [
   0.875086171267842,
   0.5799114664354494,
   0.7620001604529165
  ],
  [
   0.6963326491430107,
   0.49152273806342317,
   0.26204968708065984
  ],
  [
   0.19634578503225414,
   0.07986334182487917,
   0.3093996709370247
  ],
  [
   0.37509243651960295,
   0.9915710460212733,
   0.809350332057105
  ],
  [
   0.19634240016082302,
   0.4915171049931042,
   0.30942841097595686
  ],
  [
   0.37509592228564614,
   0.5799058333650529,
   0.8093788843478147
  ],
  [
   0.8750827863963759,
   0.9915652296037303,
   0.7620289004915775
  ],
  [
   0.6963361349088255,
   0.0798575254071736,
   0.26207823937147035
  ],
  [
   0.5878528164294758,
   0.7857486902548056,
   0.8132081770705389
  ],
  [
   0.9835807429164943,
   0.28567971172124473,
   0.31319234859390055
  ],
  [
   0.4835757549990956,
   0.2856798811737049,
   0.25822039435815514
  ],
  [
   0.08784783291638741,
   0.7840670078774429,
   0.7582362230492488
  ],
  [
   0.7581652244482407,
   0.7856983365429423,
   0.06779663046633189
  ],
  [
   0.8132687115998859,
   0.28572998789025006,
   0.56776712828043
  ],
  [
   0.31326334698036784,
   0.28573023488574767,
   0.003631940962239495
  ],
  [
   0.25815985982870476,
   0.785698583538386,
   0.5036614431480133
  ],
  [
   0.9476341442714147,
   0.7857464059503083,
   0.6263911162553406
  ],
  [
   0.6237953359644607,
   0.2856820998259023,
   0.12641184983721956
  ],
  [
   0.12379442715717318,
   0.2856821654782436,
   0.4450374551733063
  ],
  [
   0.44763323546407974,
   0.7857464716026812,
   0.9450167215913226
  ],
  [
   0.9461837097119583,
   0.7857448850466753,
   0.2958269766902139
  ],
  [
   0.6252729068777036,
   0.285683959345953,
   0.7958524720273839
  ],
  [
   0.1252448617163888,
   0.2856836863818081,
   0.7756015947384649
  ],
  [
   0.4461556645508782,
   0.7857446120828451,
   0.27557609940116634
  ],
  [
   0.535714285714305,
   0.5357142857142547,
   0.5357142857142149
  ],
  [
   0.03571428571427876,
   0.5357142857142906,
   0.03571428571427213
  ],
  [
   0.5357142857143153,
   0.03571428571430044,
   0.5357142857142152
  ],
  [
   0.03571428571427918,
   0.03571428571425121,
   0.03571428571428174
  ]
 ]
}