{
 "0": {
  "0": [
   0.3983769878018721,
   0.4154781238256393,
   0.4155005130112077,
   0.39839929878082464,
   0.39905821439559575,
   0.4176063113133019,
   0.4176521747667969,
   0.3991046055058484,
   0.39858045904091294,
   0.41819645319422144,
   0.41822023980744244,
   0.39860462875083685,
   0.39860462875052166,
   0.41822023980713846,
   0.41819645319391785,
   0.3985804590394045,
   0.39910460550463384,
   0.4176521747655533,
   0.41760631131387876,
   0.39905821439615796,
   0.3983992987812311,
   0.41550051301124574,
   0.4154781238257041,
   0.39837698780196035
  ],
  "1": [
   -3.0442604793681465,
   -3.0612324176002463,
   -3.0612119968757434,
   -3.044237356757211,
   -3.0449798567425117,
   -3.0634771444629267,
   -3.0634349684076105,
   -3.044932077038745,
   -3.044493270623669,
   -3.0641424950381073,
   -3.0641206548511266,
   -3.0444682965182444,
   -3.0444682965179837,
   -3.064120654850909,
   -3.0641424950378444,
   -3.0444932706224646,
   -3.0449320770378305,
   -3.063434968406616,
   -3.0634771444633833,
   -3.0449798567429394,
   -3.044237356757453,
   -3.0612119968757896,
   -3.0612324176002916,
   -3.044260479368259
  ]
 },
 "1": {
  "0": [
   1.7934491102117853,
   1.79342045681057,
   1.793415292873089,
   1.7934462562440006,
   1.7934494601714177,
   1.793422690487558,
   1.793411985701743,
   1.7934436902397564,
   1.793447331694709,
   1.7934189064362054,
   1.7934136821703999,
   1.7934443711442938,
   1.793444371144144,
   1.7934136821704638,
   1.7934189064362076,
   1.7934473316947295,
   1.7934436902398276,
   1.7934119857017774,
   1.7934226904876147,
   1.7934494601715232,
   1.7934462562438827,
   1.7934152928731126,
   1.793420456810702,
   1.793449110211877
  ],
  "1": [
   1.792323905253347,
   1.792586738761097,
   1.7925887478496607,
   1.7923252616326952,
   1.7923274406004006,
   1.7925830235551912,
   1.7925877021635055,
   1.7923295849030014,
   1.7923317757478243,
   1.7925822829192024,
   1.7925843575128668,
   1.7923328217674146,
   1.7923328217673642,
   1.7925843575126537,
   1.792582282919138,
   1.7923317757476322,
   1.7923295849028809,
   1.7925877021633816,
   1.7925830235551024,
   1.7923274406002185,
   1.7923252616327514,
   1.7925887478495968,
   1.7925867387611498,
   1.7923239052534015
  ]
 },
 "2": {
  "0": [
   1.7924421913674187,
   1.7925705347638616,
   1.79271777058437,
   1.7927197168371463,
   1.7925738461115293,
   1.7924435556679763,
   1.7924388384561387,
   1.7925606921364134,
   1.7927059528119655,
   1.7927106082475996,
   1.792567093355122,
   1.7924418898290735,
   1.7924375007016988,
   1.7925542388841695,
   1.7926968731726298,
   1.7926988668974269,
   1.792557360118584,
   1.7924385323431646,
   1.792438532343221,
   1.7925573601186142,
   1.7926988668973924,
   1.792696873172816,
   1.7925542388841862,
   1.7924375007012976,
   1.7924418898289411,
   1.7925670933550224,
   1.7927106082475874,
   1.7927059528119749,
   1.7925606921365265,
   1.7924388384567334,
   1.7924435556683345,
   1.7925738461113747,
   1.7927197168371085,
   1.7927177705843111,
   1.7925705347639425,
   1.7924421913674398
  ],
  "1": [
   1.793775982612617,
   1.7938153045738798,
   1.7938892455595798,
   1.7938901435633363,
   1.7938186699913252,
   1.793778479673683,
   1.793777795204005,
   1.793815642147785,
   1.7938907105668909,
   1.793892245338246,
   1.7938219761041314,
   1.7937816733369196,
   1.7937810531287928,
   1.7938191707435203,
   1.7938925972258262,
   1.7938931968873049,
   1.793822307881075,
   1.7937831092593148,
   1.7937831092594076,
   1.7938223078811226,
   1.7938931968876206,
   1.7938925972260573,
   1.7938191707436646,
   1.7937810531283023,
   1.7937816733366465,
   1.7938219761041205,
   1.7938922453381718,
   1.7938907105670048,
   1.7938156421480498,
   1.7937777952043794,
   1.7937784796742982,
   1.7938186699914178,
   1.7938901435629986,
   1.7938892455593962,
   1.7938153045739056,
   1.793775982612661
  ]
 },
 "Z_a": [
  6,
  6,
  6,
  6,
  6,
  6,
  6,
  6,
  6,
  6,
  6,
  6,
  15,
  15,
  15,
  15,
  5,
  5,
  5,
  5,
  6,
  6,
  6,
  6,
  1,
  1,
  1,
  1
 ],
 "spos_ac": [
  [
   0.875086171267842,
   0.5799114664354494,
   0.7620001604529165
  ],
  [
   0.6963326491430107,
   0.49152273806342317,
   0.26204968708065984
  ],
  [
   0.19634578503225414,
   0.07986334182487917,
   0.3093996709370247
  ],
  [
   0.37509243651960295,
   0.9915710460212733,
   0.809350332057105
  ],
  [
   0.19634240016082302,
   0.4915171049931042,
   0.30942841097595686
  ],
  [
   0.37509592228564614,
   0.5799058333650529,
   0.8093788843478147
  ],
  [
   0.874093909817781,
   0.9915652370966267,
   0.7620288929906515
  ],
  [
   0.6963361349088255,
   0.0798575254071736,
   0.26207823937147035
  ],
  [
   0.5878528164294758,
   0.7857486902548056,
   0.8132081770705389
  ],
  [
   0.9835807429164943,
   0.28567971172124473,
   0.31319234859390055
  ],
  [
   0.4835757549990956,
   0.2856798811737049,
   0.25822039435815514
  ],
  [
   0.08784782851211616,
   0.7857488597073228,
   0.7582362228344648
  ],
  [
   0.7581652244482407,
   0.7856983365429423,
   0.06779663046633189
  ],
  [
   0.8132687115998859,
   0.28572998789025006,
   0.56776712828043
  ],
  [
   0.31326334698036784,
   0.28573023488574767,
   0.003631940962239495
  ],
  [
   0.25815985982870476,
   0.785698583538386,
   0.5036614431480133
  ],
  [
   0.9476341442714147,
   0.7857464059503083,
   0.6263911162553406
  ],
  [
   0.6237953359644607,
   0.2856820998259023,
   0.12641184983721956
  ],
  [
   0.12379442715717318,
   0.2856821654782436,
   0.4450374551733063
  ],
  [
   0.44763323546407974,
   0.7857464716026812,
   0.9450167215913226
  ],
  [
   0.9461837097119583,
   0.7857448850466753,
   0.2958269766902139
  ],
  [
   0.6252729068777036,
   0.285683959345953,
   0.7958524720273839
  ],
  [
   0.1252448617163888,
   0.2856836863818081,
   0.7756015947384649
  ],
  [
   0.4461556645508782,
   0.7857446120828451,
   0.27557609940116634
  ],
  [
   0.535714285714305,
   0.5357142857142547,
   0.5357142857142149
  ],
  [
   0.03571428571427876,
   0.5357142857142906,
   0.03571428571427213
  ],
  [
   0.5357142857143153,
   0.03571428571430044,
   0.5357142857142152
  ],
  [
   0.03571428571427918,
   0.03571428571425121,
   0.03571428571428174
  ]
 ]
}