{
 "0": {
  "0": [
   0.37559904007009287,
   0.3926571268417209,
   0.39264724873281076,
   0.37559030948741307,
   0.37624899492378944,
   0.39479717878043624,
   0.3947742562293517,
   0.3762287678331604,
   0.37570872605134015,
   0.39536721977471145,
   0.39535385433048237,
   0.37569639892397433,
   0.3756963989239779,
   0.395353854330484,
   0.3953672197747228,
   0.37570872605133093,
   0.37622876783316805,
   0.39477425622934365,
   0.39479717878042375,
   0.37624899492380065,
   0.3755903094874203,
   0.3926472487328125,
   0.3926571268417324,
   0.37559904007009987
  ],
  "1": [
   -3.0666632473865825,
   -3.083635869370384,
   -3.0836451594148366,
   -3.066670576245066,
   -3.067350029727217,
   -3.0857856655380447,
   -3.0858070124819066,
   -3.067368293942381,
   -3.0668774164605765,
   -3.086398960577475,
   -3.086411903295204,
   -3.0668888385663156,
   -3.0668888385663275,
   -3.0864119032952093,
   -3.0863989605774798,
   -3.0668774164606054,
   -3.06736829394236,
   -3.085807012481931,
   -3.0857856655380314,
   -3.0673500297272014,
   -3.066670576245045,
   -3.0836451594148526,
   -3.083635869370355,
   -3.066663247386577
  ]
 },
 "1": {
  "0": [
   1.79598345875513,
   1.7959832110679868,
   1.7959857707711213,
   1.7959864098347404,
   1.7959841330966069,
   1.7959858468408232,
   1.79599081937101,
   1.795989678919344,
   1.7959875626542035,
   1.7959906119404112,
   1.795993214860153,
   1.795990552800799,
   1.7959905528007758,
   1.7959932148601752,
   1.7959906119404445,
   1.7959875626542403,
   1.795989678919342,
   1.7959908193710783,
   1.7959858468408245,
   1.7959841330966388,
   1.7959864098347422,
   1.7959857707710962,
   1.7959832110680178,
   1.7959834587551207
  ],
  "1": [
   1.7937979695553485,
   1.7936920103726315,
   1.7936904717260973,
   1.7937972120553352,
   1.793799572011061,
   1.793689201779116,
   1.7936867852443952,
   1.7937981919565442,
   1.7938003178656328,
   1.7936860565808954,
   1.7936845152997523,
   1.7937996421357492,
   1.7937996421357654,
   1.793684515299801,
   1.7936860565809472,
   1.7938003178657083,
   1.7937981919565233,
   1.7936867852444531,
   1.7936892017791186,
   1.79379957201108,
   1.793797212055366,
   1.7936904717261184,
   1.7936920103726246,
   1.7937979695553312
  ]
 },
 "2": {
  "0": [
   1.8453078809859451,
   1.8452115301013476,
   1.8450991396214504,
   1.8451027099181134,
   1.8452193767025065,
   1.8453114482921344,
   1.8453083703278221,
   1.8452120096572988,
   1.845100656767776,
   1.8451079162499433,
   1.845226776708655,
   1.8453162502992142,
   1.8453131777275262,
   1.8452192078583654,
   1.8451065049523208,
   1.845109795503118,
   1.8452270147229333,
   1.845317110916622,
   1.845317110916685,
   1.8452270147229979,
   1.8451097955031104,
   1.8451065049523596,
   1.8452192078582619,
   1.8453131777275047,
   1.8453162502991065,
   1.845226776708527,
   1.8451079162499264,
   1.845100656767628,
   1.845212009657333,
   1.8453083703278015,
   1.8453114482921402,
   1.8452193767024205,
   1.8451027099181514,
   1.8450991396213503,
   1.8452115301014127,
   1.8453078809859491
  ],
  "1": [
   1.847097521030403,
   1.8470846413708943,
   1.847084546145035,
   1.8470868201406783,
   1.8470891205119022,
   1.8470994064006698,
   1.8470956860853682,
   1.8470801515890165,
   1.8470810153633472,
   1.84708521368045,
   1.8470886550710974,
   1.847099494514502,
   1.8470956366785896,
   1.847079406844159,
   1.8470790320077677,
   1.847081406970073,
   1.8470837557169268,
   1.8470977085424354,
   1.8470977085425175,
   1.847083755716878,
   1.8470814069700412,
   1.8470790320077686,
   1.8470794068440537,
   1.8470956366784737,
   1.8470994945145869,
   1.8470886550710386,
   1.8470852136804514,
   1.8470810153633004,
   1.8470801515890376,
   1.8470956860853656,
   1.8470994064007324,
   1.8470891205120166,
   1.8470868201407267,
   1.847084546145011,
   1.847084641370795,
   1.8470975210304328
  ]
 },
 "Z_a": [
  6,
  6,
  6,
  6,
  6,
  6,
  6,
  6,
  6,
  6,
  6,
  6,
  15,
  15,
  15,
  15,
  5,
  5,
  5,
  5,
  6,
  6,
  6,
  6,
  1,
  1,
  1,
  1
 ],
 "spos_ac": [
  [
   0.875086171267842,
   0.5799114664354494,
   0.7620001604529165
  ],
  [
   0.6963326491430107,
   0.49152273806342317,
   0.26204968708065984
  ],
  [
   0.19634578503225414,
   0.07986334182487917,
   0.3093996709370247
  ],
  [
   0.37509243310365403,
   0.9915710461882028,
   0.807183702083664
  ],
  [
   0.19634240016082302,
   0.4915171049931042,
   0.30942841097595686
  ],
  [
   0.37509592228564614,
   0.5799058333650529,
   0.8093788843478147
  ],
  [
   0.8750827863963759,
   0.9915652296037303,
   0.7620289004915775
  ],
  [
   0.6963361349088255,
   0.0798575254071736,
   0.26207823937147035
  ],
  [
   0.5878528164294758,
   0.7857486902548056,
   0.8132081770705389
  ],
  [
   0.9835807429164943,
   0.28567971172124473,
   0.31319234859390055
  ],
  [
   0.4835757549990956,
   0.2856798811737049,
   0.25822039435815514
  ],
  [
   0.08784782851211616,
   0.7857488597073228,
   0.7582362228344648
  ],
  [
   0.7581652244482407,
   0.7856983365429423,
   0.06779663046633189
  ],
  [
   0.8132687115998859,
   0.28572998789025006,
   0.56776712828043
  ],
  [
   0.31326334698036784,
   0.28573023488574767,
   0.003631940962239495
  ],
  [
   0.25815985982870476,
   0.785698583538386,
   0.5036614431480133
  ],
  [
   0.9476341442714147,
   0.7857464059503083,
   0.6263911162553406
  ],
  [
   0.6237953359644607,
   0.2856820998259023,
   0.12641184983721956
  ],
  [
   0.12379442715717318,
   0.2856821654782436,
   0.4450374551733063
  ],
  [
   0.44763323546407974,
   0.7857464716026812,
   0.9450167215913226
  ],
  [
   0.9461837097119583,
   0.7857448850466753,
   0.2958269766902139
  ],
  [
   0.6252729068777036,
   0.285683959345953,
   0.7958524720273839
  ],
  [
   0.1252448617163888,
   0.2856836863818081,
   0.7756015947384649
  ],
  [
   0.4461556645508782,
   0.7857446120828451,
   0.27557609940116634
  ],
  [
   0.535714285714305,
   0.5357142857142547,
   0.5357142857142149
  ],
  [
   0.03571428571427876,
   0.5357142857142906,
   0.03571428571427213
  ],
  [
   0.5357142857143153,
   0.03571428571430044,
   0.5357142857142152
  ],
  [
   0.03571428571427918,
   0.03571428571425121,
   0.03571428571428174
  ]
 ]
}