{
 "0": {
  "0": [
   0.37493709481226806,
   0.3919194612110224,
   0.3918967601571018,
   0.37491562618372365,
   0.37564727369506645,
   0.39411087300404796,
   0.3940667137906149,
   0.37560370563178924,
   0.37515713718521715,
   0.3947258585442229,
   0.3947045372937125,
   0.3751348029619018,
   0.3751348029620225,
   0.3947045372937475,
   0.39472585854431896,
   0.37515713718499627,
   0.37560370563166934,
   0.3940667137907548,
   0.3941108730040203,
   0.3756472736952178,
   0.3749156261836626,
   0.3918967601571435,
   0.3919194612110101,
   0.37493709481217924
  ],
  "1": [
   -3.067733030027008,
   -3.0847203503358083,
   -3.0847274315330027,
   -3.067750753866484,
   -3.0684227566758944,
   -3.0868990449663944,
   -3.086910310312167,
   -3.068458467015253,
   -3.0679517178237403,
   -3.0875292154750884,
   -3.0875331055630535,
   -3.067969519677331,
   -3.0679695196774333,
   -3.0875331055630917,
   -3.0875292154751386,
   -3.067951717823492,
   -3.0684584670151733,
   -3.0869103103123297,
   -3.0868990449664118,
   -3.0684227566760804,
   -3.067750753866404,
   -3.0847274315330435,
   -3.084720350335833,
   -3.067733030026953
  ]
 },
 "1": {
  "0": [
   1.8054307419937237,
   1.8056668994464504,
   1.80566795707903,
   1.8054304180885352,
   1.8054196830167966,
   1.8056484582641636,
   1.8056501482152925,
   1.8054192382284602,
   1.805408513702942,
   1.8056297835524664,
   1.8056308646835315,
   1.8054084083166428,
   1.805408408315659,
   1.8056308646824875,
   1.805629783551854,
   1.8054085137023044,
   1.8054192382264167,
   1.8056501482134482,
   1.805648458262374,
   1.8054196830142866,
   1.805430418088367,
   1.805667957078865,
   1.8056668994467147,
   1.8054307419935907
  ],
  "1": [
   1.8025620368150406,
   1.802068629664223,
   1.802071221266642,
   1.8025662618736744,
   1.8025568729377353,
   1.802069491514416,
   1.8020751228526448,
   1.8025656957365737,
   1.8025560688088098,
   1.802073768647868,
   1.8020764323335727,
   1.8025605265693772,
   1.8025605265686608,
   1.8020764323331107,
   1.8020737686475912,
   1.802556068808444,
   1.802565695735231,
   1.8020751228517735,
   1.8020694915136235,
   1.8025568729361259,
   1.8025662618736613,
   1.8020712212666414,
   1.8020686296643467,
   1.80256203681486
  ]
 },
 "2": {
  "0": [
   1.7942454122272762,
   1.794240202846233,
   1.7942418615888511,
   1.7942500611061136,
   1.7942548388328428,
   1.7942517576481125,
   1.794241870336141,
   1.7942332729673485,
   1.7942377824940616,
   1.7942546138217306,
   1.7942624714656394,
   1.794255312918392,
   1.7942453910895797,
   1.7942408812252606,
   1.7942425390962677,
   1.7942510725891145,
   1.7942554912542978,
   1.7942521675737866,
   1.7942521675738186,
   1.7942554912542694,
   1.7942510725890874,
   1.7942425390962695,
   1.7942408812253066,
   1.7942453910895586,
   1.7942553129183552,
   1.7942624714656117,
   1.7942546138217554,
   1.794237782494045,
   1.7942332729673636,
   1.7942418703361627,
   1.7942517576480181,
   1.7942548388328816,
   1.7942500611061767,
   1.794241861588967,
   1.7942402028462003,
   1.794245412227413
  ],
  "1": [
   1.7961200231886678,
   1.7961186565234903,
   1.796124777090144,
   1.796133016482865,
   1.7961319201162695,
   1.7961252443342204,
   1.7961172908044494,
   1.796111739087923,
   1.7961208463206264,
   1.7961370621617927,
   1.796138336480058,
   1.7961278714417213,
   1.7961195837217603,
   1.796118165278966,
   1.7961243756773264,
   1.7961329658564034,
   1.7961314572123517,
   1.7961251188358416,
   1.796125118835939,
   1.7961314572122795,
   1.7961329658563596,
   1.7961243756772551,
   1.796118165278914,
   1.7961195837218678,
   1.7961278714417062,
   1.7961383364800063,
   1.7961370621617159,
   1.7961208463206462,
   1.796111739087967,
   1.796117290804431,
   1.7961252443343854,
   1.796131920116118,
   1.7961330164829536,
   1.7961247770900708,
   1.7961186565236682,
   1.7961200231886378
  ]
 },
 "Z_a": [
  6,
  6,
  6,
  6,
  6,
  6,
  6,
  6,
  6,
  6,
  6,
  6,
  15,
  15,
  15,
  15,
  5,
  5,
  5,
  5,
  6,
  6,
  6,
  6,
  1,
  1,
  1,
  1
 ],
 "spos_ac": [
  [
   0.875086171267842,
   0.5799114664354494,
   0.7620001604529165
  ],
  [
   0.6963326491430107,
   0.49152273806342317,
   0.26204968708065984
  ],
  [
   0.19634578503225414,
   0.07986334182487917,
   0.3093996709370247
  ],
  [
   0.37509243651960295,
   0.9915710460212733,
   0.809350332057105
  ],
  [
   0.19634240016082302,
   0.4915171049931042,
   0.30942841097595686
  ],
  [
   0.37509592228564614,
   0.5799058333650529,
   0.8093788843478147
  ],
  [
   0.8750827863963759,
   0.9915652296037303,
   0.7620289004915775
  ],
  [
   0.6963361349088255,
   0.0798575254071736,
   0.26207823937147035
  ],
  [
   0.5878528164294758,
   0.7857486902548056,
   0.8132081770705389
  ],
  [
   0.9835807429164943,
   0.28567971172124473,
   0.31319234859390055
  ],
  [
   0.4835757549990956,
   0.2856798811737049,
   0.25822039435815514
  ],
  [
   0.08784782851211616,
   0.7857488597073228,
   0.7582362228344648
  ],
  [
   0.7581652244482407,
   0.7856983365429423,
   0.06779663046633189
  ],
  [
   0.8132687115998859,
   0.28572998789025006,
   0.56776712828043
  ],
  [
   0.31326334698036784,
   0.28573023488574767,
   0.003631940962239495
  ],
  [
   0.25815985982870476,
   0.785698583538386,
   0.5036614431480133
  ],
  [
   0.9476341442714147,
   0.7857464059503083,
   0.6263911162553406
  ],
  [
   0.623795340368732,
   0.28400024799602236,
   0.1264118500520035
  ],
  [
   0.12379442715717318,
   0.2856821654782436,
   0.4450374551733063
  ],
  [
   0.44763323546407974,
   0.7857464716026812,
   0.9450167215913226
  ],
  [
   0.9461837097119583,
   0.7857448850466753,
   0.2958269766902139
  ],
  [
   0.6252729068777036,
   0.285683959345953,
   0.7958524720273839
  ],
  [
   0.1252448617163888,
   0.2856836863818081,
   0.7756015947384649
  ],
  [
   0.4461556645508782,
   0.7857446120828451,
   0.27557609940116634
  ],
  [
   0.535714285714305,
   0.5357142857142547,
   0.5357142857142149
  ],
  [
   0.03571428571427876,
   0.5357142857142906,
   0.03571428571427213
  ],
  [
   0.5357142857143153,
   0.03571428571430044,
   0.5357142857142152
  ],
  [
   0.03571428571427918,
   0.03571428571425121,
   0.03571428571428174
  ]
 ]
}