{
 "0": {
  "0": [
   0.3974900807912991,
   0.4149324286086536,
   0.41493254037798905,
   0.3974900041747769,
   0.398149717062307,
   0.41708249574660894,
   0.4170824718499385,
   0.3981497037830723,
   0.3976324971335051,
   0.4176803842743184,
   0.41768037190349655,
   0.3976324247039622,
   0.3976324247046995,
   0.4176803719041274,
   0.41768038427495113,
   0.39763249713689974,
   0.39814970378579523,
   0.4170824718524404,
   0.4170824957483558,
   0.39814971706425406,
   0.3974900041765135,
   0.41493254037862126,
   0.41493242860929086,
   0.3974900807920825
  ],
  "1": [
   -3.044647098393726,
   -3.0615165697125732,
   -3.0615166899042445,
   -3.044647032910544,
   -3.0453731444601444,
   -3.0637291161807716,
   -3.0637291053526967,
   -3.045373142772547,
   -3.0449253297692715,
   -3.0643907607413228,
   -3.064390755305493,
   -3.044925245227854,
   -3.0449252452285025,
   -3.0643907553060794,
   -3.064390760741903,
   -3.0449253297722927,
   -3.0453731427748965,
   -3.0637291053548563,
   -3.0637291161822806,
   -3.0453731444618426,
   -3.044647032912014,
   -3.061516689904771,
   -3.0615165697131412,
   -3.0446470983943175
  ]
 },
 "1": {
  "0": [
   1.7961572000397055,
   1.796164374776982,
   1.7961643737463795,
   1.7961571959999778,
   1.7961573285355323,
   1.7961660579220067,
   1.7961656653689781,
   1.7961572461589674,
   1.79615751323656,
   1.7961669545754877,
   1.7961669536228984,
   1.796157508775419,
   1.7961575087754265,
   1.7961669536228986,
   1.796166954575481,
   1.7961575132365581,
   1.7961572461589714,
   1.796165665368999,
   1.7961660579220364,
   1.7961573285355497,
   1.7961571959999716,
   1.7961643737463322,
   1.7961643747770046,
   1.7961572000397625
  ],
  "1": [
   1.794234514987645,
   1.794227387906255,
   1.7942273937121012,
   1.7942345172822054,
   1.7942343916925503,
   1.7942257066459257,
   1.7942261035596243,
   1.7942344659703633,
   1.7942341994447686,
   1.794224806961259,
   1.794224812661073,
   1.7942342014263706,
   1.7942342014263513,
   1.794224812661071,
   1.7942248069612412,
   1.7942341994447015,
   1.794234465970397,
   1.7942261035596003,
   1.7942257066459493,
   1.7942343916925425,
   1.79423451728216,
   1.7942273937120672,
   1.7942273879063428,
   1.794234514987623
  ]
 },
 "2": {
  "0": [
   1.7929697928227915,
   1.7930214698786096,
   1.7930928933094696,
   1.7930928910598487,
   1.7930214669773274,
   1.7929697921635575,
   1.7929756577811864,
   1.7930292233978142,
   1.7930953202063278,
   1.7930956567941687,
   1.7930292173004347,
   1.792975925680261,
   1.7929822851450807,
   1.7930371162624656,
   1.7930986569549097,
   1.7930986548080239,
   1.7930371132744964,
   1.7929822840275056,
   1.7929822840274674,
   1.7930371132745724,
   1.7930986548078478,
   1.7930986569546794,
   1.7930371162623686,
   1.792982285144899,
   1.7929759256801423,
   1.7930292173003948,
   1.793095656794306,
   1.793095320205969,
   1.7930292233978071,
   1.7929756577809925,
   1.792969792163301,
   1.7930214669774052,
   1.7930928910602981,
   1.7930928933096373,
   1.7930214698785805,
   1.7929697928230488
  ],
  "1": [
   1.7943415953757857,
   1.794349784555156,
   1.7943603020133594,
   1.7943603051777526,
   1.7943497910820612,
   1.7943415984036613,
   1.7943421654449014,
   1.7943488299931274,
   1.7943574662738282,
   1.7943571212318403,
   1.7943488428634196,
   1.7943418747526874,
   1.7943421390438408,
   1.794347842204874,
   1.7943537187842757,
   1.7943537222090724,
   1.7943478488620004,
   1.794342142361053,
   1.794342142361215,
   1.7943478488620064,
   1.794353722209133,
   1.7943537187841858,
   1.7943478422049661,
   1.7943421390438883,
   1.794341874752413,
   1.7943488428633987,
   1.7943571212320226,
   1.7943574662735635,
   1.7943488299932722,
   1.7943421654445486,
   1.7943415984031381,
   1.7943497910819044,
   1.7943603051779473,
   1.7943603020135246,
   1.7943497845552767,
   1.7943415953763395
  ]
 },
 "Z_a": [
  6,
  6,
  6,
  6,
  6,
  6,
  6,
  6,
  6,
  6,
  6,
  6,
  15,
  15,
  15,
  15,
  5,
  5,
  5,
  5,
  6,
  6,
  6,
  6,
  1,
  1,
  1,
  1
 ],
 "spos_ac": [
  [
   0.875086171267842,
   0.5799114664354494,
   0.7620001604529165
  ],
  [
   0.6963326491430107,
   0.49152273806342317,
   0.26204968708065984
  ],
  [
   0.19634578503225414,
   0.07986334182487917,
   0.3093996709370247
  ],
  [
   0.37509243651960295,
   0.9915710460212733,
   0.809350332057105
  ],
  [
   0.19634240016082302,
   0.4915171049931042,
   0.30942841097595686
  ],
  [
   0.37509592228564614,
   0.5799058333650529,
   0.8093788843478147
  ],
  [
   0.8750827863963759,
   0.9915652296037303,
   0.7620289004915775
  ],
  [
   0.6963361349088255,
   0.0798575254071736,
   0.26207823937147035
  ],
  [
   0.5878528164294758,
   0.7857486902548056,
   0.8132081770705389
  ],
  [
   0.9835807429164943,
   0.28567971172124473,
   0.31319234859390055
  ],
  [
   0.4835757549990956,
   0.2856798811737049,
   0.25822039435815514
  ],
  [
   0.08784782851211616,
   0.7857488597073228,
   0.7582362228344648
  ],
  [
   0.7581652244482407,
   0.7856983365429423,
   0.06779663046633189
  ],
  [
   0.8132687115998859,
   0.28572998789025006,
   0.56776712828043
  ],
  [
   0.31326334698036784,
   0.28573023488574767,
   0.003631940962239495
  ],
  [
   0.25815985982870476,
   0.785698583538386,
   0.5036614431480133
  ],
  [
   0.9476341442714147,
   0.7857464059503083,
   0.6263911162553406
  ],
  [
   0.6237953359644607,
   0.2856820998259023,
   0.12641184983721956
  ],
  [
   0.12379442715717318,
   0.2856821654782436,
   0.4450374551733063
  ],
  [
   0.44763323546407974,
   0.7857464716026812,
   0.9450167215913226
  ],
  [
   0.9461837097119583,
   0.7857448850466753,
   0.2958269766902139
  ],
  [
   0.6252729068777036,
   0.285683959345953,
   0.7958524720273839
  ],
  [
   0.1252448617163888,
   0.2856836863818081,
   0.7756015947384649
  ],
  [
   0.44516678797228326,
   0.7857446195757415,
   0.2755760919002404
  ],
  [
   0.535714285714305,
   0.5357142857142547,
   0.5357142857142149
  ],
  [
   0.03571428571427876,
   0.5357142857142906,
   0.03571428571427213
  ],
  [
   0.5357142857143153,
   0.03571428571430044,
   0.5357142857142152
  ],
  [
   0.03571428571427918,
   0.03571428571425121,
   0.03571428571428174
  ]
 ]
}