{
 "0": {
  "0": [
   0.37471641990947113,
   0.3916463737211666,
   0.3916464884924594,
   0.3747163530099987,
   0.37541525264223125,
   0.3938184979741036,
   0.39381848372298756,
   0.37541524199031534,
   0.3749365835552742,
   0.3944358317328465,
   0.39443582364313245,
   0.37493650534406436,
   0.3749365053440714,
   0.39443582364313584,
   0.3944358317328144,
   0.37493658355522735,
   0.37541524199029525,
   0.3938184837229387,
   0.39381849797410623,
   0.37541525264222153,
   0.3747163530100287,
   0.39164648849221184,
   0.3916463737210384,
   0.3747164199094601
  ],
  "1": [
   -3.0686819281712077,
   -3.0855792674892184,
   -3.0855793998809826,
   -3.0686818799037567,
   -3.0694217915264823,
   -3.087808466923178,
   -3.087808475082348,
   -3.0694218063375636,
   -3.068986821738949,
   -3.0884891190391275,
   -3.0884891233106138,
   -3.0689867572901957,
   -3.0689867572902174,
   -3.088489123310623,
   -3.0884891190391004,
   -3.0689868217389242,
   -3.0694218063375436,
   -3.087808475082325,
   -3.0878084669231733,
   -3.0694217915264845,
   -3.0686818799037296,
   -3.0855793998809817,
   -3.0855792674892517,
   -3.0686819281712108
  ]
 },
 "1": {
  "0": [
   1.796157380740044,
   1.796164471339516,
   1.7961644707578035,
   1.796157380959577,
   1.7961574962521012,
   1.7961661436449705,
   1.7961657577778325,
   1.7961574292342752,
   1.7961576857075912,
   1.7961670412799258,
   1.7961670405732817,
   1.796157686307205,
   1.7961576863072302,
   1.7961670405733257,
   1.796167041279954,
   1.7961576857075947,
   1.7961574292342781,
   1.796165757777831,
   1.7961661436449894,
   1.7961574962521314,
   1.7961573809595908,
   1.7961644707578683,
   1.7961644713396319,
   1.796157380739993
  ],
  "1": [
   1.7942345245148918,
   1.7942274060257573,
   1.7942274059197518,
   1.7942345265786588,
   1.7942343992372969,
   1.7942257194378628,
   1.7942261103833221,
   1.7942344718326242,
   1.7942342015310353,
   1.7942248200968847,
   1.794224819799926,
   1.7942342038425314,
   1.7942342038425254,
   1.7942248197999404,
   1.7942248200968405,
   1.794234201531022,
   1.7942344718325907,
   1.7942261103833024,
   1.7942257194379116,
   1.7942343992373282,
   1.7942345265786734,
   1.7942274059196825,
   1.7942274060257706,
   1.794234524514869
  ]
 },
 "2": {
  "0": [
   1.7438076452897313,
   1.7438078552187695,
   1.7438049424019304,
   1.7438049388654262,
   1.7438078499684813,
   1.7438076432239595,
   1.7438093014526408,
   1.7438155602289351,
   1.7438178302428733,
   1.7438181668415582,
   1.7438155486532614,
   1.7438095958809157,
   1.7438113801513024,
   1.7438235191470335,
   1.7438317058198407,
   1.743831702368258,
   1.7438235132668507,
   1.7438113778080333,
   1.7438113778081539,
   1.7438235132668705,
   1.7438317023682173,
   1.7438317058198134,
   1.743823519147078,
   1.743811380151281,
   1.7438095958807018,
   1.7438155486532976,
   1.7438181668415216,
   1.7438178302425347,
   1.7438155602289631,
   1.7438093014529912,
   1.7438076432239673,
   1.7438078499685343,
   1.743804938865499,
   1.7438049424020106,
   1.743807855218728,
   1.7438076452897597
  ],
  "1": [
   1.7455325734253324,
   1.7456236182731906,
   1.745707822237641,
   1.745707824377456,
   1.745623621945996,
   1.7455325754436857,
   1.74552805118534,
   1.7456172796865663,
   1.7457036253030052,
   1.7457033022309631,
   1.7456172865309465,
   1.7455277957581232,
   1.7455233420431526,
   1.745611001312667,
   1.7456983362341167,
   1.7456983388409737,
   1.7456110045407702,
   1.7455233439113378,
   1.7455233439113373,
   1.7456110045407884,
   1.7456983388409644,
   1.7456983362341334,
   1.7456110013126116,
   1.7455233420431677,
   1.7455277957579562,
   1.7456172865310087,
   1.7457033022309536,
   1.7457036253028893,
   1.7456172796865908,
   1.745528051185406,
   1.7455325754436073,
   1.7456236219459482,
   1.745707824377459,
   1.745707822237659,
   1.7456236182731963,
   1.7455325734253664
  ]
 },
 "Z_a": [
  6,
  6,
  6,
  6,
  6,
  6,
  6,
  6,
  6,
  6,
  6,
  6,
  15,
  15,
  15,
  15,
  5,
  5,
  5,
  5,
  6,
  6,
  6,
  6,
  1,
  1,
  1,
  1
 ],
 "spos_ac": [
  [
   0.875086171267842,
   0.5799114664354494,
   0.7620001604529165
  ],
  [
   0.6963326491430107,
   0.49152273806342317,
   0.26204968708065984
  ],
  [
   0.19634578503225414,
   0.07986334182487917,
   0.3093996709370247
  ],
  [
   0.37509243651960295,
   0.9915710460212733,
   0.809350332057105
  ],
  [
   0.19634240016082302,
   0.4915171049931042,
   0.30942841097595686
  ],
  [
   0.37509592228564614,
   0.5799058333650529,
   0.8093788843478147
  ],
  [
   0.8750827863963759,
   0.9915652296037303,
   0.7620289004915775
  ],
  [
   0.6963361349088255,
   0.0798575254071736,
   0.26207823937147035
  ],
  [
   0.5878528164294758,
   0.7857486902548056,
   0.8132081770705389
  ],
  [
   0.9835807463324433,
   0.2856797115543152,
   0.31535897856734163
  ],
  [
   0.4835757549990956,
   0.2856798811737049,
   0.25822039435815514
  ],
  [
   0.08784782851211616,
   0.7857488597073228,
   0.7582362228344648
  ],
  [
   0.7581652244482407,
   0.7856983365429423,
   0.06779663046633189
  ],
  [
   0.8132687115998859,
   0.28572998789025006,
   0.56776712828043
  ],
  [
   0.31326334698036784,
   0.28573023488574767,
   0.003631940962239495
  ],
  [
   0.25815985982870476,
   0.785698583538386,
   0.5036614431480133
  ],
  [
   0.9476341442714147,
   0.7857464059503083,
   0.6263911162553406
  ],
  [
   0.6237953359644607,
   0.2856820998259023,
   0.12641184983721956
  ],
  [
   0.12379442715717318,
   0.2856821654782436,
   0.4450374551733063
  ],
  [
   0.44763323546407974,
   0.7857464716026812,
   0.9450167215913226
  ],
  [
   0.9461837097119583,
   0.7857448850466753,
   0.2958269766902139
  ],
  [
   0.6252729068777036,
   0.285683959345953,
   0.7958524720273839
  ],
  [
   0.1252448617163888,
   0.2856836863818081,
   0.7756015947384649
  ],
  [
   0.4461556645508782,
   0.7857446120828451,
   0.27557609940116634
  ],
  [
   0.535714285714305,
   0.5357142857142547,
   0.5357142857142149
  ],
  [
   0.03571428571427876,
   0.5357142857142906,
   0.03571428571427213
  ],
  [
   0.5357142857143153,
   0.03571428571430044,
   0.5357142857142152
  ],
  [
   0.03571428571427918,
   0.03571428571425121,
   0.03571428571428174
  ]
 ]
}