{
 "0": {
  "0": [
   0.37460594395670205,
   0.3917639299131216,
   0.39176405252059254,
   0.3746058860765315,
   0.37527276019604366,
   0.393936328384603,
   0.3939363403056774,
   0.3752727787265561,
   0.3747608689144807,
   0.39455169202781776,
   0.3945516990533017,
   0.3747608082585481,
   0.3747608082585267,
   0.3945516990532866,
   0.39455169202784063,
   0.3747608689145218,
   0.3752727787265452,
   0.3939363403057271,
   0.3939363283845973,
   0.3752727601960691,
   0.37460588607653716,
   0.3917640525205894,
   0.39176392991310816,
   0.3746059439567154
  ],
  "1": [
   -3.067999674779509,
   -3.0849420599835993,
   -3.0849421945572755,
   -3.067999619026367,
   -3.0686979717489864,
   -3.0871234631946,
   -3.087123468125568,
   -3.0686979774414382,
   -3.068221740459522,
   -3.087747320082494,
   -3.0877473216743754,
   -3.068221666291259,
   -3.068221666291299,
   -3.0877473216744042,
   -3.087747320082476,
   -3.068221740459541,
   -3.068697977441432,
   -3.087123468125583,
   -3.0871234631945224,
   -3.0686979717489704,
   -3.067999619026403,
   -3.0849421945572533,
   -3.0849420599835953,
   -3.0679996747794513
  ]
 },
 "1": {
  "0": [
   1.7961572661890381,
   1.79616436175554,
   1.7961643606759357,
   1.7961572660178315,
   1.7961573843296896,
   1.7961660414279814,
   1.7961656456389405,
   1.7961573213643927,
   1.7961575776621284,
   1.7961669281164483,
   1.7961669270868612,
   1.796157577431321,
   1.79615757743129,
   1.7961669270868716,
   1.79616692811649,
   1.7961575776621508,
   1.7961573213643895,
   1.7961656456389237,
   1.796166041427996,
   1.7961573843298568,
   1.7961572660178067,
   1.7961643606759647,
   1.796164361755555,
   1.7961572661889795
  ],
  "1": [
   1.794234342967387,
   1.7942271937499819,
   1.7942271915736558,
   1.7942343413864084,
   1.7942342067163903,
   1.7942255128756974,
   1.7942258901306463,
   1.7942342811427714,
   1.794234009062471,
   1.794224597961837,
   1.7942245957831306,
   1.7942340074364698,
   1.7942340074364853,
   1.7942245957831626,
   1.7942245979618867,
   1.7942340090625222,
   1.7942342811427925,
   1.794225890130691,
   1.7942255128757543,
   1.7942342067164179,
   1.7942343413864135,
   1.7942271915736046,
   1.7942271937499057,
   1.7942343429673384
  ]
 },
 "2": {
  "0": [
   1.7836023745071934,
   1.7834141472504308,
   1.7831962413183127,
   1.783196241701099,
   1.7834141484625277,
   1.7836023753040087,
   1.7836054292981347,
   1.7834118393410772,
   1.783188804318725,
   1.783189140576246,
   1.7834118418043985,
   1.7836056863466578,
   1.783608225957668,
   1.7834091245451262,
   1.7831822069704895,
   1.7831822073478159,
   1.783409125824786,
   1.7836082266081175,
   1.7836082266081812,
   1.7834091258248286,
   1.7831822073478265,
   1.7831822069705343,
   1.7834091245452632,
   1.7836082259577781,
   1.7836056863466885,
   1.7834118418041045,
   1.7831891405761238,
   1.7831888043186679,
   1.7834118393410698,
   1.7836054292981045,
   1.783602375304061,
   1.783414148462475,
   1.7831962417011593,
   1.7831962413183067,
   1.7834141472502416,
   1.783602374507037
  ],
  "1": [
   1.7851394152504334,
   1.7851186907226364,
   1.7850904894715838,
   1.7850904926080093,
   1.7851186958496907,
   1.785139417738858,
   1.7851445212912254,
   1.7851129953345595,
   1.7850746589239905,
   1.7850743305118333,
   1.7851130063582747,
   1.7851442241119098,
   1.7851485794843187,
   1.7851069880580945,
   1.7850582284803072,
   1.7850582316697698,
   1.785106993677956,
   1.785148582202523,
   1.785148582202546,
   1.7851069936780108,
   1.785058231669938,
   1.7850582284802974,
   1.7851069880581276,
   1.785148579484498,
   1.7851442241121354,
   1.7851130063582519,
   1.7850743305117187,
   1.785074658923944,
   1.7851129953344498,
   1.7851445212913144,
   1.785139417738867,
   1.7851186958496439,
   1.7850904926081135,
   1.7850904894715727,
   1.7851186907226053,
   1.7851394152502624
  ]
 },
 "Z_a": [
  6,
  6,
  6,
  6,
  6,
  6,
  6,
  6,
  6,
  6,
  6,
  6,
  15,
  15,
  15,
  15,
  5,
  5,
  5,
  5,
  6,
  6,
  6,
  6,
  1,
  1,
  1,
  1
 ],
 "spos_ac": [
  [
   0.875086171267842,
   0.5799114664354494,
   0.7620001604529165
  ],
  [
   0.6963326491430107,
   0.49152273806342317,
   0.26204968708065984
  ],
  [
   0.19634578503225414,
   0.07986334182487917,
   0.3093996709370247
  ],
  [
   0.37509243651960295,
   0.9915710460212733,
   0.809350332057105
  ],
  [
   0.19634240016082302,
   0.4915171049931042,
   0.30942841097595686
  ],
  [
   0.37509592228564614,
   0.5799058333650529,
   0.8093788843478147
  ],
  [
   0.8750827863963759,
   0.9915652296037303,
   0.7620289004915775
  ],
  [
   0.6963361349088255,
   0.0798575254071736,
   0.26207823937147035
  ],
  [
   0.5878528164294758,
   0.7857486902548056,
   0.8132081770705389
  ],
  [
   0.9835807429164943,
   0.28567971172124473,
   0.31319234859390055
  ],
  [
   0.4835757549990956,
   0.2856798811737049,
   0.25822039435815514
  ],
  [
   0.08784782851211616,
   0.7857488597073228,
   0.7582362228344648
  ],
  [
   0.7581652244482407,
   0.7856983365429423,
   0.06779663046633189
  ],
  [
   0.8132687115998859,
   0.28572998789025006,
   0.56776712828043
  ],
  [
   0.31326334698036784,
   0.28573023488574767,
   0.003631940962239495
  ],
  [
   0.25815985982870476,
   0.785698583538386,
   0.5036614431480133
  ],
  [
   0.9476341442714147,
   0.7857464059503083,
   0.6263911162553406
  ],
  [
   0.6237953359644607,
   0.2856820998259023,
   0.12641184983721956
  ],
  [
   0.12379442715717318,
   0.2856821654782436,
   0.4450374551733063
  ],
  [
   0.4476332388800286,
   0.7857464714357517,
   0.9471833515647636
  ],
  [
   0.9461837097119583,
   0.7857448850466753,
   0.2958269766902139
  ],
  [
   0.6252729068777036,
   0.285683959345953,
   0.7958524720273839
  ],
  [
   0.1252448617163888,
   0.2856836863818081,
   0.7756015947384649
  ],
  [
   0.4461556645508782,
   0.7857446120828451,
   0.27557609940116634
  ],
  [
   0.535714285714305,
   0.5357142857142547,
   0.5357142857142149
  ],
  [
   0.03571428571427876,
   0.5357142857142906,
   0.03571428571427213
  ],
  [
   0.5357142857143153,
   0.03571428571430044,
   0.5357142857142152
  ],
  [
   0.03571428571427918,
   0.03571428571425121,
   0.03571428571428174
  ]
 ]
}