{
 "0": {
  "0": [
   0.3757158895296603,
   0.39271320095254597,
   0.3927133384815911,
   0.37571583525352614,
   0.3764152431178883,
   0.3948993245461175,
   0.3948993393622043,
   0.3764152614945867,
   0.37593934353038155,
   0.3955302110570054,
   0.3955302187286128,
   0.3759392753936748,
   0.3759392753936962,
   0.3955302187286194,
   0.3955302110570322,
   0.3759393435303264,
   0.37641526149456056,
   0.39489933936213295,
   0.3948993245461068,
   0.37641524311787866,
   0.37571583525351404,
   0.3927133384815279,
   0.3927132009525067,
   0.37571588952962787
  ],
  "1": [
   -3.0674760102998855,
   -3.084393733027689,
   -3.0843938547380327,
   -3.0674759553047592,
   -3.0681681210381426,
   -3.086555288526443,
   -3.0865552850242297,
   -3.068168117391866,
   -3.0676719703441324,
   -3.0871546039916913,
   -3.087154602110223,
   -3.067671897102981,
   -3.0676718971030605,
   -3.0871546021102807,
   -3.087154603991761,
   -3.0676719703440574,
   -3.0681681173918633,
   -3.0865552850242115,
   -3.0865552885264,
   -3.068168121038095,
   -3.0674759553047735,
   -3.0843938547380096,
   -3.084393733027724,
   -3.067476010299848
  ]
 },
 "1": {
  "0": [
   1.7961575952159023,
   1.7961647065095006,
   1.7961647045263518,
   1.7961575954749427,
   1.7961577183309871,
   1.7961663880005219,
   1.7961659987620462,
   1.7961576614727421,
   1.7961579247826114,
   1.7961672920289633,
   1.7961672900063406,
   1.7961579250148865,
   1.7961579250148525,
   1.7961672900063723,
   1.7961672920289595,
   1.7961579247825936,
   1.7961576614727686,
   1.7961659987620753,
   1.7961663880005103,
   1.7961577183309423,
   1.7961575954749263,
   1.796164704526345,
   1.7961647065094817,
   1.7961575952158748
  ],
  "1": [
   1.7942345265925106,
   1.7942274658067274,
   1.7942274686065247,
   1.7942345281346477,
   1.7942344073866556,
   1.7942257824674743,
   1.7942261835908278,
   1.794234477433801,
   1.7942342144865946,
   1.794224898061914,
   1.7942249004738973,
   1.7942342157945554,
   1.7942342157945184,
   1.7942249004737507,
   1.794224898061933,
   1.7942342144866512,
   1.7942344774338317,
   1.794226183590805,
   1.7942257824674976,
   1.794234407386682,
   1.7942345281346201,
   1.7942274686065378,
   1.7942274658068769,
   1.7942345265925406
  ]
 },
 "2": {
  "0": [
   1.7367864013649341,
   1.7367612644749713,
   1.736739008967001,
   1.7367390082991263,
   1.736761264129691,
   1.7367864011513308,
   1.736784640736866,
   1.7367589314993284,
   1.7367344012953776,
   1.7367347499775994,
   1.7367589305750728,
   1.736784916607634,
   1.736784054787303,
   1.736756077509651,
   1.7367304101568959,
   1.7367304093813225,
   1.7367560772288795,
   1.7367840543227249,
   1.7367840543225481,
   1.7367560772288193,
   1.7367304093814404,
   1.7367304101568382,
   1.7367560775096451,
   1.7367840547873645,
   1.7367849166078169,
   1.7367589305752604,
   1.736734749977849,
   1.7367344012953998,
   1.7367589314994432,
   1.7367846407368766,
   1.7367864011513687,
   1.7367612641296586,
   1.736739008298964,
   1.7367390089670216,
   1.7367612644750563,
   1.736786401364994
  ],
  "1": [
   1.7391731740905247,
   1.7392722032687742,
   1.7393902063919195,
   1.739390206197035,
   1.7392722020314606,
   1.73917317291196,
   1.739175967377031,
   1.7392753648852828,
   1.7393908754195302,
   1.7393905397384104,
   1.7392753630078586,
   1.7391756956557956,
   1.739179003560552,
   1.73927825194966,
   1.7393910761289217,
   1.7393910761108866,
   1.739278251276641,
   1.739179002806189,
   1.7391790028061354,
   1.7392782512764708,
   1.7393910761108493,
   1.7393910761289548,
   1.7392782519495331,
   1.7391790035606838,
   1.7391756956559026,
   1.7392753630079236,
   1.7393905397385372,
   1.7393908754195861,
   1.7392753648852584,
   1.7391759673770262,
   1.7391731729118942,
   1.7392722020314535,
   1.7393902061970323,
   1.7393902063920843,
   1.739272203268778,
   1.7391731740905219
  ]
 },
 "Z_a": [
  6,
  6,
  6,
  6,
  6,
  6,
  6,
  6,
  6,
  6,
  6,
  6,
  15,
  15,
  15,
  15,
  5,
  5,
  5,
  5,
  6,
  6,
  6,
  6,
  1,
  1,
  1,
  1
 ],
 "spos_ac": [
  [
   0.875086171267842,
   0.5799114664354494,
   0.7620001604529165
  ],
  [
   0.6963326491430107,
   0.49152273806342317,
   0.26204968708065984
  ],
  [
   0.19634578503225414,
   0.07986334182487917,
   0.3093996709370247
  ],
  [
   0.37509243651960295,
   0.9915710460212733,
   0.809350332057105
  ],
  [
   0.19634240016082302,
   0.4915171049931042,
   0.30942841097595686
  ],
  [
   0.37509592228564614,
   0.5799058333650529,
   0.8093788843478147
  ],
  [
   0.8750827863963759,
   0.9915652296037303,
   0.7620289004915775
  ],
  [
   0.6963361349088255,
   0.0798575254071736,
   0.26207823937147035
  ],
  [
   0.5878528164294758,
   0.7857486902548056,
   0.8132081770705389
  ],
  [
   0.9835807429164943,
   0.28567971172124473,
   0.31319234859390055
  ],
  [
   0.4835757549990956,
   0.2856798811737049,
   0.25822039435815514
  ],
  [
   0.08784782851211616,
   0.7857488597073228,
   0.7582362228344648
  ],
  [
   0.7581652244482407,
   0.7856983365429423,
   0.06779663046633189
  ],
  [
   0.8132687115998859,
   0.28572998789025006,
   0.56776712828043
  ],
  [
   0.31326334698036784,
   0.28573023488574767,
   0.003631940962239495
  ],
  [
   0.25815985982870476,
   0.785698583538386,
   0.5036614431480133
  ],
  [
   0.9476341442714147,
   0.7857464059503083,
   0.6263911162553406
  ],
  [
   0.6237953359644607,
   0.2856820998259023,
   0.12641184983721956
  ],
  [
   0.12379442715717318,
   0.2856821654782436,
   0.4450374551733063
  ],
  [
   0.44763323546407974,
   0.7857464716026812,
   0.9450167215913226
  ],
  [
   0.9461837097119583,
   0.7857448850466753,
   0.2958269766902139
  ],
  [
   0.6252729102936526,
   0.28568395917902345,
   0.7980191020008249
  ],
  [
   0.1252448617163888,
   0.2856836863818081,
   0.7756015947384649
  ],
  [
   0.4461556645508782,
   0.7857446120828451,
   0.27557609940116634
  ],
  [
   0.535714285714305,
   0.5357142857142547,
   0.5357142857142149
  ],
  [
   0.03571428571427876,
   0.5357142857142906,
   0.03571428571427213
  ],
  [
   0.5357142857143153,
   0.03571428571430044,
   0.5357142857142152
  ],
  [
   0.03571428571427918,
   0.03571428571425121,
   0.03571428571428174
  ]
 ]
}