{
 "0": {
  "0": [
   0.37495852032364885,
   0.3919373280305651,
   0.3919098661247689,
   0.3749302869451794,
   0.3756716621035269,
   0.39413234395537106,
   0.39407691085975355,
   0.37561409076247537,
   0.37517737906463594,
   0.3947454084401381,
   0.3947175814107277,
   0.3751478037855189,
   0.37514780378545715,
   0.39471758141068203,
   0.394745408440169,
   0.37517737906463167,
   0.37561409076248575,
   0.3940769108598111,
   0.39413234395541746,
   0.37567166210356767,
   0.37493028694518815,
   0.39190986612466866,
   0.3919373280306598,
   0.37495852032360927
  ],
  "1": [
   -3.067717034223277,
   -3.0846953458506055,
   -3.0847435116449686,
   -3.0677617112884814,
   -3.068394550883967,
   -3.0868504635587426,
   -3.0869489247871673,
   -3.068483493259419,
   -3.0679380152868645,
   -3.0875004569731495,
   -3.087550991465785,
   -3.0679820625801564,
   -3.0679820625802123,
   -3.087550991465786,
   -3.0875004569731788,
   -3.0679380152868214,
   -3.068483493259387,
   -3.0869489247872344,
   -3.086850463558732,
   -3.0683945508840296,
   -3.067761711288617,
   -3.0847435116449935,
   -3.084695345850703,
   -3.067717034223412
  ]
 },
 "1": {
  "0": [
   1.8351254684394762,
   1.8354455349928724,
   1.8354523983646596,
   1.835129495640147,
   1.8351243202752505,
   1.8354270885643555,
   1.835440499594814,
   1.8351323197653464,
   1.8351272829200656,
   1.835414600155019,
   1.8354214817114096,
   1.8351312332620489,
   1.8351312332620813,
   1.8354214817113816,
   1.8354146001550673,
   1.8351272829201397,
   1.835132319765357,
   1.8354404995947595,
   1.8354270885643003,
   1.8351243202752667,
   1.8351294956400435,
   1.8354523983646787,
   1.8354455349928966,
   1.8351254684395182
  ],
  "1": [
   1.8876480932384636,
   1.8878597786056668,
   1.8878617989478113,
   1.887647218168087,
   1.8876443588118808,
   1.887856276418185,
   1.8878608382721596,
   1.8876428257453182,
   1.887639718881171,
   1.8878553378872642,
   1.8878575704927243,
   1.8876390102776277,
   1.887639010277727,
   1.8878575704926068,
   1.887855337887298,
   1.8876397188811362,
   1.8876428257453834,
   1.8878608382720812,
   1.8878562764181706,
   1.8876443588119958,
   1.887647218168008,
   1.8878617989477446,
   1.8878597786055225,
   1.887648093238416
  ]
 },
 "2": {
  "0": [
   1.7942784471030617,
   1.7942781804301737,
   1.7942769945893433,
   1.7942776658855908,
   1.79427845631061,
   1.794278397735202,
   1.7942783811333478,
   1.794278117867324,
   1.794276399324018,
   1.7942779879512023,
   1.7942787278061334,
   1.7942782487646913,
   1.7942784947944945,
   1.7942783550339025,
   1.7942770926151892,
   1.7942777052607057,
   1.7942786279985277,
   1.7942782601015808,
   1.794278260101392,
   1.7942786279986394,
   1.7942777052605257,
   1.7942770926150204,
   1.7942783550337849,
   1.7942784947944983,
   1.7942782487643418,
   1.7942787278063796,
   1.794277987951399,
   1.7942763993239161,
   1.7942781178673126,
   1.7942783811332044,
   1.794278397734415,
   1.7942784563101406,
   1.7942776658855468,
   1.7942769945888288,
   1.7942781804305021,
   1.7942784471029833
  ],
  "1": [
   1.7961083684278545,
   1.7961125870145356,
   1.7961127277898299,
   1.796106509812866,
   1.796102392487045,
   1.7961040370189854,
   1.7961105812671023,
   1.7961175531979658,
   1.7961160590774092,
   1.796103289945465,
   1.7960969758783005,
   1.79610163338632,
   1.79610797799807,
   1.7961122073201288,
   1.7961125624569103,
   1.796106201184708,
   1.7961019352466616,
   1.7961036970407311,
   1.7961036970407753,
   1.796101935246799,
   1.796106201184432,
   1.7961125624567575,
   1.796112207320085,
   1.7961079779981215,
   1.7961016333868396,
   1.7960969758777532,
   1.7961032899453762,
   1.7961160590774599,
   1.7961175531978641,
   1.7961105812672302,
   1.7961040370191972,
   1.7961023924867805,
   1.7961065098124296,
   1.7961127277895852,
   1.7961125870146606,
   1.7961083684276584
  ]
 },
 "Z_a": [
  6,
  6,
  6,
  6,
  6,
  6,
  6,
  6,
  6,
  6,
  6,
  6,
  15,
  15,
  15,
  15,
  5,
  5,
  5,
  5,
  6,
  6,
  6,
  6,
  1,
  1,
  1,
  1
 ],
 "spos_ac": [
  [
   0.875086171267842,
   0.5799114664354494,
   0.7620001604529165
  ],
  [
   0.6963326491430107,
   0.49152273806342317,
   0.26204968708065984
  ],
  [
   0.19634578503225414,
   0.07986334182487917,
   0.3093996709370247
  ],
  [
   0.37509243651960295,
   0.9915710460212733,
   0.809350332057105
  ],
  [
   0.19634240016082302,
   0.4915171049931042,
   0.30942841097595686
  ],
  [
   0.37509592228564614,
   0.5799058333650529,
   0.8093788843478147
  ],
  [
   0.8750827863963759,
   0.9915652296037303,
   0.7620289004915775
  ],
  [
   0.6963361349088255,
   0.0798575254071736,
   0.26207823937147035
  ],
  [
   0.5878528164294758,
   0.7857486902548056,
   0.8132081770705389
  ],
  [
   0.9835807429164943,
   0.28567971172124473,
   0.31319234859390055
  ],
  [
   0.4835757549990956,
   0.2856798811737049,
   0.25822039435815514
  ],
  [
   0.08784782851211616,
   0.7857488597073228,
   0.7582362228344648
  ],
  [
   0.7581652244482407,
   0.7856983365429423,
   0.06779663046633189
  ],
  [
   0.8132687160041572,
   0.2840481360603701,
   0.5677671284952139
  ],
  [
   0.31326334698036784,
   0.28573023488574767,
   0.003631940962239495
  ],
  [
   0.25815985982870476,
   0.785698583538386,
   0.5036614431480133
  ],
  [
   0.9476341442714147,
   0.7857464059503083,
   0.6263911162553406
  ],
  [
   0.6237953359644607,
   0.2856820998259023,
   0.12641184983721956
  ],
  [
   0.12379442715717318,
   0.2856821654782436,
   0.4450374551733063
  ],
  [
   0.44763323546407974,
   0.7857464716026812,
   0.9450167215913226
  ],
  [
   0.9461837097119583,
   0.7857448850466753,
   0.2958269766902139
  ],
  [
   0.6252729068777036,
   0.285683959345953,
   0.7958524720273839
  ],
  [
   0.1252448617163888,
   0.2856836863818081,
   0.7756015947384649
  ],
  [
   0.4461556645508782,
   0.7857446120828451,
   0.27557609940116634
  ],
  [
   0.535714285714305,
   0.5357142857142547,
   0.5357142857142149
  ],
  [
   0.03571428571427876,
   0.5357142857142906,
   0.03571428571427213
  ],
  [
   0.5357142857143153,
   0.03571428571430044,
   0.5357142857142152
  ],
  [
   0.03571428571427918,
   0.03571428571425121,
   0.03571428571428174
  ]
 ]
}