{
 "0": {
  "0": [
   0.3734439984389159,
   0.3905685184155647,
   0.39055689952715955,
   0.3734293795316294,
   0.3741171300673318,
   0.39275931557949023,
   0.3927348437202625,
   0.37408767203628024,
   0.37359229989001713,
   0.3933839092003171,
   0.39337105752415863,
   0.3735771533539926,
   0.3735771533539954,
   0.39337105752416024,
   0.3933839092003009,
   0.37359229989003057,
   0.3740876720362625,
   0.39273484372023293,
   0.3927593155794532,
   0.37411713006730635,
   0.3734293795315752,
   0.3905568995271344,
   0.3905685184155579,
   0.3734439984389197
  ],
  "1": [
   -3.0685496444524176,
   -3.085488594529821,
   -3.085486544060869,
   -3.0685532076099773,
   -3.069286461504634,
   -3.087705448783116,
   -3.0876990029076024,
   -3.0692940792165975,
   -3.068867018662268,
   -3.0883893604452117,
   -3.0883848671140677,
   -3.0688710841938307,
   -3.068871084193809,
   -3.088384867114053,
   -3.088389360445191,
   -3.0688670186622318,
   -3.069294079216526,
   -3.0876990029075673,
   -3.0877054487830544,
   -3.069286461504572,
   -3.0685532076099618,
   -3.0854865440608297,
   -3.0854885945297807,
   -3.068549644452428
  ]
 },
 "1": {
  "0": [
   1.8404158298857676,
   1.8402402713692316,
   1.8402420612729145,
   1.8404193065179588,
   1.840411891083076,
   1.8402396426297594,
   1.8402430290622709,
   1.840418730878817,
   1.8404115021470262,
   1.8402402614944455,
   1.8402420993935682,
   1.8404150450612557,
   1.8404150450612544,
   1.8402420993935589,
   1.8402402614944444,
   1.840411502147055,
   1.840418730878774,
   1.8402430290622587,
   1.8402396426297667,
   1.8404118910830332,
   1.840419306517969,
   1.840242061272906,
   1.8402402713692518,
   1.8404158298857658
  ],
  "1": [
   1.8368230761049822,
   1.8364863258393167,
   1.8364850209152248,
   1.8368229113005405,
   1.8368266892025418,
   1.8364961207867432,
   1.8364939314049464,
   1.8368263460183665,
   1.83682989814585,
   1.8365056754536861,
   1.83650427784857,
   1.8368297667465396,
   1.836829766746538,
   1.8365042778485974,
   1.8365056754536817,
   1.8368298981458264,
   1.836826346018387,
   1.8364939314049258,
   1.8364961207867638,
   1.8368266892025196,
   1.836822911300554,
   1.836485020915233,
   1.836486325839295,
   1.836823076104977
  ]
 },
 "2": {
  "0": [
   1.7943569455549149,
   1.794345016559576,
   1.7943298374193444,
   1.7943287579587364,
   1.7943435588074181,
   1.7943563086091798,
   1.794362564741598,
   1.7943494994236053,
   1.79433121623962,
   1.7943294976798532,
   1.7943467396740203,
   1.7943617274992616,
   1.7943680187332216,
   1.7943524763220418,
   1.7943326327891063,
   1.7943318670212791,
   1.794351006889331,
   1.7943676610538077,
   1.794367661053815,
   1.7943510068894046,
   1.7943318670213035,
   1.7943326327891431,
   1.7943524763220662,
   1.794368018733192,
   1.7943617274992945,
   1.7943467396740516,
   1.7943294976798312,
   1.7943312162396274,
   1.7943494994235456,
   1.7943625647416048,
   1.7943563086091248,
   1.794343558807331,
   1.7943287579587703,
   1.7943298374193664,
   1.7943450165595727,
   1.7943569455548647
  ],
  "1": [
   1.7967297942781448,
   1.7966178814577363,
   1.7964623108886146,
   1.7964671342059868,
   1.7966249107362624,
   1.7967322893284805,
   1.7967306824435556,
   1.7966148052884794,
   1.7964562039768488,
   1.79646563817635,
   1.7966287956717664,
   1.796735480868768,
   1.796733622208381,
   1.7966187438375751,
   1.7964541166910872,
   1.7964591032533939,
   1.7966256784771242,
   1.7967363811761181,
   1.7967363811761632,
   1.796625678477159,
   1.79645910325338,
   1.7964541166910777,
   1.7966187438375638,
   1.7967336222083141,
   1.7967354808687253,
   1.7966287956718094,
   1.7964656381762933,
   1.7964562039768486,
   1.7966148052882702,
   1.7967306824435514,
   1.7967322893284832,
   1.7966249107362569,
   1.7964671342059506,
   1.796462310888689,
   1.796617881457741,
   1.7967297942781277
  ]
 },
 "Z_a": [
  6,
  6,
  6,
  6,
  6,
  6,
  6,
  6,
  6,
  6,
  6,
  6,
  15,
  15,
  15,
  15,
  5,
  5,
  5,
  5,
  6,
  6,
  6,
  6,
  1,
  1,
  1,
  1
 ],
 "spos_ac": [
  [
   0.875086171267842,
   0.5799114664354494,
   0.7620001604529165
  ],
  [
   0.6963326491430107,
   0.49152273806342317,
   0.26204968708065984
  ],
  [
   0.19634578503225414,
   0.07986334182487917,
   0.3093996709370247
  ],
  [
   0.37509243651960295,
   0.9915710460212733,
   0.809350332057105
  ],
  [
   0.19634240016082302,
   0.4915171049931042,
   0.30942841097595686
  ],
  [
   0.37509592228564614,
   0.5799058333650529,
   0.8093788843478147
  ],
  [
   0.8750827908006472,
   0.9898833777738504,
   0.7620289007063613
  ],
  [
   0.6963361349088255,
   0.0798575254071736,
   0.26207823937147035
  ],
  [
   0.5878528164294758,
   0.7857486902548056,
   0.8132081770705389
  ],
  [
   0.9835807429164943,
   0.28567971172124473,
   0.31319234859390055
  ],
  [
   0.4835757549990956,
   0.2856798811737049,
   0.25822039435815514
  ],
  [
   0.08784782851211616,
   0.7857488597073228,
   0.7582362228344648
  ],
  [
   0.7581652244482407,
   0.7856983365429423,
   0.06779663046633189
  ],
  [
   0.8132687115998859,
   0.28572998789025006,
   0.56776712828043
  ],
  [
   0.31326334698036784,
   0.28573023488574767,
   0.003631940962239495
  ],
  [
   0.25815985982870476,
   0.785698583538386,
   0.5036614431480133
  ],
  [
   0.9476341442714147,
   0.7857464059503083,
   0.6263911162553406
  ],
  [
   0.6237953359644607,
   0.2856820998259023,
   0.12641184983721956
  ],
  [
   0.12379442715717318,
   0.2856821654782436,
   0.4450374551733063
  ],
  [
   0.44763323546407974,
   0.7857464716026812,
   0.9450167215913226
  ],
  [
   0.9461837097119583,
   0.7857448850466753,
   0.2958269766902139
  ],
  [
   0.6252729068777036,
   0.285683959345953,
   0.7958524720273839
  ],
  [
   0.1252448617163888,
   0.2856836863818081,
   0.7756015947384649
  ],
  [
   0.4461556645508782,
   0.7857446120828451,
   0.27557609940116634
  ],
  [
   0.535714285714305,
   0.5357142857142547,
   0.5357142857142149
  ],
  [
   0.03571428571427876,
   0.5357142857142906,
   0.03571428571427213
  ],
  [
   0.5357142857143153,
   0.03571428571430044,
   0.5357142857142152
  ],
  [
   0.03571428571427918,
   0.03571428571425121,
   0.03571428571428174
  ]
 ]
}