{
 "0": {
  "0": [
   0.37492305233261036,
   0.39190554113522047,
   0.39191328890697447,
   0.3749294203806966,
   0.3756176380156647,
   0.3940818376008587,
   0.3940976095956192,
   0.3756322513617128,
   0.3751410331557354,
   0.39471182218766415,
   0.39471975049951735,
   0.37514894244972163,
   0.37514894244973007,
   0.39471975049957775,
   0.3947118221878672,
   0.3751410331557457,
   0.37563225136173195,
   0.3940976095957818,
   0.3940818376009817,
   0.3756176380156753,
   0.3749294203806257,
   0.3919132889069433,
   0.3919055411351473,
   0.37492305233253936
  ],
  "1": [
   -3.067748428454144,
   -3.0847302813116357,
   -3.084716583479107,
   -3.0677393199903666,
   -3.0684529976591177,
   -3.086918561836266,
   -3.086890232005617,
   -3.068433419907285,
   -3.0679691792870862,
   -3.0875384405306217,
   -3.087523796662981,
   -3.067958549624353,
   -3.067958549624389,
   -3.0875237966629903,
   -3.0875384405306368,
   -3.067969179287083,
   -3.068433419907285,
   -3.0868902320056537,
   -3.086918561836179,
   -3.0684529976590933,
   -3.067739319990319,
   -3.084716583478994,
   -3.0847302813116726,
   -3.0677484284541157
  ]
 },
 "1": {
  "0": [
   1.7578016692881369,
   1.7576717393961045,
   1.757670005381778,
   1.757800265444587,
   1.7577992012234451,
   1.757673035063814,
   1.757669434199217,
   1.7577959946337947,
   1.757795060395956,
   1.7576720185764618,
   1.757670337844343,
   1.7577936856865164,
   1.7577936856865015,
   1.757670337844411,
   1.7576720185764585,
   1.7577950603959989,
   1.7577959946337836,
   1.757669434199273,
   1.7576730350638,
   1.757799201223526,
   1.7578002654445808,
   1.7576700053817707,
   1.7576717393960797,
   1.7578016692884317
  ],
  "1": [
   1.7558588325716713,
   1.7558839607135877,
   1.7558921801740892,
   1.7558629013955664,
   1.755847995694528,
   1.755865655096549,
   1.7558827638970984,
   1.7558561017393086,
   1.7558412069473721,
   1.7558564310240032,
   1.7558647681026838,
   1.7558453201447213,
   1.7558453201446764,
   1.7558647681027166,
   1.75585643102395,
   1.75584120694726,
   1.755856101739192,
   1.7558827638971348,
   1.7558656550965641,
   1.7558479956946242,
   1.7558629013956044,
   1.7558921801741803,
   1.7558839607136218,
   1.7558588325716338
  ]
 },
 "2": {
  "0": [
   1.7942628655766897,
   1.794263582627215,
   1.7942593326640008,
   1.7942545421437444,
   1.794255406567506,
   1.7942595867090805,
   1.7942645454059987,
   1.7942678259791893,
   1.7942617127090768,
   1.7942519538861401,
   1.794251516491224,
   1.7942579937231142,
   1.7942631730436647,
   1.7942638849470522,
   1.7942596046542005,
   1.794254517000201,
   1.794255735517789,
   1.7942598219695651,
   1.7942598219696215,
   1.7942557355177038,
   1.794254517000036,
   1.7942596046542953,
   1.79426388494718,
   1.794263173043707,
   1.794257993722903,
   1.7942515164911714,
   1.7942519538860777,
   1.79426171270921,
   1.7942678259789708,
   1.794264545405733,
   1.7942595867092423,
   1.794255406567465,
   1.7942545421435643,
   1.7942593326641543,
   1.7942635826270654,
   1.7942628655767303
  ],
  "1": [
   1.7961129721233244,
   1.796114306632047,
   1.7961127674180253,
   1.7961105992687767,
   1.796107976440218,
   1.796109515382992,
   1.7961149023914966,
   1.7961170194216292,
   1.7961141602898831,
   1.796109445710365,
   1.7961049640910107,
   1.7961076089538122,
   1.796112947159686,
   1.796114022456297,
   1.7961126059071497,
   1.796110516106744,
   1.7961077400427095,
   1.7961092510798815,
   1.796109251079868,
   1.796107740042661,
   1.7961105161068205,
   1.7961126059072297,
   1.7961140224564875,
   1.7961129471598172,
   1.7961076089539068,
   1.7961049640908318,
   1.7961094457103044,
   1.7961141602896429,
   1.7961170194215548,
   1.7961149023915755,
   1.7961095153831854,
   1.796107976440104,
   1.7961105992687543,
   1.796112767418062,
   1.7961143066320309,
   1.796112972123481
  ]
 },
 "Z_a": [
  6,
  6,
  6,
  6,
  6,
  6,
  6,
  6,
  6,
  6,
  6,
  6,
  15,
  15,
  15,
  15,
  5,
  5,
  5,
  5,
  6,
  6,
  6,
  6,
  1,
  1,
  1,
  1
 ],
 "spos_ac": [
  [
   0.875086171267842,
   0.5799114664354494,
   0.7620001604529165
  ],
  [
   0.6963326491430107,
   0.49152273806342317,
   0.26204968708065984
  ],
  [
   0.19634578503225414,
   0.07986334182487917,
   0.3093996709370247
  ],
  [
   0.37509243651960295,
   0.9915710460212733,
   0.809350332057105
  ],
  [
   0.19634240016082302,
   0.4915171049931042,
   0.30942841097595686
  ],
  [
   0.37509592228564614,
   0.5799058333650529,
   0.8093788843478147
  ],
  [
   0.8750827863963759,
   0.9915652296037303,
   0.7620289004915775
  ],
  [
   0.6963361349088255,
   0.0798575254071736,
   0.26207823937147035
  ],
  [
   0.5878528164294758,
   0.7857486902548056,
   0.8132081770705389
  ],
  [
   0.9835807429164943,
   0.28567971172124473,
   0.31319234859390055
  ],
  [
   0.4835757549990956,
   0.2856798811737049,
   0.25822039435815514
  ],
  [
   0.08784782410784492,
   0.7874307115372028,
   0.7582362226196808
  ],
  [
   0.7581652244482407,
   0.7856983365429423,
   0.06779663046633189
  ],
  [
   0.8132687115998859,
   0.28572998789025006,
   0.56776712828043
  ],
  [
   0.31326334698036784,
   0.28573023488574767,
   0.003631940962239495
  ],
  [
   0.25815985982870476,
   0.785698583538386,
   0.5036614431480133
  ],
  [
   0.9476341442714147,
   0.7857464059503083,
   0.6263911162553406
  ],
  [
   0.6237953359644607,
   0.2856820998259023,
   0.12641184983721956
  ],
  [
   0.12379442715717318,
   0.2856821654782436,
   0.4450374551733063
  ],
  [
   0.44763323546407974,
   0.7857464716026812,
   0.9450167215913226
  ],
  [
   0.9461837097119583,
   0.7857448850466753,
   0.2958269766902139
  ],
  [
   0.6252729068777036,
   0.285683959345953,
   0.7958524720273839
  ],
  [
   0.1252448617163888,
   0.2856836863818081,
   0.7756015947384649
  ],
  [
   0.4461556645508782,
   0.7857446120828451,
   0.27557609940116634
  ],
  [
   0.535714285714305,
   0.5357142857142547,
   0.5357142857142149
  ],
  [
   0.03571428571427876,
   0.5357142857142906,
   0.03571428571427213
  ],
  [
   0.5357142857143153,
   0.03571428571430044,
   0.5357142857142152
  ],
  [
   0.03571428571427918,
   0.03571428571425121,
   0.03571428571428174
  ]
 ]
}