{
 "0": {
  "0": [
   0.37507696513289285,
   0.3920578725488223,
   0.3920554745600315,
   0.37507742175453657,
   0.3757831541050844,
   0.3942431952118344,
   0.39423729519916434,
   0.3757846649055905,
   0.37531309421554027,
   0.39487177951566826,
   0.3948683020482558,
   0.3753140088709188,
   0.37531400887090915,
   0.39486830204824086,
   0.3948717795156414,
   0.3753130942155528,
   0.37578466490560847,
   0.3942372951991701,
   0.3942431952118055,
   0.37578315410508173,
   0.37507742175454306,
   0.3920554745600356,
   0.3920578725487992,
   0.37507696513289357
  ],
  "1": [
   -3.0675958636682212,
   -3.084575948401651,
   -3.084578562923642,
   -3.067595222958648,
   -3.068288664838581,
   -3.086752755611781,
   -3.0867585901786474,
   -3.068287041511087,
   -3.0678005172891427,
   -3.0873777188845906,
   -3.0873811640996327,
   -3.067799401350195,
   -3.0677994013502032,
   -3.087381164099648,
   -3.087377718884593,
   -3.0678005172891596,
   -3.06828704151107,
   -3.086758590178668,
   -3.086752755611776,
   -3.068288664838542,
   -3.067595222958641,
   -3.0845785629236695,
   -3.0845759484016537,
   -3.067595863668204
  ]
 },
 "1": {
  "0": [
   1.7953086505464884,
   1.7953222957249453,
   1.7953224502914444,
   1.7953087207560354,
   1.7953081718727886,
   1.795324106401206,
   1.7953240942758908,
   1.7953082124241837,
   1.795307803699889,
   1.7953253180804232,
   1.795325542287545,
   1.7953078945683048,
   1.7953078945682879,
   1.7953255422875283,
   1.7953253180804187,
   1.7953078036999137,
   1.7953082124241762,
   1.795324094275894,
   1.7953241064011984,
   1.7953081718727677,
   1.795308720756039,
   1.7953224502914293,
   1.7953222957249375,
   1.7953086505464904
  ],
  "1": [
   1.7933875635138434,
   1.793386767934189,
   1.7933869400901352,
   1.7933876210209083,
   1.7933868372956114,
   1.7933851934209757,
   1.7933859915991468,
   1.7933869898410553,
   1.7933860654757365,
   1.793384596386211,
   1.7933848386847642,
   1.7933861434653973,
   1.7933861434654446,
   1.7933848386847984,
   1.7933845963862074,
   1.7933860654757412,
   1.7933869898410875,
   1.7933859915991492,
   1.7933851934209644,
   1.7933868372955948,
   1.793387621020907,
   1.793386940090104,
   1.7933867679342017,
   1.793387563513846
  ]
 },
 "2": {
  "0": [
   1.7943022901606374,
   1.794307526718059,
   1.7943146998181707,
   1.7943144188344207,
   1.7943071692133146,
   1.794302190490627,
   1.7943009240206775,
   1.7943068183443176,
   1.7943149027105967,
   1.794314676051127,
   1.7943061661574073,
   1.794301007386548,
   1.7942998243828558,
   1.7943057771343323,
   1.7943154481529595,
   1.7943151531816188,
   1.7943054005576373,
   1.794299631916144,
   1.7942996319162055,
   1.794305400557614,
   1.7943151531815829,
   1.7943154481530357,
   1.7943057771342357,
   1.7942998243828938,
   1.7943010073864505,
   1.7943061661573707,
   1.7943146760511697,
   1.7943149027106382,
   1.7943068183443245,
   1.7943009240207122,
   1.794302190490648,
   1.7943071692134398,
   1.7943144188344402,
   1.7943146998182171,
   1.7943075267180002,
   1.794302290160633
  ],
  "1": [
   1.7961540751152336,
   1.796161432961416,
   1.7961723192948404,
   1.7961720421147285,
   1.7961610859961796,
   1.7961539819898187,
   1.7961529523375714,
   1.7961603446382894,
   1.7961730242737837,
   1.7961721328755964,
   1.7961597142191676,
   1.7961524903835338,
   1.7961511876813807,
   1.7961590017438662,
   1.7961727061903348,
   1.796172414553575,
   1.796158635868329,
   1.796151002335204,
   1.7961510023352412,
   1.7961586358684545,
   1.7961724145535751,
   1.796172706190319,
   1.7961590017439288,
   1.7961511876814427,
   1.7961524903836041,
   1.7961597142191401,
   1.796172132875613,
   1.7961730242738094,
   1.7961603446382248,
   1.796152952337491,
   1.796153981989855,
   1.7961610859961177,
   1.796172042114836,
   1.7961723192949206,
   1.7961614329614717,
   1.7961540751152567
  ]
 },
 "Z_a": [
  6,
  6,
  6,
  6,
  6,
  6,
  6,
  6,
  6,
  6,
  6,
  6,
  15,
  15,
  15,
  15,
  5,
  5,
  5,
  5,
  6,
  6,
  6,
  6,
  1,
  1,
  1,
  1
 ],
 "spos_ac": [
  [
   0.875086171267842,
   0.5799114664354494,
   0.7620001604529165
  ],
  [
   0.6963326491430107,
   0.49152273806342317,
   0.26204968708065984
  ],
  [
   0.19634578503225414,
   0.07986334182487917,
   0.3093996709370247
  ],
  [
   0.37509243651960295,
   0.9915710460212733,
   0.809350332057105
  ],
  [
   0.19634240016082302,
   0.4915171049931042,
   0.30942841097595686
  ],
  [
   0.37509592228564614,
   0.5799058333650529,
   0.8093788843478147
  ],
  [
   0.8750827863963759,
   0.9915652296037303,
   0.7620289004915775
  ],
  [
   0.6963361349088255,
   0.0798575254071736,
   0.26207823937147035
  ],
  [
   0.5878528164294758,
   0.7857486902548056,
   0.8132081770705389
  ],
  [
   0.9835807429164943,
   0.28567971172124473,
   0.31319234859390055
  ],
  [
   0.4835757549990956,
   0.2856798811737049,
   0.25822039435815514
  ],
  [
   0.08784782851211616,
   0.7857488597073228,
   0.7582362228344648
  ],
  [
   0.7581652244482407,
   0.7856983365429423,
   0.06779663046633189
  ],
  [
   0.8132687115998859,
   0.28572998789025006,
   0.56776712828043
  ],
  [
   0.31326334698036784,
   0.28573023488574767,
   0.003631940962239495
  ],
  [
   0.25815985982870476,
   0.785698583538386,
   0.5036614431480133
  ],
  [
   0.9476341442714147,
   0.7857464059503083,
   0.6263911162553406
  ],
  [
   0.6237953359644607,
   0.2856820998259023,
   0.12641184983721956
  ],
  [
   0.12379442715717318,
   0.2856821654782436,
   0.4450374551733063
  ],
  [
   0.44763323546407974,
   0.7857464716026812,
   0.9450167215913226
  ],
  [
   0.9461837097119583,
   0.7857448850466753,
   0.2958269766902139
  ],
  [
   0.6252729068777036,
   0.285683959345953,
   0.7958524720273839
  ],
  [
   0.1252448617163888,
   0.2856836863818081,
   0.7756015947384649
  ],
  [
   0.4461556645508782,
   0.7857446120828451,
   0.27557609940116634
  ],
  [
   0.535714285714305,
   0.5357142857142547,
   0.5357142857142149
  ],
  [
   0.03571428571427876,
   0.5357142857142906,
   0.03571428571427213
  ],
  [
   0.5347254091357204,
   0.0357142932071969,
   0.5357142782132893
  ],
  [
   0.03571428571427918,
   0.03571428571425121,
   0.03571428571428174
  ]
 ]
}