{
 "0": {
  "0": [
   0.3749907913033005,
   0.3918921808794555,
   0.3918922931215684,
   0.37499071812234963,
   0.375760371391308,
   0.39419507954359617,
   0.39419505461611876,
   0.37576034640536066,
   0.37534988687818877,
   0.3949408882294935,
   0.3949408754340295,
   0.37534980016677183,
   0.37534980016678393,
   0.39494087543404344,
   0.39494088822948314,
   0.3753498868782101,
   0.375760346405364,
   0.39419505461615584,
   0.3941950795436235,
   0.37576037139133134,
   0.374990718122371,
   0.3918922931215918,
   0.39189218087947825,
   0.3749907913032992
  ],
  "1": [
   -3.067831162384325,
   -3.084815627608316,
   -3.0848157769240765,
   -3.067831125401954,
   -3.068560734986805,
   -3.0870077912228235,
   -3.0870078429202406,
   -3.0685607880513,
   -3.0680978979477085,
   -3.0876385176890113,
   -3.0876385447254635,
   -3.0680978522766162,
   -3.0680978522766287,
   -3.087638544725462,
   -3.0876385176890064,
   -3.0680978979477125,
   -3.0685607880512817,
   -3.0870078429202534,
   -3.087007791222832,
   -3.0685607349868276,
   -3.067831125401969,
   -3.084815776924102,
   -3.0848156276083567,
   -3.0678311623843344
  ]
 },
 "1": {
  "0": [
   1.7961568444224942,
   1.796164105065473,
   1.79616410689459,
   1.7961568458824881,
   1.7961569775590787,
   1.7961657834995257,
   1.796165400881254,
   1.796156913273781,
   1.796157187343645,
   1.7961666863508459,
   1.7961666883783276,
   1.7961571885826868,
   1.796157188582696,
   1.7961666883783336,
   1.7961666863508667,
   1.7961571873436368,
   1.7961569132738011,
   1.796165400881266,
   1.7961657834995326,
   1.7961569775590878,
   1.7961568458824708,
   1.7961641068945933,
   1.7961641050654615,
   1.7961568444225031
  ],
  "1": [
   1.7942343646410865,
   1.7942272472887508,
   1.7942272438578102,
   1.7942343600315582,
   1.7942342392197217,
   1.7942255718489784,
   1.7942259519921426,
   1.7942342976828198,
   1.7942340334100457,
   1.794224671861676,
   1.7942246681575884,
   1.794234028848579,
   1.7942340288485525,
   1.794224668157602,
   1.7942246718616957,
   1.7942340334100284,
   1.7942342976828383,
   1.7942259519921464,
   1.7942255718489946,
   1.794234239219745,
   1.7942343600315458,
   1.7942272438578193,
   1.7942272472887608,
   1.7942343646411218
  ]
 },
 "2": {
  "0": [
   1.7410995745953786,
   1.741127998268348,
   1.7411518921232567,
   1.7411518918350266,
   1.7411279982406642,
   1.7410995748884004,
   1.7410991865659553,
   1.741127677098613,
   1.7411516708830606,
   1.7411520071121993,
   1.741127677085814,
   1.7410994581721204,
   1.7410992889441443,
   1.7411272110817178,
   1.7411517724707695,
   1.7411517723561303,
   1.7411272111579088,
   1.7410992889895818,
   1.7410992889895855,
   1.7411272111578648,
   1.7411517723561072,
   1.7411517724707846,
   1.7411272110817198,
   1.7410992889440486,
   1.74109945817211,
   1.741127677085778,
   1.7411520071122712,
   1.7411516708830637,
   1.7411276770986008,
   1.7410991865658905,
   1.7410995748884472,
   1.7411279982406929,
   1.7411518918349957,
   1.74115189212327,
   1.7411279982683776,
   1.7410995745954119
  ],
  "1": [
   1.6737279765075674,
   1.6735758451905678,
   1.6734347978365434,
   1.6734347964240126,
   1.6735758419006743,
   1.6737279747516356,
   1.6737258592318465,
   1.6735834415088575,
   1.6734524498291894,
   1.673452115091143,
   1.6735834353207166,
   1.6737255804634492,
   1.6737233112171799,
   1.6735912346593447,
   1.673469921578985,
   1.673469920039528,
   1.6735912314904269,
   1.6737233094803063,
   1.6737233094802644,
   1.6735912314904346,
   1.6734699200395253,
   1.6734699215789397,
   1.6735912346593311,
   1.6737233112171428,
   1.6737255804634603,
   1.6735834353207817,
   1.673452115091163,
   1.673452449829171,
   1.6735834415088977,
   1.6737258592318083,
   1.6737279747517415,
   1.6735758419006845,
   1.6734347964240437,
   1.6734347978365731,
   1.6735758451905594,
   1.6737279765076343
  ]
 },
 "Z_a": [
  6,
  6,
  6,
  6,
  6,
  6,
  6,
  6,
  6,
  6,
  6,
  6,
  15,
  15,
  15,
  15,
  5,
  5,
  5,
  5,
  6,
  6,
  6,
  6,
  1,
  1,
  1,
  1
 ],
 "spos_ac": [
  [
   0.875086171267842,
   0.5799114664354494,
   0.7620001604529165
  ],
  [
   0.6963326491430107,
   0.49152273806342317,
   0.26204968708065984
  ],
  [
   0.19634578503225414,
   0.07986334182487917,
   0.3093996709370247
  ],
  [
   0.37509243651960295,
   0.9915710460212733,
   0.809350332057105
  ],
  [
   0.19634240016082302,
   0.4915171049931042,
   0.30942841097595686
  ],
  [
   0.37509592228564614,
   0.5799058333650529,
   0.8093788843478147
  ],
  [
   0.8750827863963759,
   0.9915652296037303,
   0.7620289004915775
  ],
  [
   0.6963361349088255,
   0.0798575254071736,
   0.26207823937147035
  ],
  [
   0.5878528164294758,
   0.7857486902548056,
   0.8132081770705389
  ],
  [
   0.9835807429164943,
   0.28567971172124473,
   0.31319234859390055
  ],
  [
   0.4835757549990956,
   0.2856798811737049,
   0.25822039435815514
  ],
  [
   0.08784782851211616,
   0.7857488597073228,
   0.7582362228344648
  ],
  [
   0.7581652244482407,
   0.7856983365429423,
   0.06779663046633189
  ],
  [
   0.8132687150158349,
   0.28572998772332053,
   0.569933758253871
  ],
  [
   0.31326334698036784,
   0.28573023488574767,
   0.003631940962239495
  ],
  [
   0.25815985982870476,
   0.785698583538386,
   0.5036614431480133
  ],
  [
   0.9476341442714147,
   0.7857464059503083,
   0.6263911162553406
  ],
  [
   0.6237953359644607,
   0.2856820998259023,
   0.12641184983721956
  ],
  [
   0.12379442715717318,
   0.2856821654782436,
   0.4450374551733063
  ],
  [
   0.44763323546407974,
   0.7857464716026812,
   0.9450167215913226
  ],
  [
   0.9461837097119583,
   0.7857448850466753,
   0.2958269766902139
  ],
  [
   0.6252729068777036,
   0.285683959345953,
   0.7958524720273839
  ],
  [
   0.1252448617163888,
   0.2856836863818081,
   0.7756015947384649
  ],
  [
   0.4461556645508782,
   0.7857446120828451,
   0.27557609940116634
  ],
  [
   0.535714285714305,
   0.5357142857142547,
   0.5357142857142149
  ],
  [
   0.03571428571427876,
   0.5357142857142906,
   0.03571428571427213
  ],
  [
   0.5357142857143153,
   0.03571428571430044,
   0.5357142857142152
  ],
  [
   0.03571428571427918,
   0.03571428571425121,
   0.03571428571428174
  ]
 ]
}