{
 "0": {
  "0": [
   0.3750772506979633,
   0.3920551728943039,
   0.39205782162483555,
   0.3750766776100628,
   0.375784423275097,
   0.3942371159385086,
   0.3942430188790932,
   0.3757829279653755,
   0.375313838131432,
   0.3948681224212175,
   0.3948716017440536,
   0.3753127868511875,
   0.37531278685121766,
   0.39487160174404073,
   0.39486812242121766,
   0.3753138381314421,
   0.37578292796537155,
   0.39424301887910895,
   0.3942371159385171,
   0.3757844232750839,
   0.37507667761004365,
   0.39205782162484754,
   0.39205517289429037,
   0.3750772506979684
  ],
  "1": [
   -3.067595513874754,
   -3.0845786140673392,
   -3.0845762460638793,
   -3.0675960256787667,
   -3.068287275017115,
   -3.08675876959373,
   -3.0867529277931527,
   -3.068288893163203,
   -3.067799714174558,
   -3.0873813434821473,
   -3.0873778928813644,
   -3.0678006766170967,
   -3.0678006766171007,
   -3.0873778928814053,
   -3.08738134348215,
   -3.0677997141745657,
   -3.0682888931632033,
   -3.086752927793138,
   -3.0867587695937404,
   -3.0682872750171026,
   -3.067596025678772,
   -3.0845762460638753,
   -3.084578614067346,
   -3.067595513874764
  ]
 },
 "1": {
  "0": [
   1.7970056806502321,
   1.7970063525207813,
   1.7970061981833745,
   1.7970056124190905,
   1.7970064132590233,
   1.7970079013965614,
   1.7970071414193027,
   1.7970062368967885,
   1.7970071779066994,
   1.7970084944747984,
   1.7970082707597053,
   1.7970070890217709,
   1.7970070890217433,
   1.7970082707597164,
   1.7970084944747942,
   1.7970071779066712,
   1.7970062368968127,
   1.797007141419244,
   1.7970079013965639,
   1.797006413259016,
   1.7970056124190827,
   1.797006198183388,
   1.797006352520786,
   1.7970056806502261
  ],
  "1": [
   1.7950810060838867,
   1.7950675953769053,
   1.7950674220328624,
   1.7950809488744677,
   1.7950814827191097,
   1.795065809655723,
   1.795065786440032,
   1.795081465968596,
   1.7950818593769553,
   1.7950646093417464,
   1.795064365637271,
   1.7950817817665696,
   1.7950817817665776,
   1.7950643656372829,
   1.7950646093417282,
   1.795081859376938,
   1.7950814659686043,
   1.7950657864399904,
   1.7950658096557197,
   1.7950814827191077,
   1.7950809488744657,
   1.7950674220328586,
   1.7950675953768647,
   1.7950810060838884
  ]
 },
 "2": {
  "0": [
   1.7943023130250357,
   1.7943072610695905,
   1.79431447879392,
   1.794314759375532,
   1.794307619485972,
   1.7943024133285406,
   1.7943008474251911,
   1.7943062574746913,
   1.7943144026462916,
   1.7943153004347956,
   1.794306910644522,
   1.7943013265924797,
   1.7942997532215228,
   1.7943054916276986,
   1.7943152129163402,
   1.79431550766798,
   1.7943058686877407,
   1.79429994610053,
   1.794299946100502,
   1.7943058686876991,
   1.7943155076680324,
   1.7943152129163447,
   1.7943054916276597,
   1.7942997532214833,
   1.7943013265923866,
   1.794306910644519,
   1.7943153004347603,
   1.7943144026462523,
   1.7943062574745938,
   1.7943008474251603,
   1.794302413328574,
   1.7943076194859986,
   1.7943147593755233,
   1.7943144787939609,
   1.7943072610696662,
   1.7943023130250362
  ],
  "1": [
   1.7961541049103997,
   1.796161177581122,
   1.7961721013464542,
   1.7961723805740812,
   1.7961615266941207,
   1.7961541983101825,
   1.7961528898913628,
   1.7961598039823161,
   1.7961725297630133,
   1.7961727527414197,
   1.7961604392057433,
   1.7961527958672645,
   1.7961511237856023,
   1.796158726317126,
   1.7961724735713471,
   1.796172767473192,
   1.7961590946500183,
   1.7961513096799184,
   1.796151309679907,
   1.7961590946500985,
   1.7961727674732062,
   1.796172473571376,
   1.796158726317087,
   1.7961511237855328,
   1.796152795867315,
   1.7961604392058337,
   1.796172752741359,
   1.796172529763058,
   1.7961598039822806,
   1.7961528898914025,
   1.7961541983102345,
   1.7961615266941802,
   1.7961723805739986,
   1.79617210134646,
   1.7961611775810686,
   1.7961541049104603
  ]
 },
 "Z_a": [
  6,
  6,
  6,
  6,
  6,
  6,
  6,
  6,
  6,
  6,
  6,
  6,
  15,
  15,
  15,
  15,
  5,
  5,
  5,
  5,
  6,
  6,
  6,
  6,
  1,
  1,
  1,
  1
 ],
 "spos_ac": [
  [
   0.875086171267842,
   0.5799114664354494,
   0.7620001604529165
  ],
  [
   0.6963326491430107,
   0.49152273806342317,
   0.26204968708065984
  ],
  [
   0.19634578503225414,
   0.07986334182487917,
   0.3093996709370247
  ],
  [
   0.37509243651960295,
   0.9915710460212733,
   0.809350332057105
  ],
  [
   0.19634240016082302,
   0.4915171049931042,
   0.30942841097595686
  ],
  [
   0.37509592228564614,
   0.5799058333650529,
   0.8093788843478147
  ],
  [
   0.8750827863963759,
   0.9915652296037303,
   0.7620289004915775
  ],
  [
   0.6963361349088255,
   0.0798575254071736,
   0.26207823937147035
  ],
  [
   0.5878528164294758,
   0.7857486902548056,
   0.8132081770705389
  ],
  [
   0.9835807429164943,
   0.28567971172124473,
   0.31319234859390055
  ],
  [
   0.4835757549990956,
   0.2856798811737049,
   0.25822039435815514
  ],
  [
   0.08784782851211616,
   0.7857488597073228,
   0.7582362228344648
  ],
  [
   0.7581652244482407,
   0.7856983365429423,
   0.06779663046633189
  ],
  [
   0.8132687115998859,
   0.28572998789025006,
   0.56776712828043
  ],
  [
   0.31326334698036784,
   0.28573023488574767,
   0.003631940962239495
  ],
  [
   0.25815985982870476,
   0.785698583538386,
   0.5036614431480133
  ],
  [
   0.9476341442714147,
   0.7857464059503083,
   0.6263911162553406
  ],
  [
   0.6237953359644607,
   0.2856820998259023,
   0.12641184983721956
  ],
  [
   0.12379442715717318,
   0.2856821654782436,
   0.4450374551733063
  ],
  [
   0.44763323546407974,
   0.7857464716026812,
   0.9450167215913226
  ],
  [
   0.9461837097119583,
   0.7857448850466753,
   0.2958269766902139
  ],
  [
   0.6252729068777036,
   0.285683959345953,
   0.7958524720273839
  ],
  [
   0.1252448617163888,
   0.2856836863818081,
   0.7756015947384649
  ],
  [
   0.4461556645508782,
   0.7857446120828451,
   0.27557609940116634
  ],
  [
   0.5347254091357101,
   0.5357142932071512,
   0.5357142782132889
  ],
  [
   0.03571428571427876,
   0.5357142857142906,
   0.03571428571427213
  ],
  [
   0.5357142857143153,
   0.03571428571430044,
   0.5357142857142152
  ],
  [
   0.03571428571427918,
   0.03571428571425121,
   0.03571428571428174
  ]
 ]
}