{
 "0": {
  "0": [
   0.4295496747495981,
   0.4463568646650838,
   0.44635699237597176,
   0.42954961668657504,
   0.4303310871081595,
   0.4486694477450343,
   0.448669454794393,
   0.4303310949672457,
   0.4299444359167532,
   0.4494361688396087,
   0.44943617192961444,
   0.42994436599098534,
   0.4299443659910934,
   0.4494361719297424,
   0.44943616883971704,
   0.42994443591685955,
   0.4303310949673332,
   0.4486694547944813,
   0.4486694477451681,
   0.4303310871082415,
   0.429549616686666,
   0.44635699237588095,
   0.4463568646650098,
   0.4295496747495288
  ],
  "1": [
   -3.0449969903396945,
   -3.0619611275021836,
   -3.0619612520221606,
   -3.0449969311918195,
   -3.0457538140978317,
   -3.0641156873550606,
   -3.0641156851312052,
   -3.0457538146604204,
   -3.045332678696041,
   -3.0647121963643063,
   -3.0647121947582656,
   -3.04533260699878,
   -3.045332606998899,
   -3.0647121947584224,
   -3.064712196364451,
   -3.045332678696125,
   -3.0457538146605176,
   -3.0641156851313123,
   -3.06411568735521,
   -3.045753814097964,
   -3.044996931191947,
   -3.0619612520220567,
   -3.0619611275020593,
   -3.044996990339574
  ]
 },
 "1": {
  "0": [
   1.7961567091100314,
   1.7961637148073566,
   1.796163718650799,
   1.7961567130262022,
   1.7961568291733574,
   1.7961653858266897,
   1.7961650066351997,
   1.796156767685304,
   1.7961570226711865,
   1.7961662818371908,
   1.796166285927142,
   1.7961570266015627,
   1.7961570266015705,
   1.7961662859271241,
   1.796166281837194,
   1.7961570226711703,
   1.7961567676853138,
   1.7961650066351942,
   1.7961653858266933,
   1.796156829173377,
   1.796156713026187,
   1.7961637186508095,
   1.7961637148073624,
   1.7961567091099757
  ],
  "1": [
   1.7942341058147395,
   1.7942270360338761,
   1.7942270303061465,
   1.7942341002531197,
   1.7942339834416332,
   1.794225358117531,
   1.7942257326669406,
   1.7942340397235368,
   1.794233783977614,
   1.7942244513212522,
   1.7942244454300948,
   1.7942337782784241,
   1.7942337782784352,
   1.794224445430092,
   1.7942244513212446,
   1.794233783977624,
   1.7942340397235474,
   1.7942257326669102,
   1.7942253581175494,
   1.794233983441645,
   1.7942341002531337,
   1.7942270303061125,
   1.794227036033882,
   1.7942341058147104
  ]
 },
 "2": {
  "0": [
   1.7945939916343912,
   1.7945811263706484,
   1.7945504916070538,
   1.7945504927208555,
   1.7945811290146392,
   1.7945939929723989,
   1.7945859882020674,
   1.7945748760682074,
   1.7945474879780812,
   1.7945478275010887,
   1.7945748810302564,
   1.794586267463015,
   1.7945783955250583,
   1.794568592184586,
   1.7945449831030664,
   1.7945449841601482,
   1.7945685947279664,
   1.7945783967460232,
   1.794578396746006,
   1.7945685947279406,
   1.7945449841601522,
   1.7945449831030644,
   1.7945685921846455,
   1.7945783955251169,
   1.794586267462975,
   1.7945748810302204,
   1.7945478275010809,
   1.794547487978128,
   1.794574876068261,
   1.7945859882020732,
   1.7945939929723718,
   1.7945811290146065,
   1.7945504927207825,
   1.7945504916070436,
   1.7945811263705718,
   1.7945939916343874
  ],
  "1": [
   1.7961444654377272,
   1.796039979316965,
   1.795940632086599,
   1.795940631353893,
   1.7960399765661603,
   1.7961444638697677,
   1.796145666222894,
   1.7960463341705315,
   1.7959478270982006,
   1.7959474904550676,
   1.7960463292242266,
   1.7961453816927473,
   1.7961464188620784,
   1.796052690308344,
   1.7959544121593842,
   1.7959544112917616,
   1.7960526877673058,
   1.7961464175943087,
   1.7961464175943398,
   1.7960526877672998,
   1.7959544112917725,
   1.7959544121594089,
   1.7960526903084093,
   1.796146418862131,
   1.7961453816927595,
   1.7960463292242521,
   1.7959474904550434,
   1.7959478270982399,
   1.7960463341706059,
   1.7961456662229338,
   1.7961444638697357,
   1.7960399765661625,
   1.7959406313539532,
   1.7959406320865339,
   1.79603997931694,
   1.7961444654376792
  ]
 },
 "Z_a": [
  6,
  6,
  6,
  6,
  6,
  6,
  6,
  6,
  6,
  6,
  6,
  6,
  15,
  15,
  15,
  15,
  5,
  5,
  5,
  5,
  6,
  6,
  6,
  6,
  1,
  1,
  1,
  1
 ],
 "spos_ac": [
  [
   0.875086171267842,
   0.5799114664354494,
   0.7620001604529165
  ],
  [
   0.6963326491430107,
   0.49152273806342317,
   0.26204968708065984
  ],
  [
   0.19634578503225414,
   0.07986334182487917,
   0.3093996709370247
  ],
  [
   0.37509243651960295,
   0.9915710460212733,
   0.809350332057105
  ],
  [
   0.19634240016082302,
   0.4915171049931042,
   0.30942841097595686
  ],
  [
   0.37509592228564614,
   0.5799058333650529,
   0.8093788843478147
  ],
  [
   0.8750827863963759,
   0.9915652296037303,
   0.7620289004915775
  ],
  [
   0.6963361349088255,
   0.0798575254071736,
   0.26207823937147035
  ],
  [
   0.5878528164294758,
   0.7857486902548056,
   0.8132081770705389
  ],
  [
   0.9835807429164943,
   0.28567971172124473,
   0.31319234859390055
  ],
  [
   0.4835757549990956,
   0.2856798811737049,
   0.25822039435815514
  ],
  [
   0.08784782851211616,
   0.7857488597073228,
   0.7582362228344648
  ],
  [
   0.7581652244482407,
   0.7856983365429423,
   0.06779663046633189
  ],
  [
   0.8132687115998859,
   0.28572998789025006,
   0.56776712828043
  ],
  [
   0.31326334698036784,
   0.28573023488574767,
   0.003631940962239495
  ],
  [
   0.25717098325010984,
   0.7856985910312824,
   0.5036614356470874
  ],
  [
   0.9476341442714147,
   0.7857464059503083,
   0.6263911162553406
  ],
  [
   0.6237953359644607,
   0.2856820998259023,
   0.12641184983721956
  ],
  [
   0.12379442715717318,
   0.2856821654782436,
   0.4450374551733063
  ],
  [
   0.44763323546407974,
   0.7857464716026812,
   0.9450167215913226
  ],
  [
   0.9461837097119583,
   0.7857448850466753,
   0.2958269766902139
  ],
  [
   0.6252729068777036,
   0.285683959345953,
   0.7958524720273839
  ],
  [
   0.1252448617163888,
   0.2856836863818081,
   0.7756015947384649
  ],
  [
   0.4461556645508782,
   0.7857446120828451,
   0.27557609940116634
  ],
  [
   0.535714285714305,
   0.5357142857142547,
   0.5357142857142149
  ],
  [
   0.03571428571427876,
   0.5357142857142906,
   0.03571428571427213
  ],
  [
   0.5357142857143153,
   0.03571428571430044,
   0.5357142857142152
  ],
  [
   0.03571428571427918,
   0.03571428571425121,
   0.03571428571428174
  ]
 ]
}