{
 "0": {
  "0": [
   0.37480034056098777,
   0.39178074541287305,
   0.39178335991266505,
   0.37479969977349836,
   0.37549330275878673,
   0.39395765274302635,
   0.39396348714702967,
   0.3754916793083421,
   0.37500530555325845,
   0.3945827305355325,
   0.39458617566947757,
   0.37500418957356974,
   0.3750041895735849,
   0.39458617566947185,
   0.39458273053553433,
   0.3750053055532718,
   0.3754916793083142,
   0.39396348714707785,
   0.39395765274300254,
   0.3754933027587725,
   0.3747996997735203,
   0.3917833599126346,
   0.3917807454128696,
   0.3748003405609671
  ],
  "1": [
   -3.0678724898374172,
   -3.084853070457661,
   -3.084850672332228,
   -3.0678729464147665,
   -3.0685785198967657,
   -3.087038293087898,
   -3.0870323929191854,
   -3.0685800305841,
   -3.068108311701039,
   -3.0876667640744637,
   -3.0876632865265696,
   -3.0681092262860377,
   -3.068109226286049,
   -3.08766328652655,
   -3.087666764074481,
   -3.0681083117010326,
   -3.0685800305840845,
   -3.087032392919131,
   -3.0870382930878675,
   -3.0685785198968225,
   -3.067872946414747,
   -3.084850672332206,
   -3.0848530704576875,
   -3.067872489837399
  ]
 },
 "1": {
  "0": [
   1.7970039534577067,
   1.7970047445888522,
   1.7970045724430133,
   1.7970038959535855,
   1.7970046793844396,
   1.7970063190834287,
   1.7970055208095428,
   1.797004526871133,
   1.7970054510909346,
   1.797006915751451,
   1.7970066734621442,
   1.7970053731005295,
   1.7970053731004838,
   1.7970066734621328,
   1.7970069157514321,
   1.7970054510909468,
   1.7970045268711716,
   1.797005520809513,
   1.7970063190834487,
   1.7970046793844388,
   1.7970038959535573,
   1.797004572443024,
   1.7970047445888513,
   1.797003953457729
  ],
  "1": [
   1.7950828662986413,
   1.795069217109307,
   1.7950690625348262,
   1.7950827960896198,
   1.7950833446926764,
   1.7950674064049323,
   1.795067418399481,
   1.7950833041700505,
   1.7950837127577601,
   1.7950661943299195,
   1.7950659701228449,
   1.7950836218905553,
   1.7950836218905393,
   1.79506597012286,
   1.7950661943299027,
   1.7950837127577148,
   1.7950833041700796,
   1.7950674183995416,
   1.7950674064048817,
   1.7950833446927206,
   1.7950827960896327,
   1.795069062534819,
   1.7950692171092961,
   1.7950828662986387
  ]
 },
 "2": {
  "0": [
   1.794237525003127,
   1.7942301680207886,
   1.7942192825800158,
   1.7942195597506534,
   1.7942305149694266,
   1.7942376181249429,
   1.794238647777029,
   1.7942312561408351,
   1.7942185774459065,
   1.7942194688125666,
   1.7942318865189155,
   1.794239109555539,
   1.7942404121767406,
   1.7942325989890033,
   1.7942188953460239,
   1.7942191869693687,
   1.794232964843204,
   1.79424059751525,
   1.794240597515374,
   1.794232964843294,
   1.7942191869693767,
   1.794218895346073,
   1.7942325989889358,
   1.7942404121764963,
   1.7942391095555106,
   1.794231886519155,
   1.7942194688127349,
   1.7942185774458284,
   1.7942312561408895,
   1.7942386477768706,
   1.7942376181248283,
   1.7942305149693452,
   1.7942195597506707,
   1.7942192825800376,
   1.7942301680209205,
   1.7942375250032276
  ],
  "1": [
   1.796089309791997,
   1.7960840738767574,
   1.7960769013090994,
   1.7960771823033697,
   1.796084431394849,
   1.79608940946734,
   1.7960906759708357,
   1.7960847820724286,
   1.7960766982450591,
   1.7960769249117756,
   1.7960854342899009,
   1.796090592458725,
   1.7960917754096155,
   1.7960858232927728,
   1.796076152625185,
   1.7960764476059852,
   1.7960861998878603,
   1.7960919678834446,
   1.7960919678834917,
   1.7960861998879252,
   1.7960764476060596,
   1.7960761526252043,
   1.796085823292725,
   1.7960917754095451,
   1.7960905924587314,
   1.7960854342899946,
   1.7960769249119506,
   1.7960766982450638,
   1.7960847820724657,
   1.7960906759707473,
   1.7960894094672148,
   1.7960844313948157,
   1.7960771823033228,
   1.7960769013091067,
   1.7960840738768045,
   1.79608930979215
  ]
 },
 "Z_a": [
  6,
  6,
  6,
  6,
  6,
  6,
  6,
  6,
  6,
  6,
  6,
  6,
  15,
  15,
  15,
  15,
  5,
  5,
  5,
  5,
  6,
  6,
  6,
  6,
  1,
  1,
  1,
  1
 ],
 "spos_ac": [
  [
   0.875086171267842,
   0.5799114664354494,
   0.7620001604529165
  ],
  [
   0.6963326491430107,
   0.49152273806342317,
   0.26204968708065984
  ],
  [
   0.19634578503225414,
   0.07986334182487917,
   0.3093996709370247
  ],
  [
   0.37509243651960295,
   0.9915710460212733,
   0.809350332057105
  ],
  [
   0.19634240016082302,
   0.4915171049931042,
   0.30942841097595686
  ],
  [
   0.37509592228564614,
   0.5799058333650529,
   0.8093788843478147
  ],
  [
   0.8750827863963759,
   0.9915652296037303,
   0.7620289004915775
  ],
  [
   0.6963361349088255,
   0.0798575254071736,
   0.26207823937147035
  ],
  [
   0.5878528164294758,
   0.7857486902548056,
   0.8132081770705389
  ],
  [
   0.9835807429164943,
   0.28567971172124473,
   0.31319234859390055
  ],
  [
   0.4835757549990956,
   0.2856798811737049,
   0.25822039435815514
  ],
  [
   0.08784782851211616,
   0.7857488597073228,
   0.7582362228344648
  ],
  [
   0.7581652244482407,
   0.7856983365429423,
   0.06779663046633189
  ],
  [
   0.8132687115998859,
   0.28572998789025006,
   0.56776712828043
  ],
  [
   0.31326334698036784,
   0.28573023488574767,
   0.003631940962239495
  ],
  [
   0.25815985982870476,
   0.785698583538386,
   0.5036614431480133
  ],
  [
   0.9476341442714147,
   0.7857464059503083,
   0.6263911162553406
  ],
  [
   0.6237953359644607,
   0.2856820998259023,
   0.12641184983721956
  ],
  [
   0.12379442715717318,
   0.2856821654782436,
   0.4450374551733063
  ],
  [
   0.44763323546407974,
   0.7857464716026812,
   0.9450167215913226
  ],
  [
   0.9461837097119583,
   0.7857448850466753,
   0.2958269766902139
  ],
  [
   0.6252729068777036,
   0.285683959345953,
   0.7958524720273839
  ],
  [
   0.1252448617163888,
   0.2856836863818081,
   0.7756015947384649
  ],
  [
   0.4461556645508782,
   0.7857446120828451,
   0.27557609940116634
  ],
  [
   0.535714285714305,
   0.5357142857142547,
   0.5357142857142149
  ],
  [
   0.03571428571427876,
   0.5357142857142906,
   0.03571428571427213
  ],
  [
   0.5367031622929102,
   0.03571427822140398,
   0.5357142932151412
  ],
  [
   0.03571428571427918,
   0.03571428571425121,
   0.03571428571428174
  ]
 ]
}