{
 "0": {
  "0": [
   0.3976796271644693,
   0.4146796141550323,
   0.4146797371154749,
   0.3976795664784172,
   0.39832111271831644,
   0.41688709546599584,
   0.416887094536725,
   0.3983211143302479,
   0.39778340106610166,
   0.41754392491104186,
   0.4175439239544632,
   0.3977833284547598,
   0.3977833284554313,
   0.41754392395502954,
   0.4175439249117409,
   0.3977834010665758,
   0.3983211143306185,
   0.41688709453706324,
   0.41688709546630975,
   0.3983211127184654,
   0.3976795664783574,
   0.4146797371150974,
   0.41467961415460486,
   0.39767962716439287
  ],
  "1": [
   -3.0131177202293706,
   -3.030273588861844,
   -3.0302737166837477,
   -3.0131176623306564,
   -3.0137372743611803,
   -3.0323244906036497,
   -3.032324497289623,
   -3.013737281883256,
   -3.013167795446749,
   -3.0328129061641644,
   -3.0328129090958797,
   -3.013167723816033,
   -3.013167723816631,
   -3.032812909097176,
   -3.032812906164512,
   -3.0131677954471803,
   -3.0137372818835453,
   -3.0323244972898817,
   -3.0323244906038935,
   -3.013737274361365,
   -3.013117662330686,
   -3.0302737166834572,
   -3.0302735888615135,
   -3.013117720229468
  ]
 },
 "1": {
  "0": [
   1.796156964410788,
   1.7961641575389649,
   1.7961641631880791,
   1.7961569698812558,
   1.7961570862877902,
   1.79616583360045,
   1.7961654565604843,
   1.796157031685515,
   1.7961572897504021,
   1.7961667336521676,
   1.7961667394621004,
   1.7961572953586926,
   1.7961572953586835,
   1.7961667394617786,
   1.7961667336520628,
   1.7961572897504416,
   1.796157031685428,
   1.7961654565605252,
   1.7961658336002386,
   1.796157086287807,
   1.796156969881351,
   1.7961641631880265,
   1.7961641575389247,
   1.7961569644108346
  ],
  "1": [
   1.7942338181428719,
   1.7942265585541362,
   1.7942265546817093,
   1.7942338141833745,
   1.7942336907747867,
   1.7942248751857195,
   1.7942252536033818,
   1.794233751182344,
   1.7942334841949361,
   1.794223965184163,
   1.7942239610619868,
   1.7942334802192057,
   1.7942334802192184,
   1.7942239610620274,
   1.7942239651846945,
   1.7942334841949372,
   1.7942337511826894,
   1.7942252536035956,
   1.7942248751858434,
   1.7942336907745564,
   1.7942338141832264,
   1.7942265546816767,
   1.7942265585541486,
   1.7942338181428572
  ]
 },
 "2": {
  "0": [
   1.7942508662613297,
   1.7943538131639734,
   1.7944517686943806,
   1.7944517693757296,
   1.794353815816152,
   1.7942508677795121,
   1.7942497278982867,
   1.794347532958882,
   1.794444620807313,
   1.794444958349937,
   1.7943475377056097,
   1.7942500125645517,
   1.794249042691422,
   1.794341255667058,
   1.794438085714157,
   1.7944380865365905,
   1.7943412581092995,
   1.794249043908091,
   1.79424904390807,
   1.7943412581095206,
   1.7944380865365563,
   1.7944380857142117,
   1.7943412556672307,
   1.7942490426915036,
   1.7942500125645247,
   1.7943475377056832,
   1.7944449583500628,
   1.7944446208074751,
   1.7943475329586243,
   1.7942497278982221,
   1.7942508677793985,
   1.79435381581578,
   1.794451769375644,
   1.7944517686948445,
   1.7943538131640602,
   1.7942508662615841
  ],
  "1": [
   1.7957926249201694,
   1.795806800073965,
   1.7958397898354785,
   1.7958397887783393,
   1.7958067975315988,
   1.7957926236304735,
   1.7958005364368217,
   1.7958128579494237,
   1.7958425473198962,
   1.795842205412498,
   1.7958128531897843,
   1.7958002600310274,
   1.7958080392778466,
   1.7958189490115097,
   1.7958447903477948,
   1.7958447893527794,
   1.7958189465722147,
   1.795808038103612,
   1.7958080381036154,
   1.795818946571928,
   1.795844789352183,
   1.7958447903475563,
   1.7958189490118002,
   1.795808039278044,
   1.7958002600312994,
   1.7958128531889344,
   1.7958422054126697,
   1.7958425473198802,
   1.7958128579496877,
   1.7958005364371472,
   1.7957926236306958,
   1.7958067975317733,
   1.7958397887782749,
   1.7958397898352225,
   1.79580680007412,
   1.7957926249206255
  ]
 },
 "Z_a": [
  6,
  6,
  6,
  6,
  6,
  6,
  6,
  6,
  6,
  6,
  6,
  6,
  15,
  15,
  15,
  15,
  5,
  5,
  5,
  5,
  6,
  6,
  6,
  6,
  1,
  1,
  1,
  1
 ],
 "spos_ac": [
  [
   0.875086171267842,
   0.5799114664354494,
   0.7620001604529165
  ],
  [
   0.6963326491430107,
   0.49152273806342317,
   0.26204968708065984
  ],
  [
   0.19634578503225414,
   0.07986334182487917,
   0.3093996709370247
  ],
  [
   0.37509243651960295,
   0.9915710460212733,
   0.809350332057105
  ],
  [
   0.19634240016082302,
   0.4915171049931042,
   0.30942841097595686
  ],
  [
   0.37509592228564614,
   0.5799058333650529,
   0.8093788843478147
  ],
  [
   0.8750827863963759,
   0.9915652296037303,
   0.7620289004915775
  ],
  [
   0.6963361349088255,
   0.0798575254071736,
   0.26207823937147035
  ],
  [
   0.5878528164294758,
   0.7857486902548056,
   0.8132081770705389
  ],
  [
   0.9835807429164943,
   0.28567971172124473,
   0.31319234859390055
  ],
  [
   0.4835757549990956,
   0.2856798811737049,
   0.25822039435815514
  ],
  [
   0.08784782851211616,
   0.7857488597073228,
   0.7582362228344648
  ],
  [
   0.7581652244482407,
   0.7856983365429423,
   0.06779663046633189
  ],
  [
   0.8132687115998859,
   0.28572998789025006,
   0.56776712828043
  ],
  [
   0.3122744704017729,
   0.28573024237864414,
   0.0036319334613135567
  ],
  [
   0.25815985982870476,
   0.785698583538386,
   0.5036614431480133
  ],
  [
   0.9476341442714147,
   0.7857464059503083,
   0.6263911162553406
  ],
  [
   0.6237953359644607,
   0.2856820998259023,
   0.12641184983721956
  ],
  [
   0.12379442715717318,
   0.2856821654782436,
   0.4450374551733063
  ],
  [
   0.44763323546407974,
   0.7857464716026812,
   0.9450167215913226
  ],
  [
   0.9461837097119583,
   0.7857448850466753,
   0.2958269766902139
  ],
  [
   0.6252729068777036,
   0.285683959345953,
   0.7958524720273839
  ],
  [
   0.1252448617163888,
   0.2856836863818081,
   0.7756015947384649
  ],
  [
   0.4461556645508782,
   0.7857446120828451,
   0.27557609940116634
  ],
  [
   0.535714285714305,
   0.5357142857142547,
   0.5357142857142149
  ],
  [
   0.03571428571427876,
   0.5357142857142906,
   0.03571428571427213
  ],
  [
   0.5357142857143153,
   0.03571428571430044,
   0.5357142857142152
  ],
  [
   0.03571428571427918,
   0.03571428571425121,
   0.03571428571428174
  ]
 ]
}