{
 "0": {
  "0": [
   0.37429181494965125,
   0.39119799561491253,
   0.39118833163808986,
   0.3742833322284148,
   0.3750510327558728,
   0.393431365901897,
   0.3934090532771867,
   0.37503145322147696,
   0.3746238095746304,
   0.3941037156631624,
   0.3940907478307658,
   0.3746119052172971,
   0.37461190521728777,
   0.3940907478307825,
   0.39410371566319574,
   0.3746238095746387,
   0.37503145322146086,
   0.39340905327720127,
   0.39343136590188466,
   0.375051032755828,
   0.37428333222836235,
   0.3911883316380329,
   0.391197995614843,
   0.3742918149496383
  ],
  "1": [
   -3.0687865364542657,
   -3.085772249091477,
   -3.0857812305513908,
   -3.0687935448602057,
   -3.0694886672013952,
   -3.087973383173262,
   -3.08799398236848,
   -3.069506185022076,
   -3.0690106701061706,
   -3.088623111601908,
   -3.088635587332612,
   -3.069021669559764,
   -3.0690216695597905,
   -3.088635587332628,
   -3.0886231116019434,
   -3.0690106701061763,
   -3.0695061850220595,
   -3.087993982368498,
   -3.0879733831732192,
   -3.0694886672013797,
   -3.068793544860186,
   -3.08578123055135,
   -3.085772249091416,
   -3.068786536454199
  ]
 },
 "1": {
  "0": [
   1.7960206854759095,
   1.7960183686014064,
   1.7960208153212507,
   1.7960235735834293,
   1.7960213500397844,
   1.7960209829789904,
   1.7960257274679663,
   1.7960267709899798,
   1.796024710293527,
   1.7960256011166995,
   1.7960280918766147,
   1.7960276397708115,
   1.7960276397708275,
   1.796028091876632,
   1.7960256011166702,
   1.7960247102935596,
   1.796026770990001,
   1.7960257274679463,
   1.7960209829789504,
   1.7960213500397912,
   1.7960235735834456,
   1.7960208153212482,
   1.7960183686014393,
   1.7960206854759062
  ],
  "1": [
   1.7938078196175213,
   1.7937002424292043,
   1.793698779463355,
   1.7938070522957827,
   1.7938093163542652,
   1.7936973620280534,
   1.7936950814675159,
   1.7938079312753188,
   1.793809923446455,
   1.7936941783357163,
   1.793692726431828,
   1.7938092528161071,
   1.7938092528161325,
   1.793692726431821,
   1.7936941783357094,
   1.7938099234464366,
   1.7938079312753485,
   1.7936950814675177,
   1.793697362028053,
   1.7938093163542823,
   1.793807052295806,
   1.7936987794633819,
   1.7937002424292168,
   1.7938078196175415
  ]
 },
 "2": {
  "0": [
   1.7432326656981878,
   1.7433219158284172,
   1.7434339193945272,
   1.7434375538515952,
   1.7433298351616098,
   1.7432362179339105,
   1.7432279772620511,
   1.7433151650453576,
   1.7434290348324142,
   1.7434363904243209,
   1.7433300631451554,
   1.743235896628481,
   1.7432275809132043,
   1.7433155768802608,
   1.7434282225163704,
   1.7434315793748347,
   1.74332344704847,
   1.7432315195104142,
   1.7432315195105001,
   1.7433234470484535,
   1.7434315793748882,
   1.743428222516359,
   1.7433155768803323,
   1.7432275809132571,
   1.743235896628543,
   1.7433300631451074,
   1.7434363904241847,
   1.7434290348324435,
   1.7433151650452634,
   1.7432279772621122,
   1.743236217933917,
   1.743329835161578,
   1.7434375538516167,
   1.7434339193945578,
   1.7433219158284519,
   1.743232665698335
  ],
  "1": [
   1.7451695447954196,
   1.7451845529179038,
   1.7451935371905927,
   1.7451958282798656,
   1.745189029047909,
   1.7451713949492413,
   1.7451693726505044,
   1.745184492384483,
   1.745195098718411,
   1.7451992876060356,
   1.7451929736655187,
   1.7451731644063935,
   1.745170731123145,
   1.7451889232395794,
   1.7451981605081897,
   1.7452005278014462,
   1.7451932485411707,
   1.745172793668993,
   1.745172793669039,
   1.7451932485412611,
   1.7452005278016127,
   1.745198160508304,
   1.745188923239633,
   1.7451707311231637,
   1.7451731644063377,
   1.7451929736654912,
   1.7451992876059845,
   1.745195098718382,
   1.7451844923845221,
   1.74516937265047,
   1.7451713949491798,
   1.7451890290479022,
   1.7451958282799034,
   1.7451935371905587,
   1.745184552917869,
   1.7451695447953117
  ]
 },
 "Z_a": [
  6,
  6,
  6,
  6,
  6,
  6,
  6,
  6,
  6,
  6,
  6,
  6,
  15,
  15,
  15,
  15,
  5,
  5,
  5,
  5,
  6,
  6,
  6,
  6,
  1,
  1,
  1,
  1
 ],
 "spos_ac": [
  [
   0.875086171267842,
   0.5799114664354494,
   0.7620001604529165
  ],
  [
   0.6963326491430107,
   0.49152273806342317,
   0.26204968708065984
  ],
  [
   0.19634578503225414,
   0.07986334182487917,
   0.3093996709370247
  ],
  [
   0.37509243651960295,
   0.9915710460212733,
   0.809350332057105
  ],
  [
   0.19634240016082302,
   0.4915171049931042,
   0.30942841097595686
  ],
  [
   0.37509592570159506,
   0.5799058331981234,
   0.8115455143212558
  ],
  [
   0.8750827863963759,
   0.9915652296037303,
   0.7620289004915775
  ],
  [
   0.6963361349088255,
   0.0798575254071736,
   0.26207823937147035
  ],
  [
   0.5878528164294758,
   0.7857486902548056,
   0.8132081770705389
  ],
  [
   0.9835807429164943,
   0.28567971172124473,
   0.31319234859390055
  ],
  [
   0.4835757549990956,
   0.2856798811737049,
   0.25822039435815514
  ],
  [
   0.08784782851211616,
   0.7857488597073228,
   0.7582362228344648
  ],
  [
   0.7581652244482407,
   0.7856983365429423,
   0.06779663046633189
  ],
  [
   0.8132687115998859,
   0.28572998789025006,
   0.56776712828043
  ],
  [
   0.31326334698036784,
   0.28573023488574767,
   0.003631940962239495
  ],
  [
   0.25815985982870476,
   0.785698583538386,
   0.5036614431480133
  ],
  [
   0.9476341442714147,
   0.7857464059503083,
   0.6263911162553406
  ],
  [
   0.6237953359644607,
   0.2856820998259023,
   0.12641184983721956
  ],
  [
   0.12379442715717318,
   0.2856821654782436,
   0.4450374551733063
  ],
  [
   0.44763323546407974,
   0.7857464716026812,
   0.9450167215913226
  ],
  [
   0.9461837097119583,
   0.7857448850466753,
   0.2958269766902139
  ],
  [
   0.6252729068777036,
   0.285683959345953,
   0.7958524720273839
  ],
  [
   0.1252448617163888,
   0.2856836863818081,
   0.7756015947384649
  ],
  [
   0.4461556645508782,
   0.7857446120828451,
   0.27557609940116634
  ],
  [
   0.535714285714305,
   0.5357142857142547,
   0.5357142857142149
  ],
  [
   0.03571428571427876,
   0.5357142857142906,
   0.03571428571427213
  ],
  [
   0.5357142857143153,
   0.03571428571430044,
   0.5357142857142152
  ],
  [
   0.03571428571427918,
   0.03571428571425121,
   0.03571428571428174
  ]
 ]
}