{
 "0": {
  "0": [
   0.37527121350978043,
   0.39207509225779036,
   0.39207521882935625,
   0.3752711674780202,
   0.3760035807585115,
   0.39426469881760945,
   0.3942647108336172,
   0.37600359933370436,
   0.3755575575309024,
   0.3949028369915046,
   0.3949028440760928,
   0.3755575014424042,
   0.3755575014424039,
   0.39490284407613474,
   0.39490283699152395,
   0.37555755753101827,
   0.37600359933386707,
   0.394264710833797,
   0.39426469881768367,
   0.3760035807585778,
   0.3752711674781289,
   0.39207521882937413,
   0.3920750922578412,
   0.3752712135098174
  ],
  "1": [
   -3.0674614480197917,
   -3.0844790987518502,
   -3.084479229312091,
   -3.067461383747734,
   -3.0681624430258556,
   -3.0866597810101055,
   -3.086659785738745,
   -3.068162448525058,
   -3.0676808867141667,
   -3.08728929631858,
   -3.0872892978166555,
   -3.0676808090611405,
   -3.067680809061203,
   -3.0872892978166337,
   -3.087289296318628,
   -3.067680886714343,
   -3.068162448525214,
   -3.08665978573899,
   -3.0866597810102294,
   -3.06816244302592,
   -3.0674613837477778,
   -3.0844792293121173,
   -3.0844790987518973,
   -3.0674614480198645
  ]
 },
 "1": {
  "0": [
   1.796157157442968,
   1.7961643207925164,
   1.7961643196938557,
   1.7961571572474002,
   1.7961572907356576,
   1.7961660173009522,
   1.7961656187328692,
   1.7961572194489965,
   1.7961574933438997,
   1.7961669149529027,
   1.7961669139008147,
   1.796157493091023,
   1.7961574930910746,
   1.796166913900825,
   1.796166914952915,
   1.7961574933438846,
   1.7961572194489634,
   1.7961656187328252,
   1.796166017300949,
   1.7961572907356487,
   1.7961571572473178,
   1.7961643196938881,
   1.7961643207925213,
   1.7961571574429553
  ],
  "1": [
   1.7942343316880018,
   1.7942272147545624,
   1.7942272126189207,
   1.794234330101852,
   1.794234213397621,
   1.7942255523507114,
   1.7942259265049656,
   1.7942342750020221,
   1.7942340174445432,
   1.7942246490074305,
   1.7942246468689893,
   1.794234015814799,
   1.7942340158148034,
   1.7942246468689773,
   1.7942246490074856,
   1.794234017444503,
   1.794234275001957,
   1.7942259265049392,
   1.794225552350676,
   1.7942342133975957,
   1.7942343301018713,
   1.7942272126189125,
   1.7942272147545717,
   1.7942343316880118
  ]
 },
 "2": {
  "0": [
   1.7836678420402443,
   1.783484106952047,
   1.7832717118341082,
   1.7832717121883135,
   1.7834841081031325,
   1.7836678427969774,
   1.7836708551577654,
   1.783481798532637,
   1.783264286567299,
   1.7832646239462195,
   1.7834818008578563,
   1.7836710802178797,
   1.7836736268260687,
   1.7834790490566423,
   1.7832577137360655,
   1.7832577140815289,
   1.7834790502789999,
   1.7836736274363034,
   1.7836736274363405,
   1.7834790502789197,
   1.7832577140814154,
   1.7832577137361545,
   1.7834790490567851,
   1.7836736268262485,
   1.7836710802177762,
   1.7834818008578244,
   1.7832646239461303,
   1.7832642865673793,
   1.7834817985324662,
   1.7836708551577185,
   1.7836678427970456,
   1.7834841081029194,
   1.7832717121882578,
   1.7832717118341708,
   1.7834841069521459,
   1.7836678420402838
  ],
  "1": [
   1.7852117013444535,
   1.7851879265550197,
   1.7851569843538861,
   1.7851569874470936,
   1.785187931595573,
   1.7852117037755713,
   1.7852167986905259,
   1.785182502522184,
   1.7851416353037561,
   1.7851413102910492,
   1.7851825133624455,
   1.7852164797034336,
   1.7852208862057506,
   1.7851767424814158,
   1.7851257075303142,
   1.7851257106777991,
   1.785176748018497,
   1.7852208888739454,
   1.7852208888738714,
   1.7851767480185545,
   1.7851257106778013,
   1.7851257075304654,
   1.7851767424812122,
   1.785220886205703,
   1.7852164797034,
   1.7851825133624024,
   1.7851413102909852,
   1.7851416353036968,
   1.785182502522053,
   1.7852167986906153,
   1.785211703775449,
   1.7851879315955608,
   1.7851569874471513,
   1.7851569843538484,
   1.7851879265552095,
   1.7852117013443909
  ]
 },
 "Z_a": [
  6,
  6,
  6,
  6,
  6,
  6,
  6,
  6,
  6,
  6,
  6,
  6,
  15,
  15,
  15,
  15,
  5,
  5,
  5,
  5,
  6,
  6,
  6,
  6,
  1,
  1,
  1,
  1
 ],
 "spos_ac": [
  [
   0.875086171267842,
   0.5799114664354494,
   0.7620001604529165
  ],
  [
   0.6963326491430107,
   0.49152273806342317,
   0.26204968708065984
  ],
  [
   0.19634578503225414,
   0.07986334182487917,
   0.3093996709370247
  ],
  [
   0.37509243651960295,
   0.9915710460212733,
   0.809350332057105
  ],
  [
   0.19634240016082302,
   0.4915171049931042,
   0.30942841097595686
  ],
  [
   0.37509592228564614,
   0.5799058333650529,
   0.8093788843478147
  ],
  [
   0.8750827863963759,
   0.9915652296037303,
   0.7620289004915775
  ],
  [
   0.6963361349088255,
   0.0798575254071736,
   0.26207823937147035
  ],
  [
   0.5878528164294758,
   0.7857486902548056,
   0.8132081770705389
  ],
  [
   0.9835807429164943,
   0.28567971172124473,
   0.31319234859390055
  ],
  [
   0.4835757549990956,
   0.2856798811737049,
   0.25822039435815514
  ],
  [
   0.08784782851211616,
   0.7857488597073228,
   0.7582362228344648
  ],
  [
   0.7581652244482407,
   0.7856983365429423,
   0.06779663046633189
  ],
  [
   0.8132687115998859,
   0.28572998789025006,
   0.56776712828043
  ],
  [
   0.31326334698036784,
   0.28573023488574767,
   0.003631940962239495
  ],
  [
   0.25815985982870476,
   0.785698583538386,
   0.5036614431480133
  ],
  [
   0.9476341476873635,
   0.7857464057833787,
   0.6285577462287817
  ],
  [
   0.6237953359644607,
   0.2856820998259023,
   0.12641184983721956
  ],
  [
   0.12379442715717318,
   0.2856821654782436,
   0.4450374551733063
  ],
  [
   0.44763323546407974,
   0.7857464716026812,
   0.9450167215913226
  ],
  [
   0.9461837097119583,
   0.7857448850466753,
   0.2958269766902139
  ],
  [
   0.6252729068777036,
   0.285683959345953,
   0.7958524720273839
  ],
  [
   0.1252448617163888,
   0.2856836863818081,
   0.7756015947384649
  ],
  [
   0.4461556645508782,
   0.7857446120828451,
   0.27557609940116634
  ],
  [
   0.535714285714305,
   0.5357142857142547,
   0.5357142857142149
  ],
  [
   0.03571428571427876,
   0.5357142857142906,
   0.03571428571427213
  ],
  [
   0.5357142857143153,
   0.03571428571430044,
   0.5357142857142152
  ],
  [
   0.03571428571427918,
   0.03571428571425121,
   0.03571428571428174
  ]
 ]
}