{
 "0": {
  "0": [
   0.3980075717156942,
   0.41510144594641507,
   0.41510157424220595,
   0.3980075133680743,
   0.39868065653035,
   0.41725090518687896,
   0.4172509135014202,
   0.3986806630054226,
   0.3981704888962404,
   0.417842612471646,
   0.41784261593230615,
   0.39817042863466134,
   0.3981704286347067,
   0.41784261593234195,
   0.4178426124717256,
   0.39817048889628004,
   0.398680663005474,
   0.41725091350148946,
   0.4172509051870027,
   0.39868065653043305,
   0.3980075133681198,
   0.4151015742421667,
   0.4151014459464751,
   0.39800757171567397
  ],
  "1": [
   -3.045157148261985,
   -3.0616840580076508,
   -3.0616841945791835,
   -3.045157102768121,
   -3.04589750003663,
   -3.063897990535837,
   -3.0638980118107177,
   -3.0458975183765147,
   -3.0454580766011285,
   -3.064555916945286,
   -3.0645559273317025,
   -3.0454580037423633,
   -3.0454580037424193,
   -3.064555927331777,
   -3.064555916945329,
   -3.0454580766011383,
   -3.0458975183765764,
   -3.0638980118107773,
   -3.0638979905359074,
   -3.0458975000366846,
   -3.045157102768173,
   -3.061684194579198,
   -3.061684058007619,
   -3.045157148261926
  ]
 },
 "1": {
  "0": [
   1.7961573876735193,
   1.796164519387557,
   1.796164525911244,
   1.7961573908273483,
   1.7961575157385532,
   1.7961661982308625,
   1.796165821596946,
   1.7961574542733458,
   1.7961577199280185,
   1.7961670997592978,
   1.7961671064039044,
   1.7961577227065284,
   1.7961577227064702,
   1.7961671064038762,
   1.796167099759324,
   1.7961577199279972,
   1.7961574542734082,
   1.7961658215969716,
   1.796166198230851,
   1.7961575157385954,
   1.7961573908273167,
   1.7961645259112267,
   1.7961645193875864,
   1.796157387673511
  ],
  "1": [
   1.7942343223487403,
   1.7942272315097576,
   1.7942272297945954,
   1.794234317547885,
   1.7942341983135828,
   1.7942255546674597,
   1.7942259356847918,
   1.7942342513071585,
   1.794233988197833,
   1.7942246501511496,
   1.7942246482836053,
   1.794233983039395,
   1.7942339830394094,
   1.7942246482836088,
   1.7942246501511243,
   1.7942339881978204,
   1.794234251307158,
   1.7942259356847776,
   1.794225554667444,
   1.7942341983135606,
   1.794234317547891,
   1.7942272297945998,
   1.7942272315097354,
   1.79423432234873
  ]
 },
 "2": {
  "0": [
   1.7925726623194402,
   1.7925785463247677,
   1.7925853234605116,
   1.792585325297147,
   1.7925785520449142,
   1.7925726654524687,
   1.7925729705900386,
   1.7925781518809139,
   1.7925822755588772,
   1.7925825999598246,
   1.7925781625024129,
   1.792573239838915,
   1.7925736380332813,
   1.7925776467061671,
   1.7925797558739514,
   1.792579757964314,
   1.79257765222822,
   1.7925736411864208,
   1.7925736411863822,
   1.7925776522281276,
   1.7925797579643228,
   1.7925797558739092,
   1.79257764670605,
   1.7925736380332868,
   1.7925732398388148,
   1.7925781625023642,
   1.7925825999599903,
   1.7925822755588856,
   1.7925781518809367,
   1.7925729705900468,
   1.7925726654524803,
   1.7925785520449737,
   1.7925853252971482,
   1.7925853234605083,
   1.7925785463247539,
   1.792572662319527
  ],
  "1": [
   1.7948372764154368,
   1.7948909979553611,
   1.7949664412283335,
   1.7949664402452912,
   1.7948909957361878,
   1.7948372756250977,
   1.7948431382456425,
   1.7948981412674294,
   1.7949692039745564,
   1.7949688712955367,
   1.7948981372249742,
   1.7948428480774294,
   1.79484883500715,
   1.7949054517061,
   1.7949715558946875,
   1.7949715550107341,
   1.7949054498125312,
   1.7948488340030604,
   1.7948488340030069,
   1.7949054498125303,
   1.7949715550106817,
   1.7949715558946777,
   1.7949054517062117,
   1.7948488350071032,
   1.7948428480774534,
   1.794898137224985,
   1.794968871295667,
   1.7949692039744596,
   1.7948981412674745,
   1.7948431382457086,
   1.7948372756250321,
   1.7948909957361816,
   1.7949664402452772,
   1.7949664412284663,
   1.794890997955469,
   1.794837276415355
  ]
 },
 "Z_a": [
  6,
  6,
  6,
  6,
  6,
  6,
  6,
  6,
  6,
  6,
  6,
  6,
  15,
  15,
  15,
  15,
  5,
  5,
  5,
  5,
  6,
  6,
  6,
  6,
  1,
  1,
  1,
  1
 ],
 "spos_ac": [
  [
   0.875086171267842,
   0.5799114664354494,
   0.7620001604529165
  ],
  [
   0.6963326491430107,
   0.49152273806342317,
   0.26204968708065984
  ],
  [
   0.19634578503225414,
   0.07986334182487917,
   0.3093996709370247
  ],
  [
   0.37509243651960295,
   0.9915710460212733,
   0.809350332057105
  ],
  [
   0.19634240016082302,
   0.4915171049931042,
   0.30942841097595686
  ],
  [
   0.37509592228564614,
   0.5799058333650529,
   0.8093788843478147
  ],
  [
   0.8750827863963759,
   0.9915652296037303,
   0.7620289004915775
  ],
  [
   0.6963361349088255,
   0.0798575254071736,
   0.26207823937147035
  ],
  [
   0.5878528164294758,
   0.7857486902548056,
   0.8132081770705389
  ],
  [
   0.9835807429164943,
   0.28567971172124473,
   0.31319234859390055
  ],
  [
   0.4835757549990956,
   0.2856798811737049,
   0.25822039435815514
  ],
  [
   0.08784782851211616,
   0.7857488597073228,
   0.7582362228344648
  ],
  [
   0.7581652244482407,
   0.7856983365429423,
   0.06779663046633189
  ],
  [
   0.8132687115998859,
   0.28572998789025006,
   0.56776712828043
  ],
  [
   0.31326334698036784,
   0.28573023488574767,
   0.003631940962239495
  ],
  [
   0.25815985982870476,
   0.785698583538386,
   0.5036614431480133
  ],
  [
   0.9476341442714147,
   0.7857464059503083,
   0.6263911162553406
  ],
  [
   0.6237953359644607,
   0.2856820998259023,
   0.12641184983721956
  ],
  [
   0.12379442715717318,
   0.2856821654782436,
   0.4450374551733063
  ],
  [
   0.44763323546407974,
   0.7857464716026812,
   0.9450167215913226
  ],
  [
   0.9461837097119583,
   0.7857448850466753,
   0.2958269766902139
  ],
  [
   0.6242840302991088,
   0.28568396683884945,
   0.795852464526458
  ],
  [
   0.1252448617163888,
   0.2856836863818081,
   0.7756015947384649
  ],
  [
   0.4461556645508782,
   0.7857446120828451,
   0.27557609940116634
  ],
  [
   0.535714285714305,
   0.5357142857142547,
   0.5357142857142149
  ],
  [
   0.03571428571427876,
   0.5357142857142906,
   0.03571428571427213
  ],
  [
   0.5357142857143153,
   0.03571428571430044,
   0.5357142857142152
  ],
  [
   0.03571428571427918,
   0.03571428571425121,
   0.03571428571428174
  ]
 ]
}