{
 "0": {
  "0": [
   0.37575409400060217,
   0.3926934011322442,
   0.3926913247037164,
   0.37575763017325375,
   0.3764910857094283,
   0.3949104461220795,
   0.39490395678870566,
   0.3764986551615254,
   0.37607177563308525,
   0.3955945335410141,
   0.39559002219166234,
   0.3760758312411902,
   0.376075831241156,
   0.39559002219175177,
   0.3955945335411707,
   0.3760717756332084,
   0.37649865516149383,
   0.3949039567888887,
   0.39491044612236254,
   0.3764910857094813,
   0.3757576301733399,
   0.3926913247038317,
   0.3926934011323916,
   0.37575409400063736
  ],
  "1": [
   -3.066239736858548,
   -3.0833639568461613,
   -3.083352348856371,
   -3.0662251245551633,
   -3.066912731737902,
   -3.0855546314335283,
   -3.085530176373192,
   -3.0668832798976395,
   -3.0663877705414877,
   -3.0861790918087,
   -3.0861662445624893,
   -3.066372617602769,
   -3.0663726176027875,
   -3.0861662445625746,
   -3.086179091808827,
   -3.06638777054145,
   -3.066883279897635,
   -3.0855301763732164,
   -3.085554631433886,
   -3.0669127317379123,
   -3.066225124555201,
   -3.083352348856521,
   -3.0833639568461613,
   -3.0662397368585204
  ]
 },
 "1": {
  "0": [
   1.8387472418404645,
   1.8384237592723738,
   1.838425065210797,
   1.8387474056227942,
   1.8387508335245821,
   1.8384356144117275,
   1.8384378069435328,
   1.8387511774451197,
   1.838754699792278,
   1.8384481238405517,
   1.8384495211814376,
   1.8387548306594286,
   1.838754830659401,
   1.838449521181588,
   1.838448123840602,
   1.8387546997922763,
   1.8387511774451417,
   1.8384378069434781,
   1.8384356144117446,
   1.8387508335247278,
   1.8387474056226276,
   1.8384250652108844,
   1.8384237592724961,
   1.8387472418405106
  ],
  "1": [
   1.8384968201102967,
   1.8383052390060282,
   1.8383034478462927,
   1.8384933461974153,
   1.838496063185933,
   1.8383032254861162,
   1.8382998451700103,
   1.8384892268144855,
   1.8384919236372284,
   1.8383000989282816,
   1.8382982637916736,
   1.8384883830987753,
   1.8384883830986956,
   1.8382982637916407,
   1.838300098928287,
   1.8384919236372042,
   1.8384892268144162,
   1.8382998451700032,
   1.8383032254861469,
   1.8384960631859464,
   1.8384933461973283,
   1.838303447846323,
   1.8383052390059302,
   1.8384968201103886
  ]
 },
 "2": {
  "0": [
   1.7948808209814304,
   1.7947714065790126,
   1.7946100595770753,
   1.7946052351075312,
   1.794764378472101,
   1.794878326720233,
   1.7948840174676683,
   1.7947756443962644,
   1.7946083749603314,
   1.7945989618745555,
   1.794761657739055,
   1.7948792256425339,
   1.7948852728302718,
   1.7947728160185383,
   1.7946023665271083,
   1.7945973803068354,
   1.7947658834006281,
   1.7948825141892393,
   1.794882514188984,
   1.7947658834004139,
   1.7945973803065423,
   1.7946023665270108,
   1.7947728160184597,
   1.794885272830396,
   1.7948792256425405,
   1.7947616577390857,
   1.7945989618743197,
   1.7946083749606683,
   1.7947756443964957,
   1.7948840174675447,
   1.7948783267198898,
   1.7947643784721226,
   1.7946052351077324,
   1.7946100595772772,
   1.794771406579718,
   1.7948808209814422
  ],
  "1": [
   1.7962085175890237,
   1.7961978009932467,
   1.7961866009009937,
   1.7961876845978946,
   1.7961992688404755,
   1.7962091577955506,
   1.7962139333455651,
   1.7962006132684272,
   1.7961875016016347,
   1.7961892310818401,
   1.796203387720879,
   1.796214774813104,
   1.7962194893470076,
   1.7962045833544857,
   1.7961893434561464,
   1.796190112679301,
   1.796206060201599,
   1.796219851315587,
   1.7962198513154393,
   1.7962060602011745,
   1.796190112679273,
   1.7961893434559684,
   1.7962045833545242,
   1.7962194893473054,
   1.7962147748131767,
   1.7962033877208388,
   1.7961892310817265,
   1.7961875016018007,
   1.7962006132685926,
   1.796213933345317,
   1.7962091577949602,
   1.7961992688404884,
   1.79618768459806,
   1.796186600901247,
   1.7961978009934678,
   1.7962085175888163
  ]
 },
 "Z_a": [
  6,
  6,
  6,
  6,
  6,
  6,
  6,
  6,
  6,
  6,
  6,
  6,
  15,
  15,
  15,
  15,
  5,
  5,
  5,
  5,
  6,
  6,
  6,
  6,
  1,
  1,
  1,
  1
 ],
 "spos_ac": [
  [
   0.875086171267842,
   0.5799114664354494,
   0.7620001604529165
  ],
  [
   0.696332653547282,
   0.4898408862335433,
   0.26204968729544376
  ],
  [
   0.19634578503225414,
   0.07986334182487917,
   0.3093996709370247
  ],
  [
   0.37509243651960295,
   0.9915710460212733,
   0.809350332057105
  ],
  [
   0.19634240016082302,
   0.4915171049931042,
   0.30942841097595686
  ],
  [
   0.37509592228564614,
   0.5799058333650529,
   0.8093788843478147
  ],
  [
   0.8750827863963759,
   0.9915652296037303,
   0.7620289004915775
  ],
  [
   0.6963361349088255,
   0.0798575254071736,
   0.26207823937147035
  ],
  [
   0.5878528164294758,
   0.7857486902548056,
   0.8132081770705389
  ],
  [
   0.9835807429164943,
   0.28567971172124473,
   0.31319234859390055
  ],
  [
   0.4835757549990956,
   0.2856798811737049,
   0.25822039435815514
  ],
  [
   0.08784782851211616,
   0.7857488597073228,
   0.7582362228344648
  ],
  [
   0.7581652244482407,
   0.7856983365429423,
   0.06779663046633189
  ],
  [
   0.8132687115998859,
   0.28572998789025006,
   0.56776712828043
  ],
  [
   0.31326334698036784,
   0.28573023488574767,
   0.003631940962239495
  ],
  [
   0.25815985982870476,
   0.785698583538386,
   0.5036614431480133
  ],
  [
   0.9476341442714147,
   0.7857464059503083,
   0.6263911162553406
  ],
  [
   0.6237953359644607,
   0.2856820998259023,
   0.12641184983721956
  ],
  [
   0.12379442715717318,
   0.2856821654782436,
   0.4450374551733063
  ],
  [
   0.44763323546407974,
   0.7857464716026812,
   0.9450167215913226
  ],
  [
   0.9461837097119583,
   0.7857448850466753,
   0.2958269766902139
  ],
  [
   0.6252729068777036,
   0.285683959345953,
   0.7958524720273839
  ],
  [
   0.1252448617163888,
   0.2856836863818081,
   0.7756015947384649
  ],
  [
   0.4461556645508782,
   0.7857446120828451,
   0.27557609940116634
  ],
  [
   0.535714285714305,
   0.5357142857142547,
   0.5357142857142149
  ],
  [
   0.03571428571427876,
   0.5357142857142906,
   0.03571428571427213
  ],
  [
   0.5357142857143153,
   0.03571428571430044,
   0.5357142857142152
  ],
  [
   0.03571428571427918,
   0.03571428571425121,
   0.03571428571428174
  ]
 ]
}