{
 "0": {
  "0": [
   0.37494384177701434,
   0.39192124594224476,
   0.39193518363773205,
   0.3749528230125464,
   0.3756380425253678,
   0.3940951257220817,
   0.39412343203501643,
   0.37565760937127707,
   0.3751633926484428,
   0.3947287982360412,
   0.3947434306761705,
   0.3751738708078549,
   0.3751738708079995,
   0.39474343067619316,
   0.3947287982360933,
   0.37516339264853543,
   0.3756576093711994,
   0.39412343203508,
   0.39409512572207384,
   0.37563804252543626,
   0.3749528230125474,
   0.3919351836377283,
   0.3919212459421917,
   0.3749438417769116
  ],
  "1": [
   -3.0677250197718933,
   -3.084708380798996,
   -3.0847008934755706,
   -3.067718537623349,
   -3.06842762476992,
   -3.0868927194704194,
   -3.086876973289328,
   -3.068413038800938,
   -3.067944244891131,
   -3.0875147522354784,
   -3.0875068368556486,
   -3.0679361992260326,
   -3.067936199226197,
   -3.087506836855777,
   -3.087514752235567,
   -3.067944244891164,
   -3.068413038800921,
   -3.08687697328945,
   -3.086892719470598,
   -3.068427624769972,
   -3.0677185376234433,
   -3.0847008934754725,
   -3.084708380799061,
   -3.0677250197717805
  ]
 },
 "1": {
  "0": [
   1.8345282520768589,
   1.8344988857088866,
   1.8345071070229448,
   1.8345323179488735,
   1.8345351174506292,
   1.8345086780179016,
   1.8345250147520296,
   1.8345430795164956,
   1.8345458312977108,
   1.8345262796513366,
   1.8345346164559202,
   1.8345499412227007,
   1.8345499412226811,
   1.83453461645599,
   1.834526279651222,
   1.8345458312977239,
   1.8345430795165192,
   1.8345250147519592,
   1.8345086780179103,
   1.834535117450627,
   1.834532317948893,
   1.8345071070229693,
   1.8344988857088842,
   1.8345282520768298
  ],
  "1": [
   1.8325908636769834,
   1.832721049672091,
   1.8327193187904454,
   1.8325894595573367,
   1.8325950562768096,
   1.8327212322251567,
   1.8327184077722585,
   1.8325919781837596,
   1.8325974256347408,
   1.8327207178741025,
   1.8327190367329624,
   1.8325960505908208,
   1.832596050590929,
   1.8327190367329966,
   1.8327207178741465,
   1.8325974256347544,
   1.8325919781837627,
   1.8327184077721994,
   1.8327212322252302,
   1.8325950562768825,
   1.8325894595571512,
   1.8327193187903492,
   1.8327210496719306,
   1.832590863676994
  ]
 },
 "2": {
  "0": [
   1.7942615710133771,
   1.7942608471411947,
   1.7942556848269708,
   1.7942535142531817,
   1.7942545065321236,
   1.7942581123323387,
   1.7942632296231085,
   1.794263922196239,
   1.7942565680025326,
   1.7942525246054806,
   1.7942518585746117,
   1.7942564964921484,
   1.7942619201414758,
   1.7942612193507221,
   1.794255880513274,
   1.7942537877988451,
   1.7942549331650621,
   1.7942582219729746,
   1.7942582219726841,
   1.7942549331652247,
   1.794253787798818,
   1.7942558805133122,
   1.7942612193506415,
   1.7942619201416314,
   1.7942564964919685,
   1.7942518585745344,
   1.7942525246053658,
   1.7942565680023908,
   1.7942639221963161,
   1.794263229623208,
   1.7942581123324433,
   1.794254506532172,
   1.794253514253203,
   1.7942556848270081,
   1.7942608471412502,
   1.794261571013495
  ],
  "1": [
   1.7961142889096908,
   1.7961170652393668,
   1.7961164253938229,
   1.7961116343532721,
   1.7961088833238388,
   1.7961110085096783,
   1.7961162382641578,
   1.7961209437654364,
   1.7961193088277698,
   1.7961088796649893,
   1.7961046312979685,
   1.796109129011005,
   1.7961142223459206,
   1.7961167052494387,
   1.7961163396890476,
   1.7961112516509998,
   1.7961085542970214,
   1.7961108697129988,
   1.7961108697129902,
   1.7961085542968485,
   1.7961112516509041,
   1.7961163396889523,
   1.7961167052494196,
   1.7961142223458848,
   1.7961091290108262,
   1.7961046312979454,
   1.7961088796650597,
   1.7961193088278486,
   1.796120943765447,
   1.7961162382636533,
   1.796111008509952,
   1.7961088833237302,
   1.7961116343534371,
   1.796116425393959,
   1.7961170652393066,
   1.79611428890975
  ]
 },
 "Z_a": [
  6,
  6,
  6,
  6,
  6,
  6,
  6,
  6,
  6,
  6,
  6,
  6,
  15,
  15,
  15,
  15,
  5,
  5,
  5,
  5,
  6,
  6,
  6,
  6,
  1,
  1,
  1,
  1
 ],
 "spos_ac": [
  [
   0.875086171267842,
   0.5799114664354494,
   0.7620001604529165
  ],
  [
   0.6963326491430107,
   0.49152273806342317,
   0.26204968708065984
  ],
  [
   0.19634578503225414,
   0.07986334182487917,
   0.3093996709370247
  ],
  [
   0.37509243651960295,
   0.9915710460212733,
   0.809350332057105
  ],
  [
   0.19634240016082302,
   0.4915171049931042,
   0.30942841097595686
  ],
  [
   0.37509592228564614,
   0.5799058333650529,
   0.8093788843478147
  ],
  [
   0.8750827863963759,
   0.9915652296037303,
   0.7620289004915775
  ],
  [
   0.6963361349088255,
   0.0798575254071736,
   0.26207823937147035
  ],
  [
   0.5878528164294758,
   0.7857486902548056,
   0.8132081770705389
  ],
  [
   0.9835807429164943,
   0.28567971172124473,
   0.31319234859390055
  ],
  [
   0.4835757594033669,
   0.283998029343825,
   0.25822039457293905
  ],
  [
   0.08784782851211616,
   0.7857488597073228,
   0.7582362228344648
  ],
  [
   0.7581652244482407,
   0.7856983365429423,
   0.06779663046633189
  ],
  [
   0.8132687115998859,
   0.28572998789025006,
   0.56776712828043
  ],
  [
   0.31326334698036784,
   0.28573023488574767,
   0.003631940962239495
  ],
  [
   0.25815985982870476,
   0.785698583538386,
   0.5036614431480133
  ],
  [
   0.9476341442714147,
   0.7857464059503083,
   0.6263911162553406
  ],
  [
   0.6237953359644607,
   0.2856820998259023,
   0.12641184983721956
  ],
  [
   0.12379442715717318,
   0.2856821654782436,
   0.4450374551733063
  ],
  [
   0.44763323546407974,
   0.7857464716026812,
   0.9450167215913226
  ],
  [
   0.9461837097119583,
   0.7857448850466753,
   0.2958269766902139
  ],
  [
   0.6252729068777036,
   0.285683959345953,
   0.7958524720273839
  ],
  [
   0.1252448617163888,
   0.2856836863818081,
   0.7756015947384649
  ],
  [
   0.4461556645508782,
   0.7857446120828451,
   0.27557609940116634
  ],
  [
   0.535714285714305,
   0.5357142857142547,
   0.5357142857142149
  ],
  [
   0.03571428571427876,
   0.5357142857142906,
   0.03571428571427213
  ],
  [
   0.5357142857143153,
   0.03571428571430044,
   0.5357142857142152
  ],
  [
   0.03571428571427918,
   0.03571428571425121,
   0.03571428571428174
  ]
 ]
}