{
 "0": {
  "0": [
   0.37575781737604336,
   0.392691315929382,
   0.3926936267749101,
   0.375754144358079,
   0.37649877516538116,
   0.39490403511144906,
   0.3949104989482275,
   0.37649118223110123,
   0.3760760125272523,
   0.3955900596984843,
   0.39559455947461175,
   0.3760717994760138,
   0.3760717994761257,
   0.3955945594748875,
   0.39559005969873406,
   0.3760760125271973,
   0.3764911822310262,
   0.3949104989481298,
   0.3949040351109102,
   0.3764987751650333,
   0.37575414435768245,
   0.3926936267745167,
   0.3926913159289747,
   0.37575781737578634
  ],
  "1": [
   -3.0662250385264684,
   -3.083352016453696,
   -3.083363877009547,
   -3.0662395251465053,
   -3.066883099356215,
   -3.0855299696427165,
   -3.0855544294432797,
   -3.066912554320457,
   -3.0663724909541368,
   -3.0861660457830378,
   -3.0861788920204436,
   -3.0663874990672535,
   -3.0663874990673627,
   -3.0861788920207083,
   -3.0861660457832776,
   -3.0663724909541235,
   -3.066912554320463,
   -3.0855544294431674,
   -3.085529969642122,
   -3.066883099355866,
   -3.066239525146067,
   -3.083363877009122,
   -3.083352016453261,
   -3.0662250385261993
  ]
 },
 "1": {
  "0": [
   1.8387470834992794,
   1.8384245761243376,
   1.8384232724709662,
   1.838746921436821,
   1.8387509210375297,
   1.8384377093894675,
   1.8384347448529026,
   1.838750441294764,
   1.8387545088512416,
   1.8384490380032803,
   1.838447642154312,
   1.838754379945603,
   1.8387543799456283,
   1.838447642154348,
   1.8384490380033112,
   1.8387545088513129,
   1.838750441294778,
   1.838434744852983,
   1.8384377093895243,
   1.8387509210375637,
   1.8387469214368637,
   1.8384232724709713,
   1.838424576124341,
   1.838747083499335
  ],
  "1": [
   1.8384934202202556,
   1.838303610353086,
   1.8383054000874728,
   1.8384968967240416,
   1.838489227343228,
   1.8382996129056801,
   1.8383037700585376,
   1.8384962004315417,
   1.838488449647613,
   1.8382984143958476,
   1.8383002517825877,
   1.838491993208122,
   1.8384919932080888,
   1.8383002517826028,
   1.838298414395879,
   1.8384884496475904,
   1.838496200431704,
   1.8383037700586307,
   1.8382996129057796,
   1.838489227343387,
   1.8384968967240685,
   1.8383054000875003,
   1.8383036103531207,
   1.8384934202202965
  ]
 },
 "2": {
  "0": [
   1.7936590112293773,
   1.7937663897752494,
   1.7939241630970928,
   1.7939289876305116,
   1.7937734191677706,
   1.793661506881549,
   1.793655537881223,
   1.7937625087798938,
   1.7939253418469614,
   1.7939354265101264,
   1.7937764982209314,
   1.7936609015614888,
   1.793654919782801,
   1.7937656290159798,
   1.7939322125185924,
   1.7939371990810808,
   1.7937725631001726,
   1.7936576793258774,
   1.7936576793257268,
   1.793772563100086,
   1.793937199081078,
   1.7939322125185677,
   1.7937656290161816,
   1.7936549197832028,
   1.7936609015617917,
   1.7937764982212168,
   1.7939354265104392,
   1.7939253418470011,
   1.7937625087800106,
   1.7936555378811638,
   1.7936615068815736,
   1.7937734191677757,
   1.7939289876306248,
   1.7939241630971725,
   1.7937663897753788,
   1.7936590112296575
  ],
  "1": [
   1.7960345219927565,
   1.7960473038582565,
   1.7960621364559877,
   1.7960610552138274,
   1.7960458413857254,
   1.7960338829573048,
   1.796029376541871,
   1.7960441276810937,
   1.7960617468153726,
   1.7960593456170049,
   1.7960413599911156,
   1.7960279867614792,
   1.7960231695895492,
   1.7960398614261683,
   1.7960590392984643,
   1.7960582726300731,
   1.7960383879311395,
   1.7960228090868224,
   1.796022809086662,
   1.7960383879309572,
   1.7960582726300132,
   1.7960590392984679,
   1.796039861426401,
   1.7960231695899915,
   1.7960279867618985,
   1.796041359991519,
   1.7960593456174618,
   1.7960617468155105,
   1.79604412768121,
   1.7960293765419686,
   1.7960338829572882,
   1.796045841385661,
   1.7960610552138536,
   1.7960621364560463,
   1.7960473038583602,
   1.7960345219928677
  ]
 },
 "Z_a": [
  6,
  6,
  6,
  6,
  6,
  6,
  6,
  6,
  6,
  6,
  6,
  6,
  15,
  15,
  15,
  15,
  5,
  5,
  5,
  5,
  6,
  6,
  6,
  6,
  1,
  1,
  1,
  1
 ],
 "spos_ac": [
  [
   0.875086171267842,
   0.5799114664354494,
   0.7620001604529165
  ],
  [
   0.6963326491430107,
   0.49152273806342317,
   0.26204968708065984
  ],
  [
   0.19634578503225414,
   0.07986334182487917,
   0.3093996709370247
  ],
  [
   0.37509243651960295,
   0.9915710460212733,
   0.809350332057105
  ],
  [
   0.1963424045650943,
   0.48983525316322435,
   0.3094284111907408
  ],
  [
   0.37509592228564614,
   0.5799058333650529,
   0.8093788843478147
  ],
  [
   0.8750827863963759,
   0.9915652296037303,
   0.7620289004915775
  ],
  [
   0.6963361349088255,
   0.0798575254071736,
   0.26207823937147035
  ],
  [
   0.5878528164294758,
   0.7857486902548056,
   0.8132081770705389
  ],
  [
   0.9835807429164943,
   0.28567971172124473,
   0.31319234859390055
  ],
  [
   0.4835757549990956,
   0.2856798811737049,
   0.25822039435815514
  ],
  [
   0.08784782851211616,
   0.7857488597073228,
   0.7582362228344648
  ],
  [
   0.7581652244482407,
   0.7856983365429423,
   0.06779663046633189
  ],
  [
   0.8132687115998859,
   0.28572998789025006,
   0.56776712828043
  ],
  [
   0.31326334698036784,
   0.28573023488574767,
   0.003631940962239495
  ],
  [
   0.25815985982870476,
   0.785698583538386,
   0.5036614431480133
  ],
  [
   0.9476341442714147,
   0.7857464059503083,
   0.6263911162553406
  ],
  [
   0.6237953359644607,
   0.2856820998259023,
   0.12641184983721956
  ],
  [
   0.12379442715717318,
   0.2856821654782436,
   0.4450374551733063
  ],
  [
   0.44763323546407974,
   0.7857464716026812,
   0.9450167215913226
  ],
  [
   0.9461837097119583,
   0.7857448850466753,
   0.2958269766902139
  ],
  [
   0.6252729068777036,
   0.285683959345953,
   0.7958524720273839
  ],
  [
   0.1252448617163888,
   0.2856836863818081,
   0.7756015947384649
  ],
  [
   0.4461556645508782,
   0.7857446120828451,
   0.27557609940116634
  ],
  [
   0.535714285714305,
   0.5357142857142547,
   0.5357142857142149
  ],
  [
   0.03571428571427876,
   0.5357142857142906,
   0.03571428571427213
  ],
  [
   0.5357142857143153,
   0.03571428571430044,
   0.5357142857142152
  ],
  [
   0.03571428571427918,
   0.03571428571425121,
   0.03571428571428174
  ]
 ]
}