{
 "0": {
  "0": [
   0.3514419298542124,
   0.3684166953680174,
   0.36843734612088885,
   0.3514649136226533,
   0.3521367308585917,
   0.37063984562669516,
   0.37068198634181165,
   0.35218447572368716,
   0.35167314562675045,
   0.3713255940601394,
   0.37134741313277964,
   0.3516979527633094,
   0.351697952763294,
   0.37134741313277103,
   0.3713255940601654,
   0.3516731456267765,
   0.35218447572369604,
   0.37068198634177396,
   0.3706398456267528,
   0.3521367308585723,
   0.35146491362264826,
   0.36843734612091106,
   0.36841669536802585,
   0.351441929854159
  ],
  "1": [
   -3.0911946046725793,
   -3.1082954580557507,
   -3.1082733164495333,
   -3.091172169134453,
   -3.091899682648088,
   -3.1104471460859613,
   -3.110401277535686,
   -3.091853292566173,
   -3.0913996327031508,
   -3.1110151029459034,
   -3.1109913083465828,
   -3.091375312871391,
   -3.0913753128713877,
   -3.110991308346584,
   -3.1110151029459088,
   -3.0913996327032227,
   -3.0918532925662063,
   -3.1104012775356793,
   -3.1104471460859298,
   -3.091899682648011,
   -3.0911721691344223,
   -3.10827331644955,
   -3.108295458055745,
   -3.091194604672562
  ]
 },
 "1": {
  "0": [
   1.7980660614518338,
   1.7978027551878597,
   1.7978047452918016,
   1.7980674207729528,
   1.7980618059164826,
   1.7978041785484102,
   1.797808087701466,
   1.798063808145936,
   1.7980584924801073,
   1.7978071370237432,
   1.7978092155480554,
   1.798059540764959,
   1.7980595407649438,
   1.7978092155480556,
   1.7978071370237034,
   1.798058492480134,
   1.798063808145933,
   1.7978080877014273,
   1.7978041785483847,
   1.798061805916454,
   1.7980674207729537,
   1.7978047452918138,
   1.7978027551878657,
   1.7980660614518365
  ],
  "1": [
   1.7969450967411242,
   1.796976118763715,
   1.7969709407515635,
   1.7969422435620725,
   1.7969475818004275,
   1.796979038919942,
   1.7969691045359057,
   1.7969419671198057,
   1.7969469772268098,
   1.7969777281194408,
   1.7969725021037524,
   1.7969440168928985,
   1.796944016892865,
   1.796972502103702,
   1.7969777281193768,
   1.7969469772267899,
   1.796941967119843,
   1.7969691045358807,
   1.7969790389199634,
   1.796947581800413,
   1.7969422435620792,
   1.796970940751517,
   1.7969761187636994,
   1.7969450967411347
  ]
 },
 "2": {
  "0": [
   1.7919243643592606,
   1.7919616465743098,
   1.7920319798731357,
   1.7920328779665697,
   1.7919649964790418,
   1.7919268614415365,
   1.7919258995176683,
   1.79196234280594,
   1.792032940121326,
   1.7920351512500554,
   1.7919686791548837,
   1.7919303650578193,
   1.7919298138431905,
   1.7919661727809444,
   1.7920356984120087,
   1.792036299096025,
   1.7919693111897619,
   1.7919318700489433,
   1.7919318700488291,
   1.791969311189777,
   1.792036299095991,
   1.7920356984119508,
   1.7919661727809317,
   1.7919298138432522,
   1.7919303650577578,
   1.791968679154857,
   1.792035151250078,
   1.7920329401212338,
   1.7919623428058735,
   1.791925899517563,
   1.79192686144147,
   1.7919649964790325,
   1.7920328779666503,
   1.7920319798732707,
   1.791961646574317,
   1.79192436435926
  ],
  "1": [
   1.7942933012518663,
   1.7944237790265958,
   1.7945746906315907,
   1.7945766391199347,
   1.7944270531705317,
   1.7942946660832915,
   1.7942902316761449,
   1.794413545609727,
   1.7945633763558881,
   1.7945673586593007,
   1.7944199529824831,
   1.7942927264914716,
   1.7942882294094789,
   1.7944067897563067,
   1.7945534187650058,
   1.7945554151931786,
   1.7944099142375736,
   1.7942892624286653,
   1.7942892624285074,
   1.7944099142376015,
   1.7945554151931338,
   1.7945534187649388,
   1.7944067897562848,
   1.794288229409446,
   1.7942927264913842,
   1.7944199529824967,
   1.7945673586592221,
   1.7945633763558906,
   1.7944135456097476,
   1.7942902316761862,
   1.794294666083242,
   1.7944270531704651,
   1.794576639119899,
   1.794574690631621,
   1.794423779026634,
   1.794293301251818
  ]
 },
 "Z_a": [
  6,
  6,
  6,
  6,
  6,
  6,
  6,
  6,
  6,
  6,
  6,
  6,
  15,
  15,
  15,
  15,
  5,
  5,
  5,
  5,
  6,
  6,
  6,
  6,
  1,
  1,
  1,
  1
 ],
 "spos_ac": [
  [
   0.875086171267842,
   0.5799114664354494,
   0.7620001604529165
  ],
  [
   0.6963326491430107,
   0.49152273806342317,
   0.26204968708065984
  ],
  [
   0.19634578503225414,
   0.07986334182487917,
   0.3093996709370247
  ],
  [
   0.37509243651960295,
   0.9915710460212733,
   0.809350332057105
  ],
  [
   0.19634240016082302,
   0.4915171049931042,
   0.30942841097595686
  ],
  [
   0.37509592228564614,
   0.5799058333650529,
   0.8093788843478147
  ],
  [
   0.8750827863963759,
   0.9915652296037303,
   0.7620289004915775
  ],
  [
   0.6973250114874204,
   0.07985751791427714,
   0.2620782468723963
  ],
  [
   0.5878528164294758,
   0.7857486902548056,
   0.8132081770705389
  ],
  [
   0.9835807429164943,
   0.28567971172124473,
   0.31319234859390055
  ],
  [
   0.4835757549990956,
   0.2856798811737049,
   0.25822039435815514
  ],
  [
   0.08784782851211616,
   0.7857488597073228,
   0.7582362228344648
  ],
  [
   0.7581652244482407,
   0.7856983365429423,
   0.06779663046633189
  ],
  [
   0.8132687115998859,
   0.28572998789025006,
   0.56776712828043
  ],
  [
   0.31326334698036784,
   0.28573023488574767,
   0.003631940962239495
  ],
  [
   0.25815985982870476,
   0.785698583538386,
   0.5036614431480133
  ],
  [
   0.9476341442714147,
   0.7857464059503083,
   0.6263911162553406
  ],
  [
   0.6237953359644607,
   0.2856820998259023,
   0.12641184983721956
  ],
  [
   0.12379442715717318,
   0.2856821654782436,
   0.4450374551733063
  ],
  [
   0.44763323546407974,
   0.7857464716026812,
   0.9450167215913226
  ],
  [
   0.9461837097119583,
   0.7857448850466753,
   0.2958269766902139
  ],
  [
   0.6252729068777036,
   0.285683959345953,
   0.7958524720273839
  ],
  [
   0.1252448617163888,
   0.2856836863818081,
   0.7756015947384649
  ],
  [
   0.4461556645508782,
   0.7857446120828451,
   0.27557609940116634
  ],
  [
   0.535714285714305,
   0.5357142857142547,
   0.5357142857142149
  ],
  [
   0.03571428571427876,
   0.5357142857142906,
   0.03571428571427213
  ],
  [
   0.5357142857143153,
   0.03571428571430044,
   0.5357142857142152
  ],
  [
   0.03571428571427918,
   0.03571428571425121,
   0.03571428571428174
  ]
 ]
}