{
 "0": {
  "0": [
   0.3749294713457613,
   0.3919131574011621,
   0.3919056696828086,
   0.37492298886281683,
   0.37563223646423344,
   0.3940975961778049,
   0.39408184957101394,
   0.3756176497195475,
   0.3751490065138756,
   0.39471974363680784,
   0.3947118277390696,
   0.37514096053343915,
   0.3751409605334502,
   0.3947118277391216,
   0.39471974363685547,
   0.37514900651390765,
   0.3756176497195869,
   0.3940818495709246,
   0.3940975961778046,
   0.3756322364641934,
   0.3749229888627679,
   0.39190566968290824,
   0.39191315740120924,
   0.37492947134587096
  ],
  "1": [
   -3.067739374780863,
   -3.084716455539204,
   -3.0847303935937105,
   -3.067748356044314,
   -3.068433414848618,
   -3.0868902346093217,
   -3.086918541640146,
   -3.068452982337815,
   -3.067958615376751,
   -3.0875237928682293,
   -3.08753842602559,
   -3.0679690937669113,
   -3.0679690937669157,
   -3.0875384260256435,
   -3.0875237928682413,
   -3.0679586153766385,
   -3.0684529823378406,
   -3.086918541640262,
   -3.08689023460927,
   -3.0684334148485566,
   -3.067748356044244,
   -3.0847303935937793,
   -3.084716455539059,
   -3.067739374780916
  ]
 },
 "1": {
  "0": [
   1.7578003040926156,
   1.7576700974581432,
   1.7576718278687657,
   1.7578017076738182,
   1.7577961097158386,
   1.7576699135970613,
   1.7576727370357976,
   1.7577991870537795,
   1.7577937385178826,
   1.757670425714994,
   1.7576721064643763,
   1.7577951132025846,
   1.7577951132025593,
   1.7576721064644032,
   1.7576704257149491,
   1.7577937385181823,
   1.7577991870538205,
   1.7576727370358936,
   1.757669913597112,
   1.7577961097155321,
   1.7578017076737504,
   1.7576718278687593,
   1.7576700974580857,
   1.7578003040927075
  ],
  "1": [
   1.7558629208383705,
   1.7558922768856462,
   1.7558840561144418,
   1.7558588551210892,
   1.7558560537917116,
   1.755882482510237,
   1.7558661469158816,
   1.7558480922238342,
   1.7558453390104178,
   1.7558648791763487,
   1.755856543175195,
   1.7558412292345813,
   1.755841229234507,
   1.7558565431752071,
   1.7558648791763647,
   1.75584533901052,
   1.7558480922239756,
   1.7558661469157413,
   1.7558824825102175,
   1.7558560537916734,
   1.7558588551209753,
   1.755884056114464,
   1.75589227688549,
   1.7558629208384473
  ]
 },
 "2": {
  "0": [
   1.7942773235835139,
   1.7942745445170007,
   1.7942751811443258,
   1.794279971852154,
   1.794282726356234,
   1.7942806037133614,
   1.7942753745338935,
   1.7942706661137733,
   1.7942722975624341,
   1.7942827259266054,
   1.7942869778995945,
   1.79428248287936,
   1.7942773902186533,
   1.7942749042966573,
   1.7942752660643035,
   1.79428035375267,
   1.7942830548331723,
   1.7942807424796934,
   1.7942807424798455,
   1.7942830548324264,
   1.7942803537529493,
   1.7942752660641212,
   1.79427490429701,
   1.7942773902186542,
   1.79428248287971,
   1.7942869778995552,
   1.7942827259270926,
   1.794272297562501,
   1.7942706661138081,
   1.7942753745342106,
   1.794280603713212,
   1.7942827263560681,
   1.7942799718522855,
   1.794275181144406,
   1.7942745445171546,
   1.7942773235837841
  ],
  "1": [
   1.7961300527933908,
   1.7961307732707872,
   1.7961359323287152,
   1.796138102793839,
   1.7961371142445275,
   1.7961335111855963,
   1.79612839428668,
   1.7961276983298804,
   1.7961350492188104,
   1.7961390921807958,
   1.7961397619274262,
   1.7961351267469468,
   1.7961297035089625,
   1.7961304010236043,
   1.7961357364535866,
   1.7961378290301135,
   1.796136687314281,
   1.7961334015267678,
   1.796133401526375,
   1.7961366873143312,
   1.7961378290302892,
   1.7961357364535258,
   1.7961304010237213,
   1.7961297035089099,
   1.7961351267464973,
   1.7961397619275064,
   1.796139092181042,
   1.796135049218763,
   1.7961276983297603,
   1.796128394286376,
   1.796133511185314,
   1.7961371142446,
   1.7961381027939851,
   1.7961359323288364,
   1.796130773270502,
   1.7961300527928976
  ]
 },
 "Z_a": [
  6,
  6,
  6,
  6,
  6,
  6,
  6,
  6,
  6,
  6,
  6,
  6,
  15,
  15,
  15,
  15,
  5,
  5,
  5,
  5,
  6,
  6,
  6,
  6,
  1,
  1,
  1,
  1
 ],
 "spos_ac": [
  [
   0.875086171267842,
   0.5799114664354494,
   0.7620001604529165
  ],
  [
   0.6963326491430107,
   0.49152273806342317,
   0.26204968708065984
  ],
  [
   0.19634578503225414,
   0.07986334182487917,
   0.3093996709370247
  ],
  [
   0.37509243651960295,
   0.9915710460212733,
   0.809350332057105
  ],
  [
   0.19634240016082302,
   0.4915171049931042,
   0.30942841097595686
  ],
  [
   0.37509592228564614,
   0.5799058333650529,
   0.8093788843478147
  ],
  [
   0.8750827863963759,
   0.9915652296037303,
   0.7620289004915775
  ],
  [
   0.6963361349088255,
   0.0798575254071736,
   0.26207823937147035
  ],
  [
   0.5878528120252046,
   0.7874305420846854,
   0.813208176855755
  ],
  [
   0.9835807429164943,
   0.28567971172124473,
   0.31319234859390055
  ],
  [
   0.4835757549990956,
   0.2856798811737049,
   0.25822039435815514
  ],
  [
   0.08784782851211616,
   0.7857488597073228,
   0.7582362228344648
  ],
  [
   0.7581652244482407,
   0.7856983365429423,
   0.06779663046633189
  ],
  [
   0.8132687115998859,
   0.28572998789025006,
   0.56776712828043
  ],
  [
   0.31326334698036784,
   0.28573023488574767,
   0.003631940962239495
  ],
  [
   0.25815985982870476,
   0.785698583538386,
   0.5036614431480133
  ],
  [
   0.9476341442714147,
   0.7857464059503083,
   0.6263911162553406
  ],
  [
   0.6237953359644607,
   0.2856820998259023,
   0.12641184983721956
  ],
  [
   0.12379442715717318,
   0.2856821654782436,
   0.4450374551733063
  ],
  [
   0.44763323546407974,
   0.7857464716026812,
   0.9450167215913226
  ],
  [
   0.9461837097119583,
   0.7857448850466753,
   0.2958269766902139
  ],
  [
   0.6252729068777036,
   0.285683959345953,
   0.7958524720273839
  ],
  [
   0.1252448617163888,
   0.2856836863818081,
   0.7756015947384649
  ],
  [
   0.4461556645508782,
   0.7857446120828451,
   0.27557609940116634
  ],
  [
   0.535714285714305,
   0.5357142857142547,
   0.5357142857142149
  ],
  [
   0.03571428571427876,
   0.5357142857142906,
   0.03571428571427213
  ],
  [
   0.5357142857143153,
   0.03571428571430044,
   0.5357142857142152
  ],
  [
   0.03571428571427918,
   0.03571428571425121,
   0.03571428571428174
  ]
 ]
}