{
 "0": {
  "0": [
   0.3734295892243291,
   0.3905569832592646,
   0.3905688427763741,
   0.373444080073186,
   0.374087841261147,
   0.39273505260597646,
   0.3927595151453969,
   0.3741173063170381,
   0.37357741717143,
   0.3933712581149103,
   0.3933841071332206,
   0.37359242328753484,
   0.37359242328751985,
   0.3933841071332316,
   0.39337125811490714,
   0.3735774171714179,
   0.37411730631707585,
   0.39275951514541285,
   0.3927350526060068,
   0.3740878412611565,
   0.37344408007319313,
   0.3905688427763544,
   0.39055698325929544,
   0.37342958922423886
  ],
  "1": [
   -3.068553127791996,
   -3.0854862977600255,
   -3.0854886102297923,
   -3.0685494610679034,
   -3.0692939422558125,
   -3.0876989202315324,
   -3.0877053872248843,
   -3.069286358138912,
   -3.0688710310980074,
   -3.0883848249805754,
   -3.0883893263220834,
   -3.068866837052549,
   -3.068866837052539,
   -3.0883893263221043,
   -3.088384824980579,
   -3.0688710310980194,
   -3.0692863581388776,
   -3.087705387224888,
   -3.087698920231485,
   -3.069293942255782,
   -3.0685494610679167,
   -3.08548861022974,
   -3.085486297760003,
   -3.0685531277920037
  ]
 },
 "1": {
  "0": [
   1.8404192208527597,
   1.8402418912077179,
   1.8402401013342682,
   1.8404157485352093,
   1.8404187082646222,
   1.8402432518884384,
   1.8402390967118425,
   1.8404117602701096,
   1.8404149663982883,
   1.8402419371216037,
   1.8402401034227174,
   1.8404114281335244,
   1.8404114281335189,
   1.840240103422703,
   1.8402419371215692,
   1.8404149663981801,
   1.8404117602700425,
   1.8402390967118092,
   1.8402432518883978,
   1.8404187082645487,
   1.8404157485351915,
   1.840240101334271,
   1.840241891207657,
   1.8404192208528103
  ],
  "1": [
   1.83682322852565,
   1.836485502020346,
   1.8364868077864416,
   1.8368233933716105,
   1.8368265977148728,
   1.8364940230847504,
   1.8364969879668631,
   1.8368270777971647,
   1.836830083505246,
   1.8365047540740589,
   1.8365061512061385,
   1.8368302152684453,
   1.8368302152684235,
   1.8365061512061573,
   1.8365047540741088,
   1.8368300835052298,
   1.8368270777971287,
   1.8364969879669113,
   1.8364940230847384,
   1.8368265977148732,
   1.8368233933716047,
   1.8364868077865082,
   1.8364855020203854,
   1.8368232285256425
  ]
 },
 "2": {
  "0": [
   1.794183193657118,
   1.7941930551440017,
   1.7942046063742987,
   1.7942056858435496,
   1.7941945170072455,
   1.7941838321457158,
   1.7941773007590092,
   1.7941889358143484,
   1.7942027348204275,
   1.7942051106023977,
   1.7941916985237332,
   1.794178689167625,
   1.794172500886972,
   1.7941862575805336,
   1.7942021651672744,
   1.794202931000458,
   1.794187728371592,
   1.7941728598917448,
   1.79417285989173,
   1.7941877283716605,
   1.7942029310005474,
   1.794202165167181,
   1.7941862575806797,
   1.7941725008869749,
   1.7941786891676244,
   1.7941916985237643,
   1.7942051106021908,
   1.7942027348205063,
   1.794188935814297,
   1.7941773007592043,
   1.7941838321458168,
   1.7941945170071552,
   1.7942056858435513,
   1.7942046063742334,
   1.7941930551440066,
   1.7941831936571435
  ],
  "1": [
   1.7955135588656959,
   1.795627508900286,
   1.7957866558578488,
   1.7957818350693098,
   1.7956204821598203,
   1.795511064860895,
   1.7955129442216873,
   1.7956302251439402,
   1.7957932671221544,
   1.795783167334189,
   1.7956162414373693,
   1.795507580938697,
   1.7955093706581573,
   1.795625996985581,
   1.7957944928204819,
   1.795789509101287,
   1.7956190658047453,
   1.7955066127316766,
   1.7955066127317778,
   1.7956190658048303,
   1.795789509101215,
   1.79579449282054,
   1.7956259969855786,
   1.7955093706580159,
   1.7955075809388317,
   1.7956162414375287,
   1.795783167334281,
   1.7957932671221037,
   1.7956302251441416,
   1.7955129442216913,
   1.795511064860967,
   1.7956204821596735,
   1.795781835069177,
   1.7957866558578135,
   1.7956275089001315,
   1.7955135588657176
  ]
 },
 "Z_a": [
  6,
  6,
  6,
  6,
  6,
  6,
  6,
  6,
  6,
  6,
  6,
  6,
  15,
  15,
  15,
  15,
  5,
  5,
  5,
  5,
  6,
  6,
  6,
  6,
  1,
  1,
  1,
  1
 ],
 "spos_ac": [
  [
   0.875086171267842,
   0.5799114664354494,
   0.7620001604529165
  ],
  [
   0.6963326491430107,
   0.49152273806342317,
   0.26204968708065984
  ],
  [
   0.19634578503225414,
   0.07986334182487917,
   0.3093996709370247
  ],
  [
   0.3750924409238742,
   0.9898891941913934,
   0.809350332271889
  ],
  [
   0.19634240016082302,
   0.4915171049931042,
   0.30942841097595686
  ],
  [
   0.37509592228564614,
   0.5799058333650529,
   0.8093788843478147
  ],
  [
   0.8750827863963759,
   0.9915652296037303,
   0.7620289004915775
  ],
  [
   0.6963361349088255,
   0.0798575254071736,
   0.26207823937147035
  ],
  [
   0.5878528164294758,
   0.7857486902548056,
   0.8132081770705389
  ],
  [
   0.9835807429164943,
   0.28567971172124473,
   0.31319234859390055
  ],
  [
   0.4835757549990956,
   0.2856798811737049,
   0.25822039435815514
  ],
  [
   0.08784782851211616,
   0.7857488597073228,
   0.7582362228344648
  ],
  [
   0.7581652244482407,
   0.7856983365429423,
   0.06779663046633189
  ],
  [
   0.8132687115998859,
   0.28572998789025006,
   0.56776712828043
  ],
  [
   0.31326334698036784,
   0.28573023488574767,
   0.003631940962239495
  ],
  [
   0.25815985982870476,
   0.785698583538386,
   0.5036614431480133
  ],
  [
   0.9476341442714147,
   0.7857464059503083,
   0.6263911162553406
  ],
  [
   0.6237953359644607,
   0.2856820998259023,
   0.12641184983721956
  ],
  [
   0.12379442715717318,
   0.2856821654782436,
   0.4450374551733063
  ],
  [
   0.44763323546407974,
   0.7857464716026812,
   0.9450167215913226
  ],
  [
   0.9461837097119583,
   0.7857448850466753,
   0.2958269766902139
  ],
  [
   0.6252729068777036,
   0.285683959345953,
   0.7958524720273839
  ],
  [
   0.1252448617163888,
   0.2856836863818081,
   0.7756015947384649
  ],
  [
   0.4461556645508782,
   0.7857446120828451,
   0.27557609940116634
  ],
  [
   0.535714285714305,
   0.5357142857142547,
   0.5357142857142149
  ],
  [
   0.03571428571427876,
   0.5357142857142906,
   0.03571428571427213
  ],
  [
   0.5357142857143153,
   0.03571428571430044,
   0.5357142857142152
  ],
  [
   0.03571428571427918,
   0.03571428571425121,
   0.03571428571428174
  ]
 ]
}