{
 "0": {
  "0": [
   0.37476473939568616,
   0.3917628143146652,
   0.3917630113246093,
   0.3747671399760882,
   0.3754616512279901,
   0.39394117482977137,
   0.39394158722513994,
   0.3754665985169915,
   0.3749845513502771,
   0.39456733319141823,
   0.394567680370268,
   0.37498697946309417,
   0.37498697946310244,
   0.394567680370238,
   0.39456733319128856,
   0.3749845513502084,
   0.37546659851700664,
   0.393941587225197,
   0.39394117482989655,
   0.37546165122804,
   0.3747671399761437,
   0.39176301132451513,
   0.39176281431470134,
   0.3747647393958382
  ],
  "1": [
   -3.0679088728709196,
   -3.0848718968074733,
   -3.0848719780786142,
   -3.067906385584192,
   -3.068610853305107,
   -3.08705555211536,
   -3.087055201630917,
   -3.0686059854621193,
   -3.0681297500562947,
   -3.087682906923371,
   -3.087682593663132,
   -3.0681272143063114,
   -3.0681272143063514,
   -3.0876825936631667,
   -3.0876829069232956,
   -3.0681297500562517,
   -3.0686059854618986,
   -3.087055201630994,
   -3.0870555521154492,
   -3.068610853305047,
   -3.0679063855844255,
   -3.0848719780787297,
   -3.0848718968073974,
   -3.067908872870853
  ]
 },
 "1": {
  "0": [
   1.7955880979268029,
   1.7956506856762415,
   1.7956505261446212,
   1.7955883145577753,
   1.795589064524754,
   1.795653508527095,
   1.795652819651766,
   1.7955894093055011,
   1.7955903217920526,
   1.7956554163925975,
   1.7956552730751951,
   1.795590534348787,
   1.795590534348583,
   1.795655273075109,
   1.7956554163927367,
   1.7955903217920426,
   1.7955894093056717,
   1.7956528196518442,
   1.7956535085272434,
   1.795589064524542,
   1.795588314557852,
   1.795650526144651,
   1.795650685676316,
   1.7955880979268952
  ],
  "1": [
   1.7936659303543832,
   1.7937138376041024,
   1.793713659855541,
   1.793666130782299,
   1.7936666674377466,
   1.7937133056804893,
   1.793713354650062,
   1.7936671172914453,
   1.793667536106363,
   1.7937133998439312,
   1.793713237582967,
   1.7936677323005736,
   1.7936677323010162,
   1.7937132375829898,
   1.7937133998438828,
   1.7936675361063283,
   1.7936671172916068,
   1.7937133546499822,
   1.7937133056804537,
   1.7936666674377846,
   1.7936661307823782,
   1.7937136598555747,
   1.7937138376040431,
   1.7936659303544529
  ]
 },
 "2": {
  "0": [
   1.796284333935863,
   1.7962573050097488,
   1.796228087180812,
   1.7962281049767816,
   1.796257298779637,
   1.7962842908960714,
   1.796284079076848,
   1.7962581485358238,
   1.7962289087140462,
   1.7962292312060075,
   1.7962581106799946,
   1.7962843628902514,
   1.7962842798646594,
   1.7962589348606406,
   1.7962303733976914,
   1.796230366599022,
   1.7962589027355085,
   1.7962842185287016,
   1.7962842185289185,
   1.7962589027354459,
   1.796230366598688,
   1.7962303733970937,
   1.7962589348604026,
   1.7962842798647103,
   1.796284362890838,
   1.7962581106801,
   1.7962292312060095,
   1.7962289087134995,
   1.7962581485358715,
   1.796284079076315,
   1.7962842908956873,
   1.796257298779262,
   1.7962281049766677,
   1.7962280871805556,
   1.7962573050094177,
   1.7962843339351844
  ],
  "1": [
   1.79813549825935,
   1.79811057223654,
   1.798085033597263,
   1.7980850479470154,
   1.798110549454345,
   1.798135443643901,
   1.7981355131430092,
   1.7981110343594704,
   1.798086326496035,
   1.7980859700329754,
   1.7981109639272967,
   1.7981352146868645,
   1.798135056422624,
   1.7981114897830561,
   1.7980868885799215,
   1.7980868781473764,
   1.7981114413069814,
   1.798134983827804,
   1.7981349838276846,
   1.7981114413067856,
   1.7980868781471688,
   1.7980868885796806,
   1.7981114897843642,
   1.798135056422517,
   1.798135214686999,
   1.7981109639270407,
   1.7980859700328171,
   1.7980863264956817,
   1.7981110343590048,
   1.7981355131427044,
   1.7981354436435422,
   1.798110549454174,
   1.7980850479467858,
   1.7980850335967657,
   1.7981105722360906,
   1.7981354982588929
  ]
 },
 "Z_a": [
  6,
  6,
  6,
  6,
  6,
  6,
  6,
  6,
  6,
  6,
  6,
  6,
  15,
  15,
  15,
  15,
  5,
  5,
  5,
  5,
  6,
  6,
  6,
  6,
  1,
  1,
  1,
  1
 ],
 "spos_ac": [
  [
   0.875086171267842,
   0.5799114664354494,
   0.7620001604529165
  ],
  [
   0.6963326491430107,
   0.49152273806342317,
   0.26204968708065984
  ],
  [
   0.19634578503225414,
   0.07986334182487917,
   0.3093996709370247
  ],
  [
   0.37509243651960295,
   0.9915710460212733,
   0.809350332057105
  ],
  [
   0.19634240016082302,
   0.4915171049931042,
   0.30942841097595686
  ],
  [
   0.37509592228564614,
   0.5799058333650529,
   0.8093788843478147
  ],
  [
   0.8750827863963759,
   0.9915652296037303,
   0.7620289004915775
  ],
  [
   0.6963361349088255,
   0.0798575254071736,
   0.26207823937147035
  ],
  [
   0.5878528164294758,
   0.7857486902548056,
   0.8132081770705389
  ],
  [
   0.9835807429164943,
   0.28567971172124473,
   0.31319234859390055
  ],
  [
   0.4835757549990956,
   0.2856798811737049,
   0.25822039435815514
  ],
  [
   0.08784782851211616,
   0.7857488597073228,
   0.7582362228344648
  ],
  [
   0.7581652244482407,
   0.7856983365429423,
   0.06779663046633189
  ],
  [
   0.8132687115998859,
   0.28572998789025006,
   0.56776712828043
  ],
  [
   0.31326334698036784,
   0.28573023488574767,
   0.003631940962239495
  ],
  [
   0.25815985982870476,
   0.785698583538386,
   0.5036614431480133
  ],
  [
   0.9476341442714147,
   0.7857464059503083,
   0.6263911162553406
  ],
  [
   0.6237953359644607,
   0.2856820998259023,
   0.12641184983721956
  ],
  [
   0.12379442715717318,
   0.2856821654782436,
   0.4450374551733063
  ],
  [
   0.44763323546407974,
   0.7857464716026812,
   0.9450167215913226
  ],
  [
   0.9461837097119583,
   0.7857448850466753,
   0.2958269766902139
  ],
  [
   0.6252729068777036,
   0.285683959345953,
   0.7958524720273839
  ],
  [
   0.1252448617163888,
   0.2856836863818081,
   0.7756015947384649
  ],
  [
   0.4461556645508782,
   0.7857446120828451,
   0.27557609940116634
  ],
  [
   0.535714285714305,
   0.5357142857142547,
   0.5357142857142149
  ],
  [
   0.03571428571427876,
   0.5357142857142906,
   0.03571428571427213
  ],
  [
   0.5357142891302642,
   0.035714285547370925,
   0.5378809156876563
  ],
  [
   0.03571428571427918,
   0.03571428571425121,
   0.03571428571428174
  ]
 ]
}