{
 "0": {
  "0": [
   0.3984098972964759,
   0.4153996470355376,
   0.4154201690961306,
   0.3984326501204275,
   0.3990898137940566,
   0.4175180128447628,
   0.4175598574689206,
   0.39913703734495354,
   0.3986185070317849,
   0.41810728389412993,
   0.4181289299175832,
   0.398643027067116,
   0.3986430270671777,
   0.41812892991761125,
   0.4181072838941777,
   0.3986185070317276,
   0.39913703734495865,
   0.4175598574688456,
   0.4175180128447139,
   0.39908981379398817,
   0.39843265012036866,
   0.41542016909607965,
   0.4153996470354788,
   0.398409897296328
  ],
  "1": [
   -3.0442975637689234,
   -3.061158189161806,
   -3.061136352507034,
   -3.0442754408563726,
   -3.0450140190952086,
   -3.063390334104078,
   -3.063345040279023,
   -3.044968236783232,
   -3.044532328714928,
   -3.0640519017930297,
   -3.064028380531596,
   -3.044508307123901,
   -3.0445083071238788,
   -3.064028380531633,
   -3.0640519017930803,
   -3.044532328714877,
   -3.044968236783096,
   -3.063345040278988,
   -3.0633903341040405,
   -3.0450140190951003,
   -3.044275440856172,
   -3.061136352506972,
   -3.0611581891617807,
   -3.0442975637687972
  ]
 },
 "1": {
  "0": [
   1.7942569860264628,
   1.794527374965101,
   1.7945294282712956,
   1.7942583677515134,
   1.7942607032049622,
   1.7945267615626082,
   1.7945307674016926,
   1.7942627013247079,
   1.794265323754604,
   1.7945276115159128,
   1.7945297309596517,
   1.7942663599374535,
   1.794266359937439,
   1.794529730959558,
   1.7945276115159432,
   1.794265323754549,
   1.7942627013247594,
   1.7945307674017053,
   1.794526761562554,
   1.7942607032050162,
   1.7942583677514976,
   1.794529428271377,
   1.7945273749651176,
   1.7942569860265887
  ],
  "1": [
   1.7915586431484085,
   1.7915136391316444,
   1.7915084836561999,
   1.7915558445656357,
   1.7915587166875,
   1.7915124627563943,
   1.7915025749917466,
   1.7915531263440887,
   1.7915561660398112,
   1.791506856637377,
   1.7915016420524477,
   1.791553208800607,
   1.791553208800606,
   1.7915016420524081,
   1.791506856637395,
   1.7915561660398123,
   1.7915531263441693,
   1.7915025749918065,
   1.7915124627564243,
   1.791558716687569,
   1.7915558445656963,
   1.7915084836561874,
   1.7915136391316113,
   1.7915586431484003
  ]
 },
 "2": {
  "0": [
   1.7919535669252644,
   1.7919901928497899,
   1.7920599019958898,
   1.7920607589841955,
   1.7919935037799122,
   1.7919560385850293,
   1.7919551253804094,
   1.7919909039957154,
   1.7920609191249777,
   1.7920630904840782,
   1.7919971635435032,
   1.7919595448101528,
   1.7919590404956947,
   1.7919947023815233,
   1.792063706473932,
   1.7920643017654168,
   1.7919978376878538,
   1.7919610873668095,
   1.7919610873669112,
   1.7919978376877799,
   1.792064301765477,
   1.792063706473947,
   1.7919947023816607,
   1.7919590404955792,
   1.7919595448102583,
   1.7919971635435388,
   1.7920630904840344,
   1.792060919124969,
   1.7919909039957527,
   1.7919551253802843,
   1.7919560385849704,
   1.791993503779974,
   1.7920607589842454,
   1.792059901995814,
   1.791990192849767,
   1.7919535669251947
  ],
  "1": [
   1.794295401892801,
   1.7944248881287155,
   1.7945748022630124,
   1.794576714113178,
   1.794428186457133,
   1.7942967833270105,
   1.7942923907718094,
   1.7944147186866617,
   1.7945635153381925,
   1.794567465242424,
   1.7944211148168487,
   1.794294904704203,
   1.7942904556794232,
   1.7944079926620675,
   1.794553549963628,
   1.794555520856292,
   1.7944111117838668,
   1.794291519385863,
   1.794291519385872,
   1.7944111117838026,
   1.7945555208562647,
   1.7945535499637173,
   1.7944079926620138,
   1.7942904556794046,
   1.7942949047041397,
   1.7944211148168396,
   1.7945674652424697,
   1.794563515338222,
   1.794414718686709,
   1.7942923907718065,
   1.7942967833269856,
   1.7944281864571552,
   1.7945767141132192,
   1.7945748022629902,
   1.7944248881287457,
   1.794295401892793
  ]
 },
 "Z_a": [
  6,
  6,
  6,
  6,
  6,
  6,
  6,
  6,
  6,
  6,
  6,
  6,
  15,
  15,
  15,
  15,
  5,
  5,
  5,
  5,
  6,
  6,
  6,
  6,
  1,
  1,
  1,
  1
 ],
 "spos_ac": [
  [
   0.875086171267842,
   0.5799114664354494,
   0.7620001604529165
  ],
  [
   0.6963326491430107,
   0.49152273806342317,
   0.26204968708065984
  ],
  [
   0.19535690845365924,
   0.07986334931777563,
   0.30939966343609876
  ],
  [
   0.37509243651960295,
   0.9915710460212733,
   0.809350332057105
  ],
  [
   0.19634240016082302,
   0.4915171049931042,
   0.30942841097595686
  ],
  [
   0.37509592228564614,
   0.5799058333650529,
   0.8093788843478147
  ],
  [
   0.8750827863963759,
   0.9915652296037303,
   0.7620289004915775
  ],
  [
   0.6963361349088255,
   0.0798575254071736,
   0.26207823937147035
  ],
  [
   0.5878528164294758,
   0.7857486902548056,
   0.8132081770705389
  ],
  [
   0.9835807429164943,
   0.28567971172124473,
   0.31319234859390055
  ],
  [
   0.4835757549990956,
   0.2856798811737049,
   0.25822039435815514
  ],
  [
   0.08784782851211616,
   0.7857488597073228,
   0.7582362228344648
  ],
  [
   0.7581652244482407,
   0.7856983365429423,
   0.06779663046633189
  ],
  [
   0.8132687115998859,
   0.28572998789025006,
   0.56776712828043
  ],
  [
   0.31326334698036784,
   0.28573023488574767,
   0.003631940962239495
  ],
  [
   0.25815985982870476,
   0.785698583538386,
   0.5036614431480133
  ],
  [
   0.9476341442714147,
   0.7857464059503083,
   0.6263911162553406
  ],
  [
   0.6237953359644607,
   0.2856820998259023,
   0.12641184983721956
  ],
  [
   0.12379442715717318,
   0.2856821654782436,
   0.4450374551733063
  ],
  [
   0.44763323546407974,
   0.7857464716026812,
   0.9450167215913226
  ],
  [
   0.9461837097119583,
   0.7857448850466753,
   0.2958269766902139
  ],
  [
   0.6252729068777036,
   0.285683959345953,
   0.7958524720273839
  ],
  [
   0.1252448617163888,
   0.2856836863818081,
   0.7756015947384649
  ],
  [
   0.4461556645508782,
   0.7857446120828451,
   0.27557609940116634
  ],
  [
   0.535714285714305,
   0.5357142857142547,
   0.5357142857142149
  ],
  [
   0.03571428571427876,
   0.5357142857142906,
   0.03571428571427213
  ],
  [
   0.5357142857143153,
   0.03571428571430044,
   0.5357142857142152
  ],
  [
   0.03571428571427918,
   0.03571428571425121,
   0.03571428571428174
  ]
 ]
}