{
 "0": {
  "0": [
   0.37413626733858774,
   0.3911691417789639,
   0.39116692486008825,
   0.37413983440790316,
   0.37479158262873874,
   0.3933153184010069,
   0.39330853207591426,
   0.37479931464799604,
   0.3742521379414844,
   0.3938776700823677,
   0.3938729784606901,
   0.3742563124742405,
   0.3742563124740916,
   0.39387297846012165,
   0.39387767008182145,
   0.3742521379408235,
   0.37479931464721333,
   0.39330853207416555,
   0.3933153183980285,
   0.37479158262746376,
   0.3741398344063162,
   0.3911669248585076,
   0.391169141777265,
   0.37413626733769484
  ],
  "1": [
   -3.0692579137911506,
   -3.0860906267005785,
   -3.086078863463141,
   -3.069243191506734,
   -3.069998450007533,
   -3.0882739293857844,
   -3.0882490574628485,
   -3.0699686743749117,
   -3.0695504944909002,
   -3.088890343011483,
   -3.0888772441291015,
   -3.0695351457486995,
   -3.069535145748634,
   -3.088877244128722,
   -3.088890343011076,
   -3.069550494490851,
   -3.0699686743746906,
   -3.0882490574615784,
   -3.088273929383656,
   -3.069998450007095,
   -3.0692431915060068,
   -3.086078863461998,
   -3.086090626699389,
   -3.0692579137906493
  ]
 },
 "1": {
  "0": [
   1.8387121451097308,
   1.8383779930639883,
   1.8383792832664916,
   1.8387122565274336,
   1.8387158652162867,
   1.8383900632898056,
   1.838392241292862,
   1.8387161122131501,
   1.8387197922661507,
   1.83840276896656,
   1.8384041825723063,
   1.8387198744341593,
   1.8387198744328432,
   1.8384041825712505,
   1.838402768966078,
   1.838719792265641,
   1.838716112215499,
   1.838392241294667,
   1.8383900632915924,
   1.83871586521817,
   1.8387122565274363,
   1.838379283266463,
   1.8383779930638917,
   1.8387121451097692
  ],
  "1": [
   1.8385615748920103,
   1.8383614927764467,
   1.838359780033377,
   1.83855813623228,
   1.8385608167433045,
   1.838359600862677,
   1.8383563914975085,
   1.8385541052281362,
   1.8385567475854625,
   1.8383566716514672,
   1.8383549410159292,
   1.8385532656002725,
   1.8385532655987542,
   1.8383549410150577,
   1.8383566716509578,
   1.8385567475848739,
   1.838554105230608,
   1.8383563914992767,
   1.8383596008644503,
   1.8385608167452157,
   1.838558136232254,
   1.8383597800334481,
   1.838361492776342,
   1.8385615748920268
  ]
 },
 "2": {
  "0": [
   1.793627525271506,
   1.7937449094423379,
   1.7939089389953744,
   1.793904003881285,
   1.793737682890765,
   1.7936249518741951,
   1.7936265984469502,
   1.7937480259700218,
   1.7939152709026338,
   1.7939055836399629,
   1.7937336480222072,
   1.7936216402819345,
   1.793623536953166,
   1.7937439323104811,
   1.7939174614264597,
   1.7939123518265074,
   1.7937367887452857,
   1.793620714634878,
   1.7936207146358214,
   1.7937367887460165,
   1.7939123518269757,
   1.7939174614266702,
   1.7937439323101896,
   1.7936235369525453,
   1.793621640281395,
   1.793733648021547,
   1.7939055836394602,
   1.7939152709017272,
   1.7937480259690066,
   1.7936265984466102,
   1.7936249518741954,
   1.7937376828907203,
   1.793904003881273,
   1.7939089389955112,
   1.7937449094423354,
   1.7936275252715714
  ],
  "1": [
   1.7960731861545942,
   1.7960848135119531,
   1.796099990715384,
   1.796101096484507,
   1.796086352002191,
   1.7960738581581757,
   1.796067651542673,
   1.7960803933379739,
   1.796098656475045,
   1.7961004279996617,
   1.796083329872596,
   1.7960685449353575,
   1.7960623254065131,
   1.7960775894886711,
   1.7960973187739682,
   1.7960981198625214,
   1.7960791407584815,
   1.7960627119629697,
   1.7960627119638701,
   1.7960791407594112,
   1.7960981198628978,
   1.7960973187742082,
   1.7960775894885816,
   1.79606232540593,
   1.7960685449347398,
   1.7960833298720107,
   1.796100427999077,
   1.796098656474215,
   1.7960803933370726,
   1.7960676515424105,
   1.7960738581581737,
   1.7960863520021395,
   1.7961010964843949,
   1.796099990715374,
   1.7960848135120215,
   1.7960731861546155
  ]
 },
 "Z_a": [
  6,
  6,
  6,
  6,
  6,
  6,
  6,
  6,
  6,
  6,
  6,
  6,
  15,
  15,
  15,
  15,
  5,
  5,
  5,
  5,
  6,
  6,
  6,
  6,
  1,
  1,
  1,
  1
 ],
 "spos_ac": [
  [
   0.875086171267842,
   0.5799114664354494,
   0.7620001604529165
  ],
  [
   0.6963326491430107,
   0.49152273806342317,
   0.26204968708065984
  ],
  [
   0.19634578503225414,
   0.07986334182487917,
   0.3093996709370247
  ],
  [
   0.37509243651960295,
   0.9915710460212733,
   0.809350332057105
  ],
  [
   0.19634240016082302,
   0.4915171049931042,
   0.30942841097595686
  ],
  [
   0.37509592228564614,
   0.5799058333650529,
   0.8093788843478147
  ],
  [
   0.8750827863963759,
   0.9915652296037303,
   0.7620289004915775
  ],
  [
   0.6963361393130968,
   0.07817567357729369,
   0.26207823958625426
  ],
  [
   0.5878528164294758,
   0.7857486902548056,
   0.8132081770705389
  ],
  [
   0.9835807429164943,
   0.28567971172124473,
   0.31319234859390055
  ],
  [
   0.4835757549990956,
   0.2856798811737049,
   0.25822039435815514
  ],
  [
   0.08784782851211616,
   0.7857488597073228,
   0.7582362228344648
  ],
  [
   0.7581652244482407,
   0.7856983365429423,
   0.06779663046633189
  ],
  [
   0.8132687115998859,
   0.28572998789025006,
   0.56776712828043
  ],
  [
   0.31326334698036784,
   0.28573023488574767,
   0.003631940962239495
  ],
  [
   0.25815985982870476,
   0.785698583538386,
   0.5036614431480133
  ],
  [
   0.9476341442714147,
   0.7857464059503083,
   0.6263911162553406
  ],
  [
   0.6237953359644607,
   0.2856820998259023,
   0.12641184983721956
  ],
  [
   0.12379442715717318,
   0.2856821654782436,
   0.4450374551733063
  ],
  [
   0.44763323546407974,
   0.7857464716026812,
   0.9450167215913226
  ],
  [
   0.9461837097119583,
   0.7857448850466753,
   0.2958269766902139
  ],
  [
   0.6252729068777036,
   0.285683959345953,
   0.7958524720273839
  ],
  [
   0.1252448617163888,
   0.2856836863818081,
   0.7756015947384649
  ],
  [
   0.4461556645508782,
   0.7857446120828451,
   0.27557609940116634
  ],
  [
   0.535714285714305,
   0.5357142857142547,
   0.5357142857142149
  ],
  [
   0.03571428571427876,
   0.5357142857142906,
   0.03571428571427213
  ],
  [
   0.5357142857143153,
   0.03571428571430044,
   0.5357142857142152
  ],
  [
   0.03571428571427918,
   0.03571428571425121,
   0.03571428571428174
  ]
 ]
}