{
 "0": {
  "0": [
   0.35185170703305374,
   0.3687214436176812,
   0.36872157323293714,
   0.3518516491606445,
   0.3525779282207139,
   0.37093410083283,
   0.37093410939592686,
   0.35257793495228223,
   0.35213026672245734,
   0.37159587672818095,
   0.371595880335175,
   0.3521302047740855,
   0.3521302047739007,
   0.37159588033489993,
   0.3715958767279222,
   0.35213026672221515,
   0.35257793495190776,
   0.3709341093955647,
   0.3709341008321562,
   0.3525779282201425,
   0.35185164916008266,
   0.36872157323301397,
   0.3687214436182608,
   0.35185170703307717
  ],
  "1": [
   -3.0902862345052124,
   -3.107728197008929,
   -3.1077283338783466,
   -3.0902861780158415,
   -3.0909456531615467,
   -3.109878109511014,
   -3.1098781312921715,
   -3.090945671567295,
   -3.090428238565233,
   -3.110475844032594,
   -3.1104758546547036,
   -3.090428166321832,
   -3.090428166321566,
   -3.110475854654442,
   -3.1104758440322824,
   -3.090428238564946,
   -3.0909456715669807,
   -3.1098781312917896,
   -3.109878109510346,
   -3.090945653160896,
   -3.0902861780152606,
   -3.1077283338784,
   -3.10772819700895,
   -3.0902862345052693
  ]
 },
 "1": {
  "0": [
   1.7961569980467185,
   1.7961641181569168,
   1.796164124715258,
   1.796157001195437,
   1.7961571090886441,
   1.796165796339781,
   1.7961654206571578,
   1.79615705375529,
   1.7961573135418925,
   1.7961666987051952,
   1.796166705395201,
   1.7961573163370095,
   1.7961573163370428,
   1.796166705395171,
   1.7961666987051448,
   1.7961573135418667,
   1.7961570537552263,
   1.7961654206571624,
   1.7961657963398414,
   1.7961571090886281,
   1.7961570011954309,
   1.7961641247152864,
   1.7961641181568986,
   1.7961569980467305
  ],
  "1": [
   1.7942343205026943,
   1.7942271391206495,
   1.7942271373627214,
   1.7942343156097027,
   1.7942342009891885,
   1.7942254592345486,
   1.7942258438328442,
   1.794234257876146,
   1.7942340073362144,
   1.7942245589822758,
   1.7942245570658015,
   1.794234002057053,
   1.7942340020570087,
   1.794224557065837,
   1.7942245589822585,
   1.794234007336233,
   1.7942342578760764,
   1.7942258438328067,
   1.7942254592345157,
   1.7942342009891854,
   1.7942343156097005,
   1.794227137362663,
   1.7942271391206208,
   1.7942343205026954
  ]
 },
 "2": {
  "0": [
   1.792491258540074,
   1.792497403151188,
   1.7925042505652484,
   1.792504252520966,
   1.792497409132167,
   1.7924912617708135,
   1.7924915280681413,
   1.7924967820790867,
   1.7925009168575927,
   1.7925012458548968,
   1.792496793136059,
   1.7924918278314548,
   1.7924921754446028,
   1.7924960955877831,
   1.7924980505621786,
   1.7924980527684429,
   1.7924961013095517,
   1.7924921787208972,
   1.7924921787212058,
   1.7924961013098824,
   1.7924980527684609,
   1.7924980505622858,
   1.79249609558797,
   1.7924921754448395,
   1.7924918278316126,
   1.792496793135829,
   1.7925012458546545,
   1.7925009168577248,
   1.7924967820792972,
   1.792491528067705,
   1.7924912617704127,
   1.7924974091318673,
   1.7925042525207942,
   1.7925042505651958,
   1.7924974031513943,
   1.7924912585402308
  ],
  "1": [
   1.7948212977532807,
   1.7948751192995334,
   1.7949501952247109,
   1.7949501942107566,
   1.7948751170133599,
   1.7948212969169246,
   1.7948274075870634,
   1.794882474162329,
   1.7949531245256003,
   1.7949527893878008,
   1.7948824700036254,
   1.7948271372248188,
   1.794833409879358,
   1.7948900652820776,
   1.7949555913910753,
   1.7949555905048047,
   1.79489006329921,
   1.7948334088304423,
   1.7948334088305098,
   1.7948900632992322,
   1.794955590504989,
   1.7949555913911759,
   1.794890065282191,
   1.794833409879655,
   1.7948271372248632,
   1.7948824700033026,
   1.794952789387688,
   1.794953124525727,
   1.7948824741624465,
   1.7948274075868726,
   1.7948212969166704,
   1.7948751170132529,
   1.794950194210654,
   1.7949501952246294,
   1.794875119299742,
   1.794821297753398
  ]
 },
 "Z_a": [
  6,
  6,
  6,
  6,
  6,
  6,
  6,
  6,
  6,
  6,
  6,
  6,
  15,
  15,
  15,
  15,
  5,
  5,
  5,
  5,
  6,
  6,
  6,
  6,
  1,
  1,
  1,
  1
 ],
 "spos_ac": [
  [
   0.875086171267842,
   0.5799114664354494,
   0.7620001604529165
  ],
  [
   0.6963326491430107,
   0.49152273806342317,
   0.26204968708065984
  ],
  [
   0.19634578503225414,
   0.07986334182487917,
   0.3093996709370247
  ],
  [
   0.37509243651960295,
   0.9915710460212733,
   0.809350332057105
  ],
  [
   0.19634240016082302,
   0.4915171049931042,
   0.30942841097595686
  ],
  [
   0.37509592228564614,
   0.5799058333650529,
   0.8093788843478147
  ],
  [
   0.8750827863963759,
   0.9915652296037303,
   0.7620289004915775
  ],
  [
   0.6963361349088255,
   0.0798575254071736,
   0.26207823937147035
  ],
  [
   0.5878528164294758,
   0.7857486902548056,
   0.8132081770705389
  ],
  [
   0.9835807429164943,
   0.28567971172124473,
   0.31319234859390055
  ],
  [
   0.4835757549990956,
   0.2856798811737049,
   0.25822039435815514
  ],
  [
   0.08784782851211616,
   0.7857488597073228,
   0.7582362228344648
  ],
  [
   0.7581652244482407,
   0.7856983365429423,
   0.06779663046633189
  ],
  [
   0.8132687115998859,
   0.28572998789025006,
   0.56776712828043
  ],
  [
   0.31326334698036784,
   0.28573023488574767,
   0.003631940962239495
  ],
  [
   0.25815985982870476,
   0.785698583538386,
   0.5036614431480133
  ],
  [
   0.9476341442714147,
   0.7857464059503083,
   0.6263911162553406
  ],
  [
   0.6237953359644607,
   0.2856820998259023,
   0.12641184983721956
  ],
  [
   0.12379442715717318,
   0.2856821654782436,
   0.4450374551733063
  ],
  [
   0.44763323546407974,
   0.7857464716026812,
   0.9450167215913226
  ],
  [
   0.9461837097119583,
   0.7857448850466753,
   0.2958269766902139
  ],
  [
   0.6252729068777036,
   0.285683959345953,
   0.7958524720273839
  ],
  [
   0.12623373829498374,
   0.2856836788889116,
   0.7756016022393908
  ],
  [
   0.4461556645508782,
   0.7857446120828451,
   0.27557609940116634
  ],
  [
   0.535714285714305,
   0.5357142857142547,
   0.5357142857142149
  ],
  [
   0.03571428571427876,
   0.5357142857142906,
   0.03571428571427213
  ],
  [
   0.5357142857143153,
   0.03571428571430044,
   0.5357142857142152
  ],
  [
   0.03571428571427918,
   0.03571428571425121,
   0.03571428571428174
  ]
 ]
}