{
 "0": {
  "0": [
   0.3741360285001732,
   0.3911688848239962,
   0.3911666699265393,
   0.37413960123759543,
   0.37479136103941973,
   0.3933150662286145,
   0.39330828308369165,
   0.3747991010373628,
   0.37425191815261916,
   0.39387741467628823,
   0.3938727247830001,
   0.3742561104587605,
   0.37425611045874724,
   0.39387272478291896,
   0.39387741467622983,
   0.374251918152287,
   0.3747991010370823,
   0.39330828308299504,
   0.39331506622860885,
   0.3747913610394289,
   0.3741396012375796,
   0.39116666992636906,
   0.39116888482382,
   0.3741360285000758
  ],
  "1": [
   -3.0692580340529036,
   -3.086090844306256,
   -3.0860790792477704,
   -3.0692433161692776,
   -3.069998592500675,
   -3.088274154117591,
   -3.0882492843433043,
   -3.0699688277229398,
   -3.0695506621587687,
   -3.0888905733779564,
   -3.0888774770419887,
   -3.0695353127099696,
   -3.0695353127099936,
   -3.088877477041956,
   -3.088890573377955,
   -3.06955066215878,
   -3.0699688277230073,
   -3.0882492843428753,
   -3.0882741541175878,
   -3.069998592500692,
   -3.069243316169271,
   -3.0860790792477206,
   -3.0860908443062063,
   -3.069258034053053
  ]
 },
 "1": {
  "0": [
   1.7536009925767526,
   1.7539483931160051,
   1.7539496817252427,
   1.7536011012940917,
   1.7535973504642342,
   1.753938427731937,
   1.753940605955381,
   1.7535975982958332,
   1.7535940667929588,
   1.7539286970716927,
   1.75393010971628,
   1.753594146259805,
   1.75359414625969,
   1.753930109716064,
   1.7539286970716093,
   1.7535940667929535,
   1.7535975982957541,
   1.7539406059550926,
   1.7539384277316772,
   1.7535973504639093,
   1.7536011012936703,
   1.753949681724783,
   1.7539483931158635,
   1.7536009925764628
  ],
  "1": [
   1.749909727874854,
   1.750093708909,
   1.7500919962129895,
   1.749906284669154,
   1.7499135949252878,
   1.7500941452647254,
   1.75009093261493,
   1.7499068582361386,
   1.7499139512522321,
   1.7500934229598843,
   1.7500916881412751,
   1.7499104636207379,
   1.7499104636206388,
   1.7500916881412134,
   1.75009342295986,
   1.749913951252144,
   1.7499068582359976,
   1.750090932614865,
   1.7500941452645662,
   1.7499135949249913,
   1.7499062846689466,
   1.7500919962127515,
   1.7500937089090065,
   1.7499097278744524
  ]
 },
 "2": {
  "0": [
   1.794915836424346,
   1.7948010156187366,
   1.794631031174836,
   1.7946260922765358,
   1.7947937866114048,
   1.7949132612979872,
   1.7949191552338932,
   1.7948054170526495,
   1.794629262824725,
   1.794619589590022,
   1.7947910335762665,
   1.7949141962907615,
   1.7949204612553618,
   1.794802573129667,
   1.7946230214165793,
   1.7946179089450696,
   1.794795426698611,
   1.7949176372750129,
   1.7949176372751208,
   1.7947954266987434,
   1.7946179089452101,
   1.7946230214167962,
   1.7948025731297033,
   1.7949204612550542,
   1.7949141962906583,
   1.794791033576336,
   1.7946195895901023,
   1.794629262824837,
   1.794805417052882,
   1.7949191552343933,
   1.7949132612985583,
   1.7947937866113772,
   1.7946260922759196,
   1.7946310311744946,
   1.794801015619417,
   1.794915836424999
  ],
  "1": [
   1.7961699544712248,
   1.7961594928571394,
   1.7961483263036615,
   1.7961494344458646,
   1.796161032130819,
   1.7961706274808131,
   1.7961752526381638,
   1.7961621453595078,
   1.7961491468430664,
   1.7961509454539801,
   1.7961650880730895,
   1.7961761480213803,
   1.7961807325959034,
   1.7961660375867259,
   1.7961509308097647,
   1.7961517333244732,
   1.796167592279154,
   1.7961811210421172,
   1.7961811210420229,
   1.7961675922791913,
   1.7961517333246209,
   1.7961509308100831,
   1.796166037586885,
   1.7961807325956385,
   1.796176148021095,
   1.7961650880732025,
   1.7961509454542002,
   1.7961491468432609,
   1.7961621453596543,
   1.7961752526386072,
   1.7961706274815645,
   1.7961610321308217,
   1.7961494344451905,
   1.7961483263034268,
   1.7961594928579234,
   1.7961699544720213
  ]
 },
 "Z_a": [
  6,
  6,
  6,
  6,
  6,
  6,
  6,
  6,
  6,
  6,
  6,
  6,
  15,
  15,
  15,
  15,
  5,
  5,
  5,
  5,
  6,
  6,
  6,
  6,
  1,
  1,
  1,
  1
 ],
 "spos_ac": [
  [
   0.875086171267842,
   0.5799114664354494,
   0.7620001604529165
  ],
  [
   0.6963326491430107,
   0.49152273806342317,
   0.26204968708065984
  ],
  [
   0.19634578503225414,
   0.07986334182487917,
   0.3093996709370247
  ],
  [
   0.37509243651960295,
   0.9915710460212733,
   0.809350332057105
  ],
  [
   0.1963423957565518,
   0.4931989568229841,
   0.3094284107611729
  ],
  [
   0.37509592228564614,
   0.5799058333650529,
   0.8093788843478147
  ],
  [
   0.8750827863963759,
   0.9915652296037303,
   0.7620289004915775
  ],
  [
   0.6963361349088255,
   0.0798575254071736,
   0.26207823937147035
  ],
  [
   0.5878528164294758,
   0.7857486902548056,
   0.8132081770705389
  ],
  [
   0.9835807429164943,
   0.28567971172124473,
   0.31319234859390055
  ],
  [
   0.4835757549990956,
   0.2856798811737049,
   0.25822039435815514
  ],
  [
   0.08784782851211616,
   0.7857488597073228,
   0.7582362228344648
  ],
  [
   0.7581652244482407,
   0.7856983365429423,
   0.06779663046633189
  ],
  [
   0.8132687115998859,
   0.28572998789025006,
   0.56776712828043
  ],
  [
   0.31326334698036784,
   0.28573023488574767,
   0.003631940962239495
  ],
  [
   0.25815985982870476,
   0.785698583538386,
   0.5036614431480133
  ],
  [
   0.9476341442714147,
   0.7857464059503083,
   0.6263911162553406
  ],
  [
   0.6237953359644607,
   0.2856820998259023,
   0.12641184983721956
  ],
  [
   0.12379442715717318,
   0.2856821654782436,
   0.4450374551733063
  ],
  [
   0.44763323546407974,
   0.7857464716026812,
   0.9450167215913226
  ],
  [
   0.9461837097119583,
   0.7857448850466753,
   0.2958269766902139
  ],
  [
   0.6252729068777036,
   0.285683959345953,
   0.7958524720273839
  ],
  [
   0.1252448617163888,
   0.2856836863818081,
   0.7756015947384649
  ],
  [
   0.4461556645508782,
   0.7857446120828451,
   0.27557609940116634
  ],
  [
   0.535714285714305,
   0.5357142857142547,
   0.5357142857142149
  ],
  [
   0.03571428571427876,
   0.5357142857142906,
   0.03571428571427213
  ],
  [
   0.5357142857143153,
   0.03571428571430044,
   0.5357142857142152
  ],
  [
   0.03571428571427918,
   0.03571428571425121,
   0.03571428571428174
  ]
 ]
}