{
 "0": {
  "0": [
   0.40157122014724794,
   0.41847909156566043,
   0.4184792188957468,
   0.4015711587446181,
   0.40224930694581157,
   0.42065183959389046,
   0.4206518408482101,
   0.40224931305025957,
   0.40174008502992753,
   0.4212668214115747,
   0.42126682286112527,
   0.40174001616634886,
   0.40174001616637084,
   0.421266822861104,
   0.4212668214116443,
   0.40174008502988,
   0.40224931305025846,
   0.4206518408481649,
   0.4206518395938487,
   0.40224930694575484,
   0.40157115874449767,
   0.4184792188956505,
   0.41847909156555746,
   0.4015712201472095
  ],
  "1": [
   -3.0418724672982784,
   -3.0593359955821016,
   -3.0593361059517736,
   -3.0418723984319067,
   -3.0426191544357395,
   -3.0615789925482564,
   -3.0615789669224016,
   -3.0426191328810606,
   -3.042199961316705,
   -3.062274707663664,
   -3.0622746940399836,
   -3.042199871636791,
   -3.04219987163682,
   -3.0622746940399534,
   -3.062274707663668,
   -3.0421999613165545,
   -3.0426191328809864,
   -3.0615789669223608,
   -3.0615789925483123,
   -3.0426191544358625,
   -3.041872398431889,
   -3.059336105951758,
   -3.0593359955820727,
   -3.041872467298317
  ]
 },
 "1": {
  "0": [
   1.796156673583306,
   1.7961637540783155,
   1.796163757600567,
   1.7961566802148838,
   1.7961567923619546,
   1.7961654416182418,
   1.796165060857581,
   1.7961567424530396,
   1.7961569974091796,
   1.7961663522244025,
   1.7961663561875536,
   1.7961570040499424,
   1.796157004049937,
   1.7961663561875836,
   1.79616635222451,
   1.7961569974092142,
   1.7961567424532836,
   1.7961650608575315,
   1.7961654416183443,
   1.7961567923618265,
   1.7961566802149687,
   1.7961637576004001,
   1.7961637540783422,
   1.7961566735833965
  ],
  "1": [
   1.7942340029054165,
   1.7942268507170314,
   1.79422684861357,
   1.7942340029396335,
   1.794233878918993,
   1.7942251724949887,
   1.794225555524468,
   1.794233949786872,
   1.7942336934823198,
   1.7942242719716872,
   1.794224269664853,
   1.7942336934045922,
   1.7942336934045555,
   1.7942242696648563,
   1.7942242719717385,
   1.7942336934823304,
   1.7942339497867787,
   1.7942255555244926,
   1.7942251724950729,
   1.7942338789189327,
   1.7942340029396302,
   1.7942268486134847,
   1.7942268507169619,
   1.7942340029052979
  ]
 },
 "2": {
  "0": [
   1.794220925407415,
   1.7942695698571802,
   1.794320818424995,
   1.7943208189749762,
   1.7942695722857425,
   1.7942209269466791,
   1.7942189579339785,
   1.7942649961651922,
   1.7943151968465267,
   1.794315541749201,
   1.7942650004977907,
   1.794219245536098,
   1.794217076547774,
   1.7942598598367479,
   1.7943105568586033,
   1.794310557591469,
   1.7942598622606893,
   1.7942170778608009,
   1.7942170778611357,
   1.7942598622609731,
   1.7943105575920866,
   1.7943105568592486,
   1.7942598598370156,
   1.7942170765476417,
   1.7942192455357784,
   1.7942650004978404,
   1.794315541749084,
   1.794315196846408,
   1.7942649961652526,
   1.7942189579342878,
   1.7942209269472733,
   1.7942695722858397,
   1.7943208189746587,
   1.794320818424473,
   1.7942695698568547,
   1.7942209254070567
  ],
  "1": [
   1.7967451333071571,
   1.7968489861098547,
   1.7969430931597514,
   1.796943097426171,
   1.796848993466518,
   1.7967451367397755,
   1.7967451460593649,
   1.7968414318002381,
   1.7969308271033282,
   1.7969304959228292,
   1.796841446825587,
   1.7967448787011717,
   1.7967443277690314,
   1.7968335572956462,
   1.796918215928511,
   1.796918220562124,
   1.7968335652242688,
   1.7967443310940703,
   1.7967443310943512,
   1.7968335652245995,
   1.7969182205624614,
   1.7969182159291435,
   1.7968335572958851,
   1.7967443277687825,
   1.7967448787010905,
   1.7968414468255463,
   1.796930495922629,
   1.796930827103212,
   1.7968414318002943,
   1.796745146059565,
   1.7967451367402172,
   1.7968489934664584,
   1.7969430974257368,
   1.7969430931592427,
   1.7968489861096657,
   1.7967451333069955
  ]
 },
 "Z_a": [
  6,
  6,
  6,
  6,
  6,
  6,
  6,
  6,
  6,
  6,
  6,
  6,
  15,
  15,
  15,
  15,
  5,
  5,
  5,
  5,
  6,
  6,
  6,
  6,
  1,
  1,
  1,
  1
 ],
 "spos_ac": [
  [
   0.875086171267842,
   0.5799114664354494,
   0.7620001604529165
  ],
  [
   0.6963326491430107,
   0.49152273806342317,
   0.26204968708065984
  ],
  [
   0.19634578503225414,
   0.07986334182487917,
   0.3093996709370247
  ],
  [
   0.37509243651960295,
   0.9915710460212733,
   0.809350332057105
  ],
  [
   0.19634240016082302,
   0.4915171049931042,
   0.30942841097595686
  ],
  [
   0.37509592228564614,
   0.5799058333650529,
   0.8093788843478147
  ],
  [
   0.8750827863963759,
   0.9915652296037303,
   0.7620289004915775
  ],
  [
   0.6963361349088255,
   0.0798575254071736,
   0.26207823937147035
  ],
  [
   0.5878528164294758,
   0.7857486902548056,
   0.8132081770705389
  ],
  [
   0.9825918663378994,
   0.28567971921414115,
   0.3131923410929746
  ],
  [
   0.4835757549990956,
   0.2856798811737049,
   0.25822039435815514
  ],
  [
   0.08784782851211616,
   0.7857488597073228,
   0.7582362228344648
  ],
  [
   0.7581652244482407,
   0.7856983365429423,
   0.06779663046633189
  ],
  [
   0.8132687115998859,
   0.28572998789025006,
   0.56776712828043
  ],
  [
   0.31326334698036784,
   0.28573023488574767,
   0.003631940962239495
  ],
  [
   0.25815985982870476,
   0.785698583538386,
   0.5036614431480133
  ],
  [
   0.9476341442714147,
   0.7857464059503083,
   0.6263911162553406
  ],
  [
   0.6237953359644607,
   0.2856820998259023,
   0.12641184983721956
  ],
  [
   0.12379442715717318,
   0.2856821654782436,
   0.4450374551733063
  ],
  [
   0.44763323546407974,
   0.7857464716026812,
   0.9450167215913226
  ],
  [
   0.9461837097119583,
   0.7857448850466753,
   0.2958269766902139
  ],
  [
   0.6252729068777036,
   0.285683959345953,
   0.7958524720273839
  ],
  [
   0.1252448617163888,
   0.2856836863818081,
   0.7756015947384649
  ],
  [
   0.4461556645508782,
   0.7857446120828451,
   0.27557609940116634
  ],
  [
   0.535714285714305,
   0.5357142857142547,
   0.5357142857142149
  ],
  [
   0.03571428571427876,
   0.5357142857142906,
   0.03571428571427213
  ],
  [
   0.5357142857143153,
   0.03571428571430044,
   0.5357142857142152
  ],
  [
   0.03571428571427918,
   0.03571428571425121,
   0.03571428571428174
  ]
 ]
}