{
 "0": {
  "0": [
   0.37493031380666547,
   0.3919096436669671,
   0.39193735400192325,
   0.374958424359534,
   0.37561400155829633,
   0.3940768365187372,
   0.394132266922076,
   0.37567157774541227,
   0.3751477370314141,
   0.39471752966461976,
   0.3947453546681284,
   0.3751771671767516,
   0.37517716717670574,
   0.3947453546680618,
   0.39471752966455814,
   0.3751477370315431,
   0.37567157774554166,
   0.394132266922206,
   0.3940768365188198,
   0.3756140015583842,
   0.3749584243596083,
   0.3919373540020178,
   0.39190964366706504,
   0.3749303138067355
  ],
  "1": [
   -3.067761197447446,
   -3.0847426181350217,
   -3.084694701785226,
   -3.067716398606664,
   -3.0684829072032707,
   -3.0869481393207447,
   -3.0868496777935137,
   -3.0683939716995448,
   -3.067981548612134,
   -3.087550192205136,
   -3.087499656916589,
   -3.0679373571266746,
   -3.0679373571266333,
   -3.0874996569165374,
   -3.087550192205064,
   -3.067981548612255,
   -3.0683939716996704,
   -3.0868496777936496,
   -3.0869481393208575,
   -3.068482907203362,
   -3.067716398606763,
   -3.0846947017853297,
   -3.084742618135117,
   -3.0677611974475028
  ]
 },
 "1": {
  "0": [
   1.757188938106122,
   1.7568831323702379,
   1.7568762697609999,
   1.7571849118357328,
   1.7571903377061804,
   1.7569049380576895,
   1.756890753538629,
   1.7571822025307868,
   1.7571877706970094,
   1.7569192267498475,
   1.7569123461848077,
   1.7571838212329807,
   1.7571838212329716,
   1.756912346184781,
   1.7569192267498248,
   1.7571877706969847,
   1.7571822025308323,
   1.7568907535386218,
   1.756904938057683,
   1.7571903377061648,
   1.7571849118357559,
   1.7568762697609905,
   1.7568831323702434,
   1.7571889381061752
  ],
  "1": [
   1.7008205313197018,
   1.700594584418464,
   1.7005925634372914,
   1.7008214054377022,
   1.7008240137632582,
   1.7005947268902426,
   1.7005909385361981,
   1.700825682333633,
   1.7008282576172573,
   1.7005938641051948,
   1.700591630624762,
   1.700828965300175,
   1.7008289653001838,
   1.7005916306247748,
   1.7005938641051725,
   1.700828257617253,
   1.7008256823336227,
   1.7005909385361895,
   1.7005947268902464,
   1.7008240137632817,
   1.70082140543771,
   1.700592563437339,
   1.700594584418456,
   1.7008205313197613
  ]
 },
 "2": {
  "0": [
   1.7942783105616875,
   1.79427835922437,
   1.7942775544525222,
   1.7942768819486257,
   1.7942780827515357,
   1.794278360106735,
   1.7942778738048422,
   1.7942786348323916,
   1.794277541818004,
   1.7942766229632605,
   1.7942780230650306,
   1.7942785652136395,
   1.7942781723484609,
   1.7942785383259914,
   1.7942776072363091,
   1.794276993355177,
   1.7942782644189827,
   1.7942784069939364,
   1.7942784069939273,
   1.7942782644189688,
   1.7942769933551643,
   1.794277607236339,
   1.794278538326019,
   1.794278172348484,
   1.7942785652136373,
   1.794278023065032,
   1.7942766229632694,
   1.7942775418180348,
   1.7942786348324047,
   1.7942778738049008,
   1.7942783601067678,
   1.7942780827515141,
   1.7942768819486086,
   1.7942775544525478,
   1.7942783592243396,
   1.7942783105616478
  ],
  "1": [
   1.7961046225216386,
   1.7961029516398521,
   1.7961070459066075,
   1.7961132650692857,
   1.7961131467160838,
   1.7961089537474375,
   1.7961024982072327,
   1.796097539650944,
   1.7961041761588683,
   1.7961162753154334,
   1.7961181188008488,
   1.796110886684546,
   1.7961042728976717,
   1.7961025045623462,
   1.7961067624995766,
   1.7961131249925315,
   1.7961127775932422,
   1.796108553900521,
   1.796108553900494,
   1.7961127775932357,
   1.7961131249925038,
   1.7961067624995242,
   1.7961025045622954,
   1.7961042728976264,
   1.7961108866846198,
   1.7961181188008168,
   1.7961162753154265,
   1.7961041761588645,
   1.7960975396509309,
   1.796102498207257,
   1.7961089537474635,
   1.7961131467161833,
   1.7961132650692047,
   1.7961070459066433,
   1.7961029516397857,
   1.7961046225216828
  ]
 },
 "Z_a": [
  6,
  6,
  6,
  6,
  6,
  6,
  6,
  6,
  6,
  6,
  6,
  6,
  15,
  15,
  15,
  15,
  5,
  5,
  5,
  5,
  6,
  6,
  6,
  6,
  1,
  1,
  1,
  1
 ],
 "spos_ac": [
  [
   0.875086171267842,
   0.5799114664354494,
   0.7620001604529165
  ],
  [
   0.6963326491430107,
   0.49152273806342317,
   0.26204968708065984
  ],
  [
   0.19634578503225414,
   0.07986334182487917,
   0.3093996709370247
  ],
  [
   0.37509243651960295,
   0.9915710460212733,
   0.809350332057105
  ],
  [
   0.19634240016082302,
   0.4915171049931042,
   0.30942841097595686
  ],
  [
   0.37509592228564614,
   0.5799058333650529,
   0.8093788843478147
  ],
  [
   0.8750827863963759,
   0.9915652296037303,
   0.7620289004915775
  ],
  [
   0.6963361349088255,
   0.0798575254071736,
   0.26207823937147035
  ],
  [
   0.5878528164294758,
   0.7857486902548056,
   0.8132081770705389
  ],
  [
   0.9835807429164943,
   0.28567971172124473,
   0.31319234859390055
  ],
  [
   0.4835757549990956,
   0.2856798811737049,
   0.25822039435815514
  ],
  [
   0.08784782851211616,
   0.7857488597073228,
   0.7582362228344648
  ],
  [
   0.7581652244482407,
   0.7856983365429423,
   0.06779663046633189
  ],
  [
   0.8132687071956146,
   0.28741183972012996,
   0.567767128065646
  ],
  [
   0.31326334698036784,
   0.28573023488574767,
   0.003631940962239495
  ],
  [
   0.25815985982870476,
   0.785698583538386,
   0.5036614431480133
  ],
  [
   0.9476341442714147,
   0.7857464059503083,
   0.6263911162553406
  ],
  [
   0.6237953359644607,
   0.2856820998259023,
   0.12641184983721956
  ],
  [
   0.12379442715717318,
   0.2856821654782436,
   0.4450374551733063
  ],
  [
   0.44763323546407974,
   0.7857464716026812,
   0.9450167215913226
  ],
  [
   0.9461837097119583,
   0.7857448850466753,
   0.2958269766902139
  ],
  [
   0.6252729068777036,
   0.285683959345953,
   0.7958524720273839
  ],
  [
   0.1252448617163888,
   0.2856836863818081,
   0.7756015947384649
  ],
  [
   0.4461556645508782,
   0.7857446120828451,
   0.27557609940116634
  ],
  [
   0.535714285714305,
   0.5357142857142547,
   0.5357142857142149
  ],
  [
   0.03571428571427876,
   0.5357142857142906,
   0.03571428571427213
  ],
  [
   0.5357142857143153,
   0.03571428571430044,
   0.5357142857142152
  ],
  [
   0.03571428571427918,
   0.03571428571425121,
   0.03571428571428174
  ]
 ]
}