{
 "0": {
  "0": [
   0.397490649511117,
   0.41493292762034345,
   0.4149330645490719,
   0.3974905930109217,
   0.39815022972963066,
   0.41708294167661897,
   0.4170829634543753,
   0.3981502481325134,
   0.3976329669512554,
   0.41768079248004175,
   0.41768080309982175,
   0.39763289472476954,
   0.3976328947248361,
   0.4176808031000924,
   0.41768079248016393,
   0.3976329669519017,
   0.3981502481331772,
   0.41708296345546625,
   0.4170829416772586,
   0.3981502297299489,
   0.39749059301132456,
   0.4149330645492337,
   0.41493292762042433,
   0.3974906495112315
  ],
  "1": [
   -3.044647253520785,
   -3.0615166744812115,
   -3.061516804037056,
   -3.04464719566199,
   -3.045373312818518,
   -3.063729229760945,
   -3.063729238326498,
   -3.0453733195521395,
   -3.044925499957744,
   -3.06439088977842,
   -3.064390893386378,
   -3.044925437992531,
   -3.044925437992588,
   -3.064390893386588,
   -3.0643908897785836,
   -3.044925499958245,
   -3.045373319552897,
   -3.0637292383273964,
   -3.063729229761784,
   -3.0453733128189477,
   -3.044647195662614,
   -3.061516804037437,
   -3.0615166744812483,
   -3.0446472535209708
  ]
 },
 "1": {
  "0": [
   1.7961571964803758,
   1.7961643735956883,
   1.7961643753544663,
   1.7961572013734912,
   1.7961573157083122,
   1.7961660534597037,
   1.796165668746173,
   1.7961572588479184,
   1.7961575092518796,
   1.796166953333775,
   1.7961669552517034,
   1.7961575145315467,
   1.7961575145316742,
   1.7961669552517414,
   1.796166953333735,
   1.7961575092518611,
   1.7961572588479098,
   1.7961656687463137,
   1.796166053459738,
   1.7961573157085606,
   1.7961572013732887,
   1.796164375354381,
   1.7961643735956863,
   1.7961571964803826
  ],
  "1": [
   1.7942345189712985,
   1.7942273945914124,
   1.7942273880322688,
   1.7942345158218282,
   1.7942344076443852,
   1.7942257163872504,
   1.7942260919509436,
   1.794234463001965,
   1.7942342030804619,
   1.794224813641947,
   1.7942248069510183,
   1.7942342002845917,
   1.7942342002845135,
   1.7942248069509257,
   1.7942248136419185,
   1.794234203080658,
   1.7942344630019171,
   1.7942260919509923,
   1.7942257163873372,
   1.7942344076443388,
   1.7942345158217552,
   1.7942273880321802,
   1.7942273945912162,
   1.79423451897135
  ]
 },
 "2": {
  "0": [
   1.7955701417424652,
   1.7955163157210612,
   1.795441235296247,
   1.7954412363101118,
   1.795516318006131,
   1.7955701425780477,
   1.795564033276812,
   1.795508961680137,
   1.7954383062131622,
   1.7954386413481647,
   1.7955089658366439,
   1.7955643034868247,
   1.7955580300538598,
   1.7955013698504796,
   1.7954358394847885,
   1.7954358403705624,
   1.7955013718320578,
   1.795558031102466,
   1.7955580311025543,
   1.7955013718316573,
   1.795435840370621,
   1.795435839485208,
   1.7955013698501807,
   1.795558030054081,
   1.7955643034867206,
   1.795508965836966,
   1.7954386413479377,
   1.7954383062134645,
   1.7955089616801287,
   1.7955640332763356,
   1.795570142577722,
   1.7955163180061002,
   1.7954412363097447,
   1.7954412352963214,
   1.7955163157211051,
   1.795570141742351
  ],
  "1": [
   1.7979002402524118,
   1.7978940912147172,
   1.7978872394992802,
   1.7978872375439447,
   1.7978940852335683,
   1.7979002370208312,
   1.797899972385725,
   1.797894713723213,
   1.7978905746233762,
   1.7978902456218757,
   1.7978947026652627,
   1.7978996724712877,
   1.7978993245993171,
   1.7978954005590735,
   1.7978934425528696,
   1.7978934403462636,
   1.7978953948363425,
   1.7978993213228103,
   1.7978993213227552,
   1.797895394836581,
   1.7978934403459954,
   1.7978934425528694,
   1.7978954005590928,
   1.797899324599487,
   1.7978996724712748,
   1.7978947026653427,
   1.7978902456220847,
   1.7978905746236236,
   1.797894713722952,
   1.797899972385843,
   1.7979002370208566,
   1.7978940852336305,
   1.7978872375433632,
   1.7978872394997418,
   1.7978940912147308,
   1.7979002402521496
  ]
 },
 "Z_a": [
  6,
  6,
  6,
  6,
  6,
  6,
  6,
  6,
  6,
  6,
  6,
  6,
  15,
  15,
  15,
  15,
  5,
  5,
  5,
  5,
  6,
  6,
  6,
  6,
  1,
  1,
  1,
  1
 ],
 "spos_ac": [
  [
   0.875086171267842,
   0.5799114664354494,
   0.7620001604529165
  ],
  [
   0.6963326491430107,
   0.49152273806342317,
   0.26204968708065984
  ],
  [
   0.19634578503225414,
   0.07986334182487917,
   0.3093996709370247
  ],
  [
   0.37509243651960295,
   0.9915710460212733,
   0.809350332057105
  ],
  [
   0.19634240016082302,
   0.4915171049931042,
   0.30942841097595686
  ],
  [
   0.37509592228564614,
   0.5799058333650529,
   0.8093788843478147
  ],
  [
   0.8750827863963759,
   0.9915652296037303,
   0.7620289004915775
  ],
  [
   0.6963361349088255,
   0.0798575254071736,
   0.26207823937147035
  ],
  [
   0.5878528164294758,
   0.7857486902548056,
   0.8132081770705389
  ],
  [
   0.9835807429164943,
   0.28567971172124473,
   0.31319234859390055
  ],
  [
   0.4835757549990956,
   0.2856798811737049,
   0.25822039435815514
  ],
  [
   0.08784782851211616,
   0.7857488597073228,
   0.7582362228344648
  ],
  [
   0.7581652244482407,
   0.7856983365429423,
   0.06779663046633189
  ],
  [
   0.8132687115998859,
   0.28572998789025006,
   0.56776712828043
  ],
  [
   0.31326334698036784,
   0.28573023488574767,
   0.003631940962239495
  ],
  [
   0.25815985982870476,
   0.785698583538386,
   0.5036614431480133
  ],
  [
   0.9476341442714147,
   0.7857464059503083,
   0.6263911162553406
  ],
  [
   0.6237953359644607,
   0.2856820998259023,
   0.12641184983721956
  ],
  [
   0.12379442715717318,
   0.2856821654782436,
   0.4450374551733063
  ],
  [
   0.44763323546407974,
   0.7857464716026812,
   0.9450167215913226
  ],
  [
   0.9451948331333634,
   0.7857448925395717,
   0.29582696918928797
  ],
  [
   0.6252729068777036,
   0.285683959345953,
   0.7958524720273839
  ],
  [
   0.1252448617163888,
   0.2856836863818081,
   0.7756015947384649
  ],
  [
   0.4461556645508782,
   0.7857446120828451,
   0.27557609940116634
  ],
  [
   0.535714285714305,
   0.5357142857142547,
   0.5357142857142149
  ],
  [
   0.03571428571427876,
   0.5357142857142906,
   0.03571428571427213
  ],
  [
   0.5357142857143153,
   0.03571428571430044,
   0.5357142857142152
  ],
  [
   0.03571428571427918,
   0.03571428571425121,
   0.03571428571428174
  ]
 ]
}