{
 "0": {
  "0": [
   0.37520448939486173,
   0.39214720635164557,
   0.3921473235725656,
   0.3752044309604828,
   0.3759029255648601,
   0.39432870775646595,
   0.39432870070964626,
   0.3759029251083343,
   0.37542680266160977,
   0.39495267000670425,
   0.3949526666709001,
   0.3754267349661691,
   0.3754267349660789,
   0.3949526666708278,
   0.3949526700066817,
   0.3754268026615422,
   0.3759029251083162,
   0.3943287007096457,
   0.3943287077564585,
   0.37590292556487465,
   0.3752044309605306,
   0.3921473235725089,
   0.39214720635170575,
   0.375204489394899
  ],
  "1": [
   -3.067401003918055,
   -3.08455855074054,
   -3.0845586735819257,
   -3.0674009271912164,
   -3.0680676471181014,
   -3.0867308632271517,
   -3.086730848986247,
   -3.0680676336421016,
   -3.0675555977931275,
   -3.087346116028282,
   -3.0873461071470816,
   -3.067555509088077,
   -3.067555509088046,
   -3.087346107147072,
   -3.0873461160282765,
   -3.0675555977930955,
   -3.0680676336420696,
   -3.0867308489862446,
   -3.0867308632271286,
   -3.0680676471180144,
   -3.067400927191248,
   -3.084558673581894,
   -3.084558550740525,
   -3.0674010039180417
  ]
 },
 "1": {
  "0": [
   1.796157183485306,
   1.7961643291563891,
   1.7961643277035912,
   1.7961571827522245,
   1.7961573174462053,
   1.7961660263956196,
   1.796165627263081,
   1.79615724348743,
   1.796157517078883,
   1.7961669244166478,
   1.7961669232061128,
   1.796157516262095,
   1.796157516262013,
   1.7961669232062094,
   1.796166924416606,
   1.7961575170789421,
   1.7961572434874788,
   1.7961656272630129,
   1.796166026395549,
   1.796157317446298,
   1.7961571827523108,
   1.7961643277036006,
   1.7961643291562992,
   1.7961571834853776
  ],
  "1": [
   1.7942342583879969,
   1.794227158772471,
   1.794227156986171,
   1.7942342573919008,
   1.7942341401129644,
   1.7942254951830425,
   1.7942258704371141,
   1.7942342052242946,
   1.7942339465813375,
   1.7942245920980764,
   1.7942245901248117,
   1.7942339455638,
   1.7942339455637994,
   1.7942245901248326,
   1.7942245920981643,
   1.7942339465813768,
   1.7942342052243498,
   1.7942258704371692,
   1.79422549518315,
   1.794234140112996,
   1.7942342573922225,
   1.794227156986163,
   1.7942271587723295,
   1.7942342583880984
  ]
 },
 "2": {
  "0": [
   1.7832872256966839,
   1.783264380506165,
   1.7832325155065643,
   1.783232517438746,
   1.7832643850578085,
   1.783287228391506,
   1.7832920618695176,
   1.7832590591189275,
   1.783216182148053,
   1.7832165280366237,
   1.783259068324605,
   1.7832923013933264,
   1.7832967690268038,
   1.7832533540427913,
   1.7832006272642111,
   1.783200629231532,
   1.783253358721793,
   1.7832967717047807,
   1.7832967717052448,
   1.783253358721821,
   1.7832006292316336,
   1.7832006272642578,
   1.7832533540427777,
   1.7832967690271313,
   1.7832923013932125,
   1.7832590683245682,
   1.7832165280362708,
   1.7832161821482835,
   1.7832590591189657,
   1.7832920618695083,
   1.7832872283915002,
   1.7832643850576753,
   1.7832325174384034,
   1.7832325155065392,
   1.783264380506144,
   1.7832872256966696
  ],
  "1": [
   1.785453365594601,
   1.7852672674110932,
   1.7850530605252546,
   1.7850530621702079,
   1.7852672693059266,
   1.7854533662432452,
   1.7854566933712135,
   1.7852645912853204,
   1.7850461161707247,
   1.78504578492397,
   1.7852645957894455,
   1.7854563584483885,
   1.7854588331966372,
   1.785261571451211,
   1.7850386462647154,
   1.7850386479230431,
   1.7852615737830366,
   1.785458833944491,
   1.7854588339445243,
   1.7852615737829127,
   1.785038647923114,
   1.7850386462645098,
   1.78526157145121,
   1.7854588331966827,
   1.785456358448399,
   1.7852645957893936,
   1.785045784924021,
   1.7850461161707312,
   1.7852645912855598,
   1.7854566933713087,
   1.7854533662431933,
   1.7852672693060794,
   1.7850530621701117,
   1.7850530605251336,
   1.785267267411028,
   1.7854533655945908
  ]
 },
 "Z_a": [
  6,
  6,
  6,
  6,
  6,
  6,
  6,
  6,
  6,
  6,
  6,
  6,
  15,
  15,
  15,
  15,
  5,
  5,
  5,
  5,
  6,
  6,
  6,
  6,
  1,
  1,
  1,
  1
 ],
 "spos_ac": [
  [
   0.875086171267842,
   0.5799114664354494,
   0.7620001604529165
  ],
  [
   0.6963326491430107,
   0.49152273806342317,
   0.26204968708065984
  ],
  [
   0.19634578503225414,
   0.07986334182487917,
   0.3093996709370247
  ],
  [
   0.37509243651960295,
   0.9915710460212733,
   0.809350332057105
  ],
  [
   0.19634240016082302,
   0.4915171049931042,
   0.30942841097595686
  ],
  [
   0.37509592228564614,
   0.5799058333650529,
   0.8093788843478147
  ],
  [
   0.8750827863963759,
   0.9915652296037303,
   0.7620289004915775
  ],
  [
   0.6963361349088255,
   0.0798575254071736,
   0.26207823937147035
  ],
  [
   0.5878528164294758,
   0.7857486902548056,
   0.8132081770705389
  ],
  [
   0.9835807429164943,
   0.28567971172124473,
   0.31319234859390055
  ],
  [
   0.4835757549990956,
   0.2856798811737049,
   0.25822039435815514
  ],
  [
   0.08784782851211616,
   0.7857488597073228,
   0.7582362228344648
  ],
  [
   0.7581652244482407,
   0.7856983365429423,
   0.06779663046633189
  ],
  [
   0.8132687115998859,
   0.28572998789025006,
   0.56776712828043
  ],
  [
   0.31326334698036784,
   0.28573023488574767,
   0.003631940962239495
  ],
  [
   0.25815985982870476,
   0.785698583538386,
   0.5036614431480133
  ],
  [
   0.9476341442714147,
   0.7857464059503083,
   0.6263911162553406
  ],
  [
   0.6237953359644607,
   0.2856820998259023,
   0.12641184983721956
  ],
  [
   0.12379443057312212,
   0.2856821653113141,
   0.44720408514674737
  ],
  [
   0.44763323546407974,
   0.7857464716026812,
   0.9450167215913226
  ],
  [
   0.9461837097119583,
   0.7857448850466753,
   0.2958269766902139
  ],
  [
   0.6252729068777036,
   0.285683959345953,
   0.7958524720273839
  ],
  [
   0.1252448617163888,
   0.2856836863818081,
   0.7756015947384649
  ],
  [
   0.4461556645508782,
   0.7857446120828451,
   0.27557609940116634
  ],
  [
   0.535714285714305,
   0.5357142857142547,
   0.5357142857142149
  ],
  [
   0.03571428571427876,
   0.5357142857142906,
   0.03571428571427213
  ],
  [
   0.5357142857143153,
   0.03571428571430044,
   0.5357142857142152
  ],
  [
   0.03571428571427918,
   0.03571428571425121,
   0.03571428571428174
  ]
 ]
}