{
 "0": {
  "0": [
   0.37344416653495344,
   0.3905687079491008,
   0.39055709926011317,
   0.37342955416342916,
   0.37411732852627627,
   0.39275949017887135,
   0.3927350343070579,
   0.37408787707705954,
   0.37359252507415264,
   0.39338407261004665,
   0.3933712251161443,
   0.37357737231073873,
   0.37357737231073,
   0.3933712251161731,
   0.3933840726100188,
   0.3735925250741324,
   0.3740878770770235,
   0.39273503430703016,
   0.3927594901789203,
   0.3741173285263028,
   0.37342955416343276,
   0.39055709926013205,
   0.3905687079490962,
   0.3734441665349521
  ],
  "1": [
   -3.068549663377539,
   -3.085488658832266,
   -3.0854865825923965,
   -3.0685531988820363,
   -3.069286491272853,
   -3.0877055997033946,
   -3.0876991102770672,
   -3.069294059428779,
   -3.068867025786872,
   -3.0883895664742966,
   -3.088385055081451,
   -3.0688710807911113,
   -3.068871080791125,
   -3.0883850550814214,
   -3.0883895664742638,
   -3.068867025786868,
   -3.0692940594287927,
   -3.0876991102770477,
   -3.0877055997033773,
   -3.069286491272854,
   -3.068553198882072,
   -3.0854865825923565,
   -3.085488658832223,
   -3.0685496633774996
  ]
 },
 "1": {
  "0": [
   1.751894482049491,
   1.7520860504167073,
   1.7520878420067316,
   1.7518979563302772,
   1.7518952372888046,
   1.7520880632750198,
   1.7520914445924216,
   1.7519020743696103,
   1.7518993761142576,
   1.7520911889205004,
   1.7520930245313495,
   1.7519029170026392,
   1.7519029170026625,
   1.7520930245313628,
   1.7520911889204591,
   1.7518993761143102,
   1.7519020743696687,
   1.7520914445923996,
   1.7520880632750997,
   1.7518952372888146,
   1.7518979563302768,
   1.7520878420067283,
   1.7520860504166231,
   1.7518944820494786
  ],
  "1": [
   1.7516439165550333,
   1.7519673813015815,
   1.7519660748455717,
   1.751643752482193,
   1.7516403240643095,
   1.7519555258468567,
   1.7519533323466236,
   1.7516399796034967,
   1.7516364574659147,
   1.751943014669173,
   1.7519416169612148,
   1.751636326287263,
   1.7516363262871741,
   1.7519416169612096,
   1.7519430146691755,
   1.751636457465902,
   1.7516399796034534,
   1.7519533323466239,
   1.7519555258467938,
   1.7516403240642997,
   1.7516437524822182,
   1.7519660748455543,
   1.751967381301592,
   1.7516439165550237
  ]
 },
 "2": {
  "0": [
   1.7941830184058347,
   1.7941937281621476,
   1.7942049211777031,
   1.794203837116115,
   1.7941922602212796,
   1.7941823779707158,
   1.7941776031605388,
   1.7941909157850235,
   1.7942040202970435,
   1.7942022902706976,
   1.7941881407839846,
   1.794176761038871,
   1.7941720466995374,
   1.7941869457391604,
   1.7942021781412774,
   1.794201408576117,
   1.7941854684268768,
   1.7941716844967737,
   1.7941716844967033,
   1.7941854684268015,
   1.7942014085761604,
   1.794202178141313,
   1.7941869457391115,
   1.794172046699548,
   1.794176761038918,
   1.7941881407841602,
   1.7942022902707446,
   1.7942040202970373,
   1.7941909157849134,
   1.7941776031606522,
   1.7941823779706751,
   1.7941922602212785,
   1.7942038371160618,
   1.7942049211777666,
   1.794193728162121,
   1.7941830184058143
  ],
  "1": [
   1.7955108105993458,
   1.7956202342900829,
   1.7957815907300756,
   1.7957864150804883,
   1.7956272620933942,
   1.7955133048878027,
   1.7955076143170858,
   1.7956159964925302,
   1.7957832749833587,
   1.7957926878169177,
   1.795629982650512,
   1.7955124060147258,
   1.7955063587983282,
   1.7956188251648624,
   1.7957892830165092,
   1.7957942691091597,
   1.7956257575472487,
   1.7955091173861155,
   1.7955091173858366,
   1.795625757547274,
   1.795794269109124,
   1.7957892830165032,
   1.7956188251647733,
   1.7955063587982487,
   1.795512406014751,
   1.7956299826504794,
   1.7957926878168717,
   1.7957832749833478,
   1.7956159964925857,
   1.7955076143170845,
   1.7955133048877026,
   1.795627262093338,
   1.7957864150805416,
   1.7957815907301464,
   1.7956202342900955,
   1.7955108105993507
  ]
 },
 "Z_a": [
  6,
  6,
  6,
  6,
  6,
  6,
  6,
  6,
  6,
  6,
  6,
  6,
  15,
  15,
  15,
  15,
  5,
  5,
  5,
  5,
  6,
  6,
  6,
  6,
  1,
  1,
  1,
  1
 ],
 "spos_ac": [
  [
   0.875086171267842,
   0.5799114664354494,
   0.7620001604529165
  ],
  [
   0.6963326491430107,
   0.49152273806342317,
   0.26204968708065984
  ],
  [
   0.19634578503225414,
   0.07986334182487917,
   0.3093996709370247
  ],
  [
   0.37509243651960295,
   0.9915710460212733,
   0.809350332057105
  ],
  [
   0.19634240016082302,
   0.4915171049931042,
   0.30942841097595686
  ],
  [
   0.3750959178813749,
   0.5815876851949328,
   0.8093788841330307
  ],
  [
   0.8750827863963759,
   0.9915652296037303,
   0.7620289004915775
  ],
  [
   0.6963361349088255,
   0.0798575254071736,
   0.26207823937147035
  ],
  [
   0.5878528164294758,
   0.7857486902548056,
   0.8132081770705389
  ],
  [
   0.9835807429164943,
   0.28567971172124473,
   0.31319234859390055
  ],
  [
   0.4835757549990956,
   0.2856798811737049,
   0.25822039435815514
  ],
  [
   0.08784782851211616,
   0.7857488597073228,
   0.7582362228344648
  ],
  [
   0.7581652244482407,
   0.7856983365429423,
   0.06779663046633189
  ],
  [
   0.8132687115998859,
   0.28572998789025006,
   0.56776712828043
  ],
  [
   0.31326334698036784,
   0.28573023488574767,
   0.003631940962239495
  ],
  [
   0.25815985982870476,
   0.785698583538386,
   0.5036614431480133
  ],
  [
   0.9476341442714147,
   0.7857464059503083,
   0.6263911162553406
  ],
  [
   0.6237953359644607,
   0.2856820998259023,
   0.12641184983721956
  ],
  [
   0.12379442715717318,
   0.2856821654782436,
   0.4450374551733063
  ],
  [
   0.44763323546407974,
   0.7857464716026812,
   0.9450167215913226
  ],
  [
   0.9461837097119583,
   0.7857448850466753,
   0.2958269766902139
  ],
  [
   0.6252729068777036,
   0.285683959345953,
   0.7958524720273839
  ],
  [
   0.1252448617163888,
   0.2856836863818081,
   0.7756015947384649
  ],
  [
   0.4461556645508782,
   0.7857446120828451,
   0.27557609940116634
  ],
  [
   0.535714285714305,
   0.5357142857142547,
   0.5357142857142149
  ],
  [
   0.03571428571427876,
   0.5357142857142906,
   0.03571428571427213
  ],
  [
   0.5357142857143153,
   0.03571428571430044,
   0.5357142857142152
  ],
  [
   0.03571428571427918,
   0.03571428571425121,
   0.03571428571428174
  ]
 ]
}