{
 "0": {
  "0": [
   0.3748004533794758,
   0.3917807746195173,
   0.3917833911763093,
   0.37479981784799205,
   0.37549340700962774,
   0.3939576767698818,
   0.393963517604107,
   0.37549179226234847,
   0.3750054031283785,
   0.3945827559284678,
   0.39458620472194456,
   0.3750042937826788,
   0.37500429378261313,
   0.3945862047217974,
   0.3945827559282837,
   0.3750054031282758,
   0.3754917922619658,
   0.3939635176035661,
   0.3939576767691898,
   0.3754934070090696,
   0.37479981784717586,
   0.39178339117619687,
   0.39178077461940897,
   0.3748004533793264
  ],
  "1": [
   -3.0678723611299397,
   -3.0848530503316023,
   -3.0848506501793667,
   -3.067872812443776,
   -3.0685783944235427,
   -3.087038274022965,
   -3.0870323674786397,
   -3.068579896419243,
   -3.0681081870293743,
   -3.0876667388730885,
   -3.08766325770036,
   -3.0681090950092895,
   -3.068109095009224,
   -3.087663257700223,
   -3.0876667388729717,
   -3.068108187029288,
   -3.068579896418905,
   -3.087032367478169,
   -3.087038274022375,
   -3.0685783944230547,
   -3.06787281244299,
   -3.084850650179317,
   -3.084853050331475,
   -3.0678723611298238
  ]
 },
 "1": {
  "0": [
   1.7953106344416578,
   1.7953241304939511,
   1.7953239574864586,
   1.7953105775506877,
   1.7953101867754875,
   1.7953261540958498,
   1.7953253552910038,
   1.7953100314182326,
   1.7953098016797129,
   1.7953271877645058,
   1.7953269443504902,
   1.7953097245898841,
   1.7953097245899086,
   1.7953269443505178,
   1.7953271877645072,
   1.7953098016796498,
   1.7953100314182864,
   1.7953253552909412,
   1.7953261540958017,
   1.795310186775637,
   1.795310577550686,
   1.7953239574864646,
   1.795324130493962,
   1.7953106344416518
  ],
  "1": [
   1.7933859710123234,
   1.7933853535134754,
   1.7933851980778217,
   1.7933859014423905,
   1.7933852792821852,
   1.7933840240951096,
   1.7933840355450172,
   1.7933852359780356,
   1.7933844944760666,
   1.7933832821115807,
   1.7933830567755715,
   1.793384404535192,
   1.7933844045351346,
   1.7933830567754796,
   1.7933832821114712,
   1.7933844944759578,
   1.7933852359778195,
   1.7933840355449062,
   1.7933840240951189,
   1.793385279282027,
   1.793385901442423,
   1.793385198077828,
   1.7933853535134812,
   1.7933859710123206
  ]
 },
 "2": {
  "0": [
   1.7943026765104704,
   1.7943076840977998,
   1.7943150004148545,
   1.794315278717029,
   1.7943080371367013,
   1.794302770429907,
   1.794301191257007,
   1.79430668242657,
   1.7943149247246488,
   1.7943158181447356,
   1.7943073168684867,
   1.794301652607269,
   1.79430007190807,
   1.7943059024029795,
   1.7943157339752767,
   1.7943160268717244,
   1.7943062703002164,
   1.794300257982001,
   1.7943002579822118,
   1.7943062703003512,
   1.7943160268715244,
   1.7943157339749698,
   1.7943059024023487,
   1.7943000719070006,
   1.7943016526068456,
   1.794307316868706,
   1.7943158181449501,
   1.7943149247241732,
   1.794306682426146,
   1.794301191256943,
   1.7943027704298036,
   1.7943080371368567,
   1.7943152787172407,
   1.7943150004150632,
   1.7943076840978078,
   1.7943026765104344
  ],
  "1": [
   1.7961537226755795,
   1.79616072412178,
   1.7961715654486878,
   1.7961718475963317,
   1.7961610878138674,
   1.796153823169693,
   1.7961525284281825,
   1.7961593645099456,
   1.7961719972320433,
   1.7961722259568476,
   1.7961600208781945,
   1.7961524445267387,
   1.7961507910822112,
   1.7961583043248104,
   1.7961719471365618,
   1.796172243414889,
   1.7961586830068272,
   1.7961509843139858,
   1.7961509843140124,
   1.7961586830070435,
   1.79617224341479,
   1.7961719471363036,
   1.7961583043242482,
   1.7961507910812056,
   1.796152444525912,
   1.796160020878467,
   1.7961722259571105,
   1.7961719972315822,
   1.7961593645094869,
   1.7961525284279043,
   1.7961538231696301,
   1.796161087814018,
   1.796171847596562,
   1.796171565448911,
   1.7961607241215654,
   1.796153722675642
  ]
 },
 "Z_a": [
  6,
  6,
  6,
  6,
  6,
  6,
  6,
  6,
  6,
  6,
  6,
  6,
  15,
  15,
  15,
  15,
  5,
  5,
  5,
  5,
  6,
  6,
  6,
  6,
  1,
  1,
  1,
  1
 ],
 "spos_ac": [
  [
   0.875086171267842,
   0.5799114664354494,
   0.7620001604529165
  ],
  [
   0.6963326491430107,
   0.49152273806342317,
   0.26204968708065984
  ],
  [
   0.19634578503225414,
   0.07986334182487917,
   0.3093996709370247
  ],
  [
   0.37509243651960295,
   0.9915710460212733,
   0.809350332057105
  ],
  [
   0.19634240016082302,
   0.4915171049931042,
   0.30942841097595686
  ],
  [
   0.37509592228564614,
   0.5799058333650529,
   0.8093788843478147
  ],
  [
   0.8750827863963759,
   0.9915652296037303,
   0.7620289004915775
  ],
  [
   0.6963361349088255,
   0.0798575254071736,
   0.26207823937147035
  ],
  [
   0.5878528164294758,
   0.7857486902548056,
   0.8132081770705389
  ],
  [
   0.9835807429164943,
   0.28567971172124473,
   0.31319234859390055
  ],
  [
   0.4835757549990956,
   0.2856798811737049,
   0.25822039435815514
  ],
  [
   0.08784782851211616,
   0.7857488597073228,
   0.7582362228344648
  ],
  [
   0.7581652244482407,
   0.7856983365429423,
   0.06779663046633189
  ],
  [
   0.8132687115998859,
   0.28572998789025006,
   0.56776712828043
  ],
  [
   0.31326334698036784,
   0.28573023488574767,
   0.003631940962239495
  ],
  [
   0.25815985982870476,
   0.785698583538386,
   0.5036614431480133
  ],
  [
   0.9476341442714147,
   0.7857464059503083,
   0.6263911162553406
  ],
  [
   0.6237953359644607,
   0.2856820998259023,
   0.12641184983721956
  ],
  [
   0.12379442715717318,
   0.2856821654782436,
   0.4450374551733063
  ],
  [
   0.44763323546407974,
   0.7857464716026812,
   0.9450167215913226
  ],
  [
   0.9461837097119583,
   0.7857448850466753,
   0.2958269766902139
  ],
  [
   0.6252729068777036,
   0.285683959345953,
   0.7958524720273839
  ],
  [
   0.1252448617163888,
   0.2856836863818081,
   0.7756015947384649
  ],
  [
   0.4461556645508782,
   0.7857446120828451,
   0.27557609940116634
  ],
  [
   0.535714285714305,
   0.5357142857142547,
   0.5357142857142149
  ],
  [
   0.03670316229287369,
   0.5357142782213942,
   0.03571429321519807
  ],
  [
   0.5357142857143153,
   0.03571428571430044,
   0.5357142857142152
  ],
  [
   0.03571428571427918,
   0.03571428571425121,
   0.03571428571428174
  ]
 ]
}