{
 "0": {
  "0": [
   0.3515023514201347,
   0.3683631528707245,
   0.36834131957617977,
   0.3514802370644414,
   0.35221900279052376,
   0.37059540867336377,
   0.3705501246946936,
   0.35217323217568003,
   0.3517375016123713,
   0.37125710830401804,
   0.3712335873924875,
   0.35171348063997365,
   0.3517134806399745,
   0.3712335873925055,
   0.3712571083040476,
   0.35173750161241346,
   0.352173232175696,
   0.3705501246946648,
   0.37059540867342083,
   0.35221900279047774,
   0.3514802370644798,
   0.36834131957622346,
   0.36836315287074894,
   0.3515023514201515
  ],
  "1": [
   -3.091205521418844,
   -3.108194929184231,
   -3.1082154275655283,
   -3.0912282557244084,
   -3.091885287682783,
   -3.1103132435710865,
   -3.1103550445269104,
   -3.0919324688946084,
   -3.091413820062803,
   -3.1109024257846642,
   -3.1109240444205892,
   -3.091438314391905,
   -3.091438314391862,
   -3.1109240444205817,
   -3.11090242578469,
   -3.091413820062867,
   -3.0919324688946452,
   -3.1103550445268953,
   -3.1103132435711007,
   -3.091885287682715,
   -3.091228255724404,
   -3.108215427565543,
   -3.1081949291842204,
   -3.0912055214188574
  ]
 },
 "1": {
  "0": [
   1.7934789216606293,
   1.7934457606650365,
   1.7934509306458066,
   1.7934817246916943,
   1.7934763961773852,
   1.7934428165632272,
   1.7934527136840956,
   1.7934819781759594,
   1.7934769383108662,
   1.7934440711826285,
   1.7934492892305745,
   1.7934799004778843,
   1.7934799004778925,
   1.7934492892306093,
   1.793444071182608,
   1.7934769383108353,
   1.7934819781759228,
   1.7934527136841323,
   1.7934428165632426,
   1.7934763961773845,
   1.7934817246916956,
   1.7934509306458504,
   1.7934457606650147,
   1.7934789216606237
  ],
  "1": [
   1.7923354709178534,
   1.7925921321393203,
   1.7925900935406156,
   1.7923340839889301,
   1.7923396034793435,
   1.7925905198418164,
   1.7925864928761766,
   1.7923376191342872,
   1.7923428230122456,
   1.7925872886175414,
   1.7925851608504266,
   1.792341782191847,
   1.7923417821919017,
   1.7925851608504906,
   1.792587288617562,
   1.7923428230122476,
   1.7923376191342792,
   1.7925864928762145,
   1.7925905198418535,
   1.7923396034793646,
   1.7923340839889303,
   1.792590093540664,
   1.792592132139293,
   1.7923354709178307
  ]
 },
 "2": {
  "0": [
   1.7924447680713649,
   1.7925741985012473,
   1.7927192701663126,
   1.7927173599585149,
   1.7925709410512811,
   1.792443388206722,
   1.7924429260560792,
   1.7925675055954329,
   1.7927098412543203,
   1.792705900784492,
   1.7925611138895168,
   1.7924404057713315,
   1.7924398851412195,
   1.7925577946632358,
   1.792698407628657,
   1.792696437979275,
   1.7925546778279953,
   1.7924388221297165,
   1.792438822129806,
   1.792554677828152,
   1.792696437979312,
   1.7926984076287307,
   1.792557794663268,
   1.7924398851411325,
   1.7924404057712624,
   1.792561113889504,
   1.792705900784575,
   1.7927098412543574,
   1.7925675055954642,
   1.7924429260561334,
   1.7924433882068398,
   1.792570941051296,
   1.7927173599583686,
   1.792719270166194,
   1.792574198501292,
   1.7924447680714835
  ],
  "1": [
   1.793806874372683,
   1.7938464626552855,
   1.7939174350548417,
   1.7939165769721748,
   1.793843165141104,
   1.7938044024103421,
   1.7938104089086242,
   1.7938497749976186,
   1.7939199494319378,
   1.7939177741875851,
   1.7938435103745871,
   1.793805970192291,
   1.793811549089017,
   1.7938501570585343,
   1.7939206412294904,
   1.7939200440188068,
   1.7938470192807754,
   1.7938095014948054,
   1.7938095014949114,
   1.793847019280876,
   1.7939200440189458,
   1.7939206412295805,
   1.7938501570584302,
   1.7938115490889626,
   1.7938059701921345,
   1.7938435103746193,
   1.7939177741876253,
   1.7939199494319567,
   1.7938497749976647,
   1.7938104089086098,
   1.793804402410455,
   1.7938431651411133,
   1.7939165769721614,
   1.793917435054781,
   1.7938464626553254,
   1.7938068743726732
  ]
 },
 "Z_a": [
  6,
  6,
  6,
  6,
  6,
  6,
  6,
  6,
  6,
  6,
  6,
  6,
  15,
  15,
  15,
  15,
  5,
  5,
  5,
  5,
  6,
  6,
  6,
  6,
  1,
  1,
  1,
  1
 ],
 "spos_ac": [
  [
   0.875086171267842,
   0.5799114664354494,
   0.7620001604529165
  ],
  [
   0.6963326491430107,
   0.49152273806342317,
   0.26204968708065984
  ],
  [
   0.19634578503225414,
   0.07986334182487917,
   0.3093996709370247
  ],
  [
   0.37509243651960295,
   0.9915710460212733,
   0.809350332057105
  ],
  [
   0.19634240016082302,
   0.4915171049931042,
   0.30942841097595686
  ],
  [
   0.376084798864241,
   0.5799058258721564,
   0.8093788918487406
  ],
  [
   0.8750827863963759,
   0.9915652296037303,
   0.7620289004915775
  ],
  [
   0.6963361349088255,
   0.0798575254071736,
   0.26207823937147035
  ],
  [
   0.5878528164294758,
   0.7857486902548056,
   0.8132081770705389
  ],
  [
   0.9835807429164943,
   0.28567971172124473,
   0.31319234859390055
  ],
  [
   0.4835757549990956,
   0.2856798811737049,
   0.25822039435815514
  ],
  [
   0.08784782851211616,
   0.7857488597073228,
   0.7582362228344648
  ],
  [
   0.7581652244482407,
   0.7856983365429423,
   0.06779663046633189
  ],
  [
   0.8132687115998859,
   0.28572998789025006,
   0.56776712828043
  ],
  [
   0.31326334698036784,
   0.28573023488574767,
   0.003631940962239495
  ],
  [
   0.25815985982870476,
   0.785698583538386,
   0.5036614431480133
  ],
  [
   0.9476341442714147,
   0.7857464059503083,
   0.6263911162553406
  ],
  [
   0.6237953359644607,
   0.2856820998259023,
   0.12641184983721956
  ],
  [
   0.12379442715717318,
   0.2856821654782436,
   0.4450374551733063
  ],
  [
   0.44763323546407974,
   0.7857464716026812,
   0.9450167215913226
  ],
  [
   0.9461837097119583,
   0.7857448850466753,
   0.2958269766902139
  ],
  [
   0.6252729068777036,
   0.285683959345953,
   0.7958524720273839
  ],
  [
   0.1252448617163888,
   0.2856836863818081,
   0.7756015947384649
  ],
  [
   0.4461556645508782,
   0.7857446120828451,
   0.27557609940116634
  ],
  [
   0.535714285714305,
   0.5357142857142547,
   0.5357142857142149
  ],
  [
   0.03571428571427876,
   0.5357142857142906,
   0.03571428571427213
  ],
  [
   0.5357142857143153,
   0.03571428571430044,
   0.5357142857142152
  ],
  [
   0.03571428571427918,
   0.03571428571425121,
   0.03571428571428174
  ]
 ]
}