{
 "0": {
  "0": [
   0.3515020050266702,
   0.3683629526010553,
   0.36834111477274406,
   0.35147988141458664,
   0.3522186196471792,
   0.3705951978501158,
   0.3705499013002997,
   0.35217283582213305,
   0.3517370769132399,
   0.3712568786190974,
   0.3712333558180757,
   0.35171305454968627,
   0.3517130545497317,
   0.37123335581802536,
   0.37125687861911905,
   0.35173707691322625,
   0.35217283582213543,
   0.3705499013002433,
   0.37059519785008826,
   0.35221861964713314,
   0.3514798814145769,
   0.36834111477270276,
   0.3683629526010453,
   0.35150200502669376
  ],
  "1": [
   -3.0912054569992886,
   -3.108194894781883,
   -3.1082154155464945,
   -3.091228208983639,
   -3.091885212888802,
   -3.110313160294513,
   -3.1103550024439075,
   -3.0919324349991597,
   -3.0914137556155143,
   -3.1109023163438065,
   -3.110923961071922,
   -3.091438274876683,
   -3.0914382748766873,
   -3.1109239610718915,
   -3.110902316343806,
   -3.09141375561554,
   -3.0919324349991264,
   -3.1103550024438524,
   -3.110313160294503,
   -3.0918852128887484,
   -3.0912282089836185,
   -3.1082154155464754,
   -3.1081948947818763,
   -3.0912054569992784
  ]
 },
 "1": {
  "0": [
   1.7988328788586352,
   1.798877881200708,
   1.7988830367946147,
   1.798835677780397,
   1.7988328053579044,
   1.7988790577233889,
   1.7988889456559574,
   1.798838396018853,
   1.7988353562998418,
   1.7988846637312685,
   1.7988898781771163,
   1.7988383135786623,
   1.798838313578691,
   1.798889878177192,
   1.7988846637313527,
   1.798835356299844,
   1.798838396018918,
   1.7988889456559234,
   1.7988790577233855,
   1.798832805357837,
   1.7988356777804044,
   1.7988830367945938,
   1.798877881200657,
   1.7988328788586567
  ],
  "1": [
   1.7961344911748387,
   1.795864090121115,
   1.7958620364793687,
   1.7961331091383557,
   1.7961307738033576,
   1.7958647047136236,
   1.7958606980721117,
   1.7961287751858894,
   1.796126152751576,
   1.795863854408029,
   1.795861734652234,
   1.7961251163386527,
   1.7961251163385805,
   1.79586173465217,
   1.795863854407958,
   1.7961261527515624,
   1.7961287751858543,
   1.7958606980721472,
   1.7958647047136074,
   1.7961307738033612,
   1.7961331091383648,
   1.7958620364792928,
   1.7958640901210834,
   1.7961344911747998
  ]
 },
 "2": {
  "0": [
   1.7960961807543632,
   1.7959666948791237,
   1.795816780895097,
   1.7958148692236768,
   1.7959633968972963,
   1.7960947995593437,
   1.7960991926243952,
   1.7959768644328407,
   1.7958280679347087,
   1.7958241183823875,
   1.7959704690877478,
   1.79609667887038,
   1.7961011271842688,
   1.7959835902166905,
   1.7958380332698842,
   1.7958360625793974,
   1.7959804715675152,
   1.7961000638209945,
   1.796100063820845,
   1.795980471567494,
   1.795836062579272,
   1.7958380332699935,
   1.795983590216669,
   1.7961011271840612,
   1.7960966788705302,
   1.7959704690875236,
   1.7958241183823018,
   1.7958280679345389,
   1.7959768644328422,
   1.7960991926245495,
   1.7960947995592385,
   1.7959633968972422,
   1.7958148692235185,
   1.7958167808951002,
   1.7959666948791684,
   1.7960961807543478
  ],
  "1": [
   1.7984380599298184,
   1.7984014327006737,
   1.7983317217675536,
   1.7983308648774672,
   1.798398122010374,
   1.7984355883808243,
   1.7984365019052906,
   1.7984007214269377,
   1.7983307045676702,
   1.7983285336457269,
   1.7983944626238761,
   1.7984320826880136,
   1.798432586762448,
   1.7983969232106387,
   1.7983279175214477,
   1.7983273224432879,
   1.7983937885317174,
   1.7984305401287715,
   1.7984305401287706,
   1.7983937885317942,
   1.7983273224433594,
   1.7983279175215654,
   1.7983969232106325,
   1.798432586762272,
   1.7984320826881024,
   1.7983944626240769,
   1.7983285336456685,
   1.7983307045676395,
   1.798400721427001,
   1.7984365019052146,
   1.7984355883808238,
   1.798398122010409,
   1.798330864877345,
   1.7983317217677053,
   1.798401432700658,
   1.7984380599298393
  ]
 },
 "Z_a": [
  6,
  6,
  6,
  6,
  6,
  6,
  6,
  6,
  6,
  6,
  6,
  6,
  15,
  15,
  15,
  15,
  5,
  5,
  5,
  5,
  6,
  6,
  6,
  6,
  1,
  1,
  1,
  1
 ],
 "spos_ac": [
  [
   0.875086171267842,
   0.5799114664354494,
   0.7620001604529165
  ],
  [
   0.6963326491430107,
   0.49152273806342317,
   0.26204968708065984
  ],
  [
   0.19634578503225414,
   0.07986334182487917,
   0.3093996709370247
  ],
  [
   0.37509243651960295,
   0.9915710460212733,
   0.809350332057105
  ],
  [
   0.19634240016082302,
   0.4915171049931042,
   0.30942841097595686
  ],
  [
   0.37509592228564614,
   0.5799058333650529,
   0.8093788843478147
  ],
  [
   0.8760716629749709,
   0.9915652221108339,
   0.7620289079925033
  ],
  [
   0.6963361349088255,
   0.0798575254071736,
   0.26207823937147035
  ],
  [
   0.5878528164294758,
   0.7857486902548056,
   0.8132081770705389
  ],
  [
   0.9835807429164943,
   0.28567971172124473,
   0.31319234859390055
  ],
  [
   0.4835757549990956,
   0.2856798811737049,
   0.25822039435815514
  ],
  [
   0.08784782851211616,
   0.7857488597073228,
   0.7582362228344648
  ],
  [
   0.7581652244482407,
   0.7856983365429423,
   0.06779663046633189
  ],
  [
   0.8132687115998859,
   0.28572998789025006,
   0.56776712828043
  ],
  [
   0.31326334698036784,
   0.28573023488574767,
   0.003631940962239495
  ],
  [
   0.25815985982870476,
   0.785698583538386,
   0.5036614431480133
  ],
  [
   0.9476341442714147,
   0.7857464059503083,
   0.6263911162553406
  ],
  [
   0.6237953359644607,
   0.2856820998259023,
   0.12641184983721956
  ],
  [
   0.12379442715717318,
   0.2856821654782436,
   0.4450374551733063
  ],
  [
   0.44763323546407974,
   0.7857464716026812,
   0.9450167215913226
  ],
  [
   0.9461837097119583,
   0.7857448850466753,
   0.2958269766902139
  ],
  [
   0.6252729068777036,
   0.285683959345953,
   0.7958524720273839
  ],
  [
   0.1252448617163888,
   0.2856836863818081,
   0.7756015947384649
  ],
  [
   0.4461556645508782,
   0.7857446120828451,
   0.27557609940116634
  ],
  [
   0.535714285714305,
   0.5357142857142547,
   0.5357142857142149
  ],
  [
   0.03571428571427876,
   0.5357142857142906,
   0.03571428571427213
  ],
  [
   0.5357142857143153,
   0.03571428571430044,
   0.5357142857142152
  ],
  [
   0.03571428571427918,
   0.03571428571425121,
   0.03571428571428174
  ]
 ]
}