{
 "0": {
  "0": [
   0.37518938506672384,
   0.39223158341559355,
   0.39223170514422334,
   0.37518931786526494,
   0.3758959454190012,
   0.3944317550444412,
   0.39443175135961106,
   0.3758959416061837,
   0.37543377123337246,
   0.39508569413566985,
   0.3950856921763151,
   0.37543369773156315,
   0.37543369773153035,
   0.3950856921762992,
   0.39508569413566813,
   0.3754337712333163,
   0.3758959416061107,
   0.394431751359609,
   0.39443175504438177,
   0.37589594541894455,
   0.37518931786525983,
   0.3922317051442045,
   0.392231583415636,
   0.3751893850667155
  ],
  "1": [
   -3.0669540529125605,
   -3.08391678449454,
   -3.083916920448721,
   -3.066954005066286,
   -3.0676544703317083,
   -3.086092762686779,
   -3.086092777648725,
   -3.067654488823935,
   -3.0671730232846652,
   -3.0867154616014196,
   -3.086715469327093,
   -3.0671729565186596,
   -3.067172956518584,
   -3.086715469327111,
   -3.0867154616013863,
   -3.06717302328464,
   -3.0676544888239072,
   -3.0860927776486933,
   -3.086092762686729,
   -3.0676544703316675,
   -3.066954005066257,
   -3.083916920448708,
   -3.0839167844945607,
   -3.0669540529125614
  ]
 },
 "1": {
  "0": [
   1.7961574076814004,
   1.7961646060953576,
   1.7961646032518805,
   1.796157406029335,
   1.7961575340721194,
   1.7961662982743767,
   1.796165900993101,
   1.796157461328223,
   1.7961577430226374,
   1.796167199191932,
   1.7961671966957715,
   1.796157741653483,
   1.796157741653438,
   1.796167196695771,
   1.79616719919183,
   1.7961577430226114,
   1.7961574613282816,
   1.7961659009930826,
   1.7961662982743574,
   1.7961575340722062,
   1.7961574060293306,
   1.7961646032518899,
   1.7961646060954022,
   1.7961574076814972
  ],
  "1": [
   1.7942347159047753,
   1.7942275584940754,
   1.794227560578271,
   1.7942347156599283,
   1.794234579797274,
   1.7942258855319713,
   1.7942262717401236,
   1.7942346559283293,
   1.7942343980455788,
   1.7942249834646304,
   1.7942249855608075,
   1.7942343978671584,
   1.7942343978671909,
   1.7942249855607735,
   1.7942249834646973,
   1.794234398045503,
   1.7942346559283104,
   1.7942262717401074,
   1.7942258855319728,
   1.7942345797972648,
   1.7942347156599079,
   1.794227560578285,
   1.7942275584940626,
   1.7942347159047491
  ]
 },
 "2": {
  "0": [
   1.851186979509113,
   1.8510857870396378,
   1.8509654166143708,
   1.8509654168042806,
   1.8510857882652294,
   1.851186980660919,
   1.8511841311576838,
   1.8510827207426979,
   1.8509649750089636,
   1.8509653031337814,
   1.8510827225523763,
   1.8511843755153699,
   1.8511810672479427,
   1.8510798896776826,
   1.8509650311919685,
   1.8509650312006698,
   1.8510798902942365,
   1.8511810680509793,
   1.8511810680511767,
   1.8510798902942356,
   1.8509650312008827,
   1.8509650311922419,
   1.8510798896777831,
   1.8511810672479314,
   1.8511843755152466,
   1.8510827225523276,
   1.850965303133913,
   1.8509649750087542,
   1.8510827207424867,
   1.8511841311574926,
   1.8511869806607282,
   1.8510857882650429,
   1.8509654168041512,
   1.8509654166141327,
   1.8510857870395274,
   1.8511869795091846
  ],
  "1": [
   1.8535870317402892,
   1.8536113088925505,
   1.8536325135082488,
   1.85363251430172,
   1.8536113093464148,
   1.853587031989672,
   1.8535887661341885,
   1.8536136517266655,
   1.8536370674852485,
   1.8536367265733256,
   1.8536136529037812,
   1.8535884564821918,
   1.8535893535108912,
   1.8536164721255726,
   1.853641046794994,
   1.8536410476728384,
   1.8536164724991113,
   1.8535893540555692,
   1.8535893540557444,
   1.8536164724992832,
   1.8536410476728595,
   1.8536410467950346,
   1.8536164721254658,
   1.8535893535109373,
   1.8535884564822225,
   1.8536136529037148,
   1.8536367265732672,
   1.8536370674848874,
   1.8536136517264499,
   1.8535887661340256,
   1.8535870319896297,
   1.8536113093461422,
   1.8536325143016241,
   1.8536325135082503,
   1.8536113088924129,
   1.853587031740189
  ]
 },
 "Z_a": [
  6,
  6,
  6,
  6,
  6,
  6,
  6,
  6,
  6,
  6,
  6,
  6,
  15,
  15,
  15,
  15,
  5,
  5,
  5,
  5,
  6,
  6,
  6,
  6,
  1,
  1,
  1,
  1
 ],
 "spos_ac": [
  [
   0.875086171267842,
   0.5799114664354494,
   0.7620001604529165
  ],
  [
   0.6963326491430107,
   0.49152273806342317,
   0.26204968708065984
  ],
  [
   0.19634578503225414,
   0.07986334182487917,
   0.3093996709370247
  ],
  [
   0.37509243651960295,
   0.9915710460212733,
   0.809350332057105
  ],
  [
   0.19634240016082302,
   0.4915171049931042,
   0.30942841097595686
  ],
  [
   0.37509592228564614,
   0.5799058333650529,
   0.8093788843478147
  ],
  [
   0.8750827863963759,
   0.9915652296037303,
   0.7620289004915775
  ],
  [
   0.6963361349088255,
   0.0798575254071736,
   0.26207823937147035
  ],
  [
   0.5878528164294758,
   0.7857486902548056,
   0.8132081770705389
  ],
  [
   0.9835807429164943,
   0.28567971172124473,
   0.31319234859390055
  ],
  [
   0.4835757549990956,
   0.2856798811737049,
   0.25822039435815514
  ],
  [
   0.08784782851211616,
   0.7857488597073228,
   0.7582362228344648
  ],
  [
   0.7581652244482407,
   0.7856983365429423,
   0.06779663046633189
  ],
  [
   0.8132687115998859,
   0.28572998789025006,
   0.56776712828043
  ],
  [
   0.31326334698036784,
   0.28573023488574767,
   0.003631940962239495
  ],
  [
   0.25815985982870476,
   0.785698583538386,
   0.5036614431480133
  ],
  [
   0.9476341442714147,
   0.7857464059503083,
   0.6263911162553406
  ],
  [
   0.6237953359644607,
   0.2856820998259023,
   0.12641184983721956
  ],
  [
   0.12379442715717318,
   0.2856821654782436,
   0.4450374551733063
  ],
  [
   0.44763323546407974,
   0.7857464716026812,
   0.9450167215913226
  ],
  [
   0.9461837062960093,
   0.7857448852136047,
   0.2936603467167728
  ],
  [
   0.6252729068777036,
   0.285683959345953,
   0.7958524720273839
  ],
  [
   0.1252448617163888,
   0.2856836863818081,
   0.7756015947384649
  ],
  [
   0.4461556645508782,
   0.7857446120828451,
   0.27557609940116634
  ],
  [
   0.535714285714305,
   0.5357142857142547,
   0.5357142857142149
  ],
  [
   0.03571428571427876,
   0.5357142857142906,
   0.03571428571427213
  ],
  [
   0.5357142857143153,
   0.03571428571430044,
   0.5357142857142152
  ],
  [
   0.03571428571427918,
   0.03571428571425121,
   0.03571428571428174
  ]
 ]
}