{
 "0": {
  "0": [
   0.39837665416911916,
   0.4154779376652208,
   0.41550032410205956,
   0.39839895931233216,
   0.39905784976818254,
   0.41760611630525585,
   0.4176519709528973,
   0.39910423146924073,
   0.3985800597158861,
   0.4181962425192338,
   0.4182200292669463,
   0.39860422891061303,
   0.3986042289108451,
   0.4182200292672366,
   0.41819624251955817,
   0.3985800597164683,
   0.39910423146975355,
   0.41765197095340867,
   0.4176061163040759,
   0.3990578497671907,
   0.39839895931144126,
   0.4155003241015671,
   0.4154779376647133,
   0.39837665416868484
  ],
  "1": [
   -3.044260424958991,
   -3.061232383319855,
   -3.0612119842779237,
   -3.0442373179492495,
   -3.044979794299428,
   -3.0634770646919343,
   -3.063434930164158,
   -3.0449320538801183,
   -3.044493219930548,
   -3.0641423927401195,
   -3.064120578154536,
   -3.0444682716724536,
   -3.044468271672707,
   -3.064120578154802,
   -3.064142392740385,
   -3.044493219930998,
   -3.0449320538806393,
   -3.0634349301646844,
   -3.0634770646908396,
   -3.044979794298462,
   -3.044237317948366,
   -3.06121198427746,
   -3.06123238331938,
   -3.0442604249585448
  ]
 },
 "1": {
  "0": [
   1.7988679750053693,
   1.7989132569333333,
   1.7989080767826997,
   1.7988651168920298,
   1.7988707148987952,
   1.79891954318896,
   1.7989088285806363,
   1.7988649529465452,
   1.7988705022311657,
   1.7989200351375991,
   1.7989148070490355,
   1.798867536659304,
   1.7988675366594373,
   1.7989148070491572,
   1.7989200351377395,
   1.7988705022311546,
   1.7988649529467196,
   1.7989088285807844,
   1.7989195431890035,
   1.7988707148989578,
   1.7988651168918974,
   1.798908076782692,
   1.7989132569332074,
   1.798867975005207
  ],
  "1": [
   1.7961434431658911,
   1.7958658396022251,
   1.7958678339358933,
   1.7961448043505404,
   1.7961389540576806,
   1.795863890544841,
   1.7958685893297426,
   1.796141082505205,
   1.796135227430894,
   1.7958650524445097,
   1.7958671348887414,
   1.7961362777283727,
   1.7961362777284287,
   1.7958671348887925,
   1.7958650524445159,
   1.7961352274309015,
   1.796141082505259,
   1.7958685893298203,
   1.7958638905448618,
   1.7961389540577788,
   1.7961448043505583,
   1.7958678339358216,
   1.7958658396022253,
   1.796143443165853
  ]
 },
 "2": {
  "0": [
   1.796097222147372,
   1.7959647797298934,
   1.7958151304533312,
   1.7958170753844955,
   1.7959680498746384,
   1.7960985852069014,
   1.796098869479127,
   1.7959718808908274,
   1.7958240752002528,
   1.7958287230780219,
   1.79597827914102,
   1.7961019246687864,
   1.7961026116520993,
   1.7959819157965797,
   1.7958363637535864,
   1.7958383566497138,
   1.7959850355147637,
   1.7961036429564028,
   1.7961036429563566,
   1.7959850355147973,
   1.7958383566496559,
   1.7958363637534935,
   1.7959819157965136,
   1.796102611652191,
   1.7961019246687302,
   1.7959782791409424,
   1.795828723078033,
   1.7958240752002255,
   1.7959718808906595,
   1.7960988694791193,
   1.7960985852069054,
   1.7959680498747117,
   1.7958170753845564,
   1.7958151304533272,
   1.7959647797298284,
   1.7960972221475149
  ],
  "1": [
   1.7984651115461425,
   1.7984269168420541,
   1.7983589583860067,
   1.7983598577473823,
   1.7984302684628897,
   1.7984676091375469,
   1.7984618729230277,
   1.7984232317998234,
   1.7983570127211759,
   1.7983585506103519,
   1.7984295720278625,
   1.7984657683269993,
   1.7984601075589173,
   1.7984225992452478,
   1.798355526851361,
   1.7983561287465988,
   1.7984257396436736,
   1.798462164568623,
   1.798462164568565,
   1.7984257396436678,
   1.7983561287463936,
   1.7983555268511924,
   1.7984225992452814,
   1.7984601075590367,
   1.798465768327048,
   1.7984295720278507,
   1.7983585506103588,
   1.7983570127210755,
   1.79842323179982,
   1.7984618729229056,
   1.7984676091375438,
   1.7984302684628843,
   1.7983598577474453,
   1.7983589583861228,
   1.7984269168420848,
   1.7984651115462453
  ]
 },
 "Z_a": [
  6,
  6,
  6,
  6,
  6,
  6,
  6,
  6,
  6,
  6,
  6,
  6,
  15,
  15,
  15,
  15,
  5,
  5,
  5,
  5,
  6,
  6,
  6,
  6,
  1,
  1,
  1,
  1
 ],
 "spos_ac": [
  [
   0.875086171267842,
   0.5799114664354494,
   0.7620001604529165
  ],
  [
   0.6963326491430107,
   0.49152273806342317,
   0.26204968708065984
  ],
  [
   0.19634578503225414,
   0.07986334182487917,
   0.3093996709370247
  ],
  [
   0.37509243651960295,
   0.9915710460212733,
   0.809350332057105
  ],
  [
   0.19634240016082302,
   0.4915171049931042,
   0.30942841097595686
  ],
  [
   0.3741070457070513,
   0.5799058408579494,
   0.8093788768468887
  ],
  [
   0.8750827863963759,
   0.9915652296037303,
   0.7620289004915775
  ],
  [
   0.6963361349088255,
   0.0798575254071736,
   0.26207823937147035
  ],
  [
   0.5878528164294758,
   0.7857486902548056,
   0.8132081770705389
  ],
  [
   0.9835807429164943,
   0.28567971172124473,
   0.31319234859390055
  ],
  [
   0.4835757549990956,
   0.2856798811737049,
   0.25822039435815514
  ],
  [
   0.08784782851211616,
   0.7857488597073228,
   0.7582362228344648
  ],
  [
   0.7581652244482407,
   0.7856983365429423,
   0.06779663046633189
  ],
  [
   0.8132687115998859,
   0.28572998789025006,
   0.56776712828043
  ],
  [
   0.31326334698036784,
   0.28573023488574767,
   0.003631940962239495
  ],
  [
   0.25815985982870476,
   0.785698583538386,
   0.5036614431480133
  ],
  [
   0.9476341442714147,
   0.7857464059503083,
   0.6263911162553406
  ],
  [
   0.6237953359644607,
   0.2856820998259023,
   0.12641184983721956
  ],
  [
   0.12379442715717318,
   0.2856821654782436,
   0.4450374551733063
  ],
  [
   0.44763323546407974,
   0.7857464716026812,
   0.9450167215913226
  ],
  [
   0.9461837097119583,
   0.7857448850466753,
   0.2958269766902139
  ],
  [
   0.6252729068777036,
   0.285683959345953,
   0.7958524720273839
  ],
  [
   0.1252448617163888,
   0.2856836863818081,
   0.7756015947384649
  ],
  [
   0.4461556645508782,
   0.7857446120828451,
   0.27557609940116634
  ],
  [
   0.535714285714305,
   0.5357142857142547,
   0.5357142857142149
  ],
  [
   0.03571428571427876,
   0.5357142857142906,
   0.03571428571427213
  ],
  [
   0.5357142857143153,
   0.03571428571430044,
   0.5357142857142152
  ],
  [
   0.03571428571427918,
   0.03571428571425121,
   0.03571428571428174
  ]
 ]
}