{
 "0": {
  "0": [
   0.37588638192632506,
   0.39278405895619706,
   0.3927841914312359,
   0.37588633364133367,
   0.3766264082173537,
   0.39501336439509344,
   0.39501337255684016,
   0.37662642302982646,
   0.3761915908758331,
   0.3956941345735218,
   0.39569413884603916,
   0.3761915264480284,
   0.376191526447973,
   0.395694138845959,
   0.3956941345734767,
   0.37619159087585796,
   0.376626423029866,
   0.39501337255680824,
   0.3950133643950779,
   0.37662640821735727,
   0.37588633364139723,
   0.39278419143118537,
   0.39278405895617535,
   0.3758863819263709
  ],
  "1": [
   -3.0675119265616293,
   -3.0844415441293074,
   -3.0844416588290198,
   -3.0675118596795232,
   -3.0682105962675585,
   -3.0866135658468368,
   -3.086613551594599,
   -3.068210585615152,
   -3.0677317751945536,
   -3.0872307820855966,
   -3.0872307739952958,
   -3.067731696963244,
   -3.0677316969631967,
   -3.087230773995331,
   -3.0872307820855975,
   -3.0677317751944853,
   -3.068210585615176,
   -3.086613551594607,
   -3.086613565846843,
   -3.068210596267575,
   -3.0675118596796387,
   -3.084441658829029,
   -3.084441544129354,
   -3.0675119265615387
  ]
 },
 "1": {
  "0": [
   1.7961569924630334,
   1.7961641066885452,
   1.7961641067941834,
   1.7961569903988601,
   1.7961571174562152,
   1.7961657932576351,
   1.796165402194629,
   1.7961570448861552,
   1.796157315051303,
   1.7961666922198343,
   1.7961666925169166,
   1.7961573127394943,
   1.7961573127394064,
   1.7961666925168311,
   1.7961666922199124,
   1.7961573150513843,
   1.796157044886124,
   1.7961654021946,
   1.7961657932575623,
   1.7961571174563482,
   1.7961569903988828,
   1.7961641067942076,
   1.7961641066884946,
   1.7961569924630134
  ],
  "1": [
   1.7942341362289496,
   1.794227041377463,
   1.7942270419592654,
   1.7942341360101688,
   1.7942340204315796,
   1.794225369042101,
   1.794225754799188,
   1.794234087475666,
   1.7942338308677406,
   1.7942244710351867,
   1.7942244717425062,
   1.7942338302683842,
   1.7942338302684737,
   1.7942244717425646,
   1.794224471035134,
   1.7942338308677905,
   1.7942340874755263,
   1.7942257547992404,
   1.7942253690420282,
   1.7942340204316432,
   1.7942341360101974,
   1.7942270419592956,
   1.7942270413774117,
   1.7942341362290606
  ]
 },
 "2": {
  "0": [
   1.8448589818884398,
   1.8447679360133198,
   1.8446837299316912,
   1.8446837277919956,
   1.8447679323406978,
   1.8448589798698236,
   1.8448635046604656,
   1.8447742745642193,
   1.844687926924468,
   1.8446882499818211,
   1.844774267720744,
   1.8448637599758861,
   1.8448682139045662,
   1.8447805536262674,
   1.844693216039322,
   1.844693213432974,
   1.844780550398404,
   1.844868212036583,
   1.8448682120367739,
   1.8447805503985397,
   1.844693213432808,
   1.8446932160393643,
   1.8447805536267174,
   1.8448682139045982,
   1.844863759975517,
   1.844774267720669,
   1.8446882499819734,
   1.8446879269245098,
   1.8447742745642346,
   1.844863504660625,
   1.8448589798697441,
   1.8447679323406256,
   1.8446837277918837,
   1.8446837299317183,
   1.8447679360132727,
   1.8448589818882204
  ],
  "1": [
   1.8465838860213903,
   1.8465836772026534,
   1.8465865903252878,
   1.846586593861764,
   1.8465836824532846,
   1.8465838880871472,
   1.8465822298094645,
   1.8465759713877632,
   1.8465737019153272,
   1.8465733653008036,
   1.8465759829636355,
   1.8465819352785144,
   1.8465801505684596,
   1.8465680125723551,
   1.846559825783445,
   1.8465598292355274,
   1.8465680184526818,
   1.8465801529119983,
   1.8465801529118813,
   1.8465680184527085,
   1.8465598292355583,
   1.8465598257836064,
   1.8465680125723676,
   1.846580150568342,
   1.8465819352782722,
   1.8465759829638584,
   1.8465733653008358,
   1.846573701915119,
   1.8465759713875671,
   1.8465822298092434,
   1.846583888087141,
   1.8465836824533217,
   1.8465865938617207,
   1.8465865903252465,
   1.8465836772027098,
   1.8465838860212938
  ]
 },
 "Z_a": [
  6,
  6,
  6,
  6,
  6,
  6,
  6,
  6,
  6,
  6,
  6,
  6,
  15,
  15,
  15,
  15,
  5,
  5,
  5,
  5,
  6,
  6,
  6,
  6,
  1,
  1,
  1,
  1
 ],
 "spos_ac": [
  [
   0.875086171267842,
   0.5799114664354494,
   0.7620001604529165
  ],
  [
   0.6963326491430107,
   0.49152273806342317,
   0.26204968708065984
  ],
  [
   0.19634578503225414,
   0.07986334182487917,
   0.3093996709370247
  ],
  [
   0.37509243651960295,
   0.9915710460212733,
   0.809350332057105
  ],
  [
   0.19634240016082302,
   0.4915171049931042,
   0.30942841097595686
  ],
  [
   0.37509592228564614,
   0.5799058333650529,
   0.8093788843478147
  ],
  [
   0.8750827863963759,
   0.9915652296037303,
   0.7620289004915775
  ],
  [
   0.6963361349088255,
   0.0798575254071736,
   0.26207823937147035
  ],
  [
   0.5878528164294758,
   0.7857486902548056,
   0.8132081770705389
  ],
  [
   0.9835807429164943,
   0.28567971172124473,
   0.31319234859390055
  ],
  [
   0.4835757549990956,
   0.2856798811737049,
   0.25822039435815514
  ],
  [
   0.08784782509616725,
   0.7857488598742524,
   0.7560695928610237
  ],
  [
   0.7581652244482407,
   0.7856983365429423,
   0.06779663046633189
  ],
  [
   0.8132687115998859,
   0.28572998789025006,
   0.56776712828043
  ],
  [
   0.31326334698036784,
   0.28573023488574767,
   0.003631940962239495
  ],
  [
   0.25815985982870476,
   0.785698583538386,
   0.5036614431480133
  ],
  [
   0.9476341442714147,
   0.7857464059503083,
   0.6263911162553406
  ],
  [
   0.6237953359644607,
   0.2856820998259023,
   0.12641184983721956
  ],
  [
   0.12379442715717318,
   0.2856821654782436,
   0.4450374551733063
  ],
  [
   0.44763323546407974,
   0.7857464716026812,
   0.9450167215913226
  ],
  [
   0.9461837097119583,
   0.7857448850466753,
   0.2958269766902139
  ],
  [
   0.6252729068777036,
   0.285683959345953,
   0.7958524720273839
  ],
  [
   0.1252448617163888,
   0.2856836863818081,
   0.7756015947384649
  ],
  [
   0.4461556645508782,
   0.7857446120828451,
   0.27557609940116634
  ],
  [
   0.535714285714305,
   0.5357142857142547,
   0.5357142857142149
  ],
  [
   0.03571428571427876,
   0.5357142857142906,
   0.03571428571427213
  ],
  [
   0.5357142857143153,
   0.03571428571430044,
   0.5357142857142152
  ],
  [
   0.03571428571427918,
   0.03571428571425121,
   0.03571428571428174
  ]
 ]
}