{
 "0": {
  "0": [
   0.3734294783536977,
   0.39055677714961823,
   0.39056863850012036,
   0.37344396501499555,
   0.3740877071392916,
   0.39273483828726174,
   0.3927592988975359,
   0.3741171617120582,
   0.3735772564904435,
   0.3933710372564418,
   0.3933838837304089,
   0.3735922644564805,
   0.37359226445650123,
   0.3933838837304129,
   0.3933710372564654,
   0.3735772564904768,
   0.37411716171205456,
   0.3927592988975343,
   0.39273483828725975,
   0.37408770713931283,
   0.3734439650150179,
   0.3905686385001181,
   0.3905567771495959,
   0.3734294783537289
  ],
  "1": [
   -3.068553396368681,
   -3.0854865844091868,
   -3.085488894929608,
   -3.068549724064514,
   -3.0692941901088897,
   -3.0876991993671217,
   -3.0877056633095137,
   -3.0692865984841555,
   -3.068871273026275,
   -3.088385103557424,
   -3.08838960338812,
   -3.0688670605443913,
   -3.0688670605443864,
   -3.0883896033881193,
   -3.088385103557431,
   -3.068871273026264,
   -3.069286598484169,
   -3.0877056633095203,
   -3.08769919936709,
   -3.0692941901089053,
   -3.068549724064547,
   -3.085488894929626,
   -3.085486584409186,
   -3.0685533963686886
  ]
 },
 "1": {
  "0": [
   1.7518978813477144,
   1.7520876785632182,
   1.7520858883816866,
   1.7518944044806923,
   1.7519020728439274,
   1.7520916760267014,
   1.7520875176526698,
   1.7518950991212034,
   1.7519028495004858,
   1.7520928729980525,
   1.7520910351373833,
   1.751899305602896,
   1.751899305602882,
   1.7520910351373746,
   1.7520928729980159,
   1.7519028495005398,
   1.7518950991212126,
   1.7520875176526862,
   1.7520916760266683,
   1.7519020728439152,
   1.7518944044806941,
   1.7520858883816872,
   1.7520876785632404,
   1.7518978813477357
  ],
  "1": [
   1.7516440742529886,
   1.75196656376328,
   1.7519678679623318,
   1.751644236615101,
   1.7516402356462202,
   1.7519534298334263,
   1.7519563951185118,
   1.7516407159828358,
   1.7516366477471474,
   1.751942099956823,
   1.7519434962110274,
   1.751636776960106,
   1.751636776960117,
   1.7519434962110434,
   1.7519420999568318,
   1.751636647747165,
   1.75164071598279,
   1.7519563951185129,
   1.751953429833442,
   1.751640235646274,
   1.7516442366150844,
   1.7519678679623236,
   1.7519665637633002,
   1.7516440742529944
  ]
 },
 "2": {
  "0": [
   1.794357145648833,
   1.7943443718433738,
   1.7943295473948113,
   1.7943306290032286,
   1.7943458344119556,
   1.7943577849192538,
   1.7943622908107015,
   1.7943475478624815,
   1.794329937040395,
   1.7943323387674202,
   1.794350316130901,
   1.7943636809062307,
   1.79436849783244,
   1.794351814056797,
   1.7943326446290175,
   1.7943334116421554,
   1.7943532880177921,
   1.7943688585205748,
   1.7943688585205562,
   1.7943532880179618,
   1.7943334116421552,
   1.7943326446290409,
   1.7943518140567278,
   1.7943684978324097,
   1.7943636809063366,
   1.7943503161309118,
   1.794332338767393,
   1.7943299370404031,
   1.7943475478624744,
   1.794362290810738,
   1.7943577849192853,
   1.7943458344119376,
   1.7943306290031713,
   1.7943295473948606,
   1.7943443718434702,
   1.7943571456488916
  ],
  "1": [
   1.796732560554017,
   1.7966251739368966,
   1.7964673922457914,
   1.7964625678375172,
   1.7966181448424945,
   1.7967300648829647,
   1.796736033885717,
   1.7966290546370465,
   1.7964662136709038,
   1.7964561292461025,
   1.7966150657054527,
   1.796730670026407,
   1.7967366518396015,
   1.7966259341554294,
   1.7964593432363465,
   1.7964543568059355,
   1.7966190003224776,
   1.7967338923938552,
   1.7967338923939724,
   1.7966190003225977,
   1.79645435680601,
   1.7964593432362859,
   1.796625934155359,
   1.7967366518396053,
   1.7967306700263577,
   1.7966150657055242,
   1.7964561292461112,
   1.7964662136709544,
   1.7966290546369106,
   1.7967360338857064,
   1.7967300648828806,
   1.7966181448425105,
   1.7964625678375061,
   1.7964673922458123,
   1.7966251739369152,
   1.7967325605540205
  ]
 },
 "Z_a": [
  6,
  6,
  6,
  6,
  6,
  6,
  6,
  6,
  6,
  6,
  6,
  6,
  15,
  15,
  15,
  15,
  5,
  5,
  5,
  5,
  6,
  6,
  6,
  6,
  1,
  1,
  1,
  1
 ],
 "spos_ac": [
  [
   0.8750861668635709,
   0.5815933182653292,
   0.7620001602381326
  ],
  [
   0.6963326491430107,
   0.49152273806342317,
   0.26204968708065984
  ],
  [
   0.19634578503225414,
   0.07986334182487917,
   0.3093996709370247
  ],
  [
   0.37509243651960295,
   0.9915710460212733,
   0.809350332057105
  ],
  [
   0.19634240016082302,
   0.4915171049931042,
   0.30942841097595686
  ],
  [
   0.37509592228564614,
   0.5799058333650529,
   0.8093788843478147
  ],
  [
   0.8750827863963759,
   0.9915652296037303,
   0.7620289004915775
  ],
  [
   0.6963361349088255,
   0.0798575254071736,
   0.26207823937147035
  ],
  [
   0.5878528164294758,
   0.7857486902548056,
   0.8132081770705389
  ],
  [
   0.9835807429164943,
   0.28567971172124473,
   0.31319234859390055
  ],
  [
   0.4835757549990956,
   0.2856798811737049,
   0.25822039435815514
  ],
  [
   0.08784782851211616,
   0.7857488597073228,
   0.7582362228344648
  ],
  [
   0.7581652244482407,
   0.7856983365429423,
   0.06779663046633189
  ],
  [
   0.8132687115998859,
   0.28572998789025006,
   0.56776712828043
  ],
  [
   0.31326334698036784,
   0.28573023488574767,
   0.003631940962239495
  ],
  [
   0.25815985982870476,
   0.785698583538386,
   0.5036614431480133
  ],
  [
   0.9476341442714147,
   0.7857464059503083,
   0.6263911162553406
  ],
  [
   0.6237953359644607,
   0.2856820998259023,
   0.12641184983721956
  ],
  [
   0.12379442715717318,
   0.2856821654782436,
   0.4450374551733063
  ],
  [
   0.44763323546407974,
   0.7857464716026812,
   0.9450167215913226
  ],
  [
   0.9461837097119583,
   0.7857448850466753,
   0.2958269766902139
  ],
  [
   0.6252729068777036,
   0.285683959345953,
   0.7958524720273839
  ],
  [
   0.1252448617163888,
   0.2856836863818081,
   0.7756015947384649
  ],
  [
   0.4461556645508782,
   0.7857446120828451,
   0.27557609940116634
  ],
  [
   0.535714285714305,
   0.5357142857142547,
   0.5357142857142149
  ],
  [
   0.03571428571427876,
   0.5357142857142906,
   0.03571428571427213
  ],
  [
   0.5357142857143153,
   0.03571428571430044,
   0.5357142857142152
  ],
  [
   0.03571428571427918,
   0.03571428571425121,
   0.03571428571428174
  ]
 ]
}