{
 "0": {
  "0": [
   0.34907690922993234,
   0.36654076804731517,
   0.36654087847875255,
   0.3490768403487333,
   0.3498237532479808,
   0.36878385933525254,
   0.36878383371424794,
   0.3498237316970823,
   0.34940470579270644,
   0.3694796831223128,
   0.36947966950026584,
   0.34940461613205503,
   0.34940461613206236,
   0.36947966950031447,
   0.36947968312238694,
   0.349404705792814,
   0.3498237316971904,
   0.36878383371441686,
   0.36878385933527696,
   0.349823753247987,
   0.34907684034872716,
   0.3665408784786726,
   0.3665407680472296,
   0.34907690922993156
  ],
  "1": [
   -3.094366833110525,
   -3.111274382150763,
   -3.1112745094215333,
   -3.094366771721237,
   -3.0950447602487072,
   -3.113447031407326,
   -3.113447032661449,
   -3.095044766352776,
   -3.0945353897977226,
   -3.1140619014477404,
   -3.1140619028993313,
   -3.0945353209165725,
   -3.0945353209165014,
   -3.1140619028993295,
   -3.1140619014477373,
   -3.094535389797559,
   -3.0950447663525766,
   -3.1134470326613464,
   -3.113447031407292,
   -3.0950447602486344,
   -3.0943667717211567,
   -3.111274509421582,
   -3.1112743821507785,
   -3.0943668331106013
  ]
 },
 "1": {
  "0": [
   1.796157513978629,
   1.796164661910114,
   1.7961646640115148,
   1.7961575139442427,
   1.7961576376772566,
   1.796166340107681,
   1.796165956957739,
   1.7961575668356737,
   1.796157823001511,
   1.7961672402500923,
   1.796167242555192,
   1.7961578230785025,
   1.7961578230785065,
   1.7961672425551967,
   1.7961672402500706,
   1.7961578230015234,
   1.7961575668356207,
   1.7961659569577326,
   1.7961663401077412,
   1.796157637677222,
   1.7961575139443255,
   1.7961646640115245,
   1.7961646619101386,
   1.7961575139786659
  ],
  "1": [
   1.7942348432491437,
   1.7942277584755018,
   1.7942277549507795,
   1.7942348366170855,
   1.7942347241850236,
   1.7942260709133453,
   1.7942264515526547,
   1.7942347741193019,
   1.794234519027796,
   1.7942251599243206,
   1.7942251559602391,
   1.794234512386698,
   1.7942345123866903,
   1.7942251559602738,
   1.7942251599243508,
   1.794234519027779,
   1.7942347741192617,
   1.7942264515526476,
   1.7942260709133202,
   1.7942347241850432,
   1.794234836617105,
   1.7942277549507852,
   1.7942277584755308,
   1.7942348432491382
  ]
 },
 "2": {
  "0": [
   1.7936464940249708,
   1.7935426439263682,
   1.7934485395619342,
   1.793448535297779,
   1.7935426365702858,
   1.793646490590489,
   1.7936464811686152,
   1.793550198577327,
   1.7934608068957134,
   1.793461138067903,
   1.7935501835537508,
   1.7936467483578349,
   1.7936472994562915,
   1.7935580738017023,
   1.7934734195842148,
   1.7934734149522455,
   1.793558065874591,
   1.7936472961316339,
   1.7936472961322034,
   1.7935580658751877,
   1.7934734149535814,
   1.7934734195857114,
   1.7935580738030148,
   1.793647299457185,
   1.7936467483583434,
   1.7935501835537715,
   1.7934611380679353,
   1.7934608068963869,
   1.7935501985779996,
   1.7936464811684714,
   1.7936464905899387,
   1.793542636569088,
   1.7934485352963265,
   1.7934485395607338,
   1.7935426439259,
   1.7936464940245107
  ],
  "1": [
   1.7961706824552577,
   1.7961220401862867,
   1.7960707941725562,
   1.7960707936234759,
   1.7961220377564078,
   1.796170680913522,
   1.7961726494984036,
   1.7961266138145378,
   1.7960764160955087,
   1.7960760711811412,
   1.7961266094806987,
   1.796172361722852,
   1.7961745312294468,
   1.7961317505989824,
   1.7960810569285033,
   1.79608105619768,
   1.7961317481753698,
   1.7961745299192016,
   1.7961745299197582,
   1.7961317481759798,
   1.796081056198971,
   1.7960810569300691,
   1.7961317506002963,
   1.796174531230167,
   1.7961723617234686,
   1.7961266094807078,
   1.7960760711811812,
   1.7960764160960774,
   1.7961266138152858,
   1.7961726494981136,
   1.7961706809127864,
   1.7961220377552258,
   1.796070793622003,
   1.796070794171419,
   1.7961220401856326,
   1.7961706824546622
  ]
 },
 "Z_a": [
  6,
  6,
  6,
  6,
  6,
  6,
  6,
  6,
  6,
  6,
  6,
  6,
  15,
  15,
  15,
  15,
  5,
  5,
  5,
  5,
  6,
  6,
  6,
  6,
  1,
  1,
  1,
  1
 ],
 "spos_ac": [
  [
   0.875086171267842,
   0.5799114664354494,
   0.7620001604529165
  ],
  [
   0.6963326491430107,
   0.49152273806342317,
   0.26204968708065984
  ],
  [
   0.19634578503225414,
   0.07986334182487917,
   0.3093996709370247
  ],
  [
   0.37509243651960295,
   0.9915710460212733,
   0.809350332057105
  ],
  [
   0.19634240016082302,
   0.4915171049931042,
   0.30942841097595686
  ],
  [
   0.37509592228564614,
   0.5799058333650529,
   0.8093788843478147
  ],
  [
   0.8750827863963759,
   0.9915652296037303,
   0.7620289004915775
  ],
  [
   0.6963361349088255,
   0.0798575254071736,
   0.26207823937147035
  ],
  [
   0.5878528164294758,
   0.7857486902548056,
   0.8132081770705389
  ],
  [
   0.9835807429164943,
   0.28567971172124473,
   0.31319234859390055
  ],
  [
   0.4835757549990956,
   0.2856798811737049,
   0.25822039435815514
  ],
  [
   0.0888367050907111,
   0.7857488522144264,
   0.7582362303353907
  ],
  [
   0.7581652244482407,
   0.7856983365429423,
   0.06779663046633189
  ],
  [
   0.8132687115998859,
   0.28572998789025006,
   0.56776712828043
  ],
  [
   0.31326334698036784,
   0.28573023488574767,
   0.003631940962239495
  ],
  [
   0.25815985982870476,
   0.785698583538386,
   0.5036614431480133
  ],
  [
   0.9476341442714147,
   0.7857464059503083,
   0.6263911162553406
  ],
  [
   0.6237953359644607,
   0.2856820998259023,
   0.12641184983721956
  ],
  [
   0.12379442715717318,
   0.2856821654782436,
   0.4450374551733063
  ],
  [
   0.44763323546407974,
   0.7857464716026812,
   0.9450167215913226
  ],
  [
   0.9461837097119583,
   0.7857448850466753,
   0.2958269766902139
  ],
  [
   0.6252729068777036,
   0.285683959345953,
   0.7958524720273839
  ],
  [
   0.1252448617163888,
   0.2856836863818081,
   0.7756015947384649
  ],
  [
   0.4461556645508782,
   0.7857446120828451,
   0.27557609940116634
  ],
  [
   0.535714285714305,
   0.5357142857142547,
   0.5357142857142149
  ],
  [
   0.03571428571427876,
   0.5357142857142906,
   0.03571428571427213
  ],
  [
   0.5357142857143153,
   0.03571428571430044,
   0.5357142857142152
  ],
  [
   0.03571428571427918,
   0.03571428571425121,
   0.03571428571428174
  ]
 ]
}