{
 "0": {
  "0": [
   0.3749378022792075,
   0.39191798556559065,
   0.39191450441360226,
   0.37493444012185173,
   0.37563721994822635,
   0.3940987504775951,
   0.3940951082964757,
   0.37563369486882714,
   0.37515600884662237,
   0.39472312833047707,
   0.3947237117028525,
   0.3751563320520711,
   0.3751563320520748,
   0.3947237117028729,
   0.3947231283304647,
   0.37515600884659017,
   0.375633694868817,
   0.3940951082964925,
   0.3940987504776033,
   0.37563721994824806,
   0.3749344401218212,
   0.3919145044136019,
   0.3919179855655512,
   0.3749378022791685
  ],
  "1": [
   -3.0677369984655116,
   -3.084713421904643,
   -3.0847180997860053,
   -3.0677348134352647,
   -3.068438546930928,
   -3.086892958693286,
   -3.0869009152888687,
   -3.0684323290337794,
   -3.067958463646831,
   -3.0875222473008948,
   -3.0875255023340373,
   -3.067954178411114,
   -3.067954178411076,
   -3.0875255023340884,
   -3.0875222473008765,
   -3.0679584636468444,
   -3.068432329033788,
   -3.0869009152888673,
   -3.08689295869334,
   -3.068438546930948,
   -3.0677348134353015,
   -3.084718099786024,
   -3.084713421904562,
   -3.0677369984655103
  ]
 },
 "1": {
  "0": [
   1.75830319021751,
   1.7578929641678376,
   1.7578932254319128,
   1.7583014790936626,
   1.7583049138317939,
   1.7579052375756983,
   1.757905040432975,
   1.7583017265839431,
   1.7583052031881579,
   1.7579167096072243,
   1.7579168830396712,
   1.758303650919221,
   1.7583036509192258,
   1.7579168830397003,
   1.7579167096071264,
   1.7583052031881417,
   1.7583017265838763,
   1.7579050404329841,
   1.7579052375757005,
   1.7583049138318643,
   1.7583014790936784,
   1.7578932254319717,
   1.7578929641678223,
   1.7583031902174675
  ],
  "1": [
   1.7564406193040945,
   1.7561313383840302,
   1.7561389040861985,
   1.756443966860132,
   1.7564384043594465,
   1.756119151217098,
   1.756134641460553,
   1.7564455424715781,
   1.7564395220494153,
   1.756115186831591,
   1.7561227695959265,
   1.756443194170656,
   1.7564431941705936,
   1.7561227695959685,
   1.7561151868315554,
   1.7564395220494113,
   1.7564455424715413,
   1.7561346414604917,
   1.7561191512171537,
   1.756438404359423,
   1.7564439668601652,
   1.7561389040861513,
   1.7561313383840227,
   1.756440619304066
  ]
 },
 "2": {
  "0": [
   1.794249398957155,
   1.7942450656073647,
   1.7942410413280974,
   1.7942438138659023,
   1.7942485986681036,
   1.7942509100837154,
   1.7942485971641817,
   1.7942433613488438,
   1.7942396230035345,
   1.7942451091233482,
   1.7942507271844128,
   1.794251814739101,
   1.7942497800315702,
   1.7942453082948358,
   1.794241444807358,
   1.7942438538945544,
   1.7942491769047806,
   1.7942511026122692,
   1.7942511026122259,
   1.7942491769047064,
   1.7942438538945957,
   1.7942414448073782,
   1.794245308294909,
   1.7942497800316275,
   1.7942518147391904,
   1.7942507271844208,
   1.794245109123368,
   1.794239623003604,
   1.794243361348908,
   1.794248597164177,
   1.7942509100836928,
   1.7942485986681007,
   1.7942438138659662,
   1.7942410413280598,
   1.7942450656072948,
   1.794249398957175
  ],
  "1": [
   1.7961038259408,
   1.7961030875675343,
   1.7961038791366082,
   1.7961046416301845,
   1.7961049937140596,
   1.7961051792473168,
   1.7961034723924636,
   1.796101865801537,
   1.7961037494756722,
   1.796104649034368,
   1.796105726070673,
   1.7961055578414864,
   1.7961039605053801,
   1.7961025835958528,
   1.7961035614457137,
   1.796104025139798,
   1.7961046150993456,
   1.7961047706545212,
   1.7961047706545163,
   1.796104615099244,
   1.7961040251397202,
   1.7961035614456926,
   1.7961025835958502,
   1.7961039605052778,
   1.796105557841435,
   1.79610572607076,
   1.7961046490343404,
   1.7961037494756207,
   1.7961018658016572,
   1.796103472392512,
   1.796105179247409,
   1.796104993714036,
   1.7961046416302227,
   1.7961038791366086,
   1.7961030875675865,
   1.7961038259409194
  ]
 },
 "Z_a": [
  6,
  6,
  6,
  6,
  6,
  6,
  6,
  6,
  6,
  6,
  6,
  6,
  15,
  15,
  15,
  15,
  5,
  5,
  5,
  5,
  6,
  6,
  6,
  6,
  1,
  1,
  1,
  1
 ],
 "spos_ac": [
  [
   0.875086171267842,
   0.5799114664354494,
   0.7620001604529165
  ],
  [
   0.6963326491430107,
   0.49152273806342317,
   0.26204968708065984
  ],
  [
   0.19634578503225414,
   0.07986334182487917,
   0.3093996709370247
  ],
  [
   0.37509243651960295,
   0.9915710460212733,
   0.809350332057105
  ],
  [
   0.19634240016082302,
   0.4915171049931042,
   0.30942841097595686
  ],
  [
   0.37509592228564614,
   0.5799058333650529,
   0.8093788843478147
  ],
  [
   0.8750827863963759,
   0.9915652296037303,
   0.7620289004915775
  ],
  [
   0.6963361349088255,
   0.0798575254071736,
   0.26207823937147035
  ],
  [
   0.5878528164294758,
   0.7857486902548056,
   0.8132081770705389
  ],
  [
   0.9835807429164943,
   0.28567971172124473,
   0.31319234859390055
  ],
  [
   0.4835757549990956,
   0.2856798811737049,
   0.25822039435815514
  ],
  [
   0.08784782851211616,
   0.7857488597073228,
   0.7582362228344648
  ],
  [
   0.7581652244482407,
   0.7856983365429423,
   0.06779663046633189
  ],
  [
   0.8132687115998859,
   0.28572998789025006,
   0.56776712828043
  ],
  [
   0.31326334698036784,
   0.28573023488574767,
   0.003631940962239495
  ],
  [
   0.25815985982870476,
   0.785698583538386,
   0.5036614431480133
  ],
  [
   0.9476341442714147,
   0.7857464059503083,
   0.6263911162553406
  ],
  [
   0.6237953359644607,
   0.2856820998259023,
   0.12641184983721956
  ],
  [
   0.12379442715717318,
   0.2856821654782436,
   0.4450374551733063
  ],
  [
   0.44763323546407974,
   0.7857464716026812,
   0.9450167215913226
  ],
  [
   0.9461837097119583,
   0.7857448850466753,
   0.2958269766902139
  ],
  [
   0.6252729068777036,
   0.285683959345953,
   0.7958524720273839
  ],
  [
   0.1252448617163888,
   0.2856836863818081,
   0.7756015947384649
  ],
  [
   0.44615566014660696,
   0.787426463912725,
   0.27557609918638243
  ],
  [
   0.535714285714305,
   0.5357142857142547,
   0.5357142857142149
  ],
  [
   0.03571428571427876,
   0.5357142857142906,
   0.03571428571427213
  ],
  [
   0.5357142857143153,
   0.03571428571430044,
   0.5357142857142152
  ],
  [
   0.03571428571427918,
   0.03571428571425121,
   0.03571428571428174
  ]
 ]
}