{
 "0": {
  "0": [
   0.374283392870193,
   0.39118825186563916,
   0.39119817847885874,
   0.3742917732865577,
   0.3750314178884767,
   0.393409088364138,
   0.3934314406833448,
   0.37505103645237864,
   0.3746119172618424,
   0.3940907934763911,
   0.3941037804640334,
   0.37462369372903187,
   0.37462369372909105,
   0.3941037804638742,
   0.39409079347636605,
   0.3746119172618572,
   0.3750510364524037,
   0.3934314406834117,
   0.3934090883641481,
   0.37503141788846883,
   0.3742917732866559,
   0.3911981784788688,
   0.3911882518656645,
   0.37428339287035145
  ],
  "1": [
   -3.0687935561758364,
   -3.0857810857685735,
   -3.085772333466652,
   -3.0687864137209373,
   -3.0695061608299934,
   -3.0879939545367554,
   -3.087973325541443,
   -3.0694886193030793,
   -3.0690217304140415,
   -3.0886355351988923,
   -3.0886230436484805,
   -3.069010572736968,
   -3.069010572736964,
   -3.088623043648433,
   -3.0886355351988453,
   -3.069021730414086,
   -3.0694886193031103,
   -3.0879733255414554,
   -3.0879939545367274,
   -3.0695061608298864,
   -3.0687864137210323,
   -3.0857723334667613,
   -3.0857810857685646,
   -3.0687935561758413
  ]
 },
 "1": {
  "0": [
   1.7962935471139079,
   1.7963101615658041,
   1.7963077184492873,
   1.7962906626611237,
   1.7962931328085605,
   1.796310894904546,
   1.7963053875656414,
   1.796287583551412,
   1.7962901645469358,
   1.7963080769817217,
   1.796305590921454,
   1.796287238685406,
   1.7962872386854227,
   1.7963055909214176,
   1.7963080769816322,
   1.7962901645467402,
   1.796287583551262,
   1.796305387565586,
   1.796310894904496,
   1.7962931328084744,
   1.796290662661171,
   1.7963077184493494,
   1.796310161565851,
   1.7962935471140247
  ],
  "1": [
   1.7946610895564985,
   1.7947543714036958,
   1.7947558345971957,
   1.794661853394156,
   1.794659345632744,
   1.7947539067642473,
   1.7947569443553237,
   1.7946608556932764,
   1.7946583158669194,
   1.7947552682141494,
   1.7947567200355763,
   1.79465898311597,
   1.794658983116012,
   1.7947567200355392,
   1.7947552682140864,
   1.79465831586693,
   1.7946608556933539,
   1.7947569443552578,
   1.7947539067641565,
   1.794659345632811,
   1.794661853394156,
   1.7947558345972416,
   1.7947543714037038,
   1.7946610895564812
  ]
 },
 "2": {
  "0": [
   1.7432363422916513,
   1.7433298875795797,
   1.7434375328033598,
   1.7434339002199006,
   1.7433219727183698,
   1.743232792163644,
   1.743235690592452,
   1.7433301064101905,
   1.7434360487057514,
   1.7434293428839214,
   1.7433152162288301,
   1.7432283587957913,
   1.743231617015181,
   1.7433234851565038,
   1.7434315590209204,
   1.7434282036347348,
   1.743315618587771,
   1.743227680744649,
   1.7432276807448062,
   1.7433156185877263,
   1.7434282036346902,
   1.7434315590208844,
   1.743323485156459,
   1.743231617015277,
   1.7432283587958894,
   1.7433152162288013,
   1.7434293428838268,
   1.7434360487056517,
   1.7433301064102595,
   1.7432356905924655,
   1.7432327921636332,
   1.7433219727182663,
   1.7434339002200197,
   1.7434375328034817,
   1.7433298875797318,
   1.743236342291662
  ],
  "1": [
   1.7451717784914798,
   1.745189367197662,
   1.745196111215755,
   1.7451938194027181,
   1.7451848880527434,
   1.745169926294788,
   1.745173808810448,
   1.7451933123536687,
   1.7451999164609957,
   1.7451950503422033,
   1.745184826015083,
   1.7451694730777998,
   1.745173170167207,
   1.7451935860268235,
   1.7452008167334574,
   1.7451984484919223,
   1.7451892581122657,
   1.7451711057371349,
   1.7451711057371628,
   1.7451892581123247,
   1.7451984484918373,
   1.7452008167334288,
   1.7451935860270338,
   1.7451731701671793,
   1.745169473077803,
   1.7451848260152707,
   1.7451950503423712,
   1.7451999164610983,
   1.7451933123536927,
   1.7451738088104007,
   1.745169926294767,
   1.7451848880527727,
   1.7451938194027414,
   1.745196111215731,
   1.745189367197733,
   1.7451717784913363
  ]
 },
 "Z_a": [
  6,
  6,
  6,
  6,
  6,
  6,
  6,
  6,
  6,
  6,
  6,
  6,
  15,
  15,
  15,
  15,
  5,
  5,
  5,
  5,
  6,
  6,
  6,
  6,
  1,
  1,
  1,
  1
 ],
 "spos_ac": [
  [
   0.875086171267842,
   0.5799114664354494,
   0.7620001604529165
  ],
  [
   0.6963326491430107,
   0.49152273806342317,
   0.26204968708065984
  ],
  [
   0.19634578503225414,
   0.07986334182487917,
   0.3093996709370247
  ],
  [
   0.37509243993555186,
   0.9915710458543439,
   0.8115169620305461
  ],
  [
   0.19634240016082302,
   0.4915171049931042,
   0.30942841097595686
  ],
  [
   0.37509592228564614,
   0.5799058333650529,
   0.8093788843478147
  ],
  [
   0.8750827863963759,
   0.9915652296037303,
   0.7620289004915775
  ],
  [
   0.6963361349088255,
   0.0798575254071736,
   0.26207823937147035
  ],
  [
   0.5878528164294758,
   0.7857486902548056,
   0.8132081770705389
  ],
  [
   0.9835807429164943,
   0.28567971172124473,
   0.31319234859390055
  ],
  [
   0.4835757549990956,
   0.2856798811737049,
   0.25822039435815514
  ],
  [
   0.08784782851211616,
   0.7857488597073228,
   0.7582362228344648
  ],
  [
   0.7581652244482407,
   0.7856983365429423,
   0.06779663046633189
  ],
  [
   0.8132687115998859,
   0.28572998789025006,
   0.56776712828043
  ],
  [
   0.31326334698036784,
   0.28573023488574767,
   0.003631940962239495
  ],
  [
   0.25815985982870476,
   0.785698583538386,
   0.5036614431480133
  ],
  [
   0.9476341442714147,
   0.7857464059503083,
   0.6263911162553406
  ],
  [
   0.6237953359644607,
   0.2856820998259023,
   0.12641184983721956
  ],
  [
   0.12379442715717318,
   0.2856821654782436,
   0.4450374551733063
  ],
  [
   0.44763323546407974,
   0.7857464716026812,
   0.9450167215913226
  ],
  [
   0.9461837097119583,
   0.7857448850466753,
   0.2958269766902139
  ],
  [
   0.6252729068777036,
   0.285683959345953,
   0.7958524720273839
  ],
  [
   0.1252448617163888,
   0.2856836863818081,
   0.7756015947384649
  ],
  [
   0.4461556645508782,
   0.7857446120828451,
   0.27557609940116634
  ],
  [
   0.535714285714305,
   0.5357142857142547,
   0.5357142857142149
  ],
  [
   0.03571428571427876,
   0.5357142857142906,
   0.03571428571427213
  ],
  [
   0.5357142857143153,
   0.03571428571430044,
   0.5357142857142152
  ],
  [
   0.03571428571427918,
   0.03571428571425121,
   0.03571428571428174
  ]
 ]
}