{
 "0": {
  "0": [
   0.37599100039170585,
   0.3929770354547797,
   0.3929860162786076,
   0.37599800829644475,
   0.3766932896601568,
   0.39517827063716227,
   0.39519886799181175,
   0.3767108061376421,
   0.37621543967353993,
   0.39582811278415,
   0.395840587562599,
   0.3762264385328658,
   0.3762264385327241,
   0.3958405875624265,
   0.3958281127839674,
   0.37621543967339155,
   0.37671080613744756,
   0.39519886799159215,
   0.395178270636974,
   0.37669328966001314,
   0.37599800829622826,
   0.3929860162785845,
   0.3929770354547579,
   0.37599100039165506
  ],
  "1": [
   -3.067087331540375,
   -3.083993197724522,
   -3.0839835335037415,
   -3.0670788491127494,
   -3.0678463853657565,
   -3.086226465430069,
   -3.0862041528258675,
   -3.0678268066341134,
   -3.06741900911038,
   -3.08689869815047,
   -3.086885730230843,
   -3.0674071050339133,
   -3.0674071050337743,
   -3.0868857302306645,
   -3.0868986981502995,
   -3.067419009110231,
   -3.067826806633926,
   -3.0862041528256214,
   -3.0862264654298763,
   -3.067846385365587,
   -3.067078849112553,
   -3.0839835335037673,
   -3.083993197724521,
   -3.0670873315403475
  ]
 },
 "1": {
  "0": [
   1.796583719326139,
   1.7966912729499447,
   1.7966927359682046,
   1.7965844866737644,
   1.79658222215411,
   1.7966941537398489,
   1.7966964343788028,
   1.7965836073547494,
   1.7965816150110732,
   1.796697337162391,
   1.7966987891242965,
   1.79658228569593,
   1.7965822856959606,
   1.7966987891243305,
   1.7966973371624169,
   1.7965816150110867,
   1.796583607354723,
   1.7966964343788185,
   1.7966941537398622,
   1.7965822221541283,
   1.7965844866737828,
   1.7966927359682083,
   1.7966912729499824,
   1.7965837193261638
  ],
  "1": [
   1.7943708181069433,
   1.794373118003502,
   1.7943706713767653,
   1.7943679300089057,
   1.7943701529813845,
   1.7943705034555264,
   1.7943657590559572,
   1.7943647321198757,
   1.7943667924804525,
   1.79436588457432,
   1.79436339390895,
   1.7943638630359042,
   1.7943638630359153,
   1.7943633939089938,
   1.7943658845743435,
   1.7943667924804825,
   1.7943647321198584,
   1.794365759055979,
   1.7943705034555495,
   1.794370152981402,
   1.7943679300089155,
   1.794370671376775,
   1.794373118003511,
   1.7943708181069615
  ]
 },
 "2": {
  "0": [
   1.8452220196460614,
   1.8452070101679439,
   1.8451980242251163,
   1.8451957331273752,
   1.8452025341325613,
   1.8452201695383101,
   1.8452221919883316,
   1.8452070709097286,
   1.845196463042501,
   1.8451922741611053,
   1.845198589744121,
   1.8452184000914775,
   1.845220833391119,
   1.845202640263246,
   1.8451934015753688,
   1.8451910342736277,
   1.8451983149952544,
   1.8452187708795678,
   1.8452187708794732,
   1.845198314995207,
   1.845191034273591,
   1.8451934015753453,
   1.8452026402632493,
   1.845220833391136,
   1.845218400091572,
   1.8451985897440462,
   1.8451922741610391,
   1.8451964630425315,
   1.8452070709098074,
   1.8452221919883087,
   1.845220169538369,
   1.8452025341325446,
   1.8451957331272972,
   1.8451980242250958,
   1.845207010167882,
   1.8452220196459657
  ],
  "1": [
   1.8471589607744605,
   1.8470697083934025,
   1.8469577029154207,
   1.8469540682793868,
   1.8470617889730239,
   1.8471554085284103,
   1.847163649246346,
   1.8470764592614897,
   1.8469625873893585,
   1.8469552315602105,
   1.8470615608526884,
   1.84715572966193,
   1.847164045525428,
   1.8470760469705079,
   1.8469633994226944,
   1.8469600424220745,
   1.8470681766350652,
   1.8471601069273589,
   1.8471601069273622,
   1.8470681766350037,
   1.8469600424220765,
   1.8469633994226817,
   1.847076046970549,
   1.8471640455254505,
   1.8471557296618997,
   1.8470615608527285,
   1.8469552315601974,
   1.8469625873894464,
   1.8470764592614328,
   1.8471636492463726,
   1.8471554085284583,
   1.8470617889729262,
   1.8469540682793757,
   1.8469577029154127,
   1.847069708393472,
   1.8471589607744978
  ]
 },
 "Z_a": [
  6,
  6,
  6,
  6,
  6,
  6,
  6,
  6,
  6,
  6,
  6,
  6,
  15,
  15,
  15,
  15,
  5,
  5,
  5,
  5,
  6,
  6,
  6,
  6,
  1,
  1,
  1,
  1
 ],
 "spos_ac": [
  [
   0.875086171267842,
   0.5799114664354494,
   0.7620001604529165
  ],
  [
   0.6963326457270619,
   0.4915227382303527,
   0.25988305710721876
  ],
  [
   0.19634578503225414,
   0.07986334182487917,
   0.3093996709370247
  ],
  [
   0.37509243651960295,
   0.9915710460212733,
   0.809350332057105
  ],
  [
   0.19634240016082302,
   0.4915171049931042,
   0.30942841097595686
  ],
  [
   0.37509592228564614,
   0.5799058333650529,
   0.8093788843478147
  ],
  [
   0.8750827863963759,
   0.9915652296037303,
   0.7620289004915775
  ],
  [
   0.6963361349088255,
   0.0798575254071736,
   0.26207823937147035
  ],
  [
   0.5878528164294758,
   0.7857486902548056,
   0.8132081770705389
  ],
  [
   0.9835807429164943,
   0.28567971172124473,
   0.31319234859390055
  ],
  [
   0.4835757549990956,
   0.2856798811737049,
   0.25822039435815514
  ],
  [
   0.08784782851211616,
   0.7857488597073228,
   0.7582362228344648
  ],
  [
   0.7581652244482407,
   0.7856983365429423,
   0.06779663046633189
  ],
  [
   0.8132687115998859,
   0.28572998789025006,
   0.56776712828043
  ],
  [
   0.31326334698036784,
   0.28573023488574767,
   0.003631940962239495
  ],
  [
   0.25815985982870476,
   0.785698583538386,
   0.5036614431480133
  ],
  [
   0.9476341442714147,
   0.7857464059503083,
   0.6263911162553406
  ],
  [
   0.6237953359644607,
   0.2856820998259023,
   0.12641184983721956
  ],
  [
   0.12379442715717318,
   0.2856821654782436,
   0.4450374551733063
  ],
  [
   0.44763323546407974,
   0.7857464716026812,
   0.9450167215913226
  ],
  [
   0.9461837097119583,
   0.7857448850466753,
   0.2958269766902139
  ],
  [
   0.6252729068777036,
   0.285683959345953,
   0.7958524720273839
  ],
  [
   0.1252448617163888,
   0.2856836863818081,
   0.7756015947384649
  ],
  [
   0.4461556645508782,
   0.7857446120828451,
   0.27557609940116634
  ],
  [
   0.535714285714305,
   0.5357142857142547,
   0.5357142857142149
  ],
  [
   0.03571428571427876,
   0.5357142857142906,
   0.03571428571427213
  ],
  [
   0.5357142857143153,
   0.03571428571430044,
   0.5357142857142152
  ],
  [
   0.03571428571427918,
   0.03571428571425121,
   0.03571428571428174
  ]
 ]
}