{
 "0": {
  "0": [
   0.35236117860112537,
   0.36888848938649615,
   0.3688886013741306,
   0.35236111152425925,
   0.3531017417315628,
   0.37110257304362265,
   0.3711025495299004,
   0.353101728518574,
   0.3526625064807264,
   0.3717606481345074,
   0.37176063594257985,
   0.35266243397256714,
   0.3526624339725544,
   0.37176063594260406,
   0.37176064813449167,
   0.35266250648083564,
   0.3531017285187226,
   0.3711025495301032,
   0.3711025730437399,
   0.35310174173160075,
   0.3523611115243743,
   0.3688886013742654,
   0.36888848938663876,
   0.3523611786012143
  ],
  "1": [
   -3.0908029008438382,
   -3.1078964897078882,
   -3.1078966089038897,
   -3.0908028365647997,
   -3.0914758172708607,
   -3.110045844266969,
   -3.1100458338583867,
   -3.091475815999485,
   -3.090965504093945,
   -3.1106374273923034,
   -3.1106374222028776,
   -3.090965420601898,
   -3.0909654206019064,
   -3.110637422202885,
   -3.110637427392317,
   -3.090965504094014,
   -3.0914758159995723,
   -3.110045833858554,
   -3.110045844267042,
   -3.091475817270941,
   -3.0908028365648472,
   -3.1078966089039906,
   -3.107896489708012,
   -3.0908029008438964
  ]
 },
 "1": {
  "0": [
   1.7961571980286102,
   1.7961642823310333,
   1.7961642813069705,
   1.796157194043703,
   1.7961573309645011,
   1.7961659624229511,
   1.7961655735410582,
   1.7961572511057853,
   1.7961575321841994,
   1.7961668633400574,
   1.796166862407326,
   1.7961575278008102,
   1.7961575278007915,
   1.7961668624073364,
   1.7961668633400334,
   1.7961575321841894,
   1.7961572511057506,
   1.7961655735410376,
   1.7961659624229398,
   1.796157330964503,
   1.7961571940436964,
   1.7961642813069563,
   1.7961642823310306,
   1.7961571980286046
  ],
  "1": [
   1.7942341253087002,
   1.7942269867053147,
   1.794226992561802,
   1.7942341276472442,
   1.7942339848910218,
   1.794225304789068,
   1.7942257026921975,
   1.7942340651000963,
   1.7942337930260681,
   1.7942244059466272,
   1.7942244116818535,
   1.7942337950254643,
   1.7942337950254375,
   1.7942244116818562,
   1.7942244059466312,
   1.7942337930260346,
   1.7942340651000892,
   1.7942257026922308,
   1.794225304789058,
   1.794233984891036,
   1.7942341276472547,
   1.7942269925617773,
   1.7942269867053031,
   1.7942341253087322
  ]
 },
 "2": {
  "0": [
   1.7929863097768715,
   1.7930380658124034,
   1.7931099386744573,
   1.7931099364700693,
   1.7930380629580078,
   1.7929863091625624,
   1.7929918721805256,
   1.7930455370399554,
   1.7931121911120096,
   1.793112526326015,
   1.7930455310863822,
   1.7929921629691419,
   1.792998234903038,
   1.7930531386313473,
   1.7931153985661898,
   1.7931153964489592,
   1.7930531357540107,
   1.7929982338255654,
   1.7929982338255763,
   1.7930531357539843,
   1.7931153964490416,
   1.7931153985662183,
   1.7930531386313278,
   1.7929982349028168,
   1.792992162969162,
   1.7930455310864364,
   1.7931125263259977,
   1.7931121911120247,
   1.7930455370400102,
   1.7929918721805571,
   1.7929863091625058,
   1.7930380629580907,
   1.7931099364700647,
   1.793109938674255,
   1.793038065812424,
   1.7929863097770065
  ],
  "1": [
   1.7944253591441561,
   1.794433328802435,
   1.7944436756341613,
   1.7944436787208193,
   1.7944333352302964,
   1.7944253621299848,
   1.7944259057992389,
   1.7944325362959221,
   1.7944411389338177,
   1.7944407979619659,
   1.7944325489603334,
   1.7944256474921176,
   1.7944259577527393,
   1.7944317396852416,
   1.7944377718007014,
   1.7944377751678946,
   1.794431746264178,
   1.7944259610075413,
   1.7944259610074307,
   1.7944317462641974,
   1.7944377751679208,
   1.7944377718007354,
   1.7944317396852485,
   1.7944259577527775,
   1.7944256474922076,
   1.79443254896033,
   1.7944407979619335,
   1.7944411389337762,
   1.794432536295825,
   1.7944259057993308,
   1.7944253621298834,
   1.7944333352302928,
   1.794443678720764,
   1.7944436756340219,
   1.7944333288024845,
   1.794425359144251
  ]
 },
 "Z_a": [
  6,
  6,
  6,
  6,
  6,
  6,
  6,
  6,
  6,
  6,
  6,
  6,
  15,
  15,
  15,
  15,
  5,
  5,
  5,
  5,
  6,
  6,
  6,
  6,
  1,
  1,
  1,
  1
 ],
 "spos_ac": [
  [
   0.875086171267842,
   0.5799114664354494,
   0.7620001604529165
  ],
  [
   0.6963326491430107,
   0.49152273806342317,
   0.26204968708065984
  ],
  [
   0.19634578503225414,
   0.07986334182487917,
   0.3093996709370247
  ],
  [
   0.37509243651960295,
   0.9915710460212733,
   0.809350332057105
  ],
  [
   0.19634240016082302,
   0.4915171049931042,
   0.30942841097595686
  ],
  [
   0.37509592228564614,
   0.5799058333650529,
   0.8093788843478147
  ],
  [
   0.8750827863963759,
   0.9915652296037303,
   0.7620289004915775
  ],
  [
   0.6963361349088255,
   0.0798575254071736,
   0.26207823937147035
  ],
  [
   0.5878528164294758,
   0.7857486902548056,
   0.8132081770705389
  ],
  [
   0.9835807429164943,
   0.28567971172124473,
   0.31319234859390055
  ],
  [
   0.4835757549990956,
   0.2856798811737049,
   0.25822039435815514
  ],
  [
   0.08784782851211616,
   0.7857488597073228,
   0.7582362228344648
  ],
  [
   0.7581652244482407,
   0.7856983365429423,
   0.06779663046633189
  ],
  [
   0.8132687115998859,
   0.28572998789025006,
   0.56776712828043
  ],
  [
   0.31326334698036784,
   0.28573023488574767,
   0.003631940962239495
  ],
  [
   0.25815985982870476,
   0.785698583538386,
   0.5036614431480133
  ],
  [
   0.9476341442714147,
   0.7857464059503083,
   0.6263911162553406
  ],
  [
   0.6237953359644607,
   0.2856820998259023,
   0.12641184983721956
  ],
  [
   0.12379442715717318,
   0.2856821654782436,
   0.4450374551733063
  ],
  [
   0.44763323546407974,
   0.7857464716026812,
   0.9450167215913226
  ],
  [
   0.9471725862905532,
   0.7857448775537788,
   0.2958269841911399
  ],
  [
   0.6252729068777036,
   0.285683959345953,
   0.7958524720273839
  ],
  [
   0.1252448617163888,
   0.2856836863818081,
   0.7756015947384649
  ],
  [
   0.4461556645508782,
   0.7857446120828451,
   0.27557609940116634
  ],
  [
   0.535714285714305,
   0.5357142857142547,
   0.5357142857142149
  ],
  [
   0.03571428571427876,
   0.5357142857142906,
   0.03571428571427213
  ],
  [
   0.5357142857143153,
   0.03571428571430044,
   0.5357142857142152
  ],
  [
   0.03571428571427918,
   0.03571428571425121,
   0.03571428571428174
  ]
 ]
}