{
 "0": {
  "0": [
   0.37466592612478883,
   0.39168390470180475,
   0.3916840353250989,
   0.37466586183718004,
   0.3753670814268765,
   0.3938646869265472,
   0.39386469165411997,
   0.3753670869258897,
   0.3748856745298867,
   0.39449431655684325,
   0.3944943180544417,
   0.3748855968949328,
   0.3748855968949327,
   0.3944943180544718,
   0.3944943165568428,
   0.37488567452990434,
   0.37536708692589815,
   0.39386469165410937,
   0.39386468692658017,
   0.37536708142687736,
   0.37466586183717976,
   0.39168403532511514,
   0.391683904701833,
   0.3746659261247987
  ],
  "1": [
   -3.06806674353324,
   -3.0848702968099357,
   -3.0848704233173545,
   -3.06806669751651,
   -3.068798950803787,
   -3.0870598022567677,
   -3.0870598142718157,
   -3.0687989693773474,
   -3.068352777979359,
   -3.087697826382496,
   -3.0876978334662613,
   -3.068352721871819,
   -3.0683527218718187,
   -3.0876978334662897,
   -3.087697826382488,
   -3.0683527779793356,
   -3.068798969377347,
   -3.0870598142718175,
   -3.0870598022568068,
   -3.068798950803837,
   -3.068066697516518,
   -3.084870423317355,
   -3.0848702968099517,
   -3.0680667435332656
  ]
 },
 "1": {
  "0": [
   1.7961571852321623,
   1.7961642978865229,
   1.7961643000217817,
   1.7961571868180592,
   1.7961573032375924,
   1.7961659602680644,
   1.7961655859974186,
   1.7961572416605227,
   1.7961574990801854,
   1.7961668632344598,
   1.796166865372709,
   1.7961575007096855,
   1.7961575007096888,
   1.796166865372783,
   1.7961668632344792,
   1.7961574990802007,
   1.7961572416605094,
   1.7961655859974353,
   1.796165960268057,
   1.7961573032376084,
   1.7961571868180948,
   1.7961643000218417,
   1.7961642978865635,
   1.7961571852321718
  ],
  "1": [
   1.7942343594727705,
   1.7942271918503105,
   1.7942271929490916,
   1.794234359668477,
   1.7942342258965711,
   1.7942254953190138,
   1.7942258937717261,
   1.7942342972103282,
   1.7942340231787037,
   1.794224597290025,
   1.7942245983418097,
   1.794234023431588,
   1.7942340234315857,
   1.7942245983418126,
   1.7942245972900341,
   1.7942340231786957,
   1.7942342972103225,
   1.7942258937717412,
   1.7942254953189964,
   1.794234225896587,
   1.794234359668484,
   1.7942271929490405,
   1.7942271918503434,
   1.7942343594727514
  ]
 },
 "2": {
  "0": [
   1.8051799132675943,
   1.8052036900528854,
   1.8052346339852812,
   1.805234630891888,
   1.805203685011726,
   1.8051799108368238,
   1.8051748159881558,
   1.8052091139615594,
   1.8052499828684185,
   1.8052503078680835,
   1.805209103120967,
   1.8051751348116922,
   1.8051707281585274,
   1.8052148737866065,
   1.8052659103762203,
   1.8052659072288282,
   1.805214868249509,
   1.805170725489896,
   1.8051707254895544,
   1.8052148682492157,
   1.8052659072287254,
   1.8052659103761928,
   1.8052148737867522,
   1.805170728158723,
   1.8051751348118479,
   1.8052091031208548,
   1.8052503078680289,
   1.805249982868558,
   1.805209113961637,
   1.805174815988202,
   1.8051799108367494,
   1.8052036850117192,
   1.8052346308919576,
   1.8052346339852854,
   1.8052036900524937,
   1.8051799132673028
  ],
  "1": [
   1.8067237774325486,
   1.806907515270407,
   1.8071199138923473,
   1.8071199135379834,
   1.8069075141190978,
   1.8067237766760407,
   1.8067207643740106,
   1.806909823446391,
   1.8071273388504319,
   1.8071270014588077,
   1.8069098211208168,
   1.8067205391527639,
   1.806717992324343,
   1.806912572689764,
   1.8071339113292013,
   1.8071339109839628,
   1.806912571467944,
   1.806717991715947,
   1.8067179917155356,
   1.806912571467538,
   1.807133910983879,
   1.8071339113291165,
   1.806912572689862,
   1.806717992324573,
   1.8067205391529695,
   1.8069098211207084,
   1.807127001458787,
   1.8071273388504998,
   1.8069098234465424,
   1.8067207643739807,
   1.8067237766759738,
   1.8069075141191058,
   1.8071199135379925,
   1.8071199138922962,
   1.8069075152700547,
   1.806723777432297
  ]
 },
 "Z_a": [
  6,
  6,
  6,
  6,
  6,
  6,
  6,
  6,
  6,
  6,
  6,
  6,
  15,
  15,
  15,
  15,
  5,
  5,
  5,
  5,
  6,
  6,
  6,
  6,
  1,
  1,
  1,
  1
 ],
 "spos_ac": [
  [
   0.875086171267842,
   0.5799114664354494,
   0.7620001604529165
  ],
  [
   0.6963326491430107,
   0.49152273806342317,
   0.26204968708065984
  ],
  [
   0.19634578503225414,
   0.07986334182487917,
   0.3093996709370247
  ],
  [
   0.37509243651960295,
   0.9915710460212733,
   0.809350332057105
  ],
  [
   0.19634240016082302,
   0.4915171049931042,
   0.30942841097595686
  ],
  [
   0.37509592228564614,
   0.5799058333650529,
   0.8093788843478147
  ],
  [
   0.8750827863963759,
   0.9915652296037303,
   0.7620289004915775
  ],
  [
   0.6963361349088255,
   0.0798575254071736,
   0.26207823937147035
  ],
  [
   0.5878528164294758,
   0.7857486902548056,
   0.8132081770705389
  ],
  [
   0.9835807429164943,
   0.28567971172124473,
   0.31319234859390055
  ],
  [
   0.4835757549990956,
   0.2856798811737049,
   0.25822039435815514
  ],
  [
   0.08784782851211616,
   0.7857488597073228,
   0.7582362228344648
  ],
  [
   0.7581652244482407,
   0.7856983365429423,
   0.06779663046633189
  ],
  [
   0.8132687115998859,
   0.28572998789025006,
   0.56776712828043
  ],
  [
   0.31326334698036784,
   0.28573023488574767,
   0.003631940962239495
  ],
  [
   0.25815985982870476,
   0.785698583538386,
   0.5036614431480133
  ],
  [
   0.9476341442714147,
   0.7857464059503083,
   0.6263911162553406
  ],
  [
   0.6237953359644607,
   0.2856820998259023,
   0.12641184983721956
  ],
  [
   0.12379442374122426,
   0.2856821656451731,
   0.44287082519986526
  ],
  [
   0.44763323546407974,
   0.7857464716026812,
   0.9450167215913226
  ],
  [
   0.9461837097119583,
   0.7857448850466753,
   0.2958269766902139
  ],
  [
   0.6252729068777036,
   0.285683959345953,
   0.7958524720273839
  ],
  [
   0.1252448617163888,
   0.2856836863818081,
   0.7756015947384649
  ],
  [
   0.4461556645508782,
   0.7857446120828451,
   0.27557609940116634
  ],
  [
   0.535714285714305,
   0.5357142857142547,
   0.5357142857142149
  ],
  [
   0.03571428571427876,
   0.5357142857142906,
   0.03571428571427213
  ],
  [
   0.5357142857143153,
   0.03571428571430044,
   0.5357142857142152
  ],
  [
   0.03571428571427918,
   0.03571428571425121,
   0.03571428571428174
  ]
 ]
}