{
 "0": {
  "0": [
   0.3749656693848448,
   0.3919474136239315,
   0.3918994973511908,
   0.37492087062812035,
   0.3756875393154205,
   0.39415303503705545,
   0.3940545735334126,
   0.37559860397718803,
   0.3751863304407222,
   0.39475520219287463,
   0.3947046668668486,
   0.3751421390180872,
   0.37514213901809057,
   0.3947046668668984,
   0.39475520219290494,
   0.37518633044068833,
   0.3755986039771925,
   0.39405457353335893,
   0.39415303503702886,
   0.3756875393154116,
   0.37492087062812657,
   0.39189949735114327,
   0.39194741362390484,
   0.3749656693848364
  ],
  "1": [
   -3.0677258337173106,
   -3.084704840129602,
   -3.084732550686419,
   -3.0677539444618294,
   -3.0684093616430195,
   -3.086871932907804,
   -3.0869273638977694,
   -3.068466938178058,
   -3.0679429481986276,
   -3.0875125125918252,
   -3.0875403379019675,
   -3.0679723785112594,
   -3.0679723785112705,
   -3.087540337901983,
   -3.0875125125918825,
   -3.0679429481985965,
   -3.0684669381780543,
   -3.086927363897717,
   -3.0868719329078136,
   -3.068409361642979,
   -3.0677539444617286,
   -3.084732550686352,
   -3.0847048401295907,
   -3.0677258337172875
  ]
 },
 "1": {
  "0": [
   1.8895709982709437,
   1.889796943730435,
   1.8897989646106403,
   1.8895701241535576,
   1.889567515611672,
   1.8897968011753246,
   1.889800589215735,
   1.8895658470510661,
   1.8895632716506638,
   1.8897976635621772,
   1.889799896938285,
   1.8895625639643265,
   1.8895625639643014,
   1.8897998969382799,
   1.8897976635621931,
   1.8895632716506692,
   1.8895658470510894,
   1.889800589215805,
   1.889796801175358,
   1.8895675156117,
   1.8895701241536171,
   1.8897989646106408,
   1.8897969437304822,
   1.8895709982709823
  ],
  "1": [
   1.8332025999810084,
   1.833508401871811,
   1.8335152645500674,
   1.8332066262833888,
   1.8332012000858635,
   1.833486595727714,
   1.8335007802569019,
   1.8332093353621775,
   1.8332037669629802,
   1.8334723064307539,
   1.833479187044274,
   1.8332077164544105,
   1.83320771645438,
   1.8334791870442486,
   1.8334723064307665,
   1.8332037669629815,
   1.8332093353619883,
   1.8335007802569128,
   1.8334865957277333,
   1.8332012000858864,
   1.8332066262834315,
   1.8335152645500907,
   1.8335084018718564,
   1.8332025999810229
  ]
 },
 "2": {
  "0": [
   1.7942869788034335,
   1.7942886502717228,
   1.7942845565894612,
   1.794278337450008,
   1.794278455292259,
   1.7942826475986853,
   1.7942891032116735,
   1.79429406209299,
   1.7942874262243986,
   1.7942753271056535,
   1.7942734830841682,
   1.7942807146076099,
   1.7942873283262681,
   1.7942890972371615,
   1.7942848397889664,
   1.7942784773042588,
   1.7942788242369805,
   1.7942830473716707,
   1.7942830473715923,
   1.794278824236904,
   1.7942784773043017,
   1.7942848397889597,
   1.7942890972370857,
   1.7942873283262661,
   1.7942807146075743,
   1.7942734830841207,
   1.794275327105622,
   1.7942874262244641,
   1.7942940620930068,
   1.7942891032117878,
   1.7942826475986688,
   1.7942784552921989,
   1.7942783374500433,
   1.794284556589634,
   1.794288650271646,
   1.7942869788034403
  ],
  "1": [
   1.7961132906819965,
   1.7961132426316682,
   1.796114047993466,
   1.7961147205248191,
   1.796113519181452,
   1.7961132411644267,
   1.7961137275255579,
   1.7961129668401092,
   1.7961140604925314,
   1.7961149794336952,
   1.796113578758377,
   1.796113036006387,
   1.7961134288027485,
   1.796113063386064,
   1.7961139949815477,
   1.7961146089170141,
   1.7961133373683542,
   1.7961131941948716,
   1.7961131941948438,
   1.7961133373684228,
   1.7961146089169535,
   1.796113994981603,
   1.7961130633860154,
   1.7961134288027938,
   1.7961130360064992,
   1.7961135787584621,
   1.7961149794336582,
   1.7961140604926065,
   1.7961129668400517,
   1.7961137275252559,
   1.7961132411644103,
   1.7961135191815252,
   1.7961147205248111,
   1.7961140479935869,
   1.7961132426316975,
   1.7961132906819228
  ]
 },
 "Z_a": [
  6,
  6,
  6,
  6,
  6,
  6,
  6,
  6,
  6,
  6,
  6,
  6,
  15,
  15,
  15,
  15,
  5,
  5,
  5,
  5,
  6,
  6,
  6,
  6,
  1,
  1,
  1,
  1
 ],
 "spos_ac": [
  [
   0.875086171267842,
   0.5799114664354494,
   0.7620001604529165
  ],
  [
   0.6963326491430107,
   0.49152273806342317,
   0.26204968708065984
  ],
  [
   0.19634578503225414,
   0.07986334182487917,
   0.3093996709370247
  ],
  [
   0.37509243651960295,
   0.9915710460212733,
   0.809350332057105
  ],
  [
   0.19634240016082302,
   0.4915171049931042,
   0.30942841097595686
  ],
  [
   0.37509592228564614,
   0.5799058333650529,
   0.8093788843478147
  ],
  [
   0.8750827863963759,
   0.9915652296037303,
   0.7620289004915775
  ],
  [
   0.6963361349088255,
   0.0798575254071736,
   0.26207823937147035
  ],
  [
   0.5878528164294758,
   0.7857486902548056,
   0.8132081770705389
  ],
  [
   0.9835807429164943,
   0.28567971172124473,
   0.31319234859390055
  ],
  [
   0.4835757549990956,
   0.2856798811737049,
   0.25822039435815514
  ],
  [
   0.08784782851211616,
   0.7857488597073228,
   0.7582362228344648
  ],
  [
   0.7581652244482407,
   0.7856983365429423,
   0.06779663046633189
  ],
  [
   0.8132687115998859,
   0.28572998789025006,
   0.56776712828043
  ],
  [
   0.31326334698036784,
   0.28573023488574767,
   0.003631940962239495
  ],
  [
   0.25815986423297604,
   0.784016731708506,
   0.5036614433627973
  ],
  [
   0.9476341442714147,
   0.7857464059503083,
   0.6263911162553406
  ],
  [
   0.6237953359644607,
   0.2856820998259023,
   0.12641184983721956
  ],
  [
   0.12379442715717318,
   0.2856821654782436,
   0.4450374551733063
  ],
  [
   0.44763323546407974,
   0.7857464716026812,
   0.9450167215913226
  ],
  [
   0.9461837097119583,
   0.7857448850466753,
   0.2958269766902139
  ],
  [
   0.6252729068777036,
   0.285683959345953,
   0.7958524720273839
  ],
  [
   0.1252448617163888,
   0.2856836863818081,
   0.7756015947384649
  ],
  [
   0.4461556645508782,
   0.7857446120828451,
   0.27557609940116634
  ],
  [
   0.535714285714305,
   0.5357142857142547,
   0.5357142857142149
  ],
  [
   0.03571428571427876,
   0.5357142857142906,
   0.03571428571427213
  ],
  [
   0.5357142857143153,
   0.03571428571430044,
   0.5357142857142152
  ],
  [
   0.03571428571427918,
   0.03571428571425121,
   0.03571428571428174
  ]
 ]
}