{
 "0": {
  "0": [
   0.35220119013770895,
   0.3691656991972123,
   0.3691658258707457,
   0.3522011289594471,
   0.3529582035913871,
   0.3713203226610189,
   0.37132032330061465,
   0.352958208731874,
   0.3525372605036552,
   0.3719169191120915,
   0.37191691924011394,
   0.35253718889698604,
   0.35253718889696745,
   0.37191691924016,
   0.37191691911213964,
   0.3525372605036165,
   0.3529582087318365,
   0.3713203233005294,
   0.3713203226609353,
   0.3529582035913057,
   0.35220112895942096,
   0.3691658258707765,
   0.36916569919716574,
   0.35220119013764833
  ],
  "1": [
   -3.122345104823721,
   -3.1391520248811093,
   -3.1391521451377136,
   -3.122345039566224,
   -3.1231262997247247,
   -3.1414644407522996,
   -3.1414644309885613,
   -3.1231262964532895,
   -3.122739438869892,
   -3.1422309698285553,
   -3.1422309647001945,
   -3.1227393650441004,
   -3.1227393650441027,
   -3.1422309647000755,
   -3.142230969823493,
   -3.1227394388698966,
   -3.123126296453245,
   -3.14146443098854,
   -3.141464440752314,
   -3.1231262997247184,
   -3.1223450395663606,
   -3.1391521451377584,
   -3.1391520248810876,
   -3.122345104823616
  ]
 },
 "1": {
  "0": [
   1.7961574225816195,
   1.7961644879954815,
   1.7961644829864296,
   1.7961574178770596,
   1.7961575521533928,
   1.796166171820032,
   1.7961657750610258,
   1.7961574708075552,
   1.7961577441670689,
   1.7961670723597036,
   1.7961670674274859,
   1.796157739286153,
   1.7961577392861872,
   1.7961670674274992,
   1.796167072359693,
   1.7961577441670702,
   1.7961574708074795,
   1.796165775061,
   1.796166171820047,
   1.7961575521534157,
   1.7961574178769864,
   1.7961644829865262,
   1.7961644879955418,
   1.7961574225815986
  ],
  "1": [
   1.794234808835728,
   1.7942277994154023,
   1.7942278025546723,
   1.7942348119218798,
   1.7942346841771661,
   1.7942261230561336,
   1.794226518024427,
   1.7942347595821126,
   1.794234494929694,
   1.7942252318275367,
   1.794225234973542,
   1.7942344980685645,
   1.7942344980685119,
   1.794225234973683,
   1.7942252318279583,
   1.7942344949295457,
   1.794234759582159,
   1.7942265180288133,
   1.7942261230561305,
   1.7942346841771306,
   1.7942348119218898,
   1.794227802554694,
   1.794227799415405,
   1.7942348088356712
  ]
 },
 "2": {
  "0": [
   1.7942928831537541,
   1.7941863401548461,
   1.7940833667733942,
   1.794083364827848,
   1.794186336806669,
   1.794292881776583,
   1.7942938189461821,
   1.7941930588682502,
   1.794090052527977,
   1.7940903846591392,
   1.7941930520523428,
   1.7942940933298488,
   1.794295217455666,
   1.7941997106692633,
   1.7940974952120379,
   1.7940974931115645,
   1.7941997071621791,
   1.7942952161308081,
   1.794295216130927,
   1.794199707162003,
   1.7940974931116032,
   1.794097495211767,
   1.7941997106693455,
   1.7942952174556437,
   1.7942940933296763,
   1.7941930520521026,
   1.7940903846591503,
   1.7940900525278916,
   1.7941930588681563,
   1.7942938189460174,
   1.7942928817766048,
   1.794186336806651,
   1.794083364827567,
   1.7940833667732963,
   1.794186340154823,
   1.7942928831539136
  ],
  "1": [
   1.796444599081429,
   1.796433646548249,
   1.7964064316053467,
   1.79640643394535,
   1.7964336498215892,
   1.7964446002485281,
   1.7964368683933496,
   1.7964270363711656,
   1.7964039329526795,
   1.7964036051529249,
   1.7964270432686806,
   1.7964365856264268,
   1.7964286349798766,
   1.7964204595508682,
   1.7964005692918399,
   1.7964005715927116,
   1.7964204630922291,
   1.7964286362840114,
   1.7964286362815598,
   1.7964204630924654,
   1.7964005715925342,
   1.7964005692916512,
   1.796420459550019,
   1.7964286349803795,
   1.7964365856265236,
   1.7964270432685538,
   1.7964036051844712,
   1.7964039329526522,
   1.7964270363709625,
   1.796436868393412,
   1.7964446002485948,
   1.796433649821568,
   1.796406433945378,
   1.7964064316055168,
   1.7964336465482533,
   1.7964445990813291
  ]
 },
 "Z_a": [
  6,
  6,
  6,
  6,
  6,
  6,
  6,
  6,
  6,
  6,
  6,
  6,
  15,
  15,
  15,
  15,
  5,
  5,
  5,
  5,
  6,
  6,
  6,
  6,
  1,
  1,
  1,
  1
 ],
 "spos_ac": [
  [
   0.875086171267842,
   0.5799114664354494,
   0.7620001604529165
  ],
  [
   0.6963326491430107,
   0.49152273806342317,
   0.26204968708065984
  ],
  [
   0.19634578503225414,
   0.07986334182487917,
   0.3093996709370247
  ],
  [
   0.37509243651960295,
   0.9915710460212733,
   0.809350332057105
  ],
  [
   0.19634240016082302,
   0.4915171049931042,
   0.30942841097595686
  ],
  [
   0.37509592228564614,
   0.5799058333650529,
   0.8093788843478147
  ],
  [
   0.8750827863963759,
   0.9915652296037303,
   0.7620289004915775
  ],
  [
   0.6963361349088255,
   0.0798575254071736,
   0.26207823937147035
  ],
  [
   0.5878528164294758,
   0.7857486902548056,
   0.8132081770705389
  ],
  [
   0.9835807429164943,
   0.28567971172124473,
   0.31319234859390055
  ],
  [
   0.4835757549990956,
   0.2856798811737049,
   0.25822039435815514
  ],
  [
   0.08784782851211616,
   0.7857488597073228,
   0.7582362228344648
  ],
  [
   0.7581652244482407,
   0.7856983365429423,
   0.06779663046633189
  ],
  [
   0.8132687115998859,
   0.28572998789025006,
   0.56776712828043
  ],
  [
   0.31425222355896276,
   0.2857302273928512,
   0.0036319484631654325
  ],
  [
   0.25815985982870476,
   0.785698583538386,
   0.5036614431480133
  ],
  [
   0.9476341442714147,
   0.7857464059503083,
   0.6263911162553406
  ],
  [
   0.6237953359644607,
   0.2856820998259023,
   0.12641184983721956
  ],
  [
   0.12379442715717318,
   0.2856821654782436,
   0.4450374551733063
  ],
  [
   0.44763323546407974,
   0.7857464716026812,
   0.9450167215913226
  ],
  [
   0.9461837097119583,
   0.7857448850466753,
   0.2958269766902139
  ],
  [
   0.6252729068777036,
   0.285683959345953,
   0.7958524720273839
  ],
  [
   0.1252448617163888,
   0.2856836863818081,
   0.7756015947384649
  ],
  [
   0.4461556645508782,
   0.7857446120828451,
   0.27557609940116634
  ],
  [
   0.535714285714305,
   0.5357142857142547,
   0.5357142857142149
  ],
  [
   0.03571428571427876,
   0.5357142857142906,
   0.03571428571427213
  ],
  [
   0.5357142857143153,
   0.03571428571430044,
   0.5357142857142152
  ],
  [
   0.03571428571427918,
   0.03571428571425121,
   0.03571428571428174
  ]
 ]
}