{
 "0": {
  "0": [
   0.3523617289573995,
   0.3688889655503972,
   0.36888910217965426,
   0.3523616834470245,
   0.35310223885555775,
   0.3711029968170665,
   0.37110301808867346,
   0.35310225719296395,
   0.35266296238369294,
   0.3717610351725561,
   0.37176104555718786,
   0.3526628895418733,
   0.3526628895418676,
   0.37176104555717554,
   0.3717610351725517,
   0.3526629623837222,
   0.353102257192929,
   0.3711030180886228,
   0.3711029968170883,
   0.35310223885555453,
   0.35236168344695973,
   0.3688891021796395,
   0.3688889655503549,
   0.35236172895730966
  ],
  "1": [
   -3.0908030488624854,
   -3.1078965922997916,
   -3.107896720535973,
   -3.090802990530083,
   -3.0914759773177756,
   -3.1100459552977417,
   -3.1100459636134583,
   -3.0914759837939516,
   -3.0909656648060397,
   -3.110637552970362,
   -3.1106375564314424,
   -3.0909656045263185,
   -3.0909656045263727,
   -3.1106375564314726,
   -3.110637552970357,
   -3.0909656648060673,
   -3.091475983793925,
   -3.1100459636134166,
   -3.1100459552977266,
   -3.0914759773177583,
   -3.090802990530075,
   -3.1078967205359955,
   -3.107896592299734,
   -3.0908030488624476
  ]
 },
 "1": {
  "0": [
   1.7961571945856878,
   1.7961642811804446,
   1.7961642828961932,
   1.7961571993868106,
   1.796157318336892,
   1.7961659580000156,
   1.796165576866746,
   1.7961572653701547,
   1.7961575283416802,
   1.7961668621366726,
   1.796166864004675,
   1.796157533500488,
   1.7961575335004722,
   1.7961668640046173,
   1.7961668621366964,
   1.7961575283416846,
   1.7961572653701978,
   1.7961655768667506,
   1.7961659580000189,
   1.7961573183369182,
   1.7961571993868017,
   1.7961642828961826,
   1.7961642811804306,
   1.7961571945856738
  ],
  "1": [
   1.7942341292817083,
   1.7942269933278157,
   1.7942269868032843,
   1.7942341261276673,
   1.7942340009357738,
   1.7942253144624374,
   1.7942256909778216,
   1.7942340624230655,
   1.7942337966302786,
   1.7942244125538995,
   1.7942244059085792,
   1.79423379385125,
   1.794233793851239,
   1.794224405908587,
   1.7942244125538835,
   1.7942337966302508,
   1.794234062423091,
   1.7942256909778063,
   1.794225314462451,
   1.7942340009357907,
   1.794234126127693,
   1.7942269868033422,
   1.7942269933278128,
   1.794234129281699
  ]
 },
 "2": {
  "0": [
   1.7955541467390068,
   1.7955004204706466,
   1.795424973044124,
   1.7954249740266355,
   1.7955004226886917,
   1.7955541475286,
   1.7955482859496656,
   1.7954932778271744,
   1.7954222104566342,
   1.7954225431301147,
   1.795493281867203,
   1.7955485759717356,
   1.7955425887515182,
   1.7954859670902232,
   1.7954198586135612,
   1.795419859497234,
   1.795485968983016,
   1.7955425897554234,
   1.7955425897553035,
   1.7954859689830145,
   1.795419859497184,
   1.7954198586135508,
   1.7954859670902004,
   1.7955425887514023,
   1.795548575971725,
   1.7954932818671916,
   1.795422543130141,
   1.7954222104566975,
   1.7954932778271941,
   1.7955482859495926,
   1.7955541475286219,
   1.7955004226886295,
   1.795424974026646,
   1.795424973044187,
   1.7955004204706642,
   1.7955541467390097
  ],
  "1": [
   1.7978188325814548,
   1.797812944623264,
   1.797806164040297,
   1.7978061622037036,
   1.7978129389025936,
   1.7978188294486022,
   1.7978185253959031,
   1.7978133400531884,
   1.797809212904742,
   1.7978088884978423,
   1.7978133294309657,
   1.7978182560010825,
   1.7978178576086359,
   1.797813845517882,
   1.7978117337317543,
   1.7978117316413844,
   1.797813839995545,
   1.7978178544559833,
   1.7978178544558956,
   1.7978138399954862,
   1.797811731641378,
   1.7978117337316877,
   1.7978138455178418,
   1.7978178576085866,
   1.7978182560008802,
   1.797813329430973,
   1.79780888849783,
   1.7978092129047027,
   1.7978133400532201,
   1.797818525395834,
   1.7978188294486162,
   1.7978129389025315,
   1.797806162203634,
   1.7978061640403642,
   1.7978129446232238,
   1.7978188325815598
  ]
 },
 "Z_a": [
  6,
  6,
  6,
  6,
  6,
  6,
  6,
  6,
  6,
  6,
  6,
  6,
  15,
  15,
  15,
  15,
  5,
  5,
  5,
  5,
  6,
  6,
  6,
  6,
  1,
  1,
  1,
  1
 ],
 "spos_ac": [
  [
   0.875086171267842,
   0.5799114664354494,
   0.7620001604529165
  ],
  [
   0.6963326491430107,
   0.49152273806342317,
   0.26204968708065984
  ],
  [
   0.19634578503225414,
   0.07986334182487917,
   0.3093996709370247
  ],
  [
   0.37509243651960295,
   0.9915710460212733,
   0.809350332057105
  ],
  [
   0.19634240016082302,
   0.4915171049931042,
   0.30942841097595686
  ],
  [
   0.37509592228564614,
   0.5799058333650529,
   0.8093788843478147
  ],
  [
   0.8750827863963759,
   0.9915652296037303,
   0.7620289004915775
  ],
  [
   0.6963361349088255,
   0.0798575254071736,
   0.26207823937147035
  ],
  [
   0.5878528164294758,
   0.7857486902548056,
   0.8132081770705389
  ],
  [
   0.9835807429164943,
   0.28567971172124473,
   0.31319234859390055
  ],
  [
   0.4835757549990956,
   0.2856798811737049,
   0.25822039435815514
  ],
  [
   0.08784782851211616,
   0.7857488597073228,
   0.7582362228344648
  ],
  [
   0.7581652244482407,
   0.7856983365429423,
   0.06779663046633189
  ],
  [
   0.8132687115998859,
   0.28572998789025006,
   0.56776712828043
  ],
  [
   0.31326334698036784,
   0.28573023488574767,
   0.003631940962239495
  ],
  [
   0.25815985982870476,
   0.785698583538386,
   0.5036614431480133
  ],
  [
   0.9476341442714147,
   0.7857464059503083,
   0.6263911162553406
  ],
  [
   0.6237953359644607,
   0.2856820998259023,
   0.12641184983721956
  ],
  [
   0.12379442715717318,
   0.2856821654782436,
   0.4450374551733063
  ],
  [
   0.44763323546407974,
   0.7857464716026812,
   0.9450167215913226
  ],
  [
   0.9461837097119583,
   0.7857448850466753,
   0.2958269766902139
  ],
  [
   0.6252729068777036,
   0.285683959345953,
   0.7958524720273839
  ],
  [
   0.1252448617163888,
   0.2856836863818081,
   0.7756015947384649
  ],
  [
   0.4471445411294731,
   0.7857446045899485,
   0.27557610690209233
  ],
  [
   0.535714285714305,
   0.5357142857142547,
   0.5357142857142149
  ],
  [
   0.03571428571427876,
   0.5357142857142906,
   0.03571428571427213
  ],
  [
   0.5357142857143153,
   0.03571428571430044,
   0.5357142857142152
  ],
  [
   0.03571428571427918,
   0.03571428571425121,
   0.03571428571428174
  ]
 ]
}