{
 "0": {
  "0": [
   0.37468049656540486,
   0.3915985411727857,
   0.39159866294342016,
   0.374680441557323,
   0.37537276776398204,
   0.39376019657846084,
   0.39376019307591503,
   0.37537276411780157,
   0.3748767671235192,
   0.39435962683153686,
   0.39435962495010324,
   0.3748766939006748,
   0.374876693900671,
   0.39435962494993476,
   0.3943596268314687,
   0.37487676712305273,
   0.37537276411626874,
   0.39376019307347193,
   0.3937601965775532,
   0.3753727677635482,
   0.37468044155637453,
   0.39159866294326934,
   0.39159854117276766,
   0.37468049656538976
  ],
  "1": [
   -3.0685114163546823,
   -3.085508405425818,
   -3.0855085428933267,
   -3.0685113620941626,
   -3.0692106107634642,
   -3.087694428236552,
   -3.087694443053511,
   -3.0692106291408736,
   -3.06873456278479,
   -3.0883252011816293,
   -3.088325208853109,
   -3.068734494631054,
   -3.0687344946311033,
   -3.088325208853113,
   -3.0883252011815445,
   -3.0687345627857376,
   -3.069210629140601,
   -3.087694443052143,
   -3.0876944282360403,
   -3.0692106107634616,
   -3.06851136209365,
   -3.0855085428931837,
   -3.0855084054256703,
   -3.068511416354621
  ]
 },
 "1": {
  "0": [
   1.7961569904008488,
   1.7961640469557083,
   1.796164044156319,
   1.7961569888586777,
   1.7961571093221282,
   1.796165730268248,
   1.7961653290333077,
   1.7961570393015542,
   1.7961573021113595,
   1.7961666142991022,
   1.7961666118869313,
   1.7961573008037053,
   1.7961573008035083,
   1.796166611887015,
   1.7961666142990138,
   1.7961573021115518,
   1.7961570393015232,
   1.7961653290332515,
   1.7961657302681735,
   1.796157109322159,
   1.7961569888586832,
   1.7961640441565196,
   1.796164046955901,
   1.7961569904007837
  ],
  "1": [
   1.7942339217826608,
   1.7942268062656186,
   1.7942268082487225,
   1.7942339215230658,
   1.794233798383657,
   1.794225124751351,
   1.7942255138728807,
   1.7942338552666068,
   1.79423359182089,
   1.794224220346174,
   1.7942242223681633,
   1.7942335915879881,
   1.7942335915881098,
   1.7942242223680271,
   1.7942242203462369,
   1.7942335918207535,
   1.7942338552665802,
   1.7942255138729821,
   1.7942251247514367,
   1.7942337983836394,
   1.7942339215229843,
   1.7942268082485513,
   1.7942268062655296,
   1.7942339217828098
  ]
 },
 "2": {
  "0": [
   1.8512183286552741,
   1.8511193048661654,
   1.8510013071057594,
   1.8510013072949911,
   1.8511193060855202,
   1.851218329817484,
   1.8512155354488968,
   1.8511161426766058,
   1.8510006373636418,
   1.8510009730297428,
   1.8511161445541033,
   1.8512158070527418,
   1.8512124990693553,
   1.8511132557011696,
   1.851000435984372,
   1.8510004360007113,
   1.8511132563707196,
   1.8512124998213373,
   1.851212499818256,
   1.8511132563675905,
   1.8510004359880134,
   1.85100043596881,
   1.8511132556942582,
   1.8512124990705974,
   1.8512158070540992,
   1.8511161445556787,
   1.8510009730316384,
   1.8510006373639765,
   1.851116142676765,
   1.8512155354576325,
   1.8512183298291947,
   1.8511193060994344,
   1.8510013073107745,
   1.851001307116467,
   1.8511193048626375,
   1.8512183286517798
  ],
  "1": [
   1.8536051105516937,
   1.8536302497815447,
   1.8536525070044272,
   1.8536525076691974,
   1.8536302501115784,
   1.853605110750474,
   1.8536068712838476,
   1.8536325823185793,
   1.8536571141398968,
   1.853656765443999,
   1.8536325832430958,
   1.8536065952842637,
   1.853607457034845,
   1.8536354363934129,
   1.853661104664782,
   1.853661105438114,
   1.8536354366709071,
   1.8536074574969443,
   1.8536074574941903,
   1.8536354366680714,
   1.8536611054268968,
   1.8536611046501956,
   1.8536354363866023,
   1.853607457035987,
   1.8536065952855487,
   1.8536325832449356,
   1.8536567654456004,
   1.8536571141402922,
   1.8536325823188338,
   1.8536068712916118,
   1.8536051107609672,
   1.853630250123779,
   1.8536525076830925,
   1.8536525070143197,
   1.8536302497784964,
   1.853605110548433
  ]
 },
 "Z_a": [
  6,
  6,
  6,
  6,
  6,
  6,
  6,
  6,
  6,
  6,
  6,
  6,
  15,
  15,
  15,
  15,
  5,
  5,
  5,
  5,
  6,
  6,
  6,
  6,
  1,
  1,
  1,
  1
 ],
 "spos_ac": [
  [
   0.875086171267842,
   0.5799114664354494,
   0.7620001604529165
  ],
  [
   0.6963326491430107,
   0.49152273806342317,
   0.26204968708065984
  ],
  [
   0.19634578503225414,
   0.07986334182487917,
   0.3093996709370247
  ],
  [
   0.37509243651960295,
   0.9915710460212733,
   0.809350332057105
  ],
  [
   0.19634240016082302,
   0.4915171049931042,
   0.30942841097595686
  ],
  [
   0.37509592228564614,
   0.5799058333650529,
   0.8093788843478147
  ],
  [
   0.8750827863963759,
   0.9915652296037303,
   0.7620289004915775
  ],
  [
   0.6963361349088255,
   0.0798575254071736,
   0.26207823937147035
  ],
  [
   0.5878528164294758,
   0.7857486902548056,
   0.8132081770705389
  ],
  [
   0.9835807429164943,
   0.28567971172124473,
   0.31319234859390055
  ],
  [
   0.4835757549990956,
   0.2856798811737049,
   0.25822039435815514
  ],
  [
   0.08784782851211616,
   0.7857488597073228,
   0.7582362228344648
  ],
  [
   0.7581652244482407,
   0.7856983365429423,
   0.06779663046633189
  ],
  [
   0.8132687115998859,
   0.28572998789025006,
   0.56776712828043
  ],
  [
   0.31326334698036784,
   0.28573023488574767,
   0.003631940962239495
  ],
  [
   0.25815985982870476,
   0.785698583538386,
   0.5036614431480133
  ],
  [
   0.9476341442714147,
   0.7857464059503083,
   0.6263911162553406
  ],
  [
   0.6237953359644607,
   0.2856820998259023,
   0.12641184983721956
  ],
  [
   0.12379442715717318,
   0.2856821654782436,
   0.4450374551733063
  ],
  [
   0.44763323546407974,
   0.7857464716026812,
   0.9450167215913226
  ],
  [
   0.9461837097119583,
   0.7857448850466753,
   0.2958269766902139
  ],
  [
   0.6252729068777036,
   0.285683959345953,
   0.7958524720273839
  ],
  [
   0.1252448617163888,
   0.2856836863818081,
   0.7756015947384649
  ],
  [
   0.4461556611349292,
   0.7857446122497745,
   0.27340946942772526
  ],
  [
   0.535714285714305,
   0.5357142857142547,
   0.5357142857142149
  ],
  [
   0.03571428571427876,
   0.5357142857142906,
   0.03571428571427213
  ],
  [
   0.5357142857143153,
   0.03571428571430044,
   0.5357142857142152
  ],
  [
   0.03571428571427918,
   0.03571428571425121,
   0.03571428571428174
  ]
 ]
}