{
 "0": {
  "0": [
   0.3749910097757192,
   0.391892320739053,
   0.39189245711679527,
   0.37499096262554277,
   0.3757605580370299,
   0.3941951972381249,
   0.39419521971723015,
   0.37576058793387457,
   0.3753500707214155,
   0.39494100886047484,
   0.39494101974009777,
   0.37535001230479176,
   0.37535001230453535,
   0.3949410197398549,
   0.39494100886025296,
   0.3753500707220342,
   0.37576058793437744,
   0.39419521971775295,
   0.39419519723818836,
   0.3757605580371367,
   0.37499096262569165,
   0.39189245711694265,
   0.39189232073921365,
   0.3749910097758632
  ],
  "1": [
   -3.0678306325127562,
   -3.084814956938219,
   -3.0848150565429373,
   -3.0678305456956307,
   -3.0685601613766225,
   -3.087007128892868,
   -3.0870070752326697,
   -3.068560113637619,
   -3.068097236844315,
   -3.0876378046032427,
   -3.0876377758968103,
   -3.0680971379973014,
   -3.0680971379971025,
   -3.0876377758965834,
   -3.0876378046030384,
   -3.0680972368448263,
   -3.0685601136380614,
   -3.0870070752331302,
   -3.0870071288929246,
   -3.0685601613766402,
   -3.0678305456957964,
   -3.0848150565431016,
   -3.084814956938353,
   -3.067830632512941
  ]
 },
 "1": {
  "0": [
   1.7961568422861545,
   1.7961641046997117,
   1.7961641035952574,
   1.7961568416800842,
   1.7961569820501768,
   1.7961657862298424,
   1.7961653961475212,
   1.7961569073587975,
   1.7961571850371856,
   1.7961666861256769,
   1.7961666850634384,
   1.796157184614618,
   1.7961571846146152,
   1.7961666850634657,
   1.796166686125727,
   1.7961571850371836,
   1.796156907358812,
   1.7961653961475452,
   1.7961657862298632,
   1.796156982050158,
   1.7961568416801235,
   1.7961641035951812,
   1.796164104699702,
   1.7961568422861884
  ],
  "1": [
   1.794234340611819,
   1.7942272254056915,
   1.794227228134538,
   1.794234344383191,
   1.794234208287513,
   1.794225546540567,
   1.7942259395162568,
   1.7942342856099238,
   1.7942340094402178,
   1.7942246498336207,
   1.794224652595765,
   1.7942340132015064,
   1.79423401320151,
   1.7942246525957477,
   1.7942246498336003,
   1.79423400944023,
   1.7942342856099205,
   1.7942259395162479,
   1.7942255465405914,
   1.7942342082875096,
   1.794234344383117,
   1.794227228134588,
   1.794227225405747,
   1.794234340611844
  ]
 },
 "2": {
  "0": [
   1.8474392494762308,
   1.8474088267902915,
   1.8473813869852371,
   1.8473813860440598,
   1.8474088261954225,
   1.8474392493591136,
   1.847439367678832,
   1.8474095084184485,
   1.8473810958615038,
   1.8473814279863086,
   1.8474095065061134,
   1.8474396521208276,
   1.847439911194743,
   1.847410267346244,
   1.8473818477908275,
   1.847381846658439,
   1.8474102662749585,
   1.8474399110783648,
   1.847439911078308,
   1.8474102662748986,
   1.8473818466584409,
   1.847381847790632,
   1.8474102673461297,
   1.8474399111948812,
   1.8474396521211438,
   1.847409506506076,
   1.8473814279863292,
   1.8473810958615948,
   1.8474095084186908,
   1.847439367679014,
   1.8474392493594343,
   1.8474088261956345,
   1.8473813860442674,
   1.8473813869853923,
   1.847408826790148,
   1.8474392494760161
  ],
  "1": [
   1.9185139285064914,
   1.9186678740387095,
   1.9188122756683634,
   1.9188122783122556,
   1.9186678779627284,
   1.9185139300954859,
   1.9185163118374782,
   1.918659908931983,
   1.91879512513925,
   1.9187947924062392,
   1.9186599170733258,
   1.9185160326505157,
   1.9185182137075862,
   1.9186518173852423,
   1.9187767907994044,
   1.9187767935887348,
   1.9186518215639419,
   1.9185182155256324,
   1.9185182155255878,
   1.9186518215638744,
   1.9187767935885576,
   1.918776790799058,
   1.918651817385364,
   1.9185182137077814,
   1.9185160326507478,
   1.9186599170733087,
   1.918794792406301,
   1.9187951251394104,
   1.9186599089321996,
   1.9185163118378405,
   1.9185139300959122,
   1.9186678779630593,
   1.9188122783125685,
   1.918812275668566,
   1.9186678740384961,
   1.9185139285062265
  ]
 },
 "Z_a": [
  6,
  6,
  6,
  6,
  6,
  6,
  6,
  6,
  6,
  6,
  6,
  6,
  15,
  15,
  15,
  15,
  5,
  5,
  5,
  5,
  6,
  6,
  6,
  6,
  1,
  1,
  1,
  1
 ],
 "spos_ac": [
  [
   0.875086171267842,
   0.5799114664354494,
   0.7620001604529165
  ],
  [
   0.6963326491430107,
   0.49152273806342317,
   0.26204968708065984
  ],
  [
   0.19634578503225414,
   0.07986334182487917,
   0.3093996709370247
  ],
  [
   0.37509243651960295,
   0.9915710460212733,
   0.809350332057105
  ],
  [
   0.19634240016082302,
   0.4915171049931042,
   0.30942841097595686
  ],
  [
   0.37509592228564614,
   0.5799058333650529,
   0.8093788843478147
  ],
  [
   0.8750827863963759,
   0.9915652296037303,
   0.7620289004915775
  ],
  [
   0.6963361349088255,
   0.0798575254071736,
   0.26207823937147035
  ],
  [
   0.5878528164294758,
   0.7857486902548056,
   0.8132081770705389
  ],
  [
   0.9835807429164943,
   0.28567971172124473,
   0.31319234859390055
  ],
  [
   0.4835757549990956,
   0.2856798811737049,
   0.25822039435815514
  ],
  [
   0.08784782851211616,
   0.7857488597073228,
   0.7582362228344648
  ],
  [
   0.7581652244482407,
   0.7856983365429423,
   0.06779663046633189
  ],
  [
   0.8132687115998859,
   0.28572998789025006,
   0.56776712828043
  ],
  [
   0.31326334356441893,
   0.2857302350526772,
   0.001465310988798415
  ],
  [
   0.25815985982870476,
   0.785698583538386,
   0.5036614431480133
  ],
  [
   0.9476341442714147,
   0.7857464059503083,
   0.6263911162553406
  ],
  [
   0.6237953359644607,
   0.2856820998259023,
   0.12641184983721956
  ],
  [
   0.12379442715717318,
   0.2856821654782436,
   0.4450374551733063
  ],
  [
   0.44763323546407974,
   0.7857464716026812,
   0.9450167215913226
  ],
  [
   0.9461837097119583,
   0.7857448850466753,
   0.2958269766902139
  ],
  [
   0.6252729068777036,
   0.285683959345953,
   0.7958524720273839
  ],
  [
   0.1252448617163888,
   0.2856836863818081,
   0.7756015947384649
  ],
  [
   0.4461556645508782,
   0.7857446120828451,
   0.27557609940116634
  ],
  [
   0.535714285714305,
   0.5357142857142547,
   0.5357142857142149
  ],
  [
   0.03571428571427876,
   0.5357142857142906,
   0.03571428571427213
  ],
  [
   0.5357142857143153,
   0.03571428571430044,
   0.5357142857142152
  ],
  [
   0.03571428571427918,
   0.03571428571425121,
   0.03571428571428174
  ]
 ]
}