{
 "0": {
  "0": [
   0.5423209696393098,
   0.5558679193049801,
   0.5558679209381959,
   0.5423209710585134,
   0.5429997697859293,
   0.556775799747223,
   0.5567758038061403,
   0.5429997719944633,
   0.5427921433033207,
   0.5562217227312993,
   0.5562217251810766,
   0.5427921445869296,
   0.5427921445869276,
   0.5562217251810624,
   0.5562217227313204,
   0.5427921433033707,
   0.5429997719945159,
   0.5567758038061632,
   0.55677579974726,
   0.5429997697859756,
   0.542320971058551,
   0.5558679209383343,
   0.5558679193051159,
   0.5423209696394551
  ],
  "1": [
   3.0469511556404854,
   3.03335585057057,
   3.0333558411444326,
   3.04695114810319,
   3.0462574815066574,
   3.032417706805365,
   3.032417686849251,
   3.04625746579071,
   3.046438713264167,
   3.0329355775830344,
   3.0329355666351385,
   3.04643870524358,
   3.046438705243594,
   3.0329355666351026,
   3.0329355775830247,
   3.0464387132641604,
   3.04625746579065,
   3.032417686849186,
   3.0324177068053313,
   3.046257481506565,
   3.046951148103136,
   3.0333558411443304,
   3.0333558505704636,
   3.046951155640434
  ]
 },
 "1": {
  "0": [
   1.7963095225343217,
   1.796326924126757,
   1.7963269210774369,
   1.7963095205490733,
   1.7963096002620866,
   1.7963282179823772,
   1.7963282117513375,
   1.7963095961000959,
   1.796309696174986,
   1.7963295083840405,
   1.7963295052117334,
   1.7963096941969907,
   1.7963096941970296,
   1.7963295052117847,
   1.7963295083840103,
   1.7963096961749394,
   1.7963095961001008,
   1.7963282117513448,
   1.7963282179823787,
   1.7963096002620456,
   1.7963095205490318,
   1.796326921077497,
   1.7963269241267705,
   1.7963095225343084
  ],
  "1": [
   1.7940809680322618,
   1.7940635254518484,
   1.7940635251620092,
   1.794080966949068,
   1.7940808828297057,
   1.7940622247690603,
   1.7940622240900526,
   1.7940808809309259,
   1.7940807762848991,
   1.7940609243272205,
   1.794060924024928,
   1.7940807754298596,
   1.794080775429849,
   1.7940609240249084,
   1.7940609243271946,
   1.7940807762849154,
   1.7940808809308757,
   1.7940622240900927,
   1.7940622247690816,
   1.7940808828297001,
   1.794080966949114,
   1.7940635251620567,
   1.7940635254518853,
   1.794080968032268
  ]
 },
 "2": {
  "0": [
   1.8493943430858595,
   1.8493209554352363,
   1.849236548254386,
   1.849236546745438,
   1.849320954050233,
   1.8493943421626433,
   1.8493904979784064,
   1.849313769634307,
   1.8492297059647895,
   1.8492297033460041,
   1.8493137657812644,
   1.8493904967972552,
   1.8493866939589125,
   1.8493071372024117,
   1.8492223560509315,
   1.849222354730597,
   1.8493071355085418,
   1.8493866934016139,
   1.8493866934017626,
   1.8493071355085577,
   1.8492223547308484,
   1.8492223560511025,
   1.8493071372025995,
   1.8493866939589558,
   1.8493904967973263,
   1.849313765781225,
   1.8492297033459257,
   1.8492297059646248,
   1.8493137696341566,
   1.8493904979782898,
   1.8493943421625614,
   1.8493209540501614,
   1.849236546745367,
   1.8492365482543676,
   1.8493209554351633,
   1.849394343085789
  ],
  "1": [
   1.852805894988334,
   1.8528146693353482,
   1.8528170149701955,
   1.8528170140249283,
   1.8528146684090676,
   1.8528058943430916,
   1.852807176154937,
   1.8528165314605964,
   1.8528204129465509,
   1.8528204116843565,
   1.8528165282532996,
   1.8528071750896091,
   1.852808665153829,
   1.8528191193159669,
   1.852823853083376,
   1.8528238524136809,
   1.8528191178041251,
   1.8528086645773658,
   1.8528086645773703,
   1.8528191178042028,
   1.852823852413724,
   1.8528238530836763,
   1.8528191193160097,
   1.8528086651539692,
   1.8528071750895039,
   1.8528165282532614,
   1.8528204116843787,
   1.8528204129465278,
   1.8528165314605127,
   1.8528071761548535,
   1.8528058943429009,
   1.8528146684089801,
   1.8528170140249074,
   1.8528170149701224,
   1.85281466933521,
   1.8528058949882684
  ]
 },
 "Z_a": [
  6,
  6,
  6,
  6,
  6,
  6,
  6,
  6,
  6,
  6,
  6,
  6,
  15,
  15,
  15,
  15,
  5,
  5,
  5,
  5,
  6,
  6,
  6,
  6,
  1,
  1,
  1,
  1
 ],
 "spos_ac": [
  [
   0.8728221181971595,
   0.5837291759961125,
   0.7534809390756724
  ],
  [
   0.6986240723229341,
   0.48768998419119075,
   0.25336615032443005
  ],
  [
   0.19858837509816793,
   0.08362831616217008,
   0.3179253126594499
  ],
  [
   0.3728225730365013,
   0.9877907833693982,
   0.8180398015204244
  ],
  [
   0.19860645323141912,
   0.48769939543246715,
   0.31794763235288415
  ],
  [
   0.3728044991056383,
   0.5837385872373697,
   0.8180624211041376
  ],
  [
   0.8728401963304102,
   0.9878002552664016,
   0.7535032587691535
  ],
  [
   0.6986059983920574,
   0.08363778805915369,
   0.25338876990820447
  ],
  [
   0.580337036130758,
   0.7857428455147029,
   0.8284489903057531
  ],
  [
   0.9910801856437652,
   0.2856857654320702,
   0.3283266604950205
  ],
  [
   0.4910915352978086,
   0.2856857259138744,
   0.24297958112279205
  ],
  [
   0.08034838578481276,
   0.7857428059965278,
   0.7431019109335104
  ],
  [
   0.755526571583481,
   0.7856954668548161,
   0.057720507054192224
  ],
  [
   0.8159144112245231,
   0.2857331412294591,
   0.5576744231511703
  ],
  [
   0.31590199984508127,
   0.2857331045737628,
   0.013708064374391744
  ],
  [
   0.25551416020405365,
   0.7856954301991116,
   0.5137541482774152
  ],
  [
   0.9429087061186406,
   0.785761641804599,
   0.6199422682520512
  ],
  [
   0.6285310576064032,
   0.285666909325302,
   0.11983709918226215
  ],
  [
   0.12851986530993414,
   0.28566692962398743,
   0.4514863031765194
  ],
  [
   0.4428975138221664,
   0.7857616621032533,
   0.9515914722463219
  ],
  [
   0.9391054496484148,
   0.7857604233767579,
   0.2960072262493838
  ],
  [
   0.6323303838208034,
   0.28566804776689636,
   0.7958941259476945
  ],
  [
   0.13232312178014652,
   0.28566814805183244,
   0.7754213451791778
  ],
  [
   0.4390981876077812,
   0.7857605236616424,
   0.2734247408395382
  ],
  [
   0.535714285714276,
   0.5357142857142836,
   0.5357142857142578
  ],
  [
   0.03571428571428551,
   0.5357142857142896,
   0.03571428571426786
  ],
  [
   0.5357142857142978,
   0.03571428571427649,
   0.5357142857142925
  ],
  [
   0.035714285714278544,
   0.03571428571429287,
   0.035714285714279946
  ]
 ]
}