{
 "0": {
  "0": [
   0.5426847579704461,
   0.5562799866813386,
   0.5562421663148233,
   0.5426496572590231,
   0.5433960708466253,
   0.557231250391382,
   0.5571530757088755,
   0.5433254191449611,
   0.5431958610007882,
   0.5566890987161484,
   0.5566484558044257,
   0.5431602858360378,
   0.5431602858360501,
   0.5566484558044553,
   0.5566890987161757,
   0.5431958610007732,
   0.5433254191449607,
   0.5571530757088701,
   0.5572312503913638,
   0.5433960708467263,
   0.5426496572590036,
   0.5562421663147911,
   0.5562799866813032,
   0.5426847579704126
  ],
  "1": [
   3.047728343516756,
   3.03413458094294,
   3.0341171835008534,
   3.0477101296416946,
   3.0470460292643673,
   3.033212371637964,
   3.0331774193650687,
   3.047008559136359,
   3.047221446184388,
   3.0337271992003068,
   3.03370979735018,
   3.0472021385134496,
   3.0472021385134727,
   3.033709797350171,
   3.033727199200328,
   3.0472214461843867,
   3.047008559136402,
   3.0331774193650674,
   3.0332123716379744,
   3.0470460292643953,
   3.04771012964167,
   3.0341171835009004,
   3.0341345809429368,
   3.0477283435167704
  ]
 },
 "1": {
  "0": [
   1.8870691026979864,
   1.8872927794699283,
   1.8872944837757486,
   1.88706866982289,
   1.8870657984694008,
   1.8872922552768268,
   1.8872958139429807,
   1.8870649530845065,
   1.8870621184677294,
   1.8872932298666794,
   1.88729511631897,
   1.8870617428852041,
   1.8870617428850907,
   1.8872951163189766,
   1.887293229866637,
   1.8870621184677416,
   1.8870649530844548,
   1.8872958139429805,
   1.8872922552768718,
   1.8870657984693713,
   1.8870686698229189,
   1.8872944837757595,
   1.8872927794699457,
   1.8870691026979984
  ],
  "1": [
   1.8321360377669915,
   1.8323592208175434,
   1.832364567066253,
   1.832139655389706,
   1.8321361416308075,
   1.832342869044654,
   1.8323536601688653,
   1.8321435094230838,
   1.8321398097730717,
   1.8323318913583677,
   1.832337330394867,
   1.8321435059577633,
   1.8321435059577773,
   1.8323373303948587,
   1.8323318913583346,
   1.8321398097729997,
   1.8321435094230265,
   1.8323536601688555,
   1.832342869044657,
   1.832136141630776,
   1.8321396553897176,
   1.832364567066245,
   1.8323592208175246,
   1.832136037767087
  ]
 },
 "2": {
  "0": [
   1.7937630635174964,
   1.793769810088012,
   1.7937757724188081,
   1.7937717154375852,
   1.7937636290022752,
   1.7937607139198612,
   1.7937640085311182,
   1.793772681562103,
   1.7937776890485697,
   1.793769359113615,
   1.7937600439969126,
   1.7937592333059424,
   1.7937625282671157,
   1.793769216989223,
   1.7937754133671202,
   1.7937711409168773,
   1.793762798905108,
   1.7937601480472556,
   1.7937601480473557,
   1.7937627989049858,
   1.7937711409169443,
   1.7937754133671249,
   1.7937692169892543,
   1.7937625282670284,
   1.7937592333059653,
   1.7937600439968533,
   1.7937693591135673,
   1.79377768904858,
   1.793772681562054,
   1.7937640085311037,
   1.7937607139198963,
   1.793763629002219,
   1.7937717154375765,
   1.7937757724188619,
   1.7937698100880148,
   1.793763063517544
  ],
  "1": [
   1.7966321620662609,
   1.796626234554271,
   1.7966177661847667,
   1.7966178662662993,
   1.7966256933133733,
   1.7966316290509858,
   1.7966328103936673,
   1.7966269430968702,
   1.7966180222340784,
   1.7966181220324757,
   1.7966258152042467,
   1.7966317339945017,
   1.796632926306908,
   1.7966270604862127,
   1.7966182846974779,
   1.7966184262599194,
   1.7966265238969172,
   1.7966323966103064,
   1.7966323966102613,
   1.796626523896983,
   1.7966184262599594,
   1.7966182846974248,
   1.796627060486246,
   1.7966329263069114,
   1.7966317339944367,
   1.7966258152042158,
   1.7966181220324113,
   1.7966180222339843,
   1.7966269430969333,
   1.7966328103936025,
   1.7966316290509623,
   1.796625693313426,
   1.7966178662662675,
   1.7966177661846807,
   1.7966262345544417,
   1.7966321620662176
  ]
 },
 "Z_a": [
  6,
  6,
  6,
  6,
  6,
  6,
  6,
  6,
  6,
  6,
  6,
  6,
  15,
  15,
  15,
  15,
  5,
  5,
  5,
  5,
  6,
  6,
  6,
  6,
  1,
  1,
  1,
  1
 ],
 "spos_ac": [
  [
   0.8728221181971595,
   0.5837291759961125,
   0.7534809390756724
  ],
  [
   0.6986240723229341,
   0.48768998419119075,
   0.25336615032443005
  ],
  [
   0.19858837509816793,
   0.08362831616217008,
   0.3179253126594499
  ],
  [
   0.3728225730365013,
   0.9877907833693982,
   0.8180398015204244
  ],
  [
   0.19860645323141912,
   0.48769939543246715,
   0.31794763235288415
  ],
  [
   0.3728044991056383,
   0.5837385872373697,
   0.8180624211041376
  ],
  [
   0.8728401963304102,
   0.9878002552664016,
   0.7535032587691535
  ],
  [
   0.6986059983920574,
   0.08363778805915369,
   0.25338876990820447
  ],
  [
   0.580337036130758,
   0.7857428455147029,
   0.8284489903057531
  ],
  [
   0.9910801856437652,
   0.2856857654320702,
   0.3283266604950205
  ],
  [
   0.4910915352978086,
   0.2856857259138744,
   0.24297958112279205
  ],
  [
   0.08034838578481276,
   0.7857428059965278,
   0.7431019109335104
  ],
  [
   0.755526571583481,
   0.7856954668548161,
   0.057720507054192224
  ],
  [
   0.8159144112245231,
   0.2857331412294591,
   0.5576744231511703
  ],
  [
   0.31590199984508127,
   0.2857331045737628,
   0.013708064374391744
  ],
  [
   0.25551416020405365,
   0.7840560859368165,
   0.5137541482774152
  ],
  [
   0.9429087061186406,
   0.785761641804599,
   0.6199422682520512
  ],
  [
   0.6285310576064032,
   0.285666909325302,
   0.11983709918226215
  ],
  [
   0.12851986530993414,
   0.28566692962398743,
   0.4514863031765194
  ],
  [
   0.4428975138221664,
   0.7857616621032533,
   0.9515914722463219
  ],
  [
   0.9391054496484148,
   0.7857604233767579,
   0.2960072262493838
  ],
  [
   0.6323303838208034,
   0.28566804776689636,
   0.7958941259476945
  ],
  [
   0.13232312178014652,
   0.28566814805183244,
   0.7754213451791778
  ],
  [
   0.4390981876077812,
   0.7857605236616424,
   0.2755344454808884
  ],
  [
   0.535714285714276,
   0.5357142857142836,
   0.5357142857142578
  ],
  [
   0.03571428571428551,
   0.5357142857142896,
   0.03571428571426786
  ],
  [
   0.5357142857142978,
   0.03571428571427649,
   0.5357142857142925
  ],
  [
   0.035714285714278544,
   0.03571428571429287,
   0.035714285714279946
  ]
 ]
}