{
 "0": {
  "0": [
   0.5426714515104051,
   0.5562638033414611,
   0.5562737381987336,
   0.5426786554368199,
   0.5433603403608898,
   0.5571900252307144,
   0.5572104529986943,
   0.5433761370072807,
   0.5431811978972922,
   0.5566719576984661,
   0.5566825002867037,
   0.5431891820068935,
   0.5431891820069285,
   0.556682500286689,
   0.5566719576984751,
   0.5431811978972655,
   0.5433761370072546,
   0.5572104529986743,
   0.5571900252306772,
   0.5433603403608741,
   0.5426786554368004,
   0.5562737381987174,
   0.5562638033414807,
   0.5426714515104207
  ],
  "1": [
   3.047733819861151,
   3.0341372691071817,
   3.0341439115689606,
   3.047739930583545,
   3.0470374291951865,
   3.0332029175664554,
   3.0332172765181014,
   3.047051854988492,
   3.0472249852083007,
   3.033730326212282,
   3.033738246918228,
   3.0472326428713856,
   3.0472326428713914,
   3.0337382469182614,
   3.0337303262122997,
   3.047224985208289,
   3.0470518549884966,
   3.0332172765180876,
   3.033202917566493,
   3.0470374291951963,
   3.047739930583546,
   3.0341439115689677,
   3.034137269107174,
   3.0477338198611323
  ]
 },
 "1": {
  "0": [
   1.7589934755829488,
   1.7590404947581892,
   1.7590483059548723,
   1.7589983065226158,
   1.7589882721864116,
   1.7590285543619288,
   1.7590443078652997,
   1.7589979566991938,
   1.7589880200641037,
   1.7590244757875853,
   1.7590324067148606,
   1.7589928551138303,
   1.758992855113819,
   1.7590324067148366,
   1.7590244757875604,
   1.758988020064122,
   1.7589979566991998,
   1.7590443078653095,
   1.7590285543619413,
   1.7589882721864207,
   1.758998306522609,
   1.7590483059548097,
   1.7590404947581268,
   1.7589934755829721
  ],
  "1": [
   1.756783235236046,
   1.7566593404362476,
   1.7566574446931031,
   1.7567810067280154,
   1.7567815249105143,
   1.7566571772080026,
   1.756653169895566,
   1.7567771699363364,
   1.756777829889709,
   1.7566529782892444,
   1.7566511353089778,
   1.756775586736672,
   1.7567755867366708,
   1.756651135309025,
   1.7566529782892302,
   1.7567778298897283,
   1.756777169936346,
   1.7566531698955754,
   1.7566571772080113,
   1.7567815249105236,
   1.7567810067280207,
   1.756657444693066,
   1.7566593404362734,
   1.756783235236038
  ]
 },
 "2": {
  "0": [
   1.7937648220939622,
   1.7937716542776025,
   1.7937782200535164,
   1.793776224234786,
   1.7937666149589775,
   1.7937619789903294,
   1.7937659645609414,
   1.7937737097515192,
   1.793779082691063,
   1.7937748244155975,
   1.7937637523540482,
   1.7937601563735144,
   1.7937640747784933,
   1.7937708316620355,
   1.7937777458751114,
   1.79377557613267,
   1.793765816722199,
   1.7937613616122219,
   1.793761361612275,
   1.7937658167220805,
   1.7937755761326835,
   1.7937777458752198,
   1.7937708316620393,
   1.793764074778556,
   1.7937601563734542,
   1.7937637523541072,
   1.7937748244154763,
   1.793779082691036,
   1.7937737097515165,
   1.7937659645608546,
   1.7937619789903945,
   1.7937666149589813,
   1.7937762242347888,
   1.7937782200535357,
   1.793771654277582,
   1.7937648220940678
  ],
  "1": [
   1.796650474841579,
   1.7966479326750453,
   1.796639553249533,
   1.7966356121612133,
   1.796641073376157,
   1.7966478608855232,
   1.7966522079922298,
   1.7966516207964454,
   1.796642057409885,
   1.7966335893246037,
   1.7966381219645586,
   1.7966466749064494,
   1.7966510395896946,
   1.7966486354476703,
   1.7966401861362888,
   1.796635983481112,
   1.7966418301804317,
   1.796648432217869,
   1.7966484322178566,
   1.7966418301804754,
   1.7966359834811714,
   1.796640186136295,
   1.7966486354477011,
   1.7966510395896513,
   1.7966466749064138,
   1.7966381219645262,
   1.7966335893245968,
   1.7966420574098416,
   1.7966516207964858,
   1.7966522079922171,
   1.7966478608854464,
   1.7966410733761529,
   1.7966356121612361,
   1.7966395532496138,
   1.7966479326751028,
   1.7966504748415657
  ]
 },
 "Z_a": [
  6,
  6,
  6,
  6,
  6,
  6,
  6,
  6,
  6,
  6,
  6,
  6,
  15,
  15,
  15,
  15,
  5,
  5,
  5,
  5,
  6,
  6,
  6,
  6,
  1,
  1,
  1,
  1
 ],
 "spos_ac": [
  [
   0.8728221181971595,
   0.5837291759961125,
   0.7534809390756724
  ],
  [
   0.6986240723229341,
   0.48768998419119075,
   0.25336615032443005
  ],
  [
   0.19858837509816793,
   0.08362831616217008,
   0.3179253126594499
  ],
  [
   0.3728225730365013,
   0.9877907833693982,
   0.8180398015204244
  ],
  [
   0.19860645323141912,
   0.48769939543246715,
   0.31794763235288415
  ],
  [
   0.3728044991056383,
   0.5837385872373697,
   0.8180624211041376
  ],
  [
   0.8728401963304102,
   0.9878002552664016,
   0.7535032587691535
  ],
  [
   0.6986059983920574,
   0.08363778805915369,
   0.25338876990820447
  ],
  [
   0.580337036130758,
   0.7857428455147029,
   0.8284489903057531
  ],
  [
   0.9910801856437652,
   0.2873251096943653,
   0.3283266604950205
  ],
  [
   0.4910915352978086,
   0.2856857259138744,
   0.24297958112279205
  ],
  [
   0.08034838578481276,
   0.7857428059965278,
   0.7431019109335104
  ],
  [
   0.755526571583481,
   0.7856954668548161,
   0.057720507054192224
  ],
  [
   0.8159144112245231,
   0.2857331412294591,
   0.5576744231511703
  ],
  [
   0.31590199984508127,
   0.2857331045737628,
   0.013708064374391744
  ],
  [
   0.25551416020405365,
   0.7856954301991116,
   0.5137541482774152
  ],
  [
   0.9429087061186406,
   0.785761641804599,
   0.6199422682520512
  ],
  [
   0.6285310576064032,
   0.285666909325302,
   0.11983709918226215
  ],
  [
   0.12851986530993414,
   0.28566692962398743,
   0.4514863031765194
  ],
  [
   0.4428975138221664,
   0.7857616621032533,
   0.9515914722463219
  ],
  [
   0.9391054496484148,
   0.7857604233767579,
   0.2960072262493838
  ],
  [
   0.6323303838208034,
   0.28566804776689636,
   0.7958941259476945
  ],
  [
   0.13232312178014652,
   0.28566814805183244,
   0.7754213451791778
  ],
  [
   0.4390981876077812,
   0.7857605236616424,
   0.2755344454808884
  ],
  [
   0.535714285714276,
   0.5357142857142836,
   0.5357142857142578
  ],
  [
   0.03571428571428551,
   0.5357142857142896,
   0.03571428571426786
  ],
  [
   0.5357142857142978,
   0.03571428571427649,
   0.5357142857142925
  ],
  [
   0.035714285714278544,
   0.03571428571429287,
   0.035714285714279946
  ]
 ]
}