{
 "0": {
  "0": [
   0.5200344620605285,
   0.5335233277467258,
   0.5335389766034423,
   0.5200502265934775,
   0.5207306465524907,
   0.5344833607765964,
   0.5345159508631939,
   0.5207636862548669,
   0.5205694147882715,
   0.5340111756954085,
   0.5340281454181939,
   0.5205869452206457,
   0.5205869452206393,
   0.5340281454181907,
   0.5340111756954496,
   0.5205694147882663,
   0.5207636862548857,
   0.5345159508632056,
   0.5344833607765993,
   0.5207306465524653,
   0.5200502265934575,
   0.5335389766034689,
   0.5335233277467231,
   0.5200344620604609
  ],
  "1": [
   3.025044285250906,
   3.0114528743634383,
   3.011466776057343,
   3.025059321049407,
   3.0243604567922198,
   3.010561834952322,
   3.010590997925857,
   3.024391556373138,
   3.0245671828234277,
   3.011137055359097,
   3.011152495320112,
   3.024583495675039,
   3.0245834956750217,
   3.0111524953201303,
   3.0111370553590997,
   3.024567182823419,
   3.0243915563731436,
   3.0105909979258296,
   3.010561834952322,
   3.0243604567922104,
   3.0250593210493912,
   3.0114667760573677,
   3.011452874363421,
   3.025044285250864
  ]
 },
 "1": {
  "0": [
   1.7988665539917368,
   1.7989124633708131,
   1.7989085858849243,
   1.7988643874988548,
   1.7988679633063376,
   1.7989176224814623,
   1.7989100281420565,
   1.798863944050485,
   1.7988672568254769,
   1.7989192417181512,
   1.7989151668462064,
   1.7988655146414536,
   1.7988655146414436,
   1.7989151668461991,
   1.7989192417181552,
   1.7988672568255115,
   1.7988639440505187,
   1.7989100281420953,
   1.7989176224814485,
   1.7988679633063125,
   1.7988643874988155,
   1.7989085858848919,
   1.7989124633707747,
   1.7988665539917073
  ],
  "1": [
   1.7960730336250963,
   1.7958311911150298,
   1.7958327298884915,
   1.7960737075486832,
   1.796069700058082,
   1.7958298394364587,
   1.7958331134028502,
   1.7960713604317022,
   1.796067085128712,
   1.7958303666205544,
   1.7958319406229404,
   1.7960679447488292,
   1.7960679447488677,
   1.7958319406229808,
   1.7958303666205664,
   1.796067085128712,
   1.796071360431707,
   1.7958331134028274,
   1.7958298394364807,
   1.796069700058127,
   1.796073707548727,
   1.7958327298884444,
   1.7958311911150662,
   1.7960730336251085
  ]
 },
 "2": {
  "0": [
   1.7917910804523567,
   1.7918923977503107,
   1.7920099170636619,
   1.792011364220729,
   1.7918945969566848,
   1.7917921044894116,
   1.7917877295563633,
   1.7918826195227306,
   1.7919982687181861,
   1.7920010740521792,
   1.791887347809371,
   1.7917896789410548,
   1.7917852225279127,
   1.7918753239764773,
   1.7919874291060771,
   1.7919887081455008,
   1.791877676582774,
   1.7917862537270104,
   1.7917862537269984,
   1.7918776765827846,
   1.7919887081455783,
   1.7919874291061126,
   1.7918753239764913,
   1.7917852225279343,
   1.7917896789411114,
   1.7918873478093893,
   1.792001074052009,
   1.7919982687182516,
   1.7918826195228186,
   1.7917877295562936,
   1.7917921044893999,
   1.7918945969567577,
   1.7920113642206683,
   1.792009917063732,
   1.7918923977502257,
   1.7917910804523143
  ],
  "1": [
   1.7943694217637904,
   1.7944014697389108,
   1.794455617656621,
   1.7944561299993593,
   1.7944032138983257,
   1.7943705321417724,
   1.7943700237526952,
   1.794402140705612,
   1.7944573398372528,
   1.7944581235098918,
   1.7944060310917467,
   1.7943726924093322,
   1.7943722632098824,
   1.794404930326826,
   1.7944590755105794,
   1.7944595600573314,
   1.794406871335832,
   1.7943734256360138,
   1.7943734256360202,
   1.7944068713358177,
   1.7944595600573763,
   1.794459075510545,
   1.794404930326864,
   1.7943722632099572,
   1.7943726924091907,
   1.7944060310918188,
   1.7944581235098682,
   1.7944573398373742,
   1.7944021407056985,
   1.7943700237526743,
   1.794370532141732,
   1.7944032138983792,
   1.7944561299993398,
   1.7944556176566437,
   1.794401469738789,
   1.794369421763842
  ]
 },
 "Z_a": [
  6,
  6,
  6,
  6,
  6,
  6,
  6,
  6,
  6,
  6,
  6,
  6,
  15,
  15,
  15,
  15,
  5,
  5,
  5,
  5,
  6,
  6,
  6,
  6,
  1,
  1,
  1,
  1
 ],
 "spos_ac": [
  [
   0.8728221181971595,
   0.5837291759961125,
   0.7534809390756724
  ],
  [
   0.6986240723229341,
   0.48768998419119075,
   0.25336615032443005
  ],
  [
   0.19858837509816793,
   0.08362831616217008,
   0.3179253126594499
  ],
  [
   0.37377859598105195,
   0.9877907833693982,
   0.8180398015204244
  ],
  [
   0.19860645323141912,
   0.48769939543246715,
   0.31794763235288415
  ],
  [
   0.3728044991056383,
   0.5837385872373697,
   0.8180624211041376
  ],
  [
   0.8728401963304102,
   0.9878002552664016,
   0.7535032587691535
  ],
  [
   0.6986059983920574,
   0.08363778805915369,
   0.25338876990820447
  ],
  [
   0.580337036130758,
   0.7857428455147029,
   0.8284489903057531
  ],
  [
   0.9910801856437652,
   0.2856857654320702,
   0.3283266604950205
  ],
  [
   0.4910915352978086,
   0.2856857259138744,
   0.24297958112279205
  ],
  [
   0.08034838578481276,
   0.7857428059965278,
   0.7431019109335104
  ],
  [
   0.755526571583481,
   0.7856954668548161,
   0.057720507054192224
  ],
  [
   0.8159144112245231,
   0.2857331412294591,
   0.5576744231511703
  ],
  [
   0.31590199984508127,
   0.2857331045737628,
   0.013708064374391744
  ],
  [
   0.25551416020405365,
   0.7856954301991116,
   0.5137541482774152
  ],
  [
   0.9429087061186406,
   0.785761641804599,
   0.6199422682520512
  ],
  [
   0.6285310576064032,
   0.285666909325302,
   0.11983709918226215
  ],
  [
   0.12851986530993414,
   0.28566692962398743,
   0.4514863031765194
  ],
  [
   0.4428975138221664,
   0.7857616621032533,
   0.9515914722463219
  ],
  [
   0.9391054496484148,
   0.7857604233767579,
   0.2960072262493838
  ],
  [
   0.6323303838208034,
   0.28566804776689636,
   0.7958941259476945
  ],
  [
   0.13232312178014652,
   0.28566814805183244,
   0.7754213451791778
  ],
  [
   0.4390981876077812,
   0.7857605236616424,
   0.2755344454808884
  ],
  [
   0.535714285714276,
   0.5357142857142836,
   0.5357142857142578
  ],
  [
   0.03571428571428551,
   0.5357142857142896,
   0.03571428571426786
  ],
  [
   0.5357142857142978,
   0.03571428571427649,
   0.5357142857142925
  ],
  [
   0.035714285714278544,
   0.03571428571429287,
   0.035714285714279946
  ]
 ]
}