{
 "0": {
  "0": [
   0.543565698408668,
   0.5571023949999137,
   0.5571023950954276,
   0.5435656971827564,
   0.5442882890424723,
   0.558069478816184,
   0.5580694785499511,
   0.5442882871937527,
   0.5441370119761729,
   0.5575855042740344,
   0.5575855037130095,
   0.5441370112693344,
   0.5441370112693807,
   0.5575855037130241,
   0.5575855042740568,
   0.5441370119761758,
   0.5442882871937852,
   0.5580694785499535,
   0.5580694788162207,
   0.5442882890424606,
   0.5435656971827328,
   0.5571023950954153,
   0.5571023949998863,
   0.5435656984086474
  ],
  "1": [
   3.0480576440360783,
   3.0345132567496718,
   3.0345132563676342,
   3.0480576443872494,
   3.0473678870914798,
   3.0335901351331604,
   3.0335901333749087,
   3.047367888455307,
   3.0475542767323924,
   3.034122026540523,
   3.034122025046942,
   3.0475542776178903,
   3.047554277617882,
   3.034122025046936,
   3.03412202654052,
   3.0475542767323773,
   3.047367888455297,
   3.0335901333748625,
   3.0335901351331866,
   3.0473678870914895,
   3.0480576443872662,
   3.0345132563676382,
   3.0345132567496633,
   3.048057644036107
  ]
 },
 "1": {
  "0": [
   1.7963093359074478,
   1.796326784235892,
   1.7963267816897976,
   1.7963093354222186,
   1.7963094206057784,
   1.7963280878466585,
   1.7963280833195185,
   1.796309418955557,
   1.7963095246152427,
   1.7963293887546314,
   1.796329386489154,
   1.7963095237614186,
   1.7963095237613829,
   1.7963293864891172,
   1.7963293887546512,
   1.7963095246153267,
   1.7963094189555677,
   1.7963280833195174,
   1.7963280878466337,
   1.796309420605742,
   1.7963093354221842,
   1.796326781689827,
   1.796326784235901,
   1.7963093359074376
  ],
  "1": [
   1.7940810996960255,
   1.7940636696562775,
   1.7940636670589225,
   1.794081098367155,
   1.794081025591902,
   1.794062375096377,
   1.7940623692637767,
   1.7940810230175523,
   1.7940809296617974,
   1.7940610784260422,
   1.7940610754697273,
   1.7940809282848305,
   1.7940809282848345,
   1.7940610754697353,
   1.7940610784260216,
   1.7940809296618079,
   1.794081023017532,
   1.7940623692637672,
   1.794062375096387,
   1.7940810255919293,
   1.7940810983671502,
   1.7940636670589327,
   1.7940636696563006,
   1.794081099696006
  ]
 },
 "2": {
  "0": [
   1.744722058217546,
   1.744821677554926,
   1.7449216836048003,
   1.7449216855635206,
   1.7448216817601492,
   1.7447220598811513,
   1.74471884586446,
   1.7448171781979218,
   1.7449184259061739,
   1.74491842958425,
   1.7448171853468228,
   1.7447188492967345,
   1.744715728014379,
   1.7448126118751042,
   1.7449150488219165,
   1.7449150505998383,
   1.7448126154829982,
   1.7447157299207001,
   1.744715729920735,
   1.744812615483046,
   1.744915050599722,
   1.7449150488219043,
   1.7448126118750462,
   1.7447157280144532,
   1.7447188492967716,
   1.7448171853469783,
   1.744918429584256,
   1.744918425906064,
   1.7448171781977198,
   1.7447188458643843,
   1.7447220598811701,
   1.7448216817602018,
   1.7449216855634764,
   1.744921683604718,
   1.7448216775549155,
   1.7447220582174723
  ],
  "1": [
   1.7477640242420034,
   1.7477709335576632,
   1.747772256810327,
   1.7477722525627195,
   1.7477709259815175,
   1.7477640203601883,
   1.747765049907783,
   1.7477772179235571,
   1.7477835071263295,
   1.74778349863433,
   1.7477772011752681,
   1.7477650422541815,
   1.747766433294624,
   1.7477836304050618,
   1.7477952216696233,
   1.7477952166023227,
   1.7477836218157787,
   1.7477664294228212,
   1.7477664294229256,
   1.7477836218157967,
   1.747795216602284,
   1.7477952216696537,
   1.74778363040508,
   1.7477664332945695,
   1.747765042254185,
   1.74777720117532,
   1.7477834986343557,
   1.747783507126343,
   1.7477772179235245,
   1.7477650499078352,
   1.7477640203602856,
   1.7477709259814755,
   1.7477722525626305,
   1.747772256810381,
   1.7477709335576892,
   1.7477640242420123
  ]
 },
 "Z_a": [
  6,
  6,
  6,
  6,
  6,
  6,
  6,
  6,
  6,
  6,
  6,
  6,
  15,
  15,
  15,
  15,
  5,
  5,
  5,
  5,
  6,
  6,
  6,
  6,
  1,
  1,
  1,
  1
 ],
 "spos_ac": [
  [
   0.8728221181971595,
   0.5837291759961125,
   0.7534809390756724
  ],
  [
   0.6986240723229341,
   0.48768998419119075,
   0.25336615032443005
  ],
  [
   0.19858837509816793,
   0.08362831616217008,
   0.3179253126594499
  ],
  [
   0.3728225730365013,
   0.9877907833693982,
   0.8180398015204244
  ],
  [
   0.19860645323141912,
   0.48769939543246715,
   0.31794763235288415
  ],
  [
   0.3728044991056383,
   0.5837385872373697,
   0.8180624211041376
  ],
  [
   0.8728401963304102,
   0.9878002552664016,
   0.7535032587691535
  ],
  [
   0.6986059983920574,
   0.08363778805915369,
   0.25338876990820447
  ],
  [
   0.580337036130758,
   0.7857428455147029,
   0.8305586949471033
  ],
  [
   0.9910801856437652,
   0.2856857654320702,
   0.3283266604950205
  ],
  [
   0.4910915352978086,
   0.2856857259138744,
   0.24297958112279205
  ],
  [
   0.08034838578481276,
   0.7857428059965278,
   0.7431019109335104
  ],
  [
   0.755526571583481,
   0.7856954668548161,
   0.057720507054192224
  ],
  [
   0.8159144112245231,
   0.2857331412294591,
   0.5576744231511703
  ],
  [
   0.31590199984508127,
   0.2857331045737628,
   0.013708064374391744
  ],
  [
   0.25551416020405365,
   0.7856954301991116,
   0.5137541482774152
  ],
  [
   0.9429087061186406,
   0.785761641804599,
   0.6199422682520512
  ],
  [
   0.6285310576064032,
   0.285666909325302,
   0.11983709918226215
  ],
  [
   0.12851986530993414,
   0.28566692962398743,
   0.4514863031765194
  ],
  [
   0.4428975138221664,
   0.7857616621032533,
   0.9515914722463219
  ],
  [
   0.9391054496484148,
   0.7857604233767579,
   0.2960072262493838
  ],
  [
   0.6323303838208034,
   0.28566804776689636,
   0.7958941259476945
  ],
  [
   0.13232312178014652,
   0.28566814805183244,
   0.7754213451791778
  ],
  [
   0.4390981876077812,
   0.7857605236616424,
   0.2755344454808884
  ],
  [
   0.535714285714276,
   0.5357142857142836,
   0.5357142857142578
  ],
  [
   0.03571428571428551,
   0.5357142857142896,
   0.03571428571426786
  ],
  [
   0.5357142857142978,
   0.03571428571427649,
   0.5357142857142925
  ],
  [
   0.035714285714278544,
   0.03571428571429287,
   0.035714285714279946
  ]
 ]
}