{
 "0": {
  "0": [
   0.5426776860290079,
   0.556272732647596,
   0.5562627971730484,
   0.542670481490297,
   0.5433751382454262,
   0.5572094155001597,
   0.5571889867499635,
   0.5433593404825261,
   0.543188154755284,
   0.5566814295871716,
   0.5566708865799909,
   0.5431801698983849,
   0.5431801698983623,
   0.5566708865799838,
   0.5566814295872058,
   0.5431881547552817,
   0.5433593404825419,
   0.5571889867499618,
   0.5572094155002021,
   0.5433751382453512,
   0.5426704814902523,
   0.5562627971730266,
   0.5562727326475813,
   0.5426776860290146
  ],
  "1": [
   3.047739217885799,
   3.0341430866259245,
   3.0341364449619808,
   3.047733107828777,
   3.0470511532130544,
   3.03321646243872,
   3.0332021046114086,
   3.0470367285882882,
   3.047231958422635,
   3.033737443969878,
   3.033729523704578,
   3.047224301310286,
   3.0472243013102602,
   3.033729523704586,
   3.0337374439699127,
   3.047231958422683,
   3.0470367285883193,
   3.0332021046113615,
   3.0332164624386877,
   3.047051153213041,
   3.0477331078288095,
   3.034136444961983,
   3.0341430866259036,
   3.0477392178858644
  ]
 },
 "1": {
  "0": [
   1.833626251783127,
   1.8336141659722955,
   1.8336063557837534,
   1.8336214216976743,
   1.8336316247999607,
   1.8336287078913733,
   1.8336129565968051,
   1.8336219416669957,
   1.8336320874737155,
   1.8336353881190017,
   1.8336274584027132,
   1.8336272532035605,
   1.8336272532035898,
   1.833627458402722,
   1.8336353881190168,
   1.8336320874737462,
   1.833621941667022,
   1.8336129565968984,
   1.8336287078913573,
   1.8336316247998978,
   1.8336214216976188,
   1.8336063557836977,
   1.833614165972304,
   1.8336262517833286
  ],
  "1": [
   1.8313797357388752,
   1.8314686869469963,
   1.8314705816459713,
   1.8313819633859312,
   1.8313812761855959,
   1.8314682475830495,
   1.831472252350098,
   1.8313856297047042,
   1.8313847598492934,
   1.8314698435676156,
   1.831471685255833,
   1.8313870022348233,
   1.8313870022348457,
   1.8314716852558008,
   1.8314698435676406,
   1.8313847598494362,
   1.8313856297047704,
   1.8314722523500924,
   1.8314682475831339,
   1.8313812761856232,
   1.8313819633857777,
   1.8314705816458385,
   1.8314686869470749,
   1.8313797357388517
  ]
 },
 "2": {
  "0": [
   1.7937615513910463,
   1.793766215899114,
   1.7937758637199284,
   1.793777860811219,
   1.7937712571862754,
   1.7937643952772648,
   1.7937597352842136,
   1.7937633525576222,
   1.793774458388987,
   1.7937787190022927,
   1.7937733140733254,
   1.7937655452767354,
   1.793760948700729,
   1.7937654191905614,
   1.7937752042869683,
   1.7937773752831538,
   1.7937704361062325,
   1.7937636628874725,
   1.7937636628873517,
   1.793770436106296,
   1.7937773752830695,
   1.7937752042869326,
   1.7937654191905574,
   1.7937609487007626,
   1.7937655452766923,
   1.7937733140733902,
   1.7937787190023005,
   1.7937744583890893,
   1.7937633525575922,
   1.7937597352841284,
   1.7937643952771747,
   1.7937712571862965,
   1.7937778608110608,
   1.7937758637197307,
   1.7937662158993088,
   1.7937615513914613
  ],
  "1": [
   1.796646646707598,
   1.7966398245632234,
   1.7966343326892644,
   1.7966382726668784,
   1.7966466819427367,
   1.7966492597699475,
   1.7966454530429727,
   1.7966368708953755,
   1.7966323152882908,
   1.796640781266823,
   1.7966503658493842,
   1.7966509842231178,
   1.7966472016042005,
   1.79664057605198,
   1.7966347130220488,
   1.7966389145382706,
   1.7966473793691986,
   1.7966498081427493,
   1.796649808142776,
   1.7966473793692512,
   1.7966389145382846,
   1.7966347130218139,
   1.796640576051974,
   1.7966472016039603,
   1.7966509842230785,
   1.7966503658492696,
   1.7966407812670402,
   1.7966323152883084,
   1.7966368708951548,
   1.7966454530427762,
   1.7966492597699113,
   1.7966466819424058,
   1.7966382726672723,
   1.7966343326892222,
   1.796639824563159,
   1.7966466467076896
  ]
 },
 "Z_a": [
  6,
  6,
  6,
  6,
  6,
  6,
  6,
  6,
  6,
  6,
  6,
  6,
  15,
  15,
  15,
  15,
  5,
  5,
  5,
  5,
  6,
  6,
  6,
  6,
  1,
  1,
  1,
  1
 ],
 "spos_ac": [
  [
   0.8728221181971595,
   0.5837291759961125,
   0.7534809390756724
  ],
  [
   0.6986240723229341,
   0.48768998419119075,
   0.25336615032443005
  ],
  [
   0.19858837509816793,
   0.08362831616217008,
   0.3179253126594499
  ],
  [
   0.3728225730365013,
   0.9877907833693982,
   0.8180398015204244
  ],
  [
   0.19860645323141912,
   0.48769939543246715,
   0.31794763235288415
  ],
  [
   0.3728044991056383,
   0.5837385872373697,
   0.8180624211041376
  ],
  [
   0.8728401963304102,
   0.9878002552664016,
   0.7535032587691535
  ],
  [
   0.6986059983920574,
   0.08363778805915369,
   0.25338876990820447
  ],
  [
   0.580337036130758,
   0.7857428455147029,
   0.8284489903057531
  ],
  [
   0.9910801856437652,
   0.28404642116977513,
   0.3283266604950205
  ],
  [
   0.4910915352978086,
   0.2856857259138744,
   0.24297958112279205
  ],
  [
   0.08034838578481276,
   0.7857428059965278,
   0.7431019109335104
  ],
  [
   0.755526571583481,
   0.7856954668548161,
   0.057720507054192224
  ],
  [
   0.8159144112245231,
   0.2857331412294591,
   0.5576744231511703
  ],
  [
   0.31590199984508127,
   0.2857331045737628,
   0.013708064374391744
  ],
  [
   0.25551416020405365,
   0.7856954301991116,
   0.5137541482774152
  ],
  [
   0.9429087061186406,
   0.785761641804599,
   0.6199422682520512
  ],
  [
   0.6285310576064032,
   0.285666909325302,
   0.11983709918226215
  ],
  [
   0.12851986530993414,
   0.28566692962398743,
   0.4514863031765194
  ],
  [
   0.4428975138221664,
   0.7857616621032533,
   0.9515914722463219
  ],
  [
   0.9391054496484148,
   0.7857604233767579,
   0.2960072262493838
  ],
  [
   0.6323303838208034,
   0.28566804776689636,
   0.7958941259476945
  ],
  [
   0.13232312178014652,
   0.28566814805183244,
   0.7754213451791778
  ],
  [
   0.4390981876077812,
   0.7857605236616424,
   0.2755344454808884
  ],
  [
   0.535714285714276,
   0.5357142857142836,
   0.5357142857142578
  ],
  [
   0.03571428571428551,
   0.5357142857142896,
   0.03571428571426786
  ],
  [
   0.5357142857142978,
   0.03571428571427649,
   0.5357142857142925
  ],
  [
   0.035714285714278544,
   0.03571428571429287,
   0.035714285714279946
  ]
 ]
}