{
 "0": {
  "0": [
   0.568616043631487,
   0.5821367025767179,
   0.582136709203625,
   0.5686160513336949,
   0.5692907964459607,
   0.5830558261690234,
   0.583055839640602,
   0.5692908114528438,
   0.5690836545977199,
   0.5825169716370697,
   0.5825169784728129,
   0.56908366173538,
   0.5690836617353829,
   0.5825169784728531,
   0.5825169716370293,
   0.5690836545977225,
   0.5692908114528469,
   0.5830558396405886,
   0.5830558261689915,
   0.5692907964459445,
   0.5686160513336974,
   0.5821367092035652,
   0.5821367025767339,
   0.5686160436314934
  ],
  "1": [
   3.0729489331445103,
   3.0589367801984735,
   3.058936778752744,
   3.0729489345824725,
   3.0722128206136645,
   3.0579524506274662,
   3.057952446822557,
   3.072212822468415,
   3.0723431836491644,
   3.0584173193229773,
   3.058417316225187,
   3.0723431841260775,
   3.0723431841260895,
   3.058417316225156,
   3.058417319322989,
   3.0723431836491684,
   3.0722128224684497,
   3.057952446822537,
   3.0579524506273956,
   3.0722128206135775,
   3.0729489345824974,
   3.0589367787528143,
   3.0589367801984957,
   3.0729489331444877
  ]
 },
 "1": {
  "0": [
   1.796309104374621,
   1.796326543516256,
   1.7963265459734472,
   1.796309108658468,
   1.7963091885631788,
   1.7963278480496354,
   1.7963278534760958,
   1.7963091970479872,
   1.7963092969076913,
   1.7963291547157147,
   1.7963291576838054,
   1.7963093015604774,
   1.7963093015604936,
   1.796329157683694,
   1.7963291547157858,
   1.7963092969077596,
   1.79630919704803,
   1.796327853476099,
   1.79632784804963,
   1.7963091885631792,
   1.7963091086585223,
   1.7963265459734004,
   1.796326543516234,
   1.796309104374617
  ],
  "1": [
   1.7940811637214162,
   1.794063723522499,
   1.7940637249679954,
   1.7940811647132644,
   1.7940810839980117,
   1.7940624183182374,
   1.794062421613248,
   1.7940810866085648,
   1.7940809850099644,
   1.794061115904217,
   1.7940611177495347,
   1.794080986540607,
   1.7940809865407006,
   1.7940611177496242,
   1.7940611159042823,
   1.7940809850099178,
   1.7940810866084504,
   1.7940624216131968,
   1.7940624183183007,
   1.7940810839979442,
   1.7940811647132806,
   1.7940637249680806,
   1.7940637235225565,
   1.7940811637214373
  ]
 },
 "2": {
  "0": [
   1.7939250150831474,
   1.7939850564700455,
   1.7940520150623733,
   1.7940520165053793,
   1.7939850592943747,
   1.7939250161298528,
   1.7939255944433852,
   1.7939819179419234,
   1.7940476635562008,
   1.794047666551672,
   1.7939819231252478,
   1.793925597410286,
   1.793925796941851,
   1.7939781449536893,
   1.794042811783948,
   1.7940428131040593,
   1.7939781475577878,
   1.7939257980899583,
   1.7939257980900503,
   1.7939781475579615,
   1.7940428131040518,
   1.7940428117839327,
   1.7939781449536327,
   1.793925796941839,
   1.7939255974103046,
   1.793981923125164,
   1.7940476665517324,
   1.794047663556163,
   1.7939819179418983,
   1.7939255944433394,
   1.7939250161299098,
   1.7939850592943758,
   1.7940520165054241,
   1.7940520150622496,
   1.7939850564700515,
   1.7939250150832493
  ],
  "1": [
   1.7972379442329474,
   1.7973405976416632,
   1.7974328442950978,
   1.7974328467785956,
   1.7973406035851978,
   1.797237946392913,
   1.7972385796431698,
   1.7973323003733654,
   1.7974172832040993,
   1.797417289342456,
   1.7973323123523801,
   1.7972385858212365,
   1.7972393261222417,
   1.7973235861788064,
   1.7974009179116834,
   1.7974009210339443,
   1.7973235923159316,
   1.7972393291081188,
   1.7972393291080697,
   1.7973235923158597,
   1.7974009210338782,
   1.7974009179117294,
   1.7973235861787586,
   1.7972393261221178,
   1.7972385858213027,
   1.797332312352387,
   1.797417289342439,
   1.7974172832041548,
   1.7973323003733415,
   1.797238579643048,
   1.797237946392834,
   1.7973406035852388,
   1.7974328467785847,
   1.7974328442950147,
   1.7973405976415278,
   1.7972379442329902
  ]
 },
 "Z_a": [
  6,
  6,
  6,
  6,
  6,
  6,
  6,
  6,
  6,
  6,
  6,
  6,
  15,
  15,
  15,
  15,
  5,
  5,
  5,
  5,
  6,
  6,
  6,
  6,
  1,
  1,
  1,
  1
 ],
 "spos_ac": [
  [
   0.8728221181971595,
   0.5837291759961125,
   0.7534809390756724
  ],
  [
   0.6986240723229341,
   0.48768998419119075,
   0.25336615032443005
  ],
  [
   0.19858837509816793,
   0.08362831616217008,
   0.3179253126594499
  ],
  [
   0.3728225730365013,
   0.9877907833693982,
   0.8180398015204244
  ],
  [
   0.19860645323141912,
   0.48769939543246715,
   0.31794763235288415
  ],
  [
   0.3728044991056383,
   0.5837385872373697,
   0.8180624211041376
  ],
  [
   0.8728401963304102,
   0.9878002552664016,
   0.7535032587691535
  ],
  [
   0.6986059983920574,
   0.08363778805915369,
   0.25338876990820447
  ],
  [
   0.580337036130758,
   0.7857428455147029,
   0.8284489903057531
  ],
  [
   0.9901241626992145,
   0.2856857654320702,
   0.3283266604950205
  ],
  [
   0.4910915352978086,
   0.2856857259138744,
   0.24297958112279205
  ],
  [
   0.08034838578481276,
   0.7857428059965278,
   0.7431019109335104
  ],
  [
   0.755526571583481,
   0.7856954668548161,
   0.057720507054192224
  ],
  [
   0.8159144112245231,
   0.2857331412294591,
   0.5576744231511703
  ],
  [
   0.31590199984508127,
   0.2857331045737628,
   0.013708064374391744
  ],
  [
   0.25551416020405365,
   0.7856954301991116,
   0.5137541482774152
  ],
  [
   0.9429087061186406,
   0.785761641804599,
   0.6199422682520512
  ],
  [
   0.6285310576064032,
   0.285666909325302,
   0.11983709918226215
  ],
  [
   0.12851986530993414,
   0.28566692962398743,
   0.4514863031765194
  ],
  [
   0.4428975138221664,
   0.7857616621032533,
   0.9515914722463219
  ],
  [
   0.9391054496484148,
   0.7857604233767579,
   0.2960072262493838
  ],
  [
   0.6323303838208034,
   0.28566804776689636,
   0.7958941259476945
  ],
  [
   0.13232312178014652,
   0.28566814805183244,
   0.7754213451791778
  ],
  [
   0.4390981876077812,
   0.7857605236616424,
   0.2755344454808884
  ],
  [
   0.535714285714276,
   0.5357142857142836,
   0.5357142857142578
  ],
  [
   0.03571428571428551,
   0.5357142857142896,
   0.03571428571426786
  ],
  [
   0.5357142857142978,
   0.03571428571427649,
   0.5357142857142925
  ],
  [
   0.035714285714278544,
   0.03571428571429287,
   0.035714285714279946
  ]
 ]
}