{
 "0": {
  "0": [
   0.542660731880507,
   0.5562539493359485,
   0.5562579192681034,
   0.5426639909730286,
   0.5433534204309549,
   0.5571847089717284,
   0.557189569574673,
   0.5433573922157722,
   0.5431721108567903,
   0.5566635641607331,
   0.5566640906326975,
   0.543172321476344,
   0.5431723214763587,
   0.5566640906327026,
   0.5566635641607137,
   0.5431721108567772,
   0.543357392215785,
   0.5571895695746895,
   0.5571847089717354,
   0.5433534204309288,
   0.5426639909730306,
   0.5562579192680932,
   0.5562539493359716,
   0.5426607318804763
  ],
  "1": [
   3.047722602634171,
   3.0341266156961617,
   3.034129804311013,
   3.047722240958847,
   3.0470304968619875,
   3.033194359366628,
   3.033199619282756,
   3.047028460307769,
   3.047213711985639,
   3.033719392475056,
   3.0337213510258394,
   3.0472120857541314,
   3.047212085754133,
   3.0337213510258176,
   3.0337193924750503,
   3.047213711985689,
   3.0470284603077817,
   3.033199619282757,
   3.033194359366603,
   3.0470304968619817,
   3.047722240958834,
   3.0341298043110214,
   3.0341266156961617,
   3.0477226026341784
  ]
 },
 "1": {
  "0": [
   1.759519252747908,
   1.7591625805103146,
   1.7591621963532231,
   1.7595208446833197,
   1.7595170844901793,
   1.7591710756149441,
   1.7591704576573142,
   1.759520154881294,
   1.7595164165901844,
   1.7591791205002294,
   1.7591788627566398,
   1.7595179964172611,
   1.7595179964172574,
   1.7591788627566414,
   1.7591791205002336,
   1.7595164165902226,
   1.759520154881274,
   1.7591704576572718,
   1.7591710756149188,
   1.7595170844901775,
   1.7595208446830821,
   1.7591621963532156,
   1.7591625805102846,
   1.7595192527479169
  ],
  "1": [
   1.7573243073733358,
   1.757054940941214,
   1.7570493431582868,
   1.7573218813462184,
   1.7573266421893117,
   1.7570518230464707,
   1.7570407168934132,
   1.7573216094160262,
   1.7573263455086077,
   1.757042834024493,
   1.7570373448053458,
   1.7573237700063102,
   1.7573237700062863,
   1.7570373448053795,
   1.7570428340244946,
   1.7573263455086205,
   1.757321609415981,
   1.757040716893496,
   1.7570518230464807,
   1.7573266421893528,
   1.7573218813461933,
   1.757049343158313,
   1.7570549409412586,
   1.7573243073733555
  ]
 },
 "2": {
  "0": [
   1.7937740977480239,
   1.7937816804809537,
   1.7937905219463706,
   1.7937881284499098,
   1.793778749804247,
   1.793773098697949,
   1.7937740916531948,
   1.79378259432462,
   1.7937909995637265,
   1.7937871458853243,
   1.7937770180838732,
   1.7937723862022288,
   1.7937734104101104,
   1.7937808398659625,
   1.793789850996288,
   1.793787709227434,
   1.7937779810688799,
   1.793772318421999,
   1.7937723184222163,
   1.7937779810689465,
   1.793787709227395,
   1.793789850996194,
   1.7937808398659276,
   1.7937734104100977,
   1.7937723862021675,
   1.7937770180838442,
   1.7937871458853283,
   1.7937909995637316,
   1.7937825943245942,
   1.7937740916531753,
   1.7937730986979659,
   1.7937787498042446,
   1.7937881284498454,
   1.7937905219464472,
   1.7937816804810958,
   1.7937740977480165
  ],
  "1": [
   1.7966578486717386,
   1.7966542084397414,
   1.7966477250370894,
   1.7966468636810022,
   1.7966526531925935,
   1.7966570865986515,
   1.7966584312828806,
   1.7966552654911574,
   1.7966481029527839,
   1.796647084554607,
   1.796652424867494,
   1.7966570818488754,
   1.7966584748767174,
   1.7966549351838519,
   1.7966481723321401,
   1.7966476390077821,
   1.796653581929619,
   1.7966576449504064,
   1.7966576449503893,
   1.7966535819295408,
   1.7966476390077728,
   1.7966481723320908,
   1.7966549351837795,
   1.7966584748766992,
   1.7966570818488308,
   1.7966524248673603,
   1.796647084554636,
   1.7966481029527674,
   1.7966552654911458,
   1.7966584312828513,
   1.7966570865986329,
   1.796652653192582,
   1.7966468636809758,
   1.7966477250370498,
   1.7966542084397588,
   1.796657848671648
  ]
 },
 "Z_a": [
  6,
  6,
  6,
  6,
  6,
  6,
  6,
  6,
  6,
  6,
  6,
  6,
  15,
  15,
  15,
  15,
  5,
  5,
  5,
  5,
  6,
  6,
  6,
  6,
  1,
  1,
  1,
  1
 ],
 "spos_ac": [
  [
   0.8728221181971595,
   0.5837291759961125,
   0.7534809390756724
  ],
  [
   0.6986240723229341,
   0.48768998419119075,
   0.25336615032443005
  ],
  [
   0.19858837509816793,
   0.08362831616217008,
   0.3179253126594499
  ],
  [
   0.3728225730365013,
   0.9877907833693982,
   0.8180398015204244
  ],
  [
   0.19860645323141912,
   0.48769939543246715,
   0.31794763235288415
  ],
  [
   0.3728044991056383,
   0.5837385872373697,
   0.8180624211041376
  ],
  [
   0.8728401963304102,
   0.9878002552664016,
   0.7535032587691535
  ],
  [
   0.6986059983920574,
   0.08363778805915369,
   0.25338876990820447
  ],
  [
   0.580337036130758,
   0.7857428455147029,
   0.8284489903057531
  ],
  [
   0.9910801856437652,
   0.2856857654320702,
   0.3283266604950205
  ],
  [
   0.4910915352978086,
   0.2856857259138744,
   0.24297958112279205
  ],
  [
   0.08034838578481276,
   0.7857428059965278,
   0.7431019109335104
  ],
  [
   0.755526571583481,
   0.7856954668548161,
   0.057720507054192224
  ],
  [
   0.8159144112245231,
   0.2857331412294591,
   0.5576744231511703
  ],
  [
   0.31590199984508127,
   0.2857331045737628,
   0.013708064374391744
  ],
  [
   0.25551416020405365,
   0.7856954301991116,
   0.5137541482774152
  ],
  [
   0.9429087061186406,
   0.785761641804599,
   0.6199422682520512
  ],
  [
   0.6285310576064032,
   0.285666909325302,
   0.11983709918226215
  ],
  [
   0.12851986530993414,
   0.28566692962398743,
   0.4514863031765194
  ],
  [
   0.4428975138221664,
   0.7857616621032533,
   0.9515914722463219
  ],
  [
   0.9391054496484148,
   0.787399767639053,
   0.2960072262493838
  ],
  [
   0.6323303838208034,
   0.28566804776689636,
   0.7958941259476945
  ],
  [
   0.13232312178014652,
   0.28566814805183244,
   0.7754213451791778
  ],
  [
   0.4390981876077812,
   0.7857605236616424,
   0.2755344454808884
  ],
  [
   0.535714285714276,
   0.5357142857142836,
   0.5357142857142578
  ],
  [
   0.03571428571428551,
   0.5357142857142896,
   0.03571428571426786
  ],
  [
   0.5357142857142978,
   0.03571428571427649,
   0.5357142857142925
  ],
  [
   0.035714285714278544,
   0.03571428571429287,
   0.035714285714279946
  ]
 ]
}