{
 "0": {
  "0": [
   0.5426216343424687,
   0.5562171612245991,
   0.5562204895205082,
   0.5426218987842332,
   0.5433104795285373,
   0.5571441625537261,
   0.5571515639102207,
   0.5433108369386742,
   0.543122367957241,
   0.5566198507519604,
   0.5566239890790998,
   0.5431224342807963,
   0.5431224342808475,
   0.5566239890791002,
   0.5566198507519583,
   0.5431223679572527,
   0.5433108369386745,
   0.557151563910196,
   0.5571441625537089,
   0.5433104795285396,
   0.5426218987842304,
   0.5562204895205524,
   0.5562171612246216,
   0.5426216343424186
  ],
  "1": [
   3.047681179393747,
   3.0340878239690703,
   3.0340911677049194,
   3.0476814857966814,
   3.0469839785944277,
   3.0331523620321024,
   3.033159790526096,
   3.046984415284835,
   3.0471624416922665,
   3.0336746913629167,
   3.0336788406430246,
   3.0471625454446487,
   3.047162545444697,
   3.0336788406430237,
   3.033674691362917,
   3.047162441692282,
   3.0469844152848133,
   3.033159790526097,
   3.0331523620321197,
   3.0469839785944153,
   3.0476814857966295,
   3.0340911677049505,
   3.0340878239691094,
   3.0476811793937117
  ]
 },
 "1": {
  "0": [
   1.7954357189309376,
   1.7954342535586594,
   1.7954339281329688,
   1.795435660789144,
   1.795435350208071,
   1.7954359136718503,
   1.7954353357680435,
   1.7954352351334137,
   1.7954349721429024,
   1.7954373115387952,
   1.7954370378300086,
   1.795434888655599,
   1.795434888655629,
   1.7954370378300422,
   1.795437311538827,
   1.7954349721428622,
   1.7954352351334184,
   1.7954353357681156,
   1.7954359136718752,
   1.7954353502079863,
   1.795435660789146,
   1.7954339281330118,
   1.795434253558652,
   1.7954357189309413
  ],
  "1": [
   1.7932059107518556,
   1.7931697222281808,
   1.7931694054522977,
   1.7932058418086865,
   1.7932053825273322,
   1.7931687878348042,
   1.7931682263773845,
   1.7932052459891097,
   1.7932047932585629,
   1.79316760096107,
   1.7931673356269935,
   1.7932046990950536,
   1.7932046990950985,
   1.7931673356270057,
   1.7931676009611384,
   1.7932047932586113,
   1.7932052459891012,
   1.7931682263774755,
   1.7931687878347955,
   1.793205382527401,
   1.7932058418086863,
   1.793169405452286,
   1.7931697222282021,
   1.7932059107519107
  ]
 },
 "2": {
  "0": [
   1.7937923633540724,
   1.793801444429108,
   1.7938147603787933,
   1.7938149870953672,
   1.793801703585142,
   1.7937923572865848,
   1.7937914479083301,
   1.7938001104422607,
   1.7938140490038963,
   1.7938145104857672,
   1.793800658171177,
   1.7937915819918453,
   1.793790662006558,
   1.7937991331865843,
   1.7938135245779465,
   1.7938137097780813,
   1.7937993875083469,
   1.7937907070413075,
   1.7937907070414143,
   1.7937993875083342,
   1.793813709778187,
   1.7938135245779263,
   1.793799133186725,
   1.793790662006514,
   1.7937915819919972,
   1.7938006581712138,
   1.7938145104857446,
   1.7938140490038539,
   1.793800110442281,
   1.7937914479083514,
   1.7937923572864938,
   1.793801703585289,
   1.7938149870954523,
   1.7938147603789056,
   1.7938014444291992,
   1.7937923633538646
  ],
  "1": [
   1.7966787093146364,
   1.7966775636438368,
   1.796676125171407,
   1.7966763538012578,
   1.7966778309099976,
   1.7966787090222238,
   1.7966784345487579,
   1.7966769707885286,
   1.7966758488390908,
   1.7966763144802704,
   1.7966775342877963,
   1.7966785798406255,
   1.7966783213369568,
   1.7966767399347194,
   1.7966758120974697,
   1.79667599944503,
   1.7966770021340874,
   1.7966783720235258,
   1.7966783720235524,
   1.7966770021340308,
   1.7966759994450376,
   1.7966758120974935,
   1.796676739934705,
   1.796678321337034,
   1.7966785798403475,
   1.7966775342878014,
   1.7966763144803175,
   1.7966758488391845,
   1.796676970788628,
   1.796678434548713,
   1.796678709022104,
   1.7966778309100484,
   1.7966763538012775,
   1.7966761251714753,
   1.7966775636439252,
   1.7966787093147165
  ]
 },
 "Z_a": [
  6,
  6,
  6,
  6,
  6,
  6,
  6,
  6,
  6,
  6,
  6,
  6,
  15,
  15,
  15,
  15,
  5,
  5,
  5,
  5,
  6,
  6,
  6,
  6,
  1,
  1,
  1,
  1
 ],
 "spos_ac": [
  [
   0.8728221181971595,
   0.5837291759961125,
   0.7534809390756724
  ],
  [
   0.6986240723229341,
   0.48768998419119075,
   0.25336615032443005
  ],
  [
   0.19858837509816793,
   0.08362831616217008,
   0.3179253126594499
  ],
  [
   0.3728225730365013,
   0.9877907833693982,
   0.8180398015204244
  ],
  [
   0.19860645323141912,
   0.48769939543246715,
   0.31794763235288415
  ],
  [
   0.3728044991056383,
   0.5837385872373697,
   0.8180624211041376
  ],
  [
   0.8728401963304102,
   0.9878002552664016,
   0.7535032587691535
  ],
  [
   0.6986059983920574,
   0.08363778805915369,
   0.25338876990820447
  ],
  [
   0.580337036130758,
   0.7857428455147029,
   0.8284489903057531
  ],
  [
   0.9910801856437652,
   0.2856857654320702,
   0.3283266604950205
  ],
  [
   0.4910915352978086,
   0.2856857259138744,
   0.24297958112279205
  ],
  [
   0.08034838578481276,
   0.7857428059965278,
   0.7431019109335104
  ],
  [
   0.755526571583481,
   0.7856954668548161,
   0.057720507054192224
  ],
  [
   0.8159144112245231,
   0.2857331412294591,
   0.5576744231511703
  ],
  [
   0.31590199984508127,
   0.2857331045737628,
   0.013708064374391744
  ],
  [
   0.25551416020405365,
   0.7856954301991116,
   0.5137541482774152
  ],
  [
   0.9429087061186406,
   0.785761641804599,
   0.6199422682520512
  ],
  [
   0.6285310576064032,
   0.285666909325302,
   0.11983709918226215
  ],
  [
   0.12851986530993414,
   0.28566692962398743,
   0.4514863031765194
  ],
  [
   0.4428975138221664,
   0.7857616621032533,
   0.9515914722463219
  ],
  [
   0.9391054496484148,
   0.7857604233767579,
   0.2960072262493838
  ],
  [
   0.6323303838208034,
   0.28566804776689636,
   0.7958941259476945
  ],
  [
   0.13232312178014652,
   0.28566814805183244,
   0.7754213451791778
  ],
  [
   0.4390981876077812,
   0.7857605236616424,
   0.2755344454808884
  ],
  [
   0.535714285714276,
   0.5357142857142836,
   0.5357142857142578
  ],
  [
   0.03667030865883618,
   0.5357142857142896,
   0.03571428571426786
  ],
  [
   0.5357142857142978,
   0.03571428571427649,
   0.5357142857142925
  ],
  [
   0.035714285714278544,
   0.03571428571429287,
   0.035714285714279946
  ]
 ]
}