{
 "0": {
  "0": [
   0.5652801071554711,
   0.5789805529863682,
   0.5789964329857967,
   0.5652960896555157,
   0.5659521284649522,
   0.5798652717424166,
   0.5798983024370028,
   0.5659856016899409,
   0.5657618999939186,
   0.5793057253891095,
   0.5793229109410273,
   0.5657796426045707,
   0.5657796426045846,
   0.5793229109410437,
   0.5793057253891066,
   0.5657618999939097,
   0.5659856016899132,
   0.5798983024370274,
   0.5798652717424387,
   0.565952128464998,
   0.5652960896554815,
   0.5789964329858374,
   0.5789805529863801,
   0.5652801071554668
  ],
  "1": [
   3.070391925760571,
   3.0567947418290653,
   3.056808839149198,
   3.070407209222778,
   3.069673766718006,
   3.0558077117488645,
   3.0558372939043625,
   3.0697053953942257,
   3.0698486695545326,
   3.056292581802409,
   3.0563082604400735,
   3.069865274054158,
   3.0698652740541648,
   3.056308260440045,
   3.056292581802388,
   3.0698486695545024,
   3.069705395394219,
   3.0558372939043674,
   3.055807711748869,
   3.069673766718053,
   3.070407209222736,
   3.056808839149221,
   3.0567947418290236,
   3.0703919257605836
  ]
 },
 "1": {
  "0": [
   1.7988952446084285,
   1.7989385352010496,
   1.7989346365695784,
   1.7988930676191965,
   1.7988966549050858,
   1.7989436739475237,
   1.7989360768511882,
   1.7988926121186164,
   1.7988959497139145,
   1.7989452655331333,
   1.7989412106163192,
   1.7988941745712725,
   1.7988941745712963,
   1.7989412106162888,
   1.798945265533104,
   1.798895949713922,
   1.7988926121185955,
   1.798936076851173,
   1.7989436739475182,
   1.798896654905112,
   1.798893067619215,
   1.7989346365695973,
   1.798938535201025,
   1.7988952446083992
  ],
  "1": [
   1.7960852040221937,
   1.795837149459878,
   1.795838648544977,
   1.796085911820143,
   1.7960818485406072,
   1.7958357327016419,
   1.7958389383548583,
   1.796083518979651,
   1.7960792490069142,
   1.7958361160900305,
   1.795837695938117,
   1.796080093117718,
   1.79608009311771,
   1.7958376959381603,
   1.7958361160899932,
   1.7960792490069186,
   1.7960835189796365,
   1.7958389383548978,
   1.7958357327016579,
   1.796081848540628,
   1.7960859118200956,
   1.7958386485450037,
   1.795837149459888,
   1.7960852040222706
  ]
 },
 "2": {
  "0": [
   1.795719843012943,
   1.795626582666852,
   1.7955235311614355,
   1.7955249742893784,
   1.7956287855301445,
   1.7957208221269683,
   1.795721701998579,
   1.795633183217149,
   1.7955333873490282,
   1.7955361981595395,
   1.795637844815705,
   1.7957236116412336,
   1.7957245288999748,
   1.7956421329626115,
   1.7955453290340957,
   1.7955465970728615,
   1.795644460255765,
   1.7957255385414368,
   1.7957255385414006,
   1.795644460255726,
   1.7955465970728308,
   1.7955453290340804,
   1.7956421329626182,
   1.7957245289000978,
   1.79572361164119,
   1.7956378448157801,
   1.7955361981594962,
   1.7955333873490793,
   1.7956331832172066,
   1.7957217019985985,
   1.795720822126905,
   1.795628785530159,
   1.7955249742894475,
   1.7955235311614697,
   1.795626582666902,
   1.7957198430128964
  ],
  "1": [
   1.7989369308405012,
   1.7988932271582945,
   1.7988247497046934,
   1.7988252519153987,
   1.798894955919085,
   1.7989380422289378,
   1.7989353433406694,
   1.79889110532332,
   1.7988231402830008,
   1.7988238940377923,
   1.798894955029377,
   1.7989379978198272,
   1.7989352442907418,
   1.7988908990247419,
   1.7988221467617866,
   1.798822620094361,
   1.7988928426444153,
   1.7989363999326524,
   1.7989363999324746,
   1.7988928426443604,
   1.7988226200942705,
   1.798822146761868,
   1.798890899024765,
   1.7989352442906859,
   1.7989379978198214,
   1.7988949550293332,
   1.7988238940377268,
   1.7988231402829125,
   1.798891105323272,
   1.798935343340588,
   1.7989380422289794,
   1.7988949559191438,
   1.7988252519152628,
   1.7988247497047587,
   1.7988932271582545,
   1.798936930840456
  ]
 },
 "Z_a": [
  6,
  6,
  6,
  6,
  6,
  6,
  6,
  6,
  6,
  6,
  6,
  6,
  15,
  15,
  15,
  15,
  5,
  5,
  5,
  5,
  6,
  6,
  6,
  6,
  1,
  1,
  1,
  1
 ],
 "spos_ac": [
  [
   0.8728221181971595,
   0.5837291759961125,
   0.7534809390756724
  ],
  [
   0.6986240723229341,
   0.48768998419119075,
   0.25336615032443005
  ],
  [
   0.19858837509816793,
   0.08362831616217008,
   0.3179253126594499
  ],
  [
   0.3728225730365013,
   0.9877907833693982,
   0.8180398015204244
  ],
  [
   0.19860645323141912,
   0.48769939543246715,
   0.31794763235288415
  ],
  [
   0.3718484761610876,
   0.5837385872373697,
   0.8180624211041376
  ],
  [
   0.8728401963304102,
   0.9878002552664016,
   0.7535032587691535
  ],
  [
   0.6986059983920574,
   0.08363778805915369,
   0.25338876990820447
  ],
  [
   0.580337036130758,
   0.7857428455147029,
   0.8284489903057531
  ],
  [
   0.9910801856437652,
   0.2856857654320702,
   0.3283266604950205
  ],
  [
   0.4910915352978086,
   0.2856857259138744,
   0.24297958112279205
  ],
  [
   0.08034838578481276,
   0.7857428059965278,
   0.7431019109335104
  ],
  [
   0.755526571583481,
   0.7856954668548161,
   0.057720507054192224
  ],
  [
   0.8159144112245231,
   0.2857331412294591,
   0.5576744231511703
  ],
  [
   0.31590199984508127,
   0.2857331045737628,
   0.013708064374391744
  ],
  [
   0.25551416020405365,
   0.7856954301991116,
   0.5137541482774152
  ],
  [
   0.9429087061186406,
   0.785761641804599,
   0.6199422682520512
  ],
  [
   0.6285310576064032,
   0.285666909325302,
   0.11983709918226215
  ],
  [
   0.12851986530993414,
   0.28566692962398743,
   0.4514863031765194
  ],
  [
   0.4428975138221664,
   0.7857616621032533,
   0.9515914722463219
  ],
  [
   0.9391054496484148,
   0.7857604233767579,
   0.2960072262493838
  ],
  [
   0.6323303838208034,
   0.28566804776689636,
   0.7958941259476945
  ],
  [
   0.13232312178014652,
   0.28566814805183244,
   0.7754213451791778
  ],
  [
   0.4390981876077812,
   0.7857605236616424,
   0.2755344454808884
  ],
  [
   0.535714285714276,
   0.5357142857142836,
   0.5357142857142578
  ],
  [
   0.03571428571428551,
   0.5357142857142896,
   0.03571428571426786
  ],
  [
   0.5357142857142978,
   0.03571428571427649,
   0.5357142857142925
  ],
  [
   0.035714285714278544,
   0.03571428571429287,
   0.035714285714279946
  ]
 ]
}