{
 "0": {
  "0": [
   0.5426847998094555,
   0.5562803428650721,
   0.5562424788797069,
   0.5426496529839235,
   0.5433961079440913,
   0.557231582330409,
   0.5571533143840561,
   0.5433253598934134,
   0.5431958457854099,
   0.5566893589466727,
   0.5566486653837236,
   0.5431602202515053,
   0.5431602202514954,
   0.5566486653837271,
   0.5566893589466649,
   0.5431958457854222,
   0.5433253598934386,
   0.5571533143840625,
   0.5572315823304073,
   0.5433961079440772,
   0.5426496529839252,
   0.5562424788796709,
   0.5562803428651059,
   0.542684799809454
  ],
  "1": [
   3.0477274766806164,
   3.03413374166267,
   3.0341163335007213,
   3.047709248798593,
   3.04704515116142,
   3.033211526846445,
   3.0331765554504924,
   3.047007655344691,
   3.047220541908767,
   3.0337263359533826,
   3.033708926412928,
   3.047201222821398,
   3.047201222821401,
   3.0337089264129338,
   3.0337263359533955,
   3.0472205419087945,
   3.0470076553447063,
   3.0331765554504933,
   3.033211526846466,
   3.0470451511613974,
   3.0477092487985575,
   3.034116333500737,
   3.034133741662633,
   3.0477274766806155
  ]
 },
 "1": {
  "0": [
   1.705551365435805,
   1.7053602895257496,
   1.7053619889875726,
   1.7055509326083422,
   1.7055552598591095,
   1.7053615718066146,
   1.7053651210052598,
   1.7055544145691426,
   1.7055586882511895,
   1.705364876541783,
   1.705366757978188,
   1.7055583127247576,
   1.7055583127247609,
   1.705366757978196,
   1.7053648765418186,
   1.7055586882511615,
   1.7055544145691388,
   1.705365121005231,
   1.7053615718066024,
   1.7055552598591057,
   1.7055509326083775,
   1.7053619889875633,
   1.7053602895257558,
   1.7055513654358019
  ],
  "1": [
   1.7560264712207232,
   1.7557668311976322,
   1.7557721818545893,
   1.7560300943021163,
   1.7560224446765675,
   1.7557751337319767,
   1.7557859336361819,
   1.756029823717275,
   1.7560222407131068,
   1.7557888643728832,
   1.7557943078405724,
   1.7560259427283844,
   1.7560259427283893,
   1.7557943078405678,
   1.7557888643728878,
   1.7560222407131079,
   1.7560298237172696,
   1.7557859336361712,
   1.7557751337319436,
   1.7560224446765509,
   1.7560300943021285,
   1.7557721818546002,
   1.7557668311976402,
   1.7560264712207265
  ]
 },
 "2": {
  "0": [
   1.7937436328774998,
   1.7937508428187576,
   1.7937573829067859,
   1.7937533233947682,
   1.7937446596231985,
   1.7937412829648123,
   1.7937444888754905,
   1.793753682707588,
   1.7937592898660895,
   1.7937509552908009,
   1.7937410410429822,
   1.793739712955391,
   1.7937429224228252,
   1.7937501829547495,
   1.7937570045815012,
   1.7937527299407328,
   1.7937437629080357,
   1.7937405420143535,
   1.793740542014352,
   1.7937437629080955,
   1.7937527299407179,
   1.793757004581491,
   1.7937501829547429,
   1.7937429224228345,
   1.7937397129553605,
   1.7937410410429655,
   1.7937509552907989,
   1.7937592898660784,
   1.7937536827075935,
   1.7937444888754963,
   1.7937412829647428,
   1.7937446596232576,
   1.7937533233948473,
   1.793757382906793,
   1.7937508428187698,
   1.7937436328776089
  ],
  "1": [
   1.7966476420690793,
   1.796643484179757,
   1.796636718245358,
   1.7966368225058293,
   1.7966429505139276,
   1.7966471135271256,
   1.7966481573875428,
   1.796644091547661,
   1.7966368926146086,
   1.7966370004567467,
   1.7966429792642802,
   1.7966470888624433,
   1.7966481450154392,
   1.7966441176732248,
   1.7966370730985948,
   1.7966372185017563,
   1.7966435890982377,
   1.796647619275121,
   1.7966476192751932,
   1.796643589098243,
   1.7966372185017012,
   1.7966370730986707,
   1.7966441176732333,
   1.7966481450154401,
   1.7966470888624375,
   1.7966429792642447,
   1.7966370004567263,
   1.7966368926146061,
   1.7966440915477022,
   1.7966481573874802,
   1.7966471135270592,
   1.7966429505139339,
   1.7966368225058318,
   1.7966367182454477,
   1.7966434841797594,
   1.7966476420690327
  ]
 },
 "Z_a": [
  6,
  6,
  6,
  6,
  6,
  6,
  6,
  6,
  6,
  6,
  6,
  6,
  15,
  15,
  15,
  15,
  5,
  5,
  5,
  5,
  6,
  6,
  6,
  6,
  1,
  1,
  1,
  1
 ],
 "spos_ac": [
  [
   0.8728221181971595,
   0.5837291759961125,
   0.7534809390756724
  ],
  [
   0.6986240723229341,
   0.48768998419119075,
   0.25336615032443005
  ],
  [
   0.19858837509816793,
   0.08362831616217008,
   0.3179253126594499
  ],
  [
   0.3728225730365013,
   0.9877907833693982,
   0.8180398015204244
  ],
  [
   0.19860645323141912,
   0.48769939543246715,
   0.31794763235288415
  ],
  [
   0.3728044991056383,
   0.5837385872373697,
   0.8180624211041376
  ],
  [
   0.8728401963304102,
   0.9878002552664016,
   0.7535032587691535
  ],
  [
   0.6986059983920574,
   0.08363778805915369,
   0.25338876990820447
  ],
  [
   0.580337036130758,
   0.7857428455147029,
   0.8284489903057531
  ],
  [
   0.9910801856437652,
   0.2856857654320702,
   0.3283266604950205
  ],
  [
   0.4910915352978086,
   0.2856857259138744,
   0.24297958112279205
  ],
  [
   0.08034838578481276,
   0.7857428059965278,
   0.7431019109335104
  ],
  [
   0.755526571583481,
   0.7873348111171111,
   0.057720507054192224
  ],
  [
   0.8159144112245231,
   0.2857331412294591,
   0.5576744231511703
  ],
  [
   0.31590199984508127,
   0.2857331045737628,
   0.013708064374391744
  ],
  [
   0.25551416020405365,
   0.7856954301991116,
   0.5137541482774152
  ],
  [
   0.9429087061186406,
   0.785761641804599,
   0.6199422682520512
  ],
  [
   0.6285310576064032,
   0.285666909325302,
   0.11983709918226215
  ],
  [
   0.12851986530993414,
   0.28566692962398743,
   0.4514863031765194
  ],
  [
   0.4428975138221664,
   0.7857616621032533,
   0.9515914722463219
  ],
  [
   0.9391054496484148,
   0.7857604233767579,
   0.2960072262493838
  ],
  [
   0.6323303838208034,
   0.28566804776689636,
   0.7958941259476945
  ],
  [
   0.13232312178014652,
   0.28566814805183244,
   0.7754213451791778
  ],
  [
   0.4390981876077812,
   0.7857605236616424,
   0.2755344454808884
  ],
  [
   0.535714285714276,
   0.5357142857142836,
   0.5357142857142578
  ],
  [
   0.03571428571428551,
   0.5357142857142896,
   0.03571428571426786
  ],
  [
   0.5357142857142978,
   0.03571428571427649,
   0.5357142857142925
  ],
  [
   0.035714285714278544,
   0.03571428571429287,
   0.035714285714279946
  ]
 ]
}