{
 "0": {
  "0": [
   0.5433566434565984,
   0.5570226956987658,
   0.5570299584800901,
   0.5433617305270922,
   0.5440042530738841,
   0.5579126541466287,
   0.5579292356146018,
   0.5440160598794824,
   0.5437802186020736,
   0.5573516630953029,
   0.5573613347440289,
   0.5437873731132075,
   0.5437873731131749,
   0.5573613347440813,
   0.5573516630953029,
   0.5437802186020251,
   0.5440160598795998,
   0.5579292356146346,
   0.5579126541466086,
   0.5440042530738723,
   0.54336173052711,
   0.5570299584800901,
   0.5570226956988066,
   0.5433566434565943
  ],
  "1": [
   3.04873541511701,
   3.0351511777675433,
   3.035157388069891,
   3.048740470629215,
   3.0480421415824273,
   3.034235640020758,
   3.03425029645487,
   3.048054207199939,
   3.0482224890444094,
   3.0347762215688316,
   3.03478526586642,
   3.0482300115641325,
   3.048230011564123,
   3.0347852658664225,
   3.0347762215688623,
   3.0482224890443477,
   3.0480542071999577,
   3.034250296454864,
   3.0342356400207082,
   3.0480421415824055,
   3.0487404706292724,
   3.035157388069917,
   3.0351511777675757,
   3.048735415117033
  ]
 },
 "1": {
  "0": [
   1.7965768446972064,
   1.7966362492700156,
   1.7966337792141318,
   1.7965744476334307,
   1.7965764629203076,
   1.7966361712400116,
   1.7966312435579048,
   1.7965718022949149,
   1.7965737679297344,
   1.7966334968298157,
   1.7966311447639636,
   1.7965714144659246,
   1.796571414465987,
   1.7966311447639833,
   1.7966334968298283,
   1.7965737679296616,
   1.7965718022948183,
   1.7966312435578913,
   1.7966361712399441,
   1.7965764629203167,
   1.7965744476334593,
   1.796633779214166,
   1.7966362492700054,
   1.7965768446970976
  ],
  "1": [
   1.7945330841410725,
   1.794608439053867,
   1.794610615433674,
   1.7945341744766392,
   1.7945298958098348,
   1.7946080288570327,
   1.7946123697029566,
   1.794532349869665,
   1.7945278495166197,
   1.7946097264772118,
   1.7946119920945334,
   1.7945290696093756,
   1.7945290696093543,
   1.7946119920944488,
   1.7946097264771457,
   1.794527849516623,
   1.794532349869637,
   1.7946123697029785,
   1.794608028857148,
   1.794529895809752,
   1.7945341744765,
   1.7946106154336308,
   1.7946084390539818,
   1.7945330841412082
  ]
 },
 "2": {
  "0": [
   1.8434303003752601,
   1.8433701937284266,
   1.8432969520514706,
   1.843294643063183,
   1.8433654804349848,
   1.8434276934090459,
   1.8434330527010565,
   1.8433762103774305,
   1.8433026453021322,
   1.843298320117023,
   1.843366484533717,
   1.8434278600601846,
   1.8434331090718774,
   1.8433772515627682,
   1.8433062813990118,
   1.8433042346287398,
   1.8433724896152872,
   1.8434306645964575,
   1.843430664596463,
   1.843372489615245,
   1.8433042346287392,
   1.8433062813990468,
   1.8433772515626499,
   1.8434331090718286,
   1.843427860060142,
   1.8433664845338276,
   1.8432983201169055,
   1.843302645302192,
   1.843376210377459,
   1.8434330527007856,
   1.8434276934091065,
   1.8433654804350537,
   1.8432946430632513,
   1.8432969520516604,
   1.8433701937284588,
   1.8434303003752281
  ],
  "1": [
   1.8462660665508561,
   1.846255164255524,
   1.8462477426490773,
   1.846246193313676,
   1.8462518870741196,
   1.8462645138343403,
   1.8462666805209078,
   1.8462559759200312,
   1.8462479000039007,
   1.8462443332924197,
   1.8462493232423767,
   1.846263509648846,
   1.8462656401747803,
   1.8462534395307477,
   1.846246037915379,
   1.846244165860445,
   1.8462501164062661,
   1.8462641417493115,
   1.8462641417495032,
   1.846250116406268,
   1.8462441658605293,
   1.846246037915262,
   1.8462534395309256,
   1.8462656401746693,
   1.8462635096488258,
   1.8462493232424075,
   1.846244333292158,
   1.8462479000038532,
   1.8462559759200465,
   1.8462666805208248,
   1.846264513834512,
   1.8462518870743734,
   1.8462461933135255,
   1.846247742649359,
   1.8462551642556477,
   1.8462660665506097
  ]
 },
 "Z_a": [
  6,
  6,
  6,
  6,
  6,
  6,
  6,
  6,
  6,
  6,
  6,
  6,
  15,
  15,
  15,
  15,
  5,
  5,
  5,
  5,
  6,
  6,
  6,
  6,
  1,
  1,
  1,
  1
 ],
 "spos_ac": [
  [
   0.8728221181971595,
   0.5837291759961125,
   0.7534809390756724
  ],
  [
   0.6986240723229341,
   0.48768998419119075,
   0.25336615032443005
  ],
  [
   0.19858837509816793,
   0.08362831616217008,
   0.3179253126594499
  ],
  [
   0.3728225730365013,
   0.9877907833693982,
   0.8180398015204244
  ],
  [
   0.19860645323141912,
   0.48769939543246715,
   0.31794763235288415
  ],
  [
   0.3728044991056383,
   0.5837385872373697,
   0.8159527164627873
  ],
  [
   0.8728401963304102,
   0.9878002552664016,
   0.7535032587691535
  ],
  [
   0.6986059983920574,
   0.08363778805915369,
   0.25338876990820447
  ],
  [
   0.580337036130758,
   0.7857428455147029,
   0.8284489903057531
  ],
  [
   0.9910801856437652,
   0.2856857654320702,
   0.3283266604950205
  ],
  [
   0.4910915352978086,
   0.2856857259138744,
   0.24297958112279205
  ],
  [
   0.08034838578481276,
   0.7857428059965278,
   0.7431019109335104
  ],
  [
   0.755526571583481,
   0.7856954668548161,
   0.057720507054192224
  ],
  [
   0.8159144112245231,
   0.2857331412294591,
   0.5576744231511703
  ],
  [
   0.31590199984508127,
   0.2857331045737628,
   0.013708064374391744
  ],
  [
   0.25551416020405365,
   0.7856954301991116,
   0.5137541482774152
  ],
  [
   0.9429087061186406,
   0.785761641804599,
   0.6199422682520512
  ],
  [
   0.6285310576064032,
   0.285666909325302,
   0.11983709918226215
  ],
  [
   0.12851986530993414,
   0.28566692962398743,
   0.4514863031765194
  ],
  [
   0.4428975138221664,
   0.7857616621032533,
   0.9515914722463219
  ],
  [
   0.9391054496484148,
   0.7857604233767579,
   0.2960072262493838
  ],
  [
   0.6323303838208034,
   0.28566804776689636,
   0.7958941259476945
  ],
  [
   0.13232312178014652,
   0.28566814805183244,
   0.7754213451791778
  ],
  [
   0.4390981876077812,
   0.7857605236616424,
   0.2755344454808884
  ],
  [
   0.535714285714276,
   0.5357142857142836,
   0.5357142857142578
  ],
  [
   0.03571428571428551,
   0.5357142857142896,
   0.03571428571426786
  ],
  [
   0.5357142857142978,
   0.03571428571427649,
   0.5357142857142925
  ],
  [
   0.035714285714278544,
   0.03571428571429287,
   0.035714285714279946
  ]
 ]
}