{
 "0": {
  "0": [
   0.5426778798472824,
   0.5562693284065353,
   0.5562647809143032,
   0.5426658203676785,
   0.5433765069494806,
   0.5572018499036492,
   0.5571948549241573,
   0.543352812749038,
   0.5431870446227254,
   0.5566762112919265,
   0.5566739471805505,
   0.543175411141371,
   0.5431754111413855,
   0.5566739471805773,
   0.5566762112919073,
   0.5431870446227283,
   0.5433528127491165,
   0.5571948549241373,
   0.5572018499036444,
   0.5433765069494813,
   0.5426658203676584,
   0.5562647809143042,
   0.5562693284065428,
   0.5426778798473038
  ],
  "1": [
   3.047739108784304,
   3.0341434246101318,
   3.0341338935735487,
   3.0477286928302614,
   3.0470515209332416,
   3.033216122681466,
   3.0331998499655146,
   3.0470311752259804,
   3.047230103242368,
   3.0337353414321524,
   3.0337287038229808,
   3.0472202117959117,
   3.047220211795916,
   3.0337287038230056,
   3.033735341432151,
   3.047230103242445,
   3.047031175225962,
   3.033199849965498,
   3.0332161226814414,
   3.047051520933227,
   3.0477286928302942,
   3.0341338935736015,
   3.034143424610125,
   3.047739108784315
  ]
 },
 "1": {
  "0": [
   1.8047605151321402,
   1.8043497342682433,
   1.804353224357572,
   1.8047643605386372,
   1.8047546390905527,
   1.8043536588144675,
   1.8043607894783955,
   1.804762210052716,
   1.804752676998958,
   1.804361604066642,
   1.8043651533400957,
   1.8047563808839069,
   1.8047563808839058,
   1.804365153340133,
   1.8043616040666368,
   1.8047526769989812,
   1.8047622100526943,
   1.804360789478403,
   1.8043536588144284,
   1.804754639090545,
   1.8047643605386698,
   1.804353224357596,
   1.8043497342682517,
   1.804760515132093
  ],
  "1": [
   1.8033340870874166,
   1.8035069556534633,
   1.8035040864110188,
   1.8033308062745101,
   1.8033299929164015,
   1.8034905501821041,
   1.803484794272826,
   1.8033232574485696,
   1.8033225812279685,
   1.8034713324030096,
   1.803468451934128,
   1.8033191701433393,
   1.803319170143347,
   1.8034684519341189,
   1.8034713324030445,
   1.803322581227971,
   1.803323257448591,
   1.8034847942728474,
   1.803490550182076,
   1.8033299929163997,
   1.8033308062744702,
   1.803504086411021,
   1.8035069556534602,
   1.803334087087443
  ]
 },
 "2": {
  "0": [
   1.79375026242771,
   1.7937508172169903,
   1.7937584276838268,
   1.7937649916533223,
   1.7937612851705,
   1.7937546504671573,
   1.7937479733383541,
   1.7937451751517455,
   1.793754857852702,
   1.7937681492965134,
   1.7937662691847152,
   1.7937563436260011,
   1.7937497298704703,
   1.7937501439979804,
   1.793758063703438,
   1.7937644937652792,
   1.7937606631948617,
   1.7937539889508212,
   1.793753988950842,
   1.7937606631948362,
   1.7937644937652661,
   1.7937580637034718,
   1.7937501439979564,
   1.7937497298705525,
   1.7937563436260398,
   1.7937662691846539,
   1.7937681492965003,
   1.7937548578527118,
   1.7937451751517848,
   1.7937479733383468,
   1.7937546504671364,
   1.7937612851705744,
   1.7937649916533889,
   1.7937584276838858,
   1.7937508172169503,
   1.7937502624277455
  ],
  "1": [
   1.796656572416345,
   1.7966487009142826,
   1.796643042546879,
   1.7966489487545751,
   1.7966585595465234,
   1.7966610900236422,
   1.7966548499143036,
   1.7966438674461762,
   1.796639987168809,
   1.7966519305674724,
   1.7966639113152203,
   1.7966634891888504,
   1.7966573577334153,
   1.7966491711517396,
   1.7966430400586544,
   1.7966488481628997,
   1.7966591324534542,
   1.7966617098636855,
   1.7966617098637159,
   1.7966591324534045,
   1.796648848162971,
   1.7966430400583164,
   1.796649171151845,
   1.7966573577334768,
   1.7966634891888091,
   1.7966639113152558,
   1.796651930567451,
   1.7966399871688583,
   1.796643867446165,
   1.7966548499143613,
   1.7966610900235802,
   1.7966585595465088,
   1.7966489487545774,
   1.7966430425469222,
   1.7966487009143335,
   1.796656572416294
  ]
 },
 "Z_a": [
  6,
  6,
  6,
  6,
  6,
  6,
  6,
  6,
  6,
  6,
  6,
  6,
  15,
  15,
  15,
  15,
  5,
  5,
  5,
  5,
  6,
  6,
  6,
  6,
  1,
  1,
  1,
  1
 ],
 "spos_ac": [
  [
   0.8728221181971595,
   0.5837291759961125,
   0.7534809390756724
  ],
  [
   0.6986240723229341,
   0.48768998419119075,
   0.25336615032443005
  ],
  [
   0.19858837509816793,
   0.08362831616217008,
   0.3179253126594499
  ],
  [
   0.3728225730365013,
   0.9877907833693982,
   0.8180398015204244
  ],
  [
   0.19860645323141912,
   0.48769939543246715,
   0.31794763235288415
  ],
  [
   0.3728044991056383,
   0.5837385872373697,
   0.8180624211041376
  ],
  [
   0.8728401963304102,
   0.9878002552664016,
   0.7535032587691535
  ],
  [
   0.6986059983920574,
   0.08363778805915369,
   0.25338876990820447
  ],
  [
   0.580337036130758,
   0.7857428455147029,
   0.8284489903057531
  ],
  [
   0.9910801856437652,
   0.2856857654320702,
   0.3283266604950205
  ],
  [
   0.4910915352978086,
   0.2856857259138744,
   0.24297958112279205
  ],
  [
   0.08034838578481276,
   0.7857428059965278,
   0.7431019109335104
  ],
  [
   0.755526571583481,
   0.7856954668548161,
   0.057720507054192224
  ],
  [
   0.8159144112245231,
   0.2857331412294591,
   0.5576744231511703
  ],
  [
   0.31590199984508127,
   0.2857331045737628,
   0.013708064374391744
  ],
  [
   0.25551416020405365,
   0.7856954301991116,
   0.5137541482774152
  ],
  [
   0.9429087061186406,
   0.785761641804599,
   0.6199422682520512
  ],
  [
   0.6285310576064032,
   0.285666909325302,
   0.11983709918226215
  ],
  [
   0.12851986530993414,
   0.28566692962398743,
   0.4514863031765194
  ],
  [
   0.4428975138221664,
   0.7841223178409582,
   0.9515914722463219
  ],
  [
   0.9391054496484148,
   0.7857604233767579,
   0.2960072262493838
  ],
  [
   0.6323303838208034,
   0.28566804776689636,
   0.7958941259476945
  ],
  [
   0.13232312178014652,
   0.28566814805183244,
   0.7754213451791778
  ],
  [
   0.4390981876077812,
   0.7857605236616424,
   0.2755344454808884
  ],
  [
   0.535714285714276,
   0.5357142857142836,
   0.5357142857142578
  ],
  [
   0.03571428571428551,
   0.5357142857142896,
   0.03571428571426786
  ],
  [
   0.5357142857142978,
   0.03571428571427649,
   0.5357142857142925
  ],
  [
   0.035714285714278544,
   0.03571428571429287,
   0.035714285714279946
  ]
 ]
}