{
 "0": {
  "0": [
   0.542336296173041,
   0.5560866672039599,
   0.5560866684645606,
   0.542336299310037,
   0.5429907732129121,
   0.5569922959859981,
   0.556992299925069,
   0.5429907798795671,
   0.5427664245989632,
   0.556437591506473,
   0.5564375944581108,
   0.542766428528472,
   0.5427664285285279,
   0.5564375944580691,
   0.5564375915064708,
   0.5427664245989798,
   0.5429907798794843,
   0.5569922999250526,
   0.5569922959859384,
   0.5429907732129855,
   0.5423362993099626,
   0.5560866684645266,
   0.5560866672040171,
   0.5423362961729945
  ],
  "1": [
   3.04737263322346,
   3.0338424874381316,
   3.0338424937828896,
   3.0473726397183936,
   3.046674271559629,
   3.0329092292532382,
   3.03290924253115,
   3.046674285576604,
   3.046849532195434,
   3.033436242695184,
   3.033436250092188,
   3.046849540212436,
   3.0468495402123748,
   3.033436250092216,
   3.0334362426951933,
   3.046849532195481,
   3.046674285576592,
   3.032909242531124,
   3.0329092292532605,
   3.04667427155957,
   3.047372639718368,
   3.0338424937829376,
   3.033842487438188,
   3.0473726332234246
  ]
 },
 "1": {
  "0": [
   1.7963101615744363,
   1.7963276112502868,
   1.7963276122152145,
   1.796310161510587,
   1.7963102380022282,
   1.7963288998191165,
   1.7963289017011617,
   1.7963102381963585,
   1.7963103348105416,
   1.7963301885656329,
   1.7963301894802313,
   1.79631033511148,
   1.7963103351114882,
   1.796330189480253,
   1.7963301885656684,
   1.7963103348106628,
   1.7963102381963598,
   1.7963289017011363,
   1.7963288998191775,
   1.7963102380021885,
   1.7963101615106485,
   1.796327612215192,
   1.7963276112502287,
   1.7963101615744148
  ],
  "1": [
   1.79408157632165,
   1.7940640255490359,
   1.794064022987663,
   1.794081574421377,
   1.7940814848309043,
   1.7940627163616183,
   1.7940627110753815,
   1.794081481741135,
   1.794081371614809,
   1.7940614047841559,
   1.7940614021886243,
   1.7940813701188107,
   1.79408137011881,
   1.7940614021885193,
   1.7940614047841192,
   1.7940813716148203,
   1.794081481741184,
   1.794062711075373,
   1.7940627163616063,
   1.7940814848309707,
   1.7940815744213785,
   1.7940640229877374,
   1.7940640255490243,
   1.7940815763216538
  ]
 },
 "2": {
  "0": [
   1.783055261814091,
   1.7829025915881862,
   1.7827326279931546,
   1.7827326303695556,
   1.7829025950495194,
   1.7830552632255807,
   1.783055655412703,
   1.782897483285861,
   1.7827233769090336,
   1.7827233816525174,
   1.7828974907781834,
   1.7830556584315238,
   1.7830557686200497,
   1.7828927218270632,
   1.7827133770645738,
   1.782713379391751,
   1.7828927255703977,
   1.783055769817135,
   1.7830557698172407,
   1.7828927255704154,
   1.7827133793917311,
   1.7827133770646622,
   1.7828927218269666,
   1.7830557686201098,
   1.7830556584307329,
   1.7828974907781094,
   1.7827233816523773,
   1.7827233769091124,
   1.7828974832859006,
   1.783055655412558,
   1.7830552632256085,
   1.7829025950494393,
   1.7827326303694426,
   1.7827326279932885,
   1.7829025915882015,
   1.7830552618141053
  ],
  "1": [
   1.785703839986216,
   1.7856689935649364,
   1.785626073154467,
   1.78562607397171,
   1.785668994870638,
   1.7857038407978514,
   1.7857064501746107,
   1.7856638920020709,
   1.7856130444807419,
   1.78561304624196,
   1.7856638949266008,
   1.7857064516293366,
   1.7857088831541974,
   1.785659216957643,
   1.7855993620484651,
   1.78559936301039,
   1.7856592185557556,
   1.785708883728336,
   1.7857088837283857,
   1.7856592185557392,
   1.7855993630104556,
   1.785599362048568,
   1.785659216957716,
   1.7857088831542158,
   1.7857064516293486,
   1.7856638949266261,
   1.7856130462421422,
   1.7856130444806806,
   1.785663892002,
   1.785706450174611,
   1.785703840797773,
   1.7856689948707563,
   1.7856260739716479,
   1.7856260731544364,
   1.7856689935648178,
   1.7857038399862815
  ]
 },
 "Z_a": [
  6,
  6,
  6,
  6,
  6,
  6,
  6,
  6,
  6,
  6,
  6,
  6,
  15,
  15,
  15,
  15,
  5,
  5,
  5,
  5,
  6,
  6,
  6,
  6,
  1,
  1,
  1,
  1
 ],
 "spos_ac": [
  [
   0.8728221181971595,
   0.5837291759961125,
   0.7534809390756724
  ],
  [
   0.6986240723229341,
   0.48768998419119075,
   0.25336615032443005
  ],
  [
   0.19858837509816793,
   0.08362831616217008,
   0.3179253126594499
  ],
  [
   0.3728225730365013,
   0.9877907833693982,
   0.8180398015204244
  ],
  [
   0.19860645323141912,
   0.48769939543246715,
   0.31794763235288415
  ],
  [
   0.3728044991056383,
   0.5837385872373697,
   0.8180624211041376
  ],
  [
   0.8728401963304102,
   0.9878002552664016,
   0.7535032587691535
  ],
  [
   0.6986059983920574,
   0.08363778805915369,
   0.25338876990820447
  ],
  [
   0.580337036130758,
   0.7857428455147029,
   0.8284489903057531
  ],
  [
   0.9910801856437652,
   0.2856857654320702,
   0.3283266604950205
  ],
  [
   0.4910915352978086,
   0.2856857259138744,
   0.24297958112279205
  ],
  [
   0.08034838578481276,
   0.7857428059965278,
   0.7431019109335104
  ],
  [
   0.755526571583481,
   0.7856954668548161,
   0.057720507054192224
  ],
  [
   0.8159144112245231,
   0.2857331412294591,
   0.5576744231511703
  ],
  [
   0.31590199984508127,
   0.2857331045737628,
   0.013708064374391744
  ],
  [
   0.25551416020405365,
   0.7856954301991116,
   0.5137541482774152
  ],
  [
   0.9429087061186406,
   0.785761641804599,
   0.6199422682520512
  ],
  [
   0.6285310576064032,
   0.285666909325302,
   0.11983709918226215
  ],
  [
   0.12851986530993414,
   0.28566692962398743,
   0.4514863031765194
  ],
  [
   0.4428975138221664,
   0.7857616621032533,
   0.9537011768876722
  ],
  [
   0.9391054496484148,
   0.7857604233767579,
   0.2960072262493838
  ],
  [
   0.6323303838208034,
   0.28566804776689636,
   0.7958941259476945
  ],
  [
   0.13232312178014652,
   0.28566814805183244,
   0.7754213451791778
  ],
  [
   0.4390981876077812,
   0.7857605236616424,
   0.2755344454808884
  ],
  [
   0.535714285714276,
   0.5357142857142836,
   0.5357142857142578
  ],
  [
   0.03571428571428551,
   0.5357142857142896,
   0.03571428571426786
  ],
  [
   0.5357142857142978,
   0.03571428571427649,
   0.5357142857142925
  ],
  [
   0.035714285714278544,
   0.03571428571429287,
   0.035714285714279946
  ]
 ]
}