{
 "0": {
  "0": [
   0.48996549197182165,
   0.5036968799615094,
   0.503696895205185,
   0.4899655016198878,
   0.4905851428448115,
   0.5045197018874409,
   0.5045197353960018,
   0.4905851634781661,
   0.4903194553457047,
   0.5038791517854737,
   0.5038791703580645,
   0.49031946599535353,
   0.49031946599543186,
   0.5038791703581058,
   0.503879151785429,
   0.49031945534563576,
   0.4905851634781585,
   0.5045197353957694,
   0.5045197018874616,
   0.4905851428448261,
   0.4899655016198516,
   0.5036968952052735,
   0.5036968799615289,
   0.48996549197178046
  ],
  "1": [
   3.0257960732664455,
   3.0121651825191873,
   3.0121651764466746,
   3.0257960669082906,
   3.0251346886097443,
   3.011206508629293,
   3.011206496917774,
   3.0251346760157753,
   3.0253491944702344,
   3.0116982503314524,
   3.0116982448269995,
   3.02534918893043,
   3.0253491889303854,
   3.0116982448269574,
   3.011698250331478,
   3.025349194470227,
   3.025134676015754,
   3.0112064969177808,
   3.0112065086292588,
   3.0251346886096915,
   3.0257960669082675,
   3.0121651764467274,
   3.0121651825191247,
   3.025796073266476
  ]
 },
 "1": {
  "0": [
   1.7963098085787155,
   1.796327437001636,
   1.7963274395701325,
   1.796309810348366,
   1.7963098957947778,
   1.7963287412435807,
   1.7963287466403977,
   1.7963098992656172,
   1.796310004970643,
   1.7963300477587283,
   1.7963300504364266,
   1.796310006721778,
   1.7963100067219426,
   1.7963300504363084,
   1.7963300477587814,
   1.7963100049706202,
   1.7963098992658382,
   1.79632874664045,
   1.7963287412436697,
   1.7963098957947983,
   1.7963098103481818,
   1.796327439570137,
   1.7963274370016842,
   1.7963098085787201
  ],
  "1": [
   1.7940808288947239,
   1.7940632878453637,
   1.7940632807452948,
   1.7940808235287369,
   1.794080746782207,
   1.7940619914859055,
   1.7940619769478725,
   1.7940807361663071,
   1.7940806390588788,
   1.794060688502066,
   1.7940606809856783,
   1.7940806338175812,
   1.7940806338176016,
   1.794060680985675,
   1.794060688502082,
   1.79408063905893,
   1.7940807361663287,
   1.794061976947839,
   1.7940619914859135,
   1.794080746782261,
   1.7940808235286845,
   1.7940632807452646,
   1.7940632878453755,
   1.7940808288946914
  ]
 },
 "2": {
  "0": [
   1.7940039627175572,
   1.7939878360094454,
   1.79396050045374,
   1.7939605029433074,
   1.7939878404652871,
   1.7940039645634,
   1.7939998220500135,
   1.7939834661439493,
   1.793957928788953,
   1.7939579337310008,
   1.793983475267647,
   1.7939998259743093,
   1.793995666587958,
   1.7939790683668821,
   1.7939551246448666,
   1.793955127370674,
   1.7939790728769236,
   1.793995668567352,
   1.7939956685674516,
   1.7939790728769547,
   1.7939551273706151,
   1.793955124644891,
   1.7939790683669654,
   1.7939956665876255,
   1.7939998259745642,
   1.7939834752677168,
   1.7939579337309812,
   1.7939579287887306,
   1.7939834661439784,
   1.7939998220495899,
   1.7940039645636623,
   1.7939878404651641,
   1.793960502943244,
   1.7939605004534092,
   1.7939878360093457,
   1.7940039627174202
  ],
  "1": [
   1.7966279253713406,
   1.7965535922720788,
   1.7964797534248205,
   1.7964797516095263,
   1.7965535886811463,
   1.796627923956077,
   1.7966291208582992,
   1.796559678397224,
   1.7964867519833099,
   1.7964867482967581,
   1.7965596713369125,
   1.796629117460014,
   1.796630315017334,
   1.796565873495773,
   1.796493910887879,
   1.7964939089762375,
   1.7965658698847813,
   1.796630313382059,
   1.7966303133820398,
   1.7965658698848896,
   1.7964939089761442,
   1.7964939108879008,
   1.7965658734956835,
   1.7966303150172505,
   1.7966291174600257,
   1.79655967133683,
   1.7964867482968225,
   1.7964867519833738,
   1.7965596783971982,
   1.7966291208583365,
   1.7966279239560252,
   1.796553588681254,
   1.796479751609546,
   1.7964797534249022,
   1.7965535922719955,
   1.7966279253713338
  ]
 },
 "Z_a": [
  6,
  6,
  6,
  6,
  6,
  6,
  6,
  6,
  6,
  6,
  6,
  6,
  15,
  15,
  15,
  15,
  5,
  5,
  5,
  5,
  6,
  6,
  6,
  6,
  1,
  1,
  1,
  1
 ],
 "spos_ac": [
  [
   0.8728221181971595,
   0.5837291759961125,
   0.7534809390756724
  ],
  [
   0.6986240723229341,
   0.48768998419119075,
   0.25336615032443005
  ],
  [
   0.19858837509816793,
   0.08362831616217008,
   0.3179253126594499
  ],
  [
   0.3728225730365013,
   0.9877907833693982,
   0.8180398015204244
  ],
  [
   0.19860645323141912,
   0.48769939543246715,
   0.31794763235288415
  ],
  [
   0.3728044991056383,
   0.5837385872373697,
   0.8180624211041376
  ],
  [
   0.8728401963304102,
   0.9878002552664016,
   0.7535032587691535
  ],
  [
   0.6986059983920574,
   0.08363778805915369,
   0.25338876990820447
  ],
  [
   0.580337036130758,
   0.7857428455147029,
   0.8284489903057531
  ],
  [
   0.9910801856437652,
   0.2856857654320702,
   0.3283266604950205
  ],
  [
   0.4910915352978086,
   0.2856857259138744,
   0.24297958112279205
  ],
  [
   0.08034838578481276,
   0.7857428059965278,
   0.7431019109335104
  ],
  [
   0.7564825945280317,
   0.7856954668548161,
   0.057720507054192224
  ],
  [
   0.8159144112245231,
   0.2857331412294591,
   0.5576744231511703
  ],
  [
   0.31590199984508127,
   0.2857331045737628,
   0.013708064374391744
  ],
  [
   0.25551416020405365,
   0.7856954301991116,
   0.5137541482774152
  ],
  [
   0.9429087061186406,
   0.785761641804599,
   0.6199422682520512
  ],
  [
   0.6285310576064032,
   0.285666909325302,
   0.11983709918226215
  ],
  [
   0.12851986530993414,
   0.28566692962398743,
   0.4514863031765194
  ],
  [
   0.4428975138221664,
   0.7857616621032533,
   0.9515914722463219
  ],
  [
   0.9391054496484148,
   0.7857604233767579,
   0.2960072262493838
  ],
  [
   0.6323303838208034,
   0.28566804776689636,
   0.7958941259476945
  ],
  [
   0.13232312178014652,
   0.28566814805183244,
   0.7754213451791778
  ],
  [
   0.4390981876077812,
   0.7857605236616424,
   0.2755344454808884
  ],
  [
   0.535714285714276,
   0.5357142857142836,
   0.5357142857142578
  ],
  [
   0.03571428571428551,
   0.5357142857142896,
   0.03571428571426786
  ],
  [
   0.5357142857142978,
   0.03571428571427649,
   0.5357142857142925
  ],
  [
   0.035714285714278544,
   0.03571428571429287,
   0.035714285714279946
  ]
 ]
}