{
 "0": {
  "0": [
   0.5427069460196301,
   0.5563004424830454,
   0.5562970988477633,
   0.5427066397140493,
   0.5434045412104627,
   0.5572363257798066,
   0.557228897486397,
   0.5434041047164601,
   0.5432266125887207,
   0.5567145740714815,
   0.556710424893493,
   0.5432265089491781,
   0.5432265089491943,
   0.5567104248935334,
   0.5567145740715179,
   0.5432266125887625,
   0.5434041047165103,
   0.5572288974864386,
   0.5572363257798297,
   0.5434045412104664,
   0.5427066397140548,
   0.5562970988477484,
   0.5563004424830275,
   0.5427069460196116
  ],
  "1": [
   3.0477665174360196,
   3.034171092838326,
   3.0341677644312854,
   3.047766252910409,
   3.04707807078469,
   3.033244513618387,
   3.033237112041671,
   3.0470777132022837,
   3.0472667224903924,
   3.0337694072982724,
   3.0337652688619503,
   3.047266656075207,
   3.0472666560751787,
   3.0337652688619428,
   3.033769407298256,
   3.0472667224903516,
   3.0470777132022793,
   3.033237112041676,
   3.0332445136183694,
   3.047078070784674,
   3.047766252910409,
   3.034167764431311,
   3.0341710928383288,
   3.047766517436011
  ]
 },
 "1": {
  "0": [
   1.7971854494947748,
   1.7972216323369028,
   1.7972219490868477,
   1.7971855184432757,
   1.7971859776778443,
   1.797222566260327,
   1.797223127668659,
   1.7971861142164802,
   1.7971865666446123,
   1.7972237526236083,
   1.7972240179510608,
   1.797186660807963,
   1.7971866608079645,
   1.7972240179510877,
   1.7972237526235448,
   1.797186566644623,
   1.7971861142164909,
   1.797223127668634,
   1.7972225662603138,
   1.797185977677852,
   1.7971855184432515,
   1.7972219490868906,
   1.7972216323368677,
   1.7971854494947805
  ],
  "1": [
   1.7949556391006634,
   1.7949570989775447,
   1.7949574243952513,
   1.7949556972358465,
   1.7949560077958486,
   1.7949554383718116,
   1.794956016235065,
   1.794956122842755,
   1.7949563855588098,
   1.7949540399457125,
   1.794954313649268,
   1.794956469034537,
   1.7949564690345128,
   1.7949543136492438,
   1.7949540399457107,
   1.794956385558813,
   1.7949561228427595,
   1.7949560162350602,
   1.794955438371823,
   1.7949560077958133,
   1.79495569723587,
   1.7949574243952608,
   1.7949570989775805,
   1.7949556391006563
  ]
 },
 "2": {
  "0": [
   1.7937129466723676,
   1.7937140905903448,
   1.7937155273696763,
   1.7937152987500513,
   1.7937138233410876,
   1.7937129469666016,
   1.7937132214477556,
   1.793714683429419,
   1.7937158038515602,
   1.7937153382337467,
   1.7937141199714461,
   1.793713076200393,
   1.793713334621042,
   1.7937149143967084,
   1.793715840740934,
   1.7937156533926613,
   1.793714652208311,
   1.7937132839326815,
   1.793713283932577,
   1.7937146522082732,
   1.7937156533926275,
   1.79371584074093,
   1.793714914396739,
   1.7937133346210183,
   1.7937130762003666,
   1.793714119971471,
   1.7937153382337048,
   1.793715803851629,
   1.7937146834293936,
   1.7937132214477616,
   1.793712946966601,
   1.7937138233410839,
   1.7937152987500362,
   1.793715527369701,
   1.7937140905902964,
   1.7937129466723367
  ],
  "1": [
   1.7965992890764955,
   1.7965902059142531,
   1.796576887666267,
   1.796576660935647,
   1.796589946739406,
   1.79659929513186,
   1.7966002046106584,
   1.796591539972772,
   1.7965775991667097,
   1.796577137670021,
   1.7965909922178214,
   1.7966000705468814,
   1.7966009905207458,
   1.7965925174003474,
   1.7965781237110319,
   1.7965779384865477,
   1.7965922630537419,
   1.796600945468395,
   1.796600945468357,
   1.796592263053738,
   1.7965779384865546,
   1.7965781237110354,
   1.7965925174004114,
   1.7966009905207712,
   1.7966000705468352,
   1.7965909922177818,
   1.7965771376700255,
   1.7965775991668858,
   1.7965915399727626,
   1.7966002046107146,
   1.7965992951319087,
   1.7965899467394035,
   1.7965766609356693,
   1.7965768876662567,
   1.796590205914243,
   1.7965992890765108
  ]
 },
 "Z_a": [
  6,
  6,
  6,
  6,
  6,
  6,
  6,
  6,
  6,
  6,
  6,
  6,
  15,
  15,
  15,
  15,
  5,
  5,
  5,
  5,
  6,
  6,
  6,
  6,
  1,
  1,
  1,
  1
 ],
 "spos_ac": [
  [
   0.8728221181971595,
   0.5837291759961125,
   0.7534809390756724
  ],
  [
   0.6986240723229341,
   0.48768998419119075,
   0.25336615032443005
  ],
  [
   0.19858837509816793,
   0.08362831616217008,
   0.3179253126594499
  ],
  [
   0.3728225730365013,
   0.9877907833693982,
   0.8180398015204244
  ],
  [
   0.19860645323141912,
   0.48769939543246715,
   0.31794763235288415
  ],
  [
   0.3728044991056383,
   0.5837385872373697,
   0.8180624211041376
  ],
  [
   0.8728401963304102,
   0.9878002552664016,
   0.7535032587691535
  ],
  [
   0.6986059983920574,
   0.08363778805915369,
   0.25338876990820447
  ],
  [
   0.580337036130758,
   0.7857428455147029,
   0.8284489903057531
  ],
  [
   0.9910801856437652,
   0.2856857654320702,
   0.3283266604950205
  ],
  [
   0.4910915352978086,
   0.2856857259138744,
   0.24297958112279205
  ],
  [
   0.08034838578481276,
   0.7857428059965278,
   0.7431019109335104
  ],
  [
   0.755526571583481,
   0.7856954668548161,
   0.057720507054192224
  ],
  [
   0.8159144112245231,
   0.2857331412294591,
   0.5576744231511703
  ],
  [
   0.31590199984508127,
   0.2857331045737628,
   0.013708064374391744
  ],
  [
   0.25551416020405365,
   0.7856954301991116,
   0.5137541482774152
  ],
  [
   0.9429087061186406,
   0.785761641804599,
   0.6199422682520512
  ],
  [
   0.6285310576064032,
   0.285666909325302,
   0.11983709918226215
  ],
  [
   0.12851986530993414,
   0.28566692962398743,
   0.4514863031765194
  ],
  [
   0.4428975138221664,
   0.7857616621032533,
   0.9515914722463219
  ],
  [
   0.9391054496484148,
   0.7857604233767579,
   0.2960072262493838
  ],
  [
   0.6323303838208034,
   0.28566804776689636,
   0.7958941259476945
  ],
  [
   0.13232312178014652,
   0.28566814805183244,
   0.7754213451791778
  ],
  [
   0.4390981876077812,
   0.7857605236616424,
   0.2755344454808884
  ],
  [
   0.535714285714276,
   0.5357142857142836,
   0.5357142857142578
  ],
  [
   0.03475826276973484,
   0.5357142857142896,
   0.03571428571426786
  ],
  [
   0.5357142857142978,
   0.03571428571427649,
   0.5357142857142925
  ],
  [
   0.035714285714278544,
   0.03571428571429287,
   0.035714285714279946
  ]
 ]
}