{
 "0": {
  "0": [
   0.5416534187496351,
   0.555237684260251,
   0.5552314574002,
   0.5416483431165279,
   0.5423471256634289,
   0.5561537157474461,
   0.5561390233656593,
   0.542335019571072,
   0.5421673320924817,
   0.5556137799257926,
   0.5556047153952521,
   0.5421597877364039,
   0.5421597877364658,
   0.5556047153952977,
   0.555613779925809,
   0.5421673320925386,
   0.5423350195710479,
   0.5561390233656616,
   0.5561537157474558,
   0.5423471256634211,
   0.5416483431165106,
   0.5552314574001749,
   0.5552376842602309,
   0.5416534187496318
  ],
  "1": [
   3.0470319757545123,
   3.0333661538779197,
   3.033358870460577,
   3.0470268730576224,
   3.0463847619608497,
   3.032476665307184,
   3.032460037218583,
   3.0463729198579323,
   3.0466093163177743,
   3.0330382684595882,
   3.0330285712082814,
   3.046602142373041,
   3.046602142373079,
   3.0330285712082867,
   3.033038268459579,
   3.0466093163177406,
   3.0463729198579523,
   3.0324600372185904,
   3.0324766653071604,
   3.046384761960854,
   3.047026873057601,
   3.0333588704606034,
   3.033366153877909,
   3.0470319757534505
  ]
 },
 "1": {
  "0": [
   1.7967621795175759,
   1.796873572479666,
   1.7968713951195996,
   1.7967610925779371,
   1.7967605151966042,
   1.7968779273084614,
   1.796873584072135,
   1.796758067032939,
   1.796757438303476,
   1.7968801466604816,
   1.7968778802287002,
   1.7967562207074725,
   1.7967562207074883,
   1.7968778802286516,
   1.796880146660497,
   1.7967574383034695,
   1.7967580670329255,
   1.7968735840721177,
   1.7968779273084814,
   1.796760515196582,
   1.7967610925779411,
   1.7968713951195712,
   1.7968735724796872,
   1.7967621795176019
  ],
  "1": [
   1.7943456240694768,
   1.7943701283733167,
   1.7943725961069326,
   1.7943480151402253,
   1.7943428172021056,
   1.7943649902242218,
   1.7943699129142487,
   1.7943474681122902,
   1.7943422221374323,
   1.7943622886453297,
   1.7943646380579767,
   1.7943445702580356,
   1.7943445702580219,
   1.7943646380579954,
   1.7943622886452693,
   1.7943422221374246,
   1.7943474681122524,
   1.7943699129142763,
   1.7943649902242393,
   1.7943428172024454,
   1.7943480151402247,
   1.7943725961069357,
   1.7943701283733902,
   1.7943456240694773
  ]
 },
 "2": {
  "0": [
   1.843376920961029,
   1.8433747881561646,
   1.8433841251947618,
   1.8433856697855577,
   1.8433780590973106,
   1.8433784709439789,
   1.8433752948360265,
   1.8433714877580587,
   1.8433818253002536,
   1.843385382945092,
   1.84337812653666,
   1.8433784609635038,
   1.8433752760971924,
   1.8433715386137484,
   1.8433811646151985,
   1.8433830318283193,
   1.8433748543492448,
   1.8433767719287277,
   1.8433767719287801,
   1.8433748543492747,
   1.8433830318282691,
   1.8433811646151679,
   1.8433715386138383,
   1.8433752760971163,
   1.843378460963502,
   1.8433781265366416,
   1.8433853829451246,
   1.8433818253003,
   1.8433714877580047,
   1.8433752948360969,
   1.843378470943896,
   1.8433780590972748,
   1.8433856697856,
   1.8433841251947352,
   1.8433747881561764,
   1.8433769209610125
  ],
  "1": [
   1.8463142977240836,
   1.8462419264357826,
   1.8461564137360766,
   1.8461587181941648,
   1.8462466296414028,
   1.846316900635915,
   1.8463150959498347,
   1.8462436737265386,
   1.8461605222295625,
   1.8461648376258344,
   1.8462533808269455,
   1.8463202792115825,
   1.8463185538262672,
   1.8462504110674782,
   1.8461669181040918,
   1.846168958811103,
   1.8462551625783035,
   1.8463209940652225,
   1.8463209940652863,
   1.8462551625782053,
   1.8461689588111725,
   1.8461669181040639,
   1.84625041106741,
   1.8463185538263343,
   1.8463202792116868,
   1.8462533808269275,
   1.846164837625873,
   1.8461605222295934,
   1.8462436737264507,
   1.846315095949795,
   1.8463169006360198,
   1.8462466296414084,
   1.8461587181941588,
   1.8461564137361302,
   1.846241926435889,
   1.8463142977241402
  ]
 },
 "Z_a": [
  6,
  6,
  6,
  6,
  6,
  6,
  6,
  6,
  6,
  6,
  6,
  6,
  15,
  15,
  15,
  15,
  5,
  5,
  5,
  5,
  6,
  6,
  6,
  6,
  1,
  1,
  1,
  1
 ],
 "spos_ac": [
  [
   0.8728221181971595,
   0.5837291759961125,
   0.7534809390756724
  ],
  [
   0.6986240723229341,
   0.48768998419119075,
   0.25336615032443005
  ],
  [
   0.19858837509816793,
   0.08362831616217008,
   0.3158156080180997
  ],
  [
   0.3728225730365013,
   0.9877907833693982,
   0.8180398015204244
  ],
  [
   0.19860645323141912,
   0.48769939543246715,
   0.31794763235288415
  ],
  [
   0.3728044991056383,
   0.5837385872373697,
   0.8180624211041376
  ],
  [
   0.8728401963304102,
   0.9878002552664016,
   0.7535032587691535
  ],
  [
   0.6986059983920574,
   0.08363778805915369,
   0.25338876990820447
  ],
  [
   0.580337036130758,
   0.7857428455147029,
   0.8284489903057531
  ],
  [
   0.9910801856437652,
   0.2856857654320702,
   0.3283266604950205
  ],
  [
   0.4910915352978086,
   0.2856857259138744,
   0.24297958112279205
  ],
  [
   0.08034838578481276,
   0.7857428059965278,
   0.7431019109335104
  ],
  [
   0.755526571583481,
   0.7856954668548161,
   0.057720507054192224
  ],
  [
   0.8159144112245231,
   0.2857331412294591,
   0.5576744231511703
  ],
  [
   0.31590199984508127,
   0.2857331045737628,
   0.013708064374391744
  ],
  [
   0.25551416020405365,
   0.7856954301991116,
   0.5137541482774152
  ],
  [
   0.9429087061186406,
   0.785761641804599,
   0.6199422682520512
  ],
  [
   0.6285310576064032,
   0.285666909325302,
   0.11983709918226215
  ],
  [
   0.12851986530993414,
   0.28566692962398743,
   0.4514863031765194
  ],
  [
   0.4428975138221664,
   0.7857616621032533,
   0.9515914722463219
  ],
  [
   0.9391054496484148,
   0.7857604233767579,
   0.2960072262493838
  ],
  [
   0.6323303838208034,
   0.28566804776689636,
   0.7958941259476945
  ],
  [
   0.13232312178014652,
   0.28566814805183244,
   0.7754213451791778
  ],
  [
   0.4390981876077812,
   0.7857605236616424,
   0.2755344454808884
  ],
  [
   0.535714285714276,
   0.5357142857142836,
   0.5357142857142578
  ],
  [
   0.03571428571428551,
   0.5357142857142896,
   0.03571428571426786
  ],
  [
   0.5357142857142978,
   0.03571428571427649,
   0.5357142857142925
  ],
  [
   0.035714285714278544,
   0.03571428571429287,
   0.035714285714279946
  ]
 ]
}