{
 "0": {
  "0": [
   0.5436690644428317,
   0.5572745342515557,
   0.5572685202827434,
   0.5436642532005403,
   0.5443692515545864,
   0.5582304585437595,
   0.5582162991982272,
   0.5443577562822597,
   0.5441794539652658,
   0.5577199490108474,
   0.557711211739165,
   0.5441722651218718,
   0.5441722651218546,
   0.557711211739156,
   0.5577199490108598,
   0.5441794539652594,
   0.5443577562822565,
   0.5582162991982326,
   0.5582304585437549,
   0.544369251554605,
   0.543664253200576,
   0.5572685202827011,
   0.5572745342515456,
   0.5436690644428505
  ],
  "1": [
   3.0484151408717697,
   3.034893024981855,
   3.03488588536725,
   3.048410148342453,
   3.04768430235442,
   3.033930937264077,
   3.0339147045314045,
   3.0476727779610986,
   3.047823324125011,
   3.034411197701202,
   3.034401767672316,
   3.0478163788762735,
   3.047816378876281,
   3.034401767672322,
   3.034411197701218,
   3.0478233241250408,
   3.0476727779610955,
   3.033914704531393,
   3.0339309372640617,
   3.047684302354409,
   3.0484101483424717,
   3.034885885367261,
   3.034893024981804,
   3.0484151408717732
  ]
 },
 "1": {
  "0": [
   1.7967508431502892,
   1.7968628902390815,
   1.796860755565759,
   1.7967497470057676,
   1.796749236108534,
   1.7968672172672804,
   1.7968629792799642,
   1.7967467767148837,
   1.7967462089414392,
   1.7968694647756285,
   1.7968672630000093,
   1.7967449873916443,
   1.7967449873915995,
   1.7968672630000069,
   1.7968694647755916,
   1.796746208941452,
   1.7967467767148517,
   1.7968629792799518,
   1.7968672172672586,
   1.7967492361085593,
   1.7967497470057725,
   1.796860755565739,
   1.7968628902391053,
   1.7967508431502754
  ],
  "1": [
   1.7943129348052749,
   1.7943383807718576,
   1.7943407671682967,
   1.7943152883318938,
   1.7943101572936506,
   1.7943333749023378,
   1.7943381369534313,
   1.794314736847609,
   1.7943095772791495,
   1.7943307189247153,
   1.7943329873684972,
   1.7943118911230842,
   1.794311891123082,
   1.7943329873685427,
   1.7943307189246949,
   1.7943095772791364,
   1.7943147368476025,
   1.7943381369534412,
   1.7943333749023598,
   1.7943101572936673,
   1.794315288331907,
   1.7943407671683183,
   1.7943383807718236,
   1.7943129348052358
  ]
 },
 "2": {
  "0": [
   1.7441509753572675,
   1.744163841791088,
   1.7441734353760152,
   1.7441749742283397,
   1.7441670760806758,
   1.744152514991968,
   1.7441503101208649,
   1.7441629291267993,
   1.7441731350054406,
   1.7441766766489286,
   1.744169508405472,
   1.7441534568313837,
   1.7441513152190469,
   1.7441653252976326,
   1.7441748584914272,
   1.7441767092829468,
   1.7441686107482128,
   1.7441527981826297,
   1.7441527981826477,
   1.744168610748228,
   1.7441767092829872,
   1.744174858491431,
   1.7441653252976632,
   1.744151315219079,
   1.7441534568314352,
   1.744169508405524,
   1.7441766766488704,
   1.7441731350054215,
   1.7441629291267653,
   1.7441503101209157,
   1.744152514992048,
   1.7441670760805728,
   1.7441749742282642,
   1.744173435376033,
   1.7441638417910508,
   1.7441509753573694
  ],
  "1": [
   1.7469689638785348,
   1.7470285271813413,
   1.7471010291412048,
   1.7471033736185733,
   1.747033293256186,
   1.7469715828507446,
   1.7469662815581373,
   1.747022727372189,
   1.7470957106582878,
   1.7471001108277133,
   1.7470325459927323,
   1.7469715069566376,
   1.746966321535185,
   1.7470219645627385,
   1.7470925202755572,
   1.747094596062972,
   1.7470267800488994,
   1.746968778364928,
   1.7469687783649324,
   1.7470267800489432,
   1.7470945960629842,
   1.7470925202755385,
   1.7470219645627352,
   1.7469663215351434,
   1.7469715069566267,
   1.7470325459926612,
   1.7471001108276882,
   1.7470957106582556,
   1.7470227273722718,
   1.746966281558253,
   1.7469715828507915,
   1.7470332932562307,
   1.7471033736185428,
   1.7471010291412428,
   1.747028527181268,
   1.7469689638785557
  ]
 },
 "Z_a": [
  6,
  6,
  6,
  6,
  6,
  6,
  6,
  6,
  6,
  6,
  6,
  6,
  15,
  15,
  15,
  15,
  5,
  5,
  5,
  5,
  6,
  6,
  6,
  6,
  1,
  1,
  1,
  1
 ],
 "spos_ac": [
  [
   0.8728221181971595,
   0.5837291759961125,
   0.7534809390756724
  ],
  [
   0.6986240723229341,
   0.48768998419119075,
   0.25336615032443005
  ],
  [
   0.19858837509816793,
   0.08362831616217008,
   0.3179253126594499
  ],
  [
   0.3728225730365013,
   0.9877907833693982,
   0.8180398015204244
  ],
  [
   0.19860645323141912,
   0.48769939543246715,
   0.32005733699423433
  ],
  [
   0.3728044991056383,
   0.5837385872373697,
   0.8180624211041376
  ],
  [
   0.8728401963304102,
   0.9878002552664016,
   0.7535032587691535
  ],
  [
   0.6986059983920574,
   0.08363778805915369,
   0.25338876990820447
  ],
  [
   0.580337036130758,
   0.7857428455147029,
   0.8284489903057531
  ],
  [
   0.9910801856437652,
   0.2856857654320702,
   0.3283266604950205
  ],
  [
   0.4910915352978086,
   0.2856857259138744,
   0.24297958112279205
  ],
  [
   0.08034838578481276,
   0.7857428059965278,
   0.7431019109335104
  ],
  [
   0.755526571583481,
   0.7856954668548161,
   0.057720507054192224
  ],
  [
   0.8159144112245231,
   0.2857331412294591,
   0.5576744231511703
  ],
  [
   0.31590199984508127,
   0.2857331045737628,
   0.013708064374391744
  ],
  [
   0.25551416020405365,
   0.7856954301991116,
   0.5137541482774152
  ],
  [
   0.9429087061186406,
   0.785761641804599,
   0.6199422682520512
  ],
  [
   0.6285310576064032,
   0.285666909325302,
   0.11983709918226215
  ],
  [
   0.12851986530993414,
   0.28566692962398743,
   0.4514863031765194
  ],
  [
   0.4428975138221664,
   0.7857616621032533,
   0.9515914722463219
  ],
  [
   0.9391054496484148,
   0.7857604233767579,
   0.2960072262493838
  ],
  [
   0.6323303838208034,
   0.28566804776689636,
   0.7958941259476945
  ],
  [
   0.13232312178014652,
   0.28566814805183244,
   0.7754213451791778
  ],
  [
   0.4390981876077812,
   0.7857605236616424,
   0.2755344454808884
  ],
  [
   0.535714285714276,
   0.5357142857142836,
   0.5357142857142578
  ],
  [
   0.03571428571428551,
   0.5357142857142896,
   0.03571428571426786
  ],
  [
   0.5357142857142978,
   0.03571428571427649,
   0.5357142857142925
  ],
  [
   0.035714285714278544,
   0.03571428571429287,
   0.035714285714279946
  ]
 ]
}