{
 "0": {
  "0": [
   0.5379560123417556,
   0.5515879683266818,
   0.5515879706998856,
   0.5379560144924184,
   0.5385809595281963,
   0.5524133557145874,
   0.5524133606287398,
   0.5385809627116347,
   0.538325173161365,
   0.5517845269204192,
   0.5517845289361044,
   0.5383251734171491,
   0.538325173417151,
   0.5517845289360994,
   0.5517845269204126,
   0.5383251731613686,
   0.5385809627116278,
   0.5524133606287424,
   0.5524133557146058,
   0.5385809595282004,
   0.5379560144924359,
   0.5515879706999063,
   0.5515879683267031,
   0.5379560123417462
  ],
  "1": [
   3.042702251348621,
   3.029125314130775,
   3.0291253185957268,
   3.0427022549109295,
   3.0419524577551194,
   3.028144211454611,
   3.0281442199467006,
   3.0419524639306075,
   3.042075747960605,
   3.0286137065745042,
   3.028613710086178,
   3.042075749892507,
   3.0420757498925006,
   3.028613710086152,
   3.0286137065744874,
   3.042075747960607,
   3.041952463930571,
   3.0281442199467414,
   3.028144211454617,
   3.0419524577551345,
   3.042702254910916,
   3.0291253185957356,
   3.029125314130775,
   3.0427022513486373
  ]
 },
 "1": {
  "0": [
   1.7963105869995686,
   1.796328027481151,
   1.7963280268012263,
   1.796310589538619,
   1.7963106697896445,
   1.7963293300591892,
   1.7963293295075946,
   1.7963106750968667,
   1.7963107752785399,
   1.796330631900367,
   1.7963306315845138,
   1.7963107784792147,
   1.796310778479209,
   1.7963306315845176,
   1.7963306319003538,
   1.79631077527853,
   1.7963106750968674,
   1.7963293295075728,
   1.7963293300592056,
   1.7963106697896867,
   1.7963105895386442,
   1.7963280268012085,
   1.7963280274811724,
   1.7963105869996014
  ],
  "1": [
   1.7940825192902925,
   1.7940650751111393,
   1.7940650808822436,
   1.794082523863574,
   1.7940824369386705,
   1.7940637686563015,
   1.7940637806002344,
   1.7940824464231706,
   1.7940823389364426,
   1.7940624687313513,
   1.794062474468322,
   1.7940823440461917,
   1.7940823440461862,
   1.7940624744683094,
   1.79406246873138,
   1.7940823389364497,
   1.7940824464231973,
   1.794063780600243,
   1.794063768656273,
   1.7940824369386326,
   1.7940825238635902,
   1.7940650808822414,
   1.794065075111125,
   1.7940825192903107
  ]
 },
 "2": {
  "0": [
   1.7922623652746947,
   1.7923445019486257,
   1.792453071878341,
   1.7924530731030988,
   1.792344503002544,
   1.7922623655680479,
   1.7922630655049605,
   1.792340750850452,
   1.7924472881901112,
   1.792447290691304,
   1.7923407532800908,
   1.7922630659862786,
   1.7922634580371355,
   1.7923366101196476,
   1.7924410442465755,
   1.7924410453693345,
   1.7923366113522958,
   1.7922634581669445,
   1.7922634581669497,
   1.7923366113522996,
   1.7924410453694515,
   1.7924410442465821,
   1.7923366101196547,
   1.7922634580371655,
   1.7922630659862615,
   1.7923407532801314,
   1.792447290691341,
   1.7924472881900246,
   1.792340750850424,
   1.7922630655049703,
   1.7922623655680976,
   1.792344503002551,
   1.7924530731030877,
   1.792453071878364,
   1.792344501948656,
   1.7922623652747325
  ],
  "1": [
   1.795425884468386,
   1.795573145055065,
   1.7957276379597862,
   1.7957276390083088,
   1.7955731480012105,
   1.795425886143726,
   1.7954187321977537,
   1.7955536091782767,
   1.795698700291,
   1.7956987027224385,
   1.7955536151215958,
   1.7954187356629,
   1.7954113654514772,
   1.7955334423992437,
   1.7956684332255892,
   1.7956684344774405,
   1.7955334456699408,
   1.7954113669890557,
   1.7954113669891139,
   1.7955334456699448,
   1.795668434477427,
   1.7956684332255761,
   1.7955334423992666,
   1.7954113654514867,
   1.7954187356628926,
   1.7955536151217877,
   1.7956987027224252,
   1.7956987002911116,
   1.795553609178355,
   1.7954187321977737,
   1.7954258861437224,
   1.7955731480011992,
   1.795727639008332,
   1.7957276379598333,
   1.7955731450550532,
   1.7954258844684658
  ]
 },
 "Z_a": [
  6,
  6,
  6,
  6,
  6,
  6,
  6,
  6,
  6,
  6,
  6,
  6,
  15,
  15,
  15,
  15,
  5,
  5,
  5,
  5,
  6,
  6,
  6,
  6,
  1,
  1,
  1,
  1
 ],
 "spos_ac": [
  [
   0.8728221181971595,
   0.5837291759961125,
   0.7534809390756724
  ],
  [
   0.6986240723229341,
   0.48768998419119075,
   0.25336615032443005
  ],
  [
   0.19858837509816793,
   0.08362831616217008,
   0.3179253126594499
  ],
  [
   0.3728225730365013,
   0.9877907833693982,
   0.8180398015204244
  ],
  [
   0.19860645323141912,
   0.48769939543246715,
   0.31794763235288415
  ],
  [
   0.3728044991056383,
   0.5837385872373697,
   0.8180624211041376
  ],
  [
   0.8728401963304102,
   0.9878002552664016,
   0.7535032587691535
  ],
  [
   0.6986059983920574,
   0.08363778805915369,
   0.25338876990820447
  ],
  [
   0.580337036130758,
   0.7857428455147029,
   0.8284489903057531
  ],
  [
   0.9910801856437652,
   0.2856857654320702,
   0.3283266604950205
  ],
  [
   0.4910915352978086,
   0.2856857259138744,
   0.24297958112279205
  ],
  [
   0.08034838578481276,
   0.7857428059965278,
   0.7431019109335104
  ],
  [
   0.755526571583481,
   0.7856954668548161,
   0.057720507054192224
  ],
  [
   0.8159144112245231,
   0.2857331412294591,
   0.5576744231511703
  ],
  [
   0.31590199984508127,
   0.2857331045737628,
   0.013708064374391744
  ],
  [
   0.25551416020405365,
   0.7856954301991116,
   0.5137541482774152
  ],
  [
   0.9429087061186406,
   0.785761641804599,
   0.6199422682520512
  ],
  [
   0.6285310576064032,
   0.285666909325302,
   0.11983709918226215
  ],
  [
   0.12947588825448483,
   0.28566692962398743,
   0.4514863031765194
  ],
  [
   0.4428975138221664,
   0.7857616621032533,
   0.9515914722463219
  ],
  [
   0.9391054496484148,
   0.7857604233767579,
   0.2960072262493838
  ],
  [
   0.6323303838208034,
   0.28566804776689636,
   0.7958941259476945
  ],
  [
   0.13232312178014652,
   0.28566814805183244,
   0.7754213451791778
  ],
  [
   0.4390981876077812,
   0.7857605236616424,
   0.2755344454808884
  ],
  [
   0.535714285714276,
   0.5357142857142836,
   0.5357142857142578
  ],
  [
   0.03571428571428551,
   0.5357142857142896,
   0.03571428571426786
  ],
  [
   0.5357142857142978,
   0.03571428571427649,
   0.5357142857142925
  ],
  [
   0.035714285714278544,
   0.03571428571429287,
   0.035714285714279946
  ]
 ]
}