{
 "0": {
  "0": [
   0.5416527234148568,
   0.5552370995820564,
   0.5552308903390636,
   0.5416476687906681,
   0.5423463916169954,
   0.5561530563872151,
   0.5561384025312673,
   0.5423343283922297,
   0.5421665805671049,
   0.5556130517689575,
   0.5556040088847541,
   0.5421590591424478,
   0.5421590591424638,
   0.5556040088847367,
   0.555613051769012,
   0.542166580567092,
   0.5423343283921901,
   0.5561384025312629,
   0.5561530563871927,
   0.5423463916169867,
   0.5416476687906933,
   0.5552308903390885,
   0.5552370995820132,
   0.5416527234148946
  ],
  "1": [
   3.047031474658192,
   3.0333655423690056,
   3.033358279941385,
   3.0470263882274202,
   3.046384259707151,
   3.0324760038274188,
   3.032459423431839,
   3.0463724548801303,
   3.046608831807774,
   3.0330375744402245,
   3.0330279032229845,
   3.0466016781005023,
   3.0466016781005028,
   3.0330279032229805,
   3.033037574440233,
   3.0466088318077653,
   3.046372454880077,
   3.0324594234318107,
   3.032476003827442,
   3.046384259707132,
   3.047026388227379,
   3.0333582799413947,
   3.033365542368984,
   3.0470314746582057
  ]
 },
 "1": {
  "0": [
   1.7958582733821713,
   1.7957829359951036,
   1.7957807597642774,
   1.7958571828817809,
   1.7958614624070592,
   1.795783345409016,
   1.7957790046265472,
   1.7958590081217183,
   1.795863509074496,
   1.7957816466866547,
   1.7957793811377123,
   1.7958622890142997,
   1.795862289014298,
   1.7957793811377005,
   1.795781646686631,
   1.7958635090745096,
   1.7958590081217038,
   1.7957790046265456,
   1.7957833454089989,
   1.7958614624070073,
   1.795857182881793,
   1.7957807597642117,
   1.7957829359951174,
   1.7958582733822106
  ],
  "1": [
   1.7938145723634156,
   1.7937551758733465,
   1.793757646107107,
   1.7938169693353145,
   1.793814954593301,
   1.793755253675227,
   1.7937601815688549,
   1.7938196152660046,
   1.7938176499289546,
   1.7937579277962201,
   1.7937602799289456,
   1.7938200035066278,
   1.7938200035066518,
   1.7937602799289407,
   1.7937579277962796,
   1.7938176499289487,
   1.7938196152658819,
   1.7937601815688375,
   1.7937552536752324,
   1.793814954593298,
   1.7938169693353576,
   1.7937576461071398,
   1.7937551758733628,
   1.7938145723634105
  ]
 },
 "2": {
  "0": [
   1.744125482896283,
   1.7441363855479888,
   1.7441438069445119,
   1.744145356235852,
   1.7441396627091388,
   1.744127035585973,
   1.7441248689203608,
   1.744135573832482,
   1.7441436490335631,
   1.7441472157029727,
   1.7441422261399753,
   1.744128039781112,
   1.7441259094035986,
   1.744138109848638,
   1.7441455107818167,
   1.7441473828973897,
   1.744141432809056,
   1.7441274077126696,
   1.7441274077126179,
   1.7441414328089575,
   1.7441473828973475,
   1.744145510781872,
   1.7441381098485802,
   1.744125909403517,
   1.744128039781148,
   1.7441422261399109,
   1.744147215702926,
   1.7441436490334887,
   1.7441355738324336,
   1.7441248689203264,
   1.7441270355859098,
   1.7441396627090917,
   1.7441453562358125,
   1.7441438069445059,
   1.7441363855479606,
   1.7441254828962813
  ],
  "1": [
   1.74696114571151,
   1.747021251114552,
   1.7470944902881036,
   1.747096799385612,
   1.7470259647139688,
   1.7469637527132926,
   1.7469583937986441,
   1.747015235193286,
   1.7470887974144456,
   1.7470931227285134,
   1.7470249612553914,
   1.7469635866772202,
   1.7469583381373286,
   1.747014194425224,
   1.7470851618111067,
   1.7470872087257574,
   1.747018956427628,
   1.7469607825896667,
   1.7469607825896907,
   1.7470189564276841,
   1.7470872087257558,
   1.7470851618111525,
   1.7470141944251911,
   1.7469583381373248,
   1.7469635866772506,
   1.7470249612554836,
   1.7470931227285678,
   1.7470887974144356,
   1.7470152351932393,
   1.7469583937986386,
   1.7469637527132715,
   1.7470259647139912,
   1.7470967993856457,
   1.747094490288134,
   1.747021251114513,
   1.7469611457115255
  ]
 },
 "Z_a": [
  6,
  6,
  6,
  6,
  6,
  6,
  6,
  6,
  6,
  6,
  6,
  6,
  15,
  15,
  15,
  15,
  5,
  5,
  5,
  5,
  6,
  6,
  6,
  6,
  1,
  1,
  1,
  1
 ],
 "spos_ac": [
  [
   0.8728221181971595,
   0.5837291759961125,
   0.7534809390756724
  ],
  [
   0.6986240723229341,
   0.48768998419119075,
   0.2554758549657803
  ],
  [
   0.19858837509816793,
   0.08362831616217008,
   0.3179253126594499
  ],
  [
   0.3728225730365013,
   0.9877907833693982,
   0.8180398015204244
  ],
  [
   0.19860645323141912,
   0.48769939543246715,
   0.31794763235288415
  ],
  [
   0.3728044991056383,
   0.5837385872373697,
   0.8180624211041376
  ],
  [
   0.8728401963304102,
   0.9878002552664016,
   0.7535032587691535
  ],
  [
   0.6986059983920574,
   0.08363778805915369,
   0.25338876990820447
  ],
  [
   0.580337036130758,
   0.7857428455147029,
   0.8284489903057531
  ],
  [
   0.9910801856437652,
   0.2856857654320702,
   0.3283266604950205
  ],
  [
   0.4910915352978086,
   0.2856857259138744,
   0.24297958112279205
  ],
  [
   0.08034838578481276,
   0.7857428059965278,
   0.7431019109335104
  ],
  [
   0.755526571583481,
   0.7856954668548161,
   0.057720507054192224
  ],
  [
   0.8159144112245231,
   0.2857331412294591,
   0.5576744231511703
  ],
  [
   0.31590199984508127,
   0.2857331045737628,
   0.013708064374391744
  ],
  [
   0.25551416020405365,
   0.7856954301991116,
   0.5137541482774152
  ],
  [
   0.9429087061186406,
   0.785761641804599,
   0.6199422682520512
  ],
  [
   0.6285310576064032,
   0.285666909325302,
   0.11983709918226215
  ],
  [
   0.12851986530993414,
   0.28566692962398743,
   0.4514863031765194
  ],
  [
   0.4428975138221664,
   0.7857616621032533,
   0.9515914722463219
  ],
  [
   0.9391054496484148,
   0.7857604233767579,
   0.2960072262493838
  ],
  [
   0.6323303838208034,
   0.28566804776689636,
   0.7958941259476945
  ],
  [
   0.13232312178014652,
   0.28566814805183244,
   0.7754213451791778
  ],
  [
   0.4390981876077812,
   0.7857605236616424,
   0.2755344454808884
  ],
  [
   0.535714285714276,
   0.5357142857142836,
   0.5357142857142578
  ],
  [
   0.03571428571428551,
   0.5357142857142896,
   0.03571428571426786
  ],
  [
   0.5357142857142978,
   0.03571428571427649,
   0.5357142857142925
  ],
  [
   0.035714285714278544,
   0.03571428571429287,
   0.035714285714279946
  ]
 ]
}