{
 "0": {
  "0": [
   0.5428347337513535,
   0.5564175298316766,
   0.5564173825746833,
   0.5428328723158211,
   0.5435305281950596,
   0.5573515903716495,
   0.5573511192217724,
   0.5435267347046667,
   0.5433463576105512,
   0.5568295846945525,
   0.5568291962763251,
   0.5433443816677951,
   0.5433443816677541,
   0.5568291962763118,
   0.556829584694546,
   0.5433463576105414,
   0.5435267347046729,
   0.5573511192217746,
   0.5573515903716834,
   0.5435305281950458,
   0.5428328723158155,
   0.5564173825746979,
   0.5564175298316899,
   0.542834733751359
  ],
  "1": [
   3.0478936238140055,
   3.034287493851238,
   3.0342873301220474,
   3.047891746921437,
   3.0472034483788377,
   3.033359160103389,
   3.0333586528716197,
   3.047199623813981,
   3.047385870100194,
   3.0338838187811192,
   3.0338834103760774,
   3.0473838790534757,
   3.047383879053432,
   3.0338834103760464,
   3.0338838187811277,
   3.0473858701002627,
   3.047199623813962,
   3.0333586528716188,
   3.0333591601033896,
   3.0472034483788204,
   3.0478917469214175,
   3.0342873301220705,
   3.034287493851258,
   3.0478936238140024
  ]
 },
 "1": {
  "0": [
   1.796904140444033,
   1.7968714907990917,
   1.7968714444764537,
   1.7969038104228576,
   1.7969036043566333,
   1.7968718407390334,
   1.7968716979362467,
   1.796902954988542,
   1.7969028009457253,
   1.7968721455863024,
   1.7968720863705374,
   1.7969024658193977,
   1.7969024658193649,
   1.796872086370584,
   1.7968721455862844,
   1.796902800945748,
   1.796902954988516,
   1.7968716979362216,
   1.7968718407390376,
   1.796903604356611,
   1.7969038104228672,
   1.7968714444764184,
   1.7968714907990788,
   1.7969041404440635
  ],
  "1": [
   1.7946762854722198,
   1.7946084078899256,
   1.7946083490118467,
   1.7946759465944109,
   1.7946755947206783,
   1.7946061589446425,
   1.7946059903185985,
   1.7946749278886105,
   1.7946745872942937,
   1.7946038526610488,
   1.7946037803262307,
   1.7946742433777598,
   1.7946742433777172,
   1.7946037803262864,
   1.7946038526609744,
   1.7946745872943197,
   1.7946749278886016,
   1.7946059903184912,
   1.794606158944645,
   1.7946755947206896,
   1.7946759465944098,
   1.7946083490118339,
   1.794608407889876,
   1.7946762854719547
  ]
 },
 "2": {
  "0": [
   1.7916421013992476,
   1.7916649244855607,
   1.7916908052778986,
   1.7916907548933894,
   1.791664982126036,
   1.7916420829414768,
   1.7916418141576658,
   1.791663908931817,
   1.7916892574607328,
   1.791689242111318,
   1.7916638512566925,
   1.791641692198153,
   1.7916413489813339,
   1.7916627379391055,
   1.791687654102185,
   1.7916876684392697,
   1.7916627002317609,
   1.7916413307809456,
   1.7916413307809769,
   1.7916627002317194,
   1.7916876684393261,
   1.7916876541021807,
   1.7916627379391348,
   1.7916413489812155,
   1.7916416921981382,
   1.7916638512567022,
   1.7916892421113366,
   1.7916892574607817,
   1.7916639089318112,
   1.7916418141575885,
   1.7916420829413553,
   1.7916649821259962,
   1.7916907548934644,
   1.7916908052778275,
   1.791664924485645,
   1.7916421013992532
  ],
  "1": [
   1.7945283725595056,
   1.7945410981212333,
   1.7945523858104888,
   1.7945523306806366,
   1.7945411406687335,
   1.7945283443636024,
   1.7945287058202983,
   1.7945408064938417,
   1.7945512513428306,
   1.7945512264405754,
   1.7945407185667208,
   1.7945285643468778,
   1.7945288779583577,
   1.794540341699236,
   1.794550106871523,
   1.794550116360455,
   1.7945402888274251,
   1.7945288501614582,
   1.7945288501613539,
   1.794540288827384,
   1.7945501163604702,
   1.7945501068714553,
   1.7945403416993682,
   1.7945288779583728,
   1.794528564346894,
   1.794540718566934,
   1.7945512264407282,
   1.7945512513428703,
   1.794540806493823,
   1.794528705820367,
   1.7945283443635485,
   1.7945411406690657,
   1.7945523306805296,
   1.7945523858103583,
   1.7945410981211694,
   1.7945283725594217
  ]
 },
 "Z_a": [
  6,
  6,
  6,
  6,
  6,
  6,
  6,
  6,
  6,
  6,
  6,
  6,
  15,
  15,
  15,
  15,
  5,
  5,
  5,
  5,
  6,
  6,
  6,
  6,
  1,
  1,
  1,
  1
 ],
 "spos_ac": [
  [
   0.8728221181971595,
   0.5837291759961125,
   0.7534809390756724
  ],
  [
   0.6986240723229341,
   0.48768998419119075,
   0.25336615032443005
  ],
  [
   0.19858837509816793,
   0.08362831616217008,
   0.3179253126594499
  ],
  [
   0.3728225730365013,
   0.9877907833693982,
   0.8180398015204244
  ],
  [
   0.19860645323141912,
   0.48769939543246715,
   0.31794763235288415
  ],
  [
   0.3728044991056383,
   0.5837385872373697,
   0.8180624211041376
  ],
  [
   0.8728401963304102,
   0.9878002552664016,
   0.7535032587691535
  ],
  [
   0.6986059983920574,
   0.08363778805915369,
   0.25338876990820447
  ],
  [
   0.580337036130758,
   0.7857428455147029,
   0.8284489903057531
  ],
  [
   0.9910801856437652,
   0.2856857654320702,
   0.3283266604950205
  ],
  [
   0.4910915352978086,
   0.2856857259138744,
   0.24297958112279205
  ],
  [
   0.08034838578481276,
   0.7857428059965278,
   0.7431019109335104
  ],
  [
   0.755526571583481,
   0.7856954668548161,
   0.057720507054192224
  ],
  [
   0.8159144112245231,
   0.2857331412294591,
   0.5576744231511703
  ],
  [
   0.31590199984508127,
   0.2857331045737628,
   0.013708064374391744
  ],
  [
   0.25551416020405365,
   0.7856954301991116,
   0.5137541482774152
  ],
  [
   0.9429087061186406,
   0.785761641804599,
   0.6199422682520512
  ],
  [
   0.6285310576064032,
   0.285666909325302,
   0.11983709918226215
  ],
  [
   0.12851986530993414,
   0.28566692962398743,
   0.4514863031765194
  ],
  [
   0.4428975138221664,
   0.7857616621032533,
   0.9515914722463219
  ],
  [
   0.9391054496484148,
   0.7857604233767579,
   0.2960072262493838
  ],
  [
   0.6323303838208034,
   0.28566804776689636,
   0.7958941259476945
  ],
  [
   0.13232312178014652,
   0.28566814805183244,
   0.7754213451791778
  ],
  [
   0.4390981876077812,
   0.7857605236616424,
   0.2755344454808884
  ],
  [
   0.535714285714276,
   0.5357142857142836,
   0.5357142857142578
  ],
  [
   0.03571428571428551,
   0.5357142857142896,
   0.03571428571426786
  ],
  [
   0.5357142857142978,
   0.03571428571427649,
   0.5336045810729423
  ],
  [
   0.035714285714278544,
   0.03571428571429287,
   0.035714285714279946
  ]
 ]
}