{
 "0": {
  "0": [
   0.5652954603652611,
   0.5789959211271392,
   0.5789800330426171,
   0.5652794772998572,
   0.5659849692821565,
   0.5798977837055239,
   0.5798647331551363,
   0.565951492204772,
   0.5657790055843884,
   0.5793223788597066,
   0.5793051807633334,
   0.5657612591928255,
   0.565761259192876,
   0.579305180763271,
   0.5793223788596754,
   0.5657790055844153,
   0.5659514922047384,
   0.5798647331551887,
   0.5798977837054873,
   0.5659849692821652,
   0.5652794772998188,
   0.5789800330426336,
   0.5789959211271632,
   0.5652954603652409
  ],
  "1": [
   3.0704070074059358,
   3.056808664320466,
   3.0567945770522287,
   3.0703917321428715,
   3.069705258963186,
   3.055837202501278,
   3.0558076401984966,
   3.0696736477478126,
   3.069865192866945,
   3.056308243632606,
   3.056292575321825,
   3.0698485980683277,
   3.0698485980682753,
   3.056292575321824,
   3.056308243632676,
   3.0698651928668896,
   3.06967364774778,
   3.05580764019849,
   3.0558372025012606,
   3.0697052589631544,
   3.070391732142876,
   3.056794577052251,
   3.0568086643205215,
   3.0704070074059273
  ]
 },
 "1": {
  "0": [
   1.7988922186646001,
   1.7989338688090797,
   1.7989377720439699,
   1.7988943978610348,
   1.7988917579056813,
   1.7989353060455266,
   1.7989429131227417,
   1.7988958041113663,
   1.7988933172102821,
   1.798940441887885,
   1.7989445020897974,
   1.798895093672884,
   1.798895093672851,
   1.7989445020898034,
   1.7989404418877908,
   1.7988933172102841,
   1.7988958041112806,
   1.7989429131226091,
   1.7989353060455164,
   1.7988917579057577,
   1.7988943978611003,
   1.798937772044147,
   1.7989338688091823,
   1.7988922186645964
  ],
  "1": [
   1.7960855203368686,
   1.79583831503407,
   1.7958368147798518,
   1.7960848102442197,
   1.7960831249663038,
   1.7958386060408866,
   1.7958353955003832,
   1.7960814503641247,
   1.79607969344635,
   1.7958373630198035,
   1.7958357804439578,
   1.7960788471678375,
   1.796078847167825,
   1.7958357804440037,
   1.7958373630198594,
   1.7960796934463252,
   1.7960814503641458,
   1.7958353955004904,
   1.7958386060408644,
   1.7960831249662548,
   1.796084810244173,
   1.7958368147798827,
   1.7958383150341113,
   1.7960855203368167
  ]
 },
 "2": {
  "0": [
   1.7917862329280871,
   1.7918895782046316,
   1.7920072406720848,
   1.792005800928592,
   1.7918873823493522,
   1.7917852564298704,
   1.7917837454398482,
   1.7918822312674798,
   1.7919969392517352,
   1.7919941364247298,
   1.791877583545072,
   1.7917818424047387,
   1.7917802675138466,
   1.7918725440124026,
   1.7919845051269776,
   1.7919832410886667,
   1.7918702244189266,
   1.7917792607045646,
   1.791779260704626,
   1.7918702244189635,
   1.7919832410887189,
   1.7919845051272096,
   1.791872544012305,
   1.7917802675138683,
   1.7917818424047842,
   1.791877583544898,
   1.7919941364248233,
   1.7919969392518964,
   1.7918822312674885,
   1.791783745439713,
   1.7917852564298518,
   1.791887382349309,
   1.7920058009284594,
   1.7920072406720426,
   1.7918895782047712,
   1.7917862329282337
  ],
  "1": [
   1.7943417517849631,
   1.7943753808721667,
   1.79442925010768,
   1.7944287477026408,
   1.7943736513626312,
   1.7943406403679392,
   1.7943439677812512,
   1.7943782439294582,
   1.7944312995481215,
   1.7944305458634664,
   1.7943743941746106,
   1.7943413132123307,
   1.7943447206219516,
   1.7943791892146768,
   1.794432783749154,
   1.7944323106546023,
   1.7943772465253762,
   1.794343565235522,
   1.7943435652355377,
   1.7943772465253767,
   1.7944323106546685,
   1.794432783749095,
   1.7943791892144803,
   1.794344720622023,
   1.7943413132124855,
   1.7943743941745076,
   1.7944305458636265,
   1.7944312995484464,
   1.7943782439293117,
   1.794343967781298,
   1.7943406403678623,
   1.7943736513626265,
   1.794428747702353,
   1.7944292501077537,
   1.7943753808720238,
   1.794341751785101
  ]
 },
 "Z_a": [
  6,
  6,
  6,
  6,
  6,
  6,
  6,
  6,
  6,
  6,
  6,
  6,
  15,
  15,
  15,
  15,
  5,
  5,
  5,
  5,
  6,
  6,
  6,
  6,
  1,
  1,
  1,
  1
 ],
 "spos_ac": [
  [
   0.8718660952526087,
   0.5837291759961125,
   0.7534809390756724
  ],
  [
   0.6986240723229341,
   0.48768998419119075,
   0.25336615032443005
  ],
  [
   0.19858837509816793,
   0.08362831616217008,
   0.3179253126594499
  ],
  [
   0.3728225730365013,
   0.9877907833693982,
   0.8180398015204244
  ],
  [
   0.19860645323141912,
   0.48769939543246715,
   0.31794763235288415
  ],
  [
   0.3728044991056383,
   0.5837385872373697,
   0.8180624211041376
  ],
  [
   0.8728401963304102,
   0.9878002552664016,
   0.7535032587691535
  ],
  [
   0.6986059983920574,
   0.08363778805915369,
   0.25338876990820447
  ],
  [
   0.580337036130758,
   0.7857428455147029,
   0.8284489903057531
  ],
  [
   0.9910801856437652,
   0.2856857654320702,
   0.3283266604950205
  ],
  [
   0.4910915352978086,
   0.2856857259138744,
   0.24297958112279205
  ],
  [
   0.08034838578481276,
   0.7857428059965278,
   0.7431019109335104
  ],
  [
   0.755526571583481,
   0.7856954668548161,
   0.057720507054192224
  ],
  [
   0.8159144112245231,
   0.2857331412294591,
   0.5576744231511703
  ],
  [
   0.31590199984508127,
   0.2857331045737628,
   0.013708064374391744
  ],
  [
   0.25551416020405365,
   0.7856954301991116,
   0.5137541482774152
  ],
  [
   0.9429087061186406,
   0.785761641804599,
   0.6199422682520512
  ],
  [
   0.6285310576064032,
   0.285666909325302,
   0.11983709918226215
  ],
  [
   0.12851986530993414,
   0.28566692962398743,
   0.4514863031765194
  ],
  [
   0.4428975138221664,
   0.7857616621032533,
   0.9515914722463219
  ],
  [
   0.9391054496484148,
   0.7857604233767579,
   0.2960072262493838
  ],
  [
   0.6323303838208034,
   0.28566804776689636,
   0.7958941259476945
  ],
  [
   0.13232312178014652,
   0.28566814805183244,
   0.7754213451791778
  ],
  [
   0.4390981876077812,
   0.7857605236616424,
   0.2755344454808884
  ],
  [
   0.535714285714276,
   0.5357142857142836,
   0.5357142857142578
  ],
  [
   0.03571428571428551,
   0.5357142857142896,
   0.03571428571426786
  ],
  [
   0.5357142857142978,
   0.03571428571427649,
   0.5357142857142925
  ],
  [
   0.035714285714278544,
   0.03571428571429287,
   0.035714285714279946
  ]
 ]
}