{
 "0": {
  "0": [
   0.5427256437419352,
   0.5562511464240598,
   0.5562511486165956,
   0.5427256496104855,
   0.5434717422213681,
   0.557272094319851,
   0.5572720972806462,
   0.543471753547839,
   0.5433396935663557,
   0.5568358594025183,
   0.5568358596773003,
   0.543339698886289,
   0.5433396988863118,
   0.5568358596773056,
   0.5568358594025248,
   0.5433396935663043,
   0.5434717535478206,
   0.5572720972806372,
   0.557272094319862,
   0.5434717422213804,
   0.5427256496104585,
   0.5562511486166611,
   0.5562511464240917,
   0.5427256437419495
  ],
  "1": [
   3.047663204436499,
   3.03406191842433,
   3.0340619322341484,
   3.0476632167472606,
   3.0469460300523057,
   3.0331145275398836,
   3.033114555377918,
   3.046946054458881,
   3.047114584744723,
   3.033624989494809,
   3.0336250034997576,
   3.0471145967136164,
   3.0471145967136337,
   3.0336250034997616,
   3.033624989494837,
   3.047114584744718,
   3.0469460544589024,
   3.033114555377914,
   3.0331145275398774,
   3.0469460300522724,
   3.0476632167472637,
   3.0340619322341578,
   3.034061918424326,
   3.047663204436498
  ]
 },
 "1": {
  "0": [
   1.796308957024878,
   1.7963265997024263,
   1.7963265979889504,
   1.7963089555712752,
   1.7963090531394283,
   1.7963279077816396,
   1.796327904418585,
   1.7963090503544124,
   1.7963091681859786,
   1.796329213809597,
   1.796329212170364,
   1.7963091667277338,
   1.7963091667277309,
   1.7963292121703422,
   1.7963292138095495,
   1.7963091681860048,
   1.7963090503544636,
   1.7963279044186173,
   1.7963279077816743,
   1.7963090531393646,
   1.7963089555712632,
   1.7963265979889322,
   1.7963265997024636,
   1.7963089570248996
  ],
  "1": [
   1.7940815920201123,
   1.7940641233789647,
   1.7940641281606693,
   1.79408159570981,
   1.7940815005810207,
   1.7940628189880796,
   1.7940628284957025,
   1.7940815082480124,
   1.7940813925861683,
   1.7940615197498342,
   1.7940615244748839,
   1.7940813964121316,
   1.794081396412116,
   1.794061524474858,
   1.7940615197497756,
   1.79408139258615,
   1.7940815082480874,
   1.794062828495663,
   1.7940628189880885,
   1.7940815005809976,
   1.7940815957098426,
   1.7940641281606906,
   1.7940641233789687,
   1.794081592020149
  ]
 },
 "2": {
  "0": [
   1.8455927059628092,
   1.8455785283299948,
   1.845570661102956,
   1.8455706593168961,
   1.8455785255861732,
   1.8455927044269902,
   1.845592701799021,
   1.845578112111379,
   1.8455691040882174,
   1.8455691004964383,
   1.8455781065203714,
   1.8455926992979983,
   1.8455925915928912,
   1.8455776136052728,
   1.845567624502962,
   1.8455676226926265,
   1.8455776108621118,
   1.8455925902230255,
   1.8455925902229313,
   1.8455776108620843,
   1.8455676226926634,
   1.8455676245028927,
   1.8455776136053488,
   1.8455925915929727,
   1.8455926992980167,
   1.8455781065203902,
   1.8455691004964514,
   1.8455691040882336,
   1.8455781121114199,
   1.845592701799081,
   1.8455927044269271,
   1.8455785255861366,
   1.845570659316855,
   1.8455706611029954,
   1.8455785283299462,
   1.8455927059628692
  ],
  "1": [
   1.915675958027678,
   1.9157909329060219,
   1.9158976677966713,
   1.9158976697994976,
   1.9157909361025625,
   1.9156759595061588,
   1.9156768264071435,
   1.915784577301701,
   1.9158838829138993,
   1.9158838871321398,
   1.9157845835834182,
   1.9156768288191872,
   1.9156777651590147,
   1.9157780383246013,
   1.9158697263388353,
   1.9158697284141712,
   1.9157780415402197,
   1.9156777664601221,
   1.9156777664601452,
   1.915778041540172,
   1.9158697284141992,
   1.9158697263388411,
   1.9157780383246223,
   1.9156777651591097,
   1.9156768288192176,
   1.91578458358345,
   1.9158838871321549,
   1.9158838829139127,
   1.9157845773016644,
   1.9156768264072515,
   1.9156759595061683,
   1.9157909361025922,
   1.9158976697994563,
   1.9158976677966082,
   1.915790932906088,
   1.9156759580276794
  ]
 },
 "Z_a": [
  6,
  6,
  6,
  6,
  6,
  6,
  6,
  6,
  6,
  6,
  6,
  6,
  15,
  15,
  15,
  15,
  5,
  5,
  5,
  5,
  6,
  6,
  6,
  6,
  1,
  1,
  1,
  1
 ],
 "spos_ac": [
  [
   0.8728221181971595,
   0.5837291759961125,
   0.7534809390756724
  ],
  [
   0.6986240723229341,
   0.48768998419119075,
   0.25336615032443005
  ],
  [
   0.19858837509816793,
   0.08362831616217008,
   0.3179253126594499
  ],
  [
   0.3728225730365013,
   0.9877907833693982,
   0.8180398015204244
  ],
  [
   0.19860645323141912,
   0.48769939543246715,
   0.31794763235288415
  ],
  [
   0.3728044991056383,
   0.5837385872373697,
   0.8180624211041376
  ],
  [
   0.8728401963304102,
   0.9878002552664016,
   0.7535032587691535
  ],
  [
   0.6986059983920574,
   0.08363778805915369,
   0.25338876990820447
  ],
  [
   0.580337036130758,
   0.7857428455147029,
   0.8284489903057531
  ],
  [
   0.9910801856437652,
   0.2856857654320702,
   0.3283266604950205
  ],
  [
   0.4910915352978086,
   0.2856857259138744,
   0.24297958112279205
  ],
  [
   0.08034838578481276,
   0.7857428059965278,
   0.7431019109335104
  ],
  [
   0.755526571583481,
   0.7856954668548161,
   0.057720507054192224
  ],
  [
   0.8159144112245231,
   0.2857331412294591,
   0.5576744231511703
  ],
  [
   0.31590199984508127,
   0.2857331045737628,
   0.011598359733041533
  ],
  [
   0.25551416020405365,
   0.7856954301991116,
   0.5137541482774152
  ],
  [
   0.9429087061186406,
   0.785761641804599,
   0.6199422682520512
  ],
  [
   0.6285310576064032,
   0.285666909325302,
   0.11983709918226215
  ],
  [
   0.12851986530993414,
   0.28566692962398743,
   0.4514863031765194
  ],
  [
   0.4428975138221664,
   0.7857616621032533,
   0.9515914722463219
  ],
  [
   0.9391054496484148,
   0.7857604233767579,
   0.2960072262493838
  ],
  [
   0.6323303838208034,
   0.28566804776689636,
   0.7958941259476945
  ],
  [
   0.13232312178014652,
   0.28566814805183244,
   0.7754213451791778
  ],
  [
   0.4390981876077812,
   0.7857605236616424,
   0.2755344454808884
  ],
  [
   0.535714285714276,
   0.5357142857142836,
   0.5357142857142578
  ],
  [
   0.03571428571428551,
   0.5357142857142896,
   0.03571428571426786
  ],
  [
   0.5357142857142978,
   0.03571428571427649,
   0.5357142857142925
  ],
  [
   0.035714285714278544,
   0.03571428571429287,
   0.035714285714279946
  ]
 ]
}