{
 "0": {
  "0": [
   0.5423210004978343,
   0.5558678179159915,
   0.5558678154496235,
   0.5423209982097752,
   0.5429998420949117,
   0.5567757613649433,
   0.5567757560659409,
   0.5429998384487776,
   0.542792261566886,
   0.5562217455530913,
   0.5562217425465388,
   0.5427922595023823,
   0.5427922595023716,
   0.5562217425464566,
   0.5562217455530408,
   0.5427922615668608,
   0.5429998384487518,
   0.5567757560658277,
   0.5567757613648481,
   0.5429998420948774,
   0.5423209982097308,
   0.5558678154496302,
   0.5558678179159715,
   0.5423210004977858
  ],
  "1": [
   3.0469511232321205,
   3.033355788129776,
   3.0333557984004544,
   3.0469511316160545,
   3.046257433399868,
   3.032417658123721,
   3.0324176793005315,
   3.0462574504869835,
   3.0464386641481718,
   3.032935559946785,
   3.032935571439071,
   3.0464386729212505,
   3.0464386729212873,
   3.032935571439145,
   3.0329355599467993,
   3.046438664148204,
   3.0462574504870497,
   3.0324176793005986,
   3.032417658123768,
   3.046257433399943,
   3.0469511316160944,
   3.0333557984004593,
   3.033355788129818,
   3.046951123232091
  ]
 },
 "1": {
  "0": [
   1.7963095193108027,
   1.796326919773574,
   1.7963269238277553,
   1.7963095221301153,
   1.7963095946099397,
   1.7963282098245508,
   1.7963282183252345,
   1.796309600133055,
   1.7963096930458338,
   1.796329503807928,
   1.7963295082227813,
   1.7963096957391973,
   1.7963096957392235,
   1.796329508222772,
   1.7963295038079377,
   1.796309693045815,
   1.796309600133046,
   1.7963282183251976,
   1.7963282098246314,
   1.7963095946098957,
   1.7963095221301053,
   1.7963269238276873,
   1.796326919773609,
   1.7963095193108365
  ],
  "1": [
   1.794080966556693,
   1.794063524515982,
   1.7940635237929405,
   1.7940809668094093,
   1.7940808807948228,
   1.79406222407685,
   1.7940622224797897,
   1.7940808813272147,
   1.794080774953972,
   1.7940609234939666,
   1.7940609225436914,
   1.7940807750942251,
   1.7940807750942138,
   1.7940609225436872,
   1.7940609234939917,
   1.7940807749539636,
   1.7940808813271305,
   1.7940622224797524,
   1.7940622240768853,
   1.7940808807948296,
   1.794080966809386,
   1.7940635237929357,
   1.794063524515975,
   1.79408096655664
  ]
 },
 "2": {
  "0": [
   1.7381114132769555,
   1.7381947504154442,
   1.7382936009526857,
   1.7382936036538932,
   1.7381947537696436,
   1.738111415081343,
   1.7381146488126737,
   1.7382012076070208,
   1.7382999992504766,
   1.7383000040412466,
   1.7382012154420365,
   1.7381146518577992,
   1.7381178188696709,
   1.7382071115497533,
   1.738306857598345,
   1.7383068601127343,
   1.7382071152463474,
   1.7381178203342098,
   1.7381178203340948,
   1.738207115246299,
   1.7383068601126594,
   1.7383068575981215,
   1.7382071115496802,
   1.7381178188696254,
   1.7381146518578654,
   1.738201215442191,
   1.738300004041538,
   1.738299999250371,
   1.7382012076070414,
   1.7381146488126988,
   1.738111415081406,
   1.7381947537694205,
   1.7382936036538668,
   1.7382936009526702,
   1.7381947504155122,
   1.738111413276864
  ],
  "1": [
   1.7404729511945622,
   1.7404540007621585,
   1.7404369438354406,
   1.7404369435944695,
   1.7404539997252038,
   1.7404729509543608,
   1.7404722923746694,
   1.740452873547018,
   1.7404339704791558,
   1.7404339695769946,
   1.7404528727718587,
   1.7404722915798814,
   1.7404714515808852,
   1.7404510109727713,
   1.740431007770059,
   1.740431007247406,
   1.7404510104793285,
   1.7404714512611348,
   1.7404714512610342,
   1.7404510104792055,
   1.7404310072473892,
   1.740431007769979,
   1.7404510109727531,
   1.7404714515808457,
   1.7404722915797959,
   1.7404528727721007,
   1.7404339695770843,
   1.740433970478978,
   1.7404528735468596,
   1.7404722923746971,
   1.7404729509544026,
   1.7404539997253257,
   1.740436943594456,
   1.7404369438356404,
   1.7404540007621878,
   1.7404729511946226
  ]
 },
 "Z_a": [
  6,
  6,
  6,
  6,
  6,
  6,
  6,
  6,
  6,
  6,
  6,
  6,
  15,
  15,
  15,
  15,
  5,
  5,
  5,
  5,
  6,
  6,
  6,
  6,
  1,
  1,
  1,
  1
 ],
 "spos_ac": [
  [
   0.8728221181971595,
   0.5837291759961125,
   0.7534809390756724
  ],
  [
   0.6986240723229341,
   0.48768998419119075,
   0.25336615032443005
  ],
  [
   0.19858837509816793,
   0.08362831616217008,
   0.3179253126594499
  ],
  [
   0.3728225730365013,
   0.9877907833693982,
   0.8180398015204244
  ],
  [
   0.19860645323141912,
   0.48769939543246715,
   0.31794763235288415
  ],
  [
   0.3728044991056383,
   0.5837385872373697,
   0.8180624211041376
  ],
  [
   0.8728401963304102,
   0.9878002552664016,
   0.7535032587691535
  ],
  [
   0.6986059983920574,
   0.08363778805915369,
   0.25338876990820447
  ],
  [
   0.580337036130758,
   0.7857428455147029,
   0.8284489903057531
  ],
  [
   0.9910801856437652,
   0.2856857654320702,
   0.3283266604950205
  ],
  [
   0.4910915352978086,
   0.2856857259138744,
   0.24297958112279205
  ],
  [
   0.08034838578481276,
   0.7857428059965278,
   0.7431019109335104
  ],
  [
   0.755526571583481,
   0.7856954668548161,
   0.057720507054192224
  ],
  [
   0.8159144112245231,
   0.2857331412294591,
   0.5576744231511703
  ],
  [
   0.31590199984508127,
   0.2857331045737628,
   0.013708064374391744
  ],
  [
   0.25551416020405365,
   0.7856954301991116,
   0.5137541482774152
  ],
  [
   0.9429087061186406,
   0.785761641804599,
   0.6199422682520512
  ],
  [
   0.6285310576064032,
   0.285666909325302,
   0.11983709918226215
  ],
  [
   0.12851986530993414,
   0.28566692962398743,
   0.4514863031765194
  ],
  [
   0.4428975138221664,
   0.7857616621032533,
   0.9515914722463219
  ],
  [
   0.9391054496484148,
   0.7857604233767579,
   0.29811693089073404
  ],
  [
   0.6323303838208034,
   0.28566804776689636,
   0.7958941259476945
  ],
  [
   0.13232312178014652,
   0.28566814805183244,
   0.7754213451791778
  ],
  [
   0.4390981876077812,
   0.7857605236616424,
   0.2755344454808884
  ],
  [
   0.535714285714276,
   0.5357142857142836,
   0.5357142857142578
  ],
  [
   0.03571428571428551,
   0.5357142857142896,
   0.03571428571426786
  ],
  [
   0.5357142857142978,
   0.03571428571427649,
   0.5357142857142925
  ],
  [
   0.035714285714278544,
   0.03571428571429287,
   0.035714285714279946
  ]
 ]
}