{
 "0": {
  "0": [
   0.5417483495151798,
   0.5554031789509105,
   0.5554031781688722,
   0.5417483499959922,
   0.542411961821879,
   0.5562984672237019,
   0.5562984665090915,
   0.5424119625212136,
   0.5421970271181731,
   0.5557358004884354,
   0.5557358006366546,
   0.5421970272079475,
   0.5421970272079396,
   0.5557358006366739,
   0.5557358004884607,
   0.5421970271181991,
   0.5424119625212853,
   0.5562984665091059,
   0.5562984672236957,
   0.542411961821918,
   0.5417483499960397,
   0.5554031781688373,
   0.5554031789508935,
   0.5417483495151947
  ],
  "1": [
   3.0473707723315475,
   3.0337254988538485,
   3.0337255002906494,
   3.0473707730675517,
   3.046674594370903,
   3.0327862625721007,
   3.0327862659990674,
   3.0466745948085223,
   3.0468549759165344,
   3.033301204994909,
   3.0333012072581313,
   3.04685497596634,
   3.0468549759663777,
   3.0333012072581935,
   3.0333012049949053,
   3.046854975916561,
   3.0466745948085427,
   3.0327862659990594,
   3.032786262572054,
   3.046674594370874,
   3.0473707730676045,
   3.0337255002906374,
   3.033725498853839,
   3.0473707723314605
  ]
 },
 "1": {
  "0": [
   1.7963104051266066,
   1.7963278904467352,
   1.7963278938514238,
   1.7963104063133601,
   1.7963104903123452,
   1.7963291887957593,
   1.7963291952872613,
   1.7963104930370744,
   1.7963105970615958,
   1.796330489762965,
   1.7963304931502684,
   1.7963105984956873,
   1.796310598495674,
   1.7963304931502648,
   1.7963304897629548,
   1.7963105970615492,
   1.7963104930371048,
   1.7963291952873077,
   1.7963291887957644,
   1.796310490312277,
   1.7963104063133992,
   1.7963278938514264,
   1.7963278904467146,
   1.7963104051266725
  ],
  "1": [
   1.7940818863164254,
   1.7940643749989003,
   1.7940643765815063,
   1.7940818868751367,
   1.7940817908579667,
   1.7940630668748303,
   1.7940630704200136,
   1.7940817921115089,
   1.794081675695562,
   1.7940617607545792,
   1.7940617624773036,
   1.7940816763982175,
   1.7940816763982204,
   1.7940617624773185,
   1.794061760754539,
   1.7940816756955575,
   1.794081792111548,
   1.7940630704199634,
   1.7940630668748552,
   1.7940817908579523,
   1.7940818868751276,
   1.7940643765815008,
   1.7940643749988914,
   1.7940818863164325
  ]
 },
 "2": {
  "0": [
   1.842809727860168,
   1.842718716125783,
   1.842631460819535,
   1.8426314600670695,
   1.8427187138678571,
   1.8428097270866024,
   1.842812377563653,
   1.8427225277561612,
   1.8426342524340547,
   1.8426342509434293,
   1.8427225246178833,
   1.8428123760030515,
   1.842814911057328,
   1.842726394024034,
   1.8426371081096822,
   1.8426371075197217,
   1.8427263924334332,
   1.8428149100913684,
   1.8428149100912676,
   1.8427263924334156,
   1.8426371075197554,
   1.84263710810968,
   1.8427263940240197,
   1.8428149110573637,
   1.8428123760031792,
   1.8427225246179542,
   1.8426342509435245,
   1.8426342524340018,
   1.8427225277562023,
   1.8428123775635727,
   1.8428097270867059,
   1.8427187138677803,
   1.8426314600669638,
   1.842631460819802,
   1.842718716125816,
   1.8428097278601696
  ],
  "1": [
   1.8455280667167204,
   1.8455103309209984,
   1.8454935004055644,
   1.845493503517739,
   1.8455103365809649,
   1.8455280697327487,
   1.8455276109470276,
   1.8455046814655363,
   1.845482553799863,
   1.845482560222831,
   1.845504694368793,
   1.8455276167972807,
   1.8455268264387648,
   1.8454989032976625,
   1.8454711845876957,
   1.8454711884990134,
   1.8454989099416435,
   1.8455268294368024,
   1.845526829436762,
   1.8454989099415362,
   1.8454711884989874,
   1.8454711845877783,
   1.845498903297549,
   1.8455268264386784,
   1.8455276167973031,
   1.8455046943688385,
   1.845482560222929,
   1.845482553799919,
   1.8455046814654381,
   1.8455276109470535,
   1.8455280697326926,
   1.84551033658109,
   1.845493503517732,
   1.845493500405661,
   1.845510330921074,
   1.8455280667166132
  ]
 },
 "Z_a": [
  6,
  6,
  6,
  6,
  6,
  6,
  6,
  6,
  6,
  6,
  6,
  6,
  15,
  15,
  15,
  15,
  5,
  5,
  5,
  5,
  6,
  6,
  6,
  6,
  1,
  1,
  1,
  1
 ],
 "spos_ac": [
  [
   0.8728221181971595,
   0.5837291759961125,
   0.7534809390756724
  ],
  [
   0.6986240723229341,
   0.48768998419119075,
   0.25336615032443005
  ],
  [
   0.19858837509816793,
   0.08362831616217008,
   0.3179253126594499
  ],
  [
   0.3728225730365013,
   0.9877907833693982,
   0.8180398015204244
  ],
  [
   0.19860645323141912,
   0.48769939543246715,
   0.31794763235288415
  ],
  [
   0.3728044991056383,
   0.5837385872373697,
   0.8180624211041376
  ],
  [
   0.8728401963304102,
   0.9878002552664016,
   0.7535032587691535
  ],
  [
   0.6986059983920574,
   0.08363778805915369,
   0.25338876990820447
  ],
  [
   0.580337036130758,
   0.7857428455147029,
   0.826339285664403
  ],
  [
   0.9910801856437652,
   0.2856857654320702,
   0.3283266604950205
  ],
  [
   0.4910915352978086,
   0.2856857259138744,
   0.24297958112279205
  ],
  [
   0.08034838578481276,
   0.7857428059965278,
   0.7431019109335104
  ],
  [
   0.755526571583481,
   0.7856954668548161,
   0.057720507054192224
  ],
  [
   0.8159144112245231,
   0.2857331412294591,
   0.5576744231511703
  ],
  [
   0.31590199984508127,
   0.2857331045737628,
   0.013708064374391744
  ],
  [
   0.25551416020405365,
   0.7856954301991116,
   0.5137541482774152
  ],
  [
   0.9429087061186406,
   0.785761641804599,
   0.6199422682520512
  ],
  [
   0.6285310576064032,
   0.285666909325302,
   0.11983709918226215
  ],
  [
   0.12851986530993414,
   0.28566692962398743,
   0.4514863031765194
  ],
  [
   0.4428975138221664,
   0.7857616621032533,
   0.9515914722463219
  ],
  [
   0.9391054496484148,
   0.7857604233767579,
   0.2960072262493838
  ],
  [
   0.6323303838208034,
   0.28566804776689636,
   0.7958941259476945
  ],
  [
   0.13232312178014652,
   0.28566814805183244,
   0.7754213451791778
  ],
  [
   0.4390981876077812,
   0.7857605236616424,
   0.2755344454808884
  ],
  [
   0.535714285714276,
   0.5357142857142836,
   0.5357142857142578
  ],
  [
   0.03571428571428551,
   0.5357142857142896,
   0.03571428571426786
  ],
  [
   0.5357142857142978,
   0.03571428571427649,
   0.5357142857142925
  ],
  [
   0.035714285714278544,
   0.03571428571429287,
   0.035714285714279946
  ]
 ]
}