{
 "0": {
  "0": [
   0.5435560431088401,
   0.557107197415517,
   0.5571006247014045,
   0.5435534880339284,
   0.5442694186115806,
   0.5580620349755854,
   0.5580460782552832,
   0.5442638784822199,
   0.5441156812374718,
   0.5575720420955131,
   0.5575622949595641,
   0.5441125640111552,
   0.5441125640111786,
   0.5575622949595556,
   0.557572042095513,
   0.544115681237495,
   0.544263878482218,
   0.5580460782552633,
   0.5580620349755834,
   0.5442694186115661,
   0.5435534880339126,
   0.5571006247014163,
   0.5571071974155254,
   0.5435560431088421
  ],
  "1": [
   3.0491165984568522,
   3.035408084279859,
   3.035417245407988,
   3.0491277764487497,
   3.048443147916776,
   3.0344693029596574,
   3.0344879521594033,
   3.0484653621885824,
   3.0486592154731484,
   3.034991780801275,
   3.0350013368457955,
   3.0486705462849577,
   3.0486705462849986,
   3.03500133684581,
   3.0349917808012883,
   3.048659215473114,
   3.0484653621885967,
   3.0344879521593926,
   3.0344693029596597,
   3.048443147916779,
   3.0491277764487568,
   3.0354172454079946,
   3.0354080842798528,
   3.0491165984568473
  ]
 },
 "1": {
  "0": [
   1.7546126136860252,
   1.7549085290668247,
   1.7549103237719699,
   1.7546135195780865,
   1.754610044705648,
   1.7549006598893122,
   1.7549042658606455,
   1.7546118863433866,
   1.754608368133744,
   1.7548946992791465,
   1.7548964803195524,
   1.7546093060842916,
   1.7546093060842476,
   1.7548964803195455,
   1.7548946992791463,
   1.7546083681336895,
   1.754611886343404,
   1.754904265860651,
   1.7549006598892676,
   1.75461004470567,
   1.7546135195780894,
   1.754910323772002,
   1.7549085290667634,
   1.7546126136860036
  ],
  "1": [
   1.7510619249014807,
   1.7511894498861211,
   1.7511872016831607,
   1.7510589567333867,
   1.7510638870668023,
   1.7511908002428878,
   1.751186180357144,
   1.7510581442082445,
   1.7510630451142255,
   1.7511900191614398,
   1.751187682411448,
   1.7510601568276214,
   1.7510601568275912,
   1.7511876824114647,
   1.7511900191614989,
   1.751063045114218,
   1.7510581442082445,
   1.7511861803571547,
   1.7511908002428753,
   1.7510638870667823,
   1.7510589567333938,
   1.7511872016831986,
   1.7511894498861085,
   1.7510619249014965
  ]
 },
 "2": {
  "0": [
   1.7931404139740676,
   1.7932248453541062,
   1.793341849434969,
   1.7933389008884104,
   1.7932212507223024,
   1.7931392614318247,
   1.7931390233411688,
   1.7932258844559668,
   1.7933457195925624,
   1.7933398587714005,
   1.793218187134905,
   1.793136605869017,
   1.7931365280664042,
   1.7932230890065808,
   1.793346642464804,
   1.7933437311040343,
   1.7932192109282556,
   1.7931353269600818,
   1.7931353269601014,
   1.7932192109284153,
   1.7933437311040394,
   1.7933466424647917,
   1.793223089006638,
   1.7931365280663105,
   1.7931366058690017,
   1.7932181871349584,
   1.7933398587713445,
   1.793345719592631,
   1.7932258844561033,
   1.7931390233412463,
   1.7931392614318475,
   1.7932212507223249,
   1.793338900888428,
   1.7933418494349753,
   1.7932248453541408,
   1.7931404139740779
  ],
  "1": [
   1.796378091546189,
   1.7964026636456212,
   1.7964297693857478,
   1.7964304282531025,
   1.796403516915517,
   1.7963782581952303,
   1.7963744842645755,
   1.7964000280988157,
   1.796429176318896,
   1.7964304243225588,
   1.7964015911758504,
   1.7963748481728572,
   1.7963712425468268,
   1.7963983597309277,
   1.7964288467633764,
   1.796429585270629,
   1.7963991751015422,
   1.7963713442687255,
   1.7963713442686498,
   1.7963991751015935,
   1.7964295852707155,
   1.7964288467633849,
   1.7963983597310322,
   1.7963712425468705,
   1.7963748481728177,
   1.796401591175809,
   1.796430424322554,
   1.7964291763188627,
   1.796400028098783,
   1.7963744842645972,
   1.796378258195159,
   1.7964035169155286,
   1.7964304282531478,
   1.7964297693857383,
   1.796402663645641,
   1.7963780915461984
  ]
 },
 "Z_a": [
  6,
  6,
  6,
  6,
  6,
  6,
  6,
  6,
  6,
  6,
  6,
  6,
  15,
  15,
  15,
  15,
  5,
  5,
  5,
  5,
  6,
  6,
  6,
  6,
  1,
  1,
  1,
  1
 ],
 "spos_ac": [
  [
   0.8728221181971595,
   0.5837291759961125,
   0.7534809390756724
  ],
  [
   0.6986240723229341,
   0.48768998419119075,
   0.25336615032443005
  ],
  [
   0.19858837509816793,
   0.08526766042446517,
   0.3179253126594499
  ],
  [
   0.3728225730365013,
   0.9877907833693982,
   0.8180398015204244
  ],
  [
   0.19860645323141912,
   0.48769939543246715,
   0.31794763235288415
  ],
  [
   0.3728044991056383,
   0.5837385872373697,
   0.8180624211041376
  ],
  [
   0.8728401963304102,
   0.9878002552664016,
   0.7535032587691535
  ],
  [
   0.6986059983920574,
   0.08363778805915369,
   0.25338876990820447
  ],
  [
   0.580337036130758,
   0.7857428455147029,
   0.8284489903057531
  ],
  [
   0.9910801856437652,
   0.2856857654320702,
   0.3283266604950205
  ],
  [
   0.4910915352978086,
   0.2856857259138744,
   0.24297958112279205
  ],
  [
   0.08034838578481276,
   0.7857428059965278,
   0.7431019109335104
  ],
  [
   0.755526571583481,
   0.7856954668548161,
   0.057720507054192224
  ],
  [
   0.8159144112245231,
   0.2857331412294591,
   0.5576744231511703
  ],
  [
   0.31590199984508127,
   0.2857331045737628,
   0.013708064374391744
  ],
  [
   0.25551416020405365,
   0.7856954301991116,
   0.5137541482774152
  ],
  [
   0.9429087061186406,
   0.785761641804599,
   0.6199422682520512
  ],
  [
   0.6285310576064032,
   0.285666909325302,
   0.11983709918226215
  ],
  [
   0.12851986530993414,
   0.28566692962398743,
   0.4514863031765194
  ],
  [
   0.4428975138221664,
   0.7857616621032533,
   0.9515914722463219
  ],
  [
   0.9391054496484148,
   0.7857604233767579,
   0.2960072262493838
  ],
  [
   0.6323303838208034,
   0.28566804776689636,
   0.7958941259476945
  ],
  [
   0.13232312178014652,
   0.28566814805183244,
   0.7754213451791778
  ],
  [
   0.4390981876077812,
   0.7857605236616424,
   0.2755344454808884
  ],
  [
   0.535714285714276,
   0.5357142857142836,
   0.5357142857142578
  ],
  [
   0.03571428571428551,
   0.5357142857142896,
   0.03571428571426786
  ],
  [
   0.5357142857142978,
   0.03571428571427649,
   0.5357142857142925
  ],
  [
   0.035714285714278544,
   0.03571428571429287,
   0.035714285714279946
  ]
 ]
}