{
 "0": {
  "0": [
   0.5426658086506017,
   0.5562647747927005,
   0.5562693308241283,
   0.5426778747914589,
   0.5433527926687914,
   0.5571948403735772,
   0.5572018578711272,
   0.543376505973733,
   0.5431753921140051,
   0.5566739349261717,
   0.5566762132767948,
   0.5431870375025812,
   0.5431870375025722,
   0.5566762132768067,
   0.556673934926164,
   0.5431753921140173,
   0.5433765059737369,
   0.5572018578711143,
   0.5571948403735577,
   0.5433527926687767,
   0.5426778747914494,
   0.5562693308241476,
   0.5562647747927036,
   0.5426658086505968
  ],
  "1": [
   3.04772868294069,
   3.0341338743627015,
   3.034143425654089,
   3.0477391125640776,
   3.047031158682018,
   3.0331998192342047,
   3.0332161353801936,
   3.0470515323146645,
   3.047220203140273,
   3.033728683569901,
   3.033735344609281,
   3.047230108296529,
   3.047230108296535,
   3.033735344609295,
   3.0337286835699135,
   3.0472202031402853,
   3.0470515323146574,
   3.0332161353802247,
   3.0331998192341993,
   3.047031158682011,
   3.047739112564047,
   3.03414342565409,
   3.034133874362703,
   3.0477286829406927
  ]
 },
 "1": {
  "0": [
   1.8047661289214623,
   1.8043550120455376,
   1.8043515216063715,
   1.8047622904397163,
   1.804763978925744,
   1.804362575140893,
   1.8043554442266712,
   1.8047564214735263,
   1.804758156857786,
   1.8043669368208566,
   1.8043633881581775,
   1.8047544597990615,
   1.8047544597990228,
   1.8043633881581627,
   1.8043669368208595,
   1.8047581568577706,
   1.8047564214735352,
   1.8043554442266698,
   1.8043625751408954,
   1.8047639789257282,
   1.8047622904396972,
   1.8043515216063748,
   1.8043550120455158,
   1.8047661289214523
  ],
  "1": [
   1.80333152158965,
   1.803504718349343,
   1.8035075820208908,
   1.8033347979261263,
   1.803323969259947,
   1.803485442004823,
   1.8034911864212841,
   1.8033306962555657,
   1.8033198738284169,
   1.8034691094699895,
   1.8034719839595725,
   1.8033232809774278,
   1.8033232809774338,
   1.8034719839595623,
   1.803469109470017,
   1.803319873828431,
   1.8033306962555458,
   1.8034911864212853,
   1.8034854420048083,
   1.80332396925993,
   1.8033347979261263,
   1.8035075820209057,
   1.8035047183493067,
   1.803331521589647
  ]
 },
 "2": {
  "0": [
   1.7937549768017114,
   1.7937645346765323,
   1.7937715485994274,
   1.7937649863253067,
   1.7937540739168762,
   1.7937505938651337,
   1.7937566396848448,
   1.793769434687126,
   1.7937746774202723,
   1.7937613898125955,
   1.793748355220807,
   1.7937482793572674,
   1.793754235435036,
   1.7937637335667982,
   1.793770981796327,
   1.7937645533702962,
   1.7937532217211316,
   1.7937499810999744,
   1.793749981099974,
   1.7937532217211107,
   1.7937645533703264,
   1.7937709817963117,
   1.7937637335667733,
   1.7937542354350473,
   1.7937482793572346,
   1.7937483552207354,
   1.7937613898126934,
   1.7937746774202732,
   1.7937694346871222,
   1.7937566396848403,
   1.793750593865109,
   1.7937540739168885,
   1.7937649863252392,
   1.7937715485993753,
   1.7937645346765503,
   1.7937549768017491
  ],
  "1": [
   1.7966215364795743,
   1.7966192893422142,
   1.796610317334758,
   1.7966044096657816,
   1.796609424683088,
   1.7966170147645524,
   1.7966238853963827,
   1.796624864396954,
   1.796613813385627,
   1.7966018672788888,
   1.7966048083482327,
   1.79661523733525,
   1.7966220260966181,
   1.7966202939141185,
   1.796611251044323,
   1.7966054411422405,
   1.7966103262997761,
   1.7966176691802116,
   1.796617669180264,
   1.7966103262997857,
   1.7966054411422834,
   1.7966112510443364,
   1.7966202939141103,
   1.7966220260965993,
   1.796615237335224,
   1.796604808348159,
   1.7966018672788304,
   1.7966138133856158,
   1.7966248643969405,
   1.7966238853963254,
   1.7966170147645881,
   1.7966094246831188,
   1.7966044096658162,
   1.7966103173347823,
   1.7966192893422728,
   1.7966215364796074
  ]
 },
 "Z_a": [
  6,
  6,
  6,
  6,
  6,
  6,
  6,
  6,
  6,
  6,
  6,
  6,
  15,
  15,
  15,
  15,
  5,
  5,
  5,
  5,
  6,
  6,
  6,
  6,
  1,
  1,
  1,
  1
 ],
 "spos_ac": [
  [
   0.8728221181971595,
   0.5837291759961125,
   0.7534809390756724
  ],
  [
   0.6986240723229341,
   0.48768998419119075,
   0.25336615032443005
  ],
  [
   0.19858837509816793,
   0.08362831616217008,
   0.3179253126594499
  ],
  [
   0.3728225730365013,
   0.9877907833693982,
   0.8180398015204244
  ],
  [
   0.19860645323141912,
   0.48769939543246715,
   0.31794763235288415
  ],
  [
   0.3728044991056383,
   0.5837385872373697,
   0.8180624211041376
  ],
  [
   0.8728401963304102,
   0.9878002552664016,
   0.7535032587691535
  ],
  [
   0.6986059983920574,
   0.08363778805915369,
   0.25338876990820447
  ],
  [
   0.580337036130758,
   0.7857428455147029,
   0.8284489903057531
  ],
  [
   0.9910801856437652,
   0.2856857654320702,
   0.3283266604950205
  ],
  [
   0.4910915352978086,
   0.2856857259138744,
   0.24297958112279205
  ],
  [
   0.08034838578481276,
   0.7857428059965278,
   0.7431019109335104
  ],
  [
   0.755526571583481,
   0.7856954668548161,
   0.057720507054192224
  ],
  [
   0.8159144112245231,
   0.2857331412294591,
   0.5576744231511703
  ],
  [
   0.31590199984508127,
   0.2857331045737628,
   0.013708064374391744
  ],
  [
   0.25551416020405365,
   0.7856954301991116,
   0.5137541482774152
  ],
  [
   0.9429087061186406,
   0.7841222975423039,
   0.6199422682520512
  ],
  [
   0.6285310576064032,
   0.285666909325302,
   0.11983709918226215
  ],
  [
   0.12851986530993414,
   0.28566692962398743,
   0.4514863031765194
  ],
  [
   0.4428975138221664,
   0.7857616621032533,
   0.9515914722463219
  ],
  [
   0.9391054496484148,
   0.7857604233767579,
   0.2960072262493838
  ],
  [
   0.6323303838208034,
   0.28566804776689636,
   0.7958941259476945
  ],
  [
   0.13232312178014652,
   0.28566814805183244,
   0.7754213451791778
  ],
  [
   0.4390981876077812,
   0.7857605236616424,
   0.2755344454808884
  ],
  [
   0.535714285714276,
   0.5357142857142836,
   0.5357142857142578
  ],
  [
   0.03571428571428551,
   0.5357142857142896,
   0.03571428571426786
  ],
  [
   0.5357142857142978,
   0.03571428571427649,
   0.5357142857142925
  ],
  [
   0.035714285714278544,
   0.03571428571429287,
   0.035714285714279946
  ]
 ]
}