{
 "0": {
  "0": [
   0.5423304597237281,
   0.55587496043921,
   0.5558749608258808,
   0.5423304593752085,
   0.5430206009437815,
   0.556798488714823,
   0.5567984904738056,
   0.5430205995780862,
   0.542834736206315,
   0.5562671620688717,
   0.5562671635629814,
   0.5428347353212938,
   0.542834735321326,
   0.5562671635629848,
   0.5562671620688302,
   0.5428347362062932,
   0.5430205995780701,
   0.5567984904738336,
   0.5567984887148194,
   0.5430206009438349,
   0.5423304593751661,
   0.5558749608259235,
   0.5558749604392182,
   0.5423304597237478
  ],
  "1": [
   3.0468224342385555,
   3.033285834160491,
   3.0332858340675912,
   3.0468224354657925,
   3.0461002346968917,
   3.0323191653149704,
   3.0323191655784036,
   3.0461002365411414,
   3.046252043721635,
   3.032803712369152,
   3.032803712928566,
   3.046252044427746,
   3.04625204442777,
   3.0328037129285854,
   3.0328037123691387,
   3.0462520437215983,
   3.04610023654114,
   3.032319165578366,
   3.032319165314979,
   3.046100234696874,
   3.046822435465769,
   3.033285834067598,
   3.0332858341604867,
   3.0468224342385497
  ]
 },
 "1": {
  "0": [
   1.7963102590670739,
   1.7963276836736852,
   1.7963276862715722,
   1.7963102603956793,
   1.7963103331351014,
   1.7963289777414337,
   1.796328983574188,
   1.7963103357092869,
   1.7963104287798393,
   1.7963302739056124,
   1.7963302768619716,
   1.796310430156151,
   1.7963104301561095,
   1.796330276861945,
   1.7963302739056173,
   1.79631042877982,
   1.7963103357092836,
   1.7963289835741563,
   1.7963289777414284,
   1.7963103331351802,
   1.7963102603956562,
   1.7963276862716266,
   1.7963276836736548,
   1.7963102590670867
  ],
  "1": [
   1.7940820227302636,
   1.7940645689519497,
   1.7940645714981929,
   1.7940820232148926,
   1.7940819379972446,
   1.7940632648463557,
   1.7940632693733607,
   1.794081939647103,
   1.794081833702214,
   1.7940619634344104,
   1.7940619656998178,
   1.7940818345552498,
   1.7940818345552776,
   1.7940619656998102,
   1.7940619634344186,
   1.7940818337022475,
   1.7940819396470935,
   1.7940632693733398,
   1.7940632648463473,
   1.794081937997236,
   1.794082023214827,
   1.79406457149831,
   1.7940645689520065,
   1.7940820227301606
  ]
 },
 "2": {
  "0": [
   1.8426275729703416,
   1.842620658169825,
   1.8426193277368217,
   1.8426193319846536,
   1.8426206657457729,
   1.8426275768519529,
   1.842626547749916,
   1.8426143742288537,
   1.842608077053963,
   1.8426080855451499,
   1.8426143909775352,
   1.8426265554053651,
   1.8426251651339391,
   1.8426079616414122,
   1.8425963624141133,
   1.8425963674817634,
   1.8426079702308573,
   1.8426251690054196,
   1.8426251690053246,
   1.842607970230863,
   1.8425963674817898,
   1.8425963624141708,
   1.8426079616414284,
   1.8426251651339047,
   1.8426265554053585,
   1.84261439097744,
   1.8426080855451168,
   1.8426080770539726,
   1.8426143742287617,
   1.8426265477499522,
   1.8426275768519913,
   1.8426206657457511,
   1.8426193319846371,
   1.8426193277367022,
   1.8426206581699,
   1.8426275729705686
  ],
  "1": [
   1.8456695862756816,
   1.8455699579167233,
   1.8454699407124753,
   1.8454699387535234,
   1.8455699537116352,
   1.845669584611217,
   1.845672799690283,
   1.8455744584766944,
   1.8454731987338981,
   1.8454731950544314,
   1.8455744513280599,
   1.8456727962579147,
   1.8456759189105896,
   1.8455790255831663,
   1.8454765764864054,
   1.8454765747083672,
   1.845579021974464,
   1.8456759170032933,
   1.845675917003358,
   1.8455790219745303,
   1.8454765747083082,
   1.8454765764861416,
   1.8455790255832558,
   1.84567591891074,
   1.8456727962580093,
   1.8455744513280867,
   1.8454731950543395,
   1.8454731987339312,
   1.845574458476688,
   1.8456727996902575,
   1.845669584611131,
   1.8455699537116041,
   1.8454699387535702,
   1.8454699407124615,
   1.8455699579164946,
   1.845669586275618
  ]
 },
 "Z_a": [
  6,
  6,
  6,
  6,
  6,
  6,
  6,
  6,
  6,
  6,
  6,
  6,
  15,
  15,
  15,
  15,
  5,
  5,
  5,
  5,
  6,
  6,
  6,
  6,
  1,
  1,
  1,
  1
 ],
 "spos_ac": [
  [
   0.8728221181971595,
   0.5837291759961125,
   0.7534809390756724
  ],
  [
   0.6986240723229341,
   0.48768998419119075,
   0.25336615032443005
  ],
  [
   0.19858837509816793,
   0.08362831616217008,
   0.3179253126594499
  ],
  [
   0.3728225730365013,
   0.9877907833693982,
   0.8180398015204244
  ],
  [
   0.19860645323141912,
   0.48769939543246715,
   0.31794763235288415
  ],
  [
   0.3728044991056383,
   0.5837385872373697,
   0.8180624211041376
  ],
  [
   0.8728401963304102,
   0.9878002552664016,
   0.7535032587691535
  ],
  [
   0.6986059983920574,
   0.08363778805915369,
   0.25338876990820447
  ],
  [
   0.580337036130758,
   0.7857428455147029,
   0.8284489903057531
  ],
  [
   0.9910801856437652,
   0.2856857654320702,
   0.3283266604950205
  ],
  [
   0.4910915352978086,
   0.2856857259138744,
   0.24086987648144184
  ],
  [
   0.08034838578481276,
   0.7857428059965278,
   0.7431019109335104
  ],
  [
   0.755526571583481,
   0.7856954668548161,
   0.057720507054192224
  ],
  [
   0.8159144112245231,
   0.2857331412294591,
   0.5576744231511703
  ],
  [
   0.31590199984508127,
   0.2857331045737628,
   0.013708064374391744
  ],
  [
   0.25551416020405365,
   0.7856954301991116,
   0.5137541482774152
  ],
  [
   0.9429087061186406,
   0.785761641804599,
   0.6199422682520512
  ],
  [
   0.6285310576064032,
   0.285666909325302,
   0.11983709918226215
  ],
  [
   0.12851986530993414,
   0.28566692962398743,
   0.4514863031765194
  ],
  [
   0.4428975138221664,
   0.7857616621032533,
   0.9515914722463219
  ],
  [
   0.9391054496484148,
   0.7857604233767579,
   0.2960072262493838
  ],
  [
   0.6323303838208034,
   0.28566804776689636,
   0.7958941259476945
  ],
  [
   0.13232312178014652,
   0.28566814805183244,
   0.7754213451791778
  ],
  [
   0.4390981876077812,
   0.7857605236616424,
   0.2755344454808884
  ],
  [
   0.535714285714276,
   0.5357142857142836,
   0.5357142857142578
  ],
  [
   0.03571428571428551,
   0.5357142857142896,
   0.03571428571426786
  ],
  [
   0.5357142857142978,
   0.03571428571427649,
   0.5357142857142925
  ],
  [
   0.035714285714278544,
   0.03571428571429287,
   0.035714285714279946
  ]
 ]
}