{
 "0": {
  "0": [
   0.5436637365790377,
   0.5572679959556003,
   0.5572740037526619,
   0.5436685446339506,
   0.5443572552212221,
   0.5582157776790841,
   0.5582299230828923,
   0.544368741028704,
   0.5441717758263843,
   0.5577106854800491,
   0.5577194153291328,
   0.5441789596503448,
   0.5441789596503767,
   0.5577194153291426,
   0.5577106854800146,
   0.5441717758263794,
   0.544368741028727,
   0.5582299230829058,
   0.5582157776790583,
   0.5443572552212196,
   0.5436685446339402,
   0.5572740037527062,
   0.55726799595559,
   0.5436637365790867
  ],
  "1": [
   3.04840981273914,
   3.03488542650013,
   3.034892574071086,
   3.048414812789524,
   3.04767244995028,
   3.0339142394241496,
   3.0339304872921113,
   3.0476839874273973,
   3.047816073491279,
   3.034401304287884,
   3.0344107399217273,
   3.04782302287411,
   3.0478230228740903,
   3.034410739921712,
   3.0344013042879947,
   3.0478160734912074,
   3.0476839874273662,
   3.033930487292103,
   3.033914239424141,
   3.0476724499502774,
   3.048414812789545,
   3.0348925740711103,
   3.0348854265001317,
   3.0484098127391537
  ]
 },
 "1": {
  "0": [
   1.795868333545429,
   1.7957912152923323,
   1.795793351872184,
   1.7958694282201486,
   1.7958701163193,
   1.7957894916578068,
   1.7957937334031644,
   1.7958725739211827,
   1.7958733592102911,
   1.7957898486162411,
   1.7957920515290673,
   1.7958745798627243,
   1.7958745798627895,
   1.7957920515291428,
   1.795789848616191,
   1.7958733592102496,
   1.7958725739211092,
   1.7957937334032121,
   1.795789491657762,
   1.7958701163193054,
   1.7958694282201504,
   1.795793351872148,
   1.7957912152923237,
   1.7958683335454233
  ],
  "1": [
   1.793850850121136,
   1.793790411866397,
   1.7937880295380504,
   1.79384850072061,
   1.7938534540205666,
   1.793792813214258,
   1.7937880594748925,
   1.7938488810881263,
   1.7938538218706095,
   1.7937928691174254,
   1.7937906055819521,
   1.7938515115200717,
   1.79385151152008,
   1.7937906055818655,
   1.793792869117471,
   1.7938538218706237,
   1.793848881088145,
   1.7937880594748326,
   1.7937928132142693,
   1.7938534540206068,
   1.7938485007206169,
   1.7937880295380293,
   1.7937904118663572,
   1.7938508501210833
  ]
 },
 "2": {
  "0": [
   1.7441539235141628,
   1.7441684205368198,
   1.7441762504033642,
   1.7441747117942799,
   1.7441651874402126,
   1.7441523843065956,
   1.7441548622473955,
   1.7441708491146874,
   1.744177949314363,
   1.7441744085746353,
   1.7441642720850594,
   1.7441517162857076,
   1.744154199734357,
   1.7441699488290348,
   1.744177979020845,
   1.7441761284442492,
   1.7441666645532867,
   1.7441527173685603,
   1.7441527173684908,
   1.7441666645532066,
   1.7441761284441935,
   1.7441779790209846,
   1.7441699488291726,
   1.7441541997344172,
   1.744151716285791,
   1.74416427208513,
   1.7441744085747208,
   1.7441779493143352,
   1.7441708491148455,
   1.744154862247473,
   1.7441523843065725,
   1.7441651874402806,
   1.744174711794272,
   1.7441762504034939,
   1.7441684205367594,
   1.7441539235142531
  ],
  "1": [
   1.7469717521282686,
   1.7470334319157281,
   1.74710347563364,
   1.7471011289148166,
   1.747028663716784,
   1.7469691321682341,
   1.7469716703354772,
   1.7470326874265458,
   1.7471002248926704,
   1.7470958214033325,
   1.7470228640951866,
   1.7469664434715801,
   1.7469689339477403,
   1.7470269216600094,
   1.7470947198563096,
   1.7470926433236722,
   1.7470221042317031,
   1.7469664766717476,
   1.7469664766716884,
   1.7470221042317475,
   1.7470926433237672,
   1.747094719856312,
   1.7470269216597665,
   1.74696893394776,
   1.7469664434716596,
   1.7470228640951166,
   1.7470958214031376,
   1.7471002248926248,
   1.747032687426562,
   1.7469716703355715,
   1.746969132168243,
   1.7470286637168388,
   1.7471011289148366,
   1.7471034756335544,
   1.7470334319156253,
   1.746971752128365
  ]
 },
 "Z_a": [
  6,
  6,
  6,
  6,
  6,
  6,
  6,
  6,
  6,
  6,
  6,
  6,
  15,
  15,
  15,
  15,
  5,
  5,
  5,
  5,
  6,
  6,
  6,
  6,
  1,
  1,
  1,
  1
 ],
 "spos_ac": [
  [
   0.8728221181971595,
   0.5837291759961125,
   0.7534809390756724
  ],
  [
   0.6986240723229341,
   0.48768998419119075,
   0.25336615032443005
  ],
  [
   0.19858837509816793,
   0.08362831616217008,
   0.32003501730080014
  ],
  [
   0.3728225730365013,
   0.9877907833693982,
   0.8180398015204244
  ],
  [
   0.19860645323141912,
   0.48769939543246715,
   0.31794763235288415
  ],
  [
   0.3728044991056383,
   0.5837385872373697,
   0.8180624211041376
  ],
  [
   0.8728401963304102,
   0.9878002552664016,
   0.7535032587691535
  ],
  [
   0.6986059983920574,
   0.08363778805915369,
   0.25338876990820447
  ],
  [
   0.580337036130758,
   0.7857428455147029,
   0.8284489903057531
  ],
  [
   0.9910801856437652,
   0.2856857654320702,
   0.3283266604950205
  ],
  [
   0.4910915352978086,
   0.2856857259138744,
   0.24297958112279205
  ],
  [
   0.08034838578481276,
   0.7857428059965278,
   0.7431019109335104
  ],
  [
   0.755526571583481,
   0.7856954668548161,
   0.057720507054192224
  ],
  [
   0.8159144112245231,
   0.2857331412294591,
   0.5576744231511703
  ],
  [
   0.31590199984508127,
   0.2857331045737628,
   0.013708064374391744
  ],
  [
   0.25551416020405365,
   0.7856954301991116,
   0.5137541482774152
  ],
  [
   0.9429087061186406,
   0.785761641804599,
   0.6199422682520512
  ],
  [
   0.6285310576064032,
   0.285666909325302,
   0.11983709918226215
  ],
  [
   0.12851986530993414,
   0.28566692962398743,
   0.4514863031765194
  ],
  [
   0.4428975138221664,
   0.7857616621032533,
   0.9515914722463219
  ],
  [
   0.9391054496484148,
   0.7857604233767579,
   0.2960072262493838
  ],
  [
   0.6323303838208034,
   0.28566804776689636,
   0.7958941259476945
  ],
  [
   0.13232312178014652,
   0.28566814805183244,
   0.7754213451791778
  ],
  [
   0.4390981876077812,
   0.7857605236616424,
   0.2755344454808884
  ],
  [
   0.535714285714276,
   0.5357142857142836,
   0.5357142857142578
  ],
  [
   0.03571428571428551,
   0.5357142857142896,
   0.03571428571426786
  ],
  [
   0.5357142857142978,
   0.03571428571427649,
   0.5357142857142925
  ],
  [
   0.035714285714278544,
   0.03571428571429287,
   0.035714285714279946
  ]
 ]
}