{
 "0": {
  "0": [
   0.5419730174021591,
   0.5554952473153169,
   0.5555023872806998,
   0.5419780104961998,
   0.5427042519713288,
   0.5564577562830834,
   0.5564739900730842,
   0.5427157781577004,
   0.5425657676729118,
   0.5559780759072908,
   0.555987506367575,
   0.542572713644966,
   0.5425727136449672,
   0.5559875063675477,
   0.5559780759072946,
   0.5425657676728678,
   0.5427157781576595,
   0.5564739900731366,
   0.5564577562831161,
   0.542704251971277,
   0.5419780104961668,
   0.5555023872807303,
   0.5554952473152297,
   0.5419730174020526
  ],
  "1": [
   3.046719079127473,
   3.033113726637654,
   3.033119741409245,
   3.0467238910117174,
   3.046019288860259,
   3.0321582255076835,
   3.0321723869051866,
   3.0460307860202027,
   3.0462096251507864,
   3.0326693173041575,
   3.0326780556835,
   3.0462168148453452,
   3.0462168148452653,
   3.0326780556834603,
   3.0326693173041925,
   3.0462096251507713,
   3.0460307860201765,
   3.0321723869051715,
   3.0321582255077395,
   3.0460192888602124,
   3.0467238910116756,
   3.0331197414092057,
   3.0331137266376316,
   3.046719079127552
  ]
 },
 "1": {
  "0": [
   1.7960783753065177,
   1.7960529145035888,
   1.796050528290662,
   1.7960760216910734,
   1.7960811522792097,
   1.7960579195908415,
   1.796053157843824,
   1.7960765727530952,
   1.7960817314113529,
   1.7960605750692382,
   1.7960583067247735,
   1.7960794176720103,
   1.7960794176720403,
   1.796058306724758,
   1.7960605750692606,
   1.7960817314113267,
   1.796076572753124,
   1.7960531578438106,
   1.7960579195908106,
   1.7960811522791527,
   1.796076021691096,
   1.7960505282906252,
   1.7960529145035635,
   1.7960783753064817
  ],
  "1": [
   1.793640512202668,
   1.793528441169064,
   1.7935305759884599,
   1.7936416082108264,
   1.793642118699729,
   1.7935241139227733,
   1.7935283520726384,
   1.7936445779001657,
   1.7936451448482962,
   1.7935218664017833,
   1.7935240682690468,
   1.7936463664049074,
   1.7936463664048763,
   1.7935240682690867,
   1.7935218664017791,
   1.7936451448483548,
   1.7936445779001204,
   1.7935283520726037,
   1.7935241139227682,
   1.7936421186997291,
   1.7936416082107898,
   1.7935305759884832,
   1.7935284411690982,
   1.7936405122026735
  ]
 },
 "2": {
  "0": [
   1.843422481806762,
   1.8433629162484684,
   1.843290411308467,
   1.8432880669180571,
   1.8433581504521273,
   1.8434198629296936,
   1.8434251643790875,
   1.8433687166174848,
   1.8432957302463526,
   1.843291330144909,
   1.8433588981812161,
   1.843419939244078,
   1.8434251249586968,
   1.8433694797967652,
   1.8432989210183905,
   1.8432968453345149,
   1.8433646644211883,
   1.8434226681359465,
   1.843422668135938,
   1.8433646644211819,
   1.8432968453344587,
   1.8432989210183195,
   1.8433694797967184,
   1.8434251249587141,
   1.8434199392441604,
   1.843358898181141,
   1.8432913301448337,
   1.843295730246419,
   1.8433687166174342,
   1.8434251643791402,
   1.8434198629301082,
   1.8433581504521293,
   1.8432880669180607,
   1.8432904113084911,
   1.8433629162485214,
   1.8434224818070346
  ],
  "1": [
   1.8462405477127182,
   1.8462276813527136,
   1.8462180875097831,
   1.8462165486478468,
   1.8462244470841984,
   1.846239008075304,
   1.8462412128665475,
   1.8462285940106034,
   1.8462183876361726,
   1.8462148459427856,
   1.846222014436226,
   1.8462380661596336,
   1.8462402078709141,
   1.8462261976299756,
   1.8462166640007982,
   1.8462148132478957,
   1.8462229120631521,
   1.846238724855561,
   1.8462387248556125,
   1.8462229120631426,
   1.8462148132478828,
   1.8462166640007707,
   1.8462261976299454,
   1.8462402078708342,
   1.846238066159556,
   1.8462220144362471,
   1.8462148459428354,
   1.8462183876362166,
   1.846228594010483,
   1.8462412128665577,
   1.8462390080752507,
   1.84622444708431,
   1.8462165486478217,
   1.846218087509897,
   1.8462276813527156,
   1.8462405477126858
  ]
 },
 "Z_a": [
  6,
  6,
  6,
  6,
  6,
  6,
  6,
  6,
  6,
  6,
  6,
  6,
  15,
  15,
  15,
  15,
  5,
  5,
  5,
  5,
  6,
  6,
  6,
  6,
  1,
  1,
  1,
  1
 ],
 "spos_ac": [
  [
   0.8728221181971595,
   0.5837291759961125,
   0.7513712344343222
  ],
  [
   0.6986240723229341,
   0.48768998419119075,
   0.25336615032443005
  ],
  [
   0.19858837509816793,
   0.08362831616217008,
   0.3179253126594499
  ],
  [
   0.3728225730365013,
   0.9877907833693982,
   0.8180398015204244
  ],
  [
   0.19860645323141912,
   0.48769939543246715,
   0.31794763235288415
  ],
  [
   0.3728044991056383,
   0.5837385872373697,
   0.8180624211041376
  ],
  [
   0.8728401963304102,
   0.9878002552664016,
   0.7535032587691535
  ],
  [
   0.6986059983920574,
   0.08363778805915369,
   0.25338876990820447
  ],
  [
   0.580337036130758,
   0.7857428455147029,
   0.8284489903057531
  ],
  [
   0.9910801856437652,
   0.2856857654320702,
   0.3283266604950205
  ],
  [
   0.4910915352978086,
   0.2856857259138744,
   0.24297958112279205
  ],
  [
   0.08034838578481276,
   0.7857428059965278,
   0.7431019109335104
  ],
  [
   0.755526571583481,
   0.7856954668548161,
   0.057720507054192224
  ],
  [
   0.8159144112245231,
   0.2857331412294591,
   0.5576744231511703
  ],
  [
   0.31590199984508127,
   0.2857331045737628,
   0.013708064374391744
  ],
  [
   0.25551416020405365,
   0.7856954301991116,
   0.5137541482774152
  ],
  [
   0.9429087061186406,
   0.785761641804599,
   0.6199422682520512
  ],
  [
   0.6285310576064032,
   0.285666909325302,
   0.11983709918226215
  ],
  [
   0.12851986530993414,
   0.28566692962398743,
   0.4514863031765194
  ],
  [
   0.4428975138221664,
   0.7857616621032533,
   0.9515914722463219
  ],
  [
   0.9391054496484148,
   0.7857604233767579,
   0.2960072262493838
  ],
  [
   0.6323303838208034,
   0.28566804776689636,
   0.7958941259476945
  ],
  [
   0.13232312178014652,
   0.28566814805183244,
   0.7754213451791778
  ],
  [
   0.4390981876077812,
   0.7857605236616424,
   0.2755344454808884
  ],
  [
   0.535714285714276,
   0.5357142857142836,
   0.5357142857142578
  ],
  [
   0.03571428571428551,
   0.5357142857142896,
   0.03571428571426786
  ],
  [
   0.5357142857142978,
   0.03571428571427649,
   0.5357142857142925
  ],
  [
   0.035714285714278544,
   0.03571428571429287,
   0.035714285714279946
  ]
 ]
}