{
 "0": {
  "0": [
   0.5436644353268631,
   0.5572685836040212,
   0.5572745723427197,
   0.5436692213144889,
   0.5443579931102361,
   0.558216444198784,
   0.5582305479362765,
   0.5443694338101788,
   0.5441725297335114,
   0.5577114226368872,
   0.5577201291385235,
   0.5441796894822035,
   0.5441796894821859,
   0.5577201291385316,
   0.5577114226368988,
   0.5441725297335139,
   0.544369433810159,
   0.5582305479362679,
   0.5582164441987769,
   0.5443579931102377,
   0.543669221314483,
   0.5572745723427501,
   0.5572685836040161,
   0.5436644353268754
  ],
  "1": [
   3.0484103397120488,
   3.0348860358736984,
   3.034893161991518,
   3.048415322985322,
   3.0476729826937494,
   3.0339149020060026,
   3.0339311009770573,
   3.047684481653347,
   3.0478165935303543,
   3.034402004433393,
   3.034411413281493,
   3.0478235218910115,
   3.0478235218910297,
   3.034411413281515,
   3.0344020044334026,
   3.0478165935303596,
   3.0476844816533637,
   3.0339311009770222,
   3.033914902006046,
   3.0476729826937543,
   3.0484153229853095,
   3.034893161991482,
   3.034886035873691,
   3.048410339712074
  ]
 },
 "1": {
  "0": [
   1.7967506644089182,
   1.7968616125936727,
   1.796863748107668,
   1.796751762650732,
   1.796747693924194,
   1.7968638377716337,
   1.7968680770114853,
   1.7967501576209621,
   1.7967459074730845,
   1.7968681248511906,
   1.796870326925364,
   1.7967471304438536,
   1.79674713044386,
   1.7968703269253623,
   1.7968681248512144,
   1.7967459074730505,
   1.7967501576209555,
   1.796868077011473,
   1.7968638377716333,
   1.7967476939241755,
   1.7967517626507308,
   1.7968637481076686,
   1.7968616125936838,
   1.796750664408928
  ],
  "1": [
   1.7943147768875252,
   1.794340157928148,
   1.794337773468055,
   1.794312421920792,
   1.7943142206718947,
   1.7943375263104073,
   1.7943327681527446,
   1.794309638557841,
   1.7943113705732139,
   1.7943323763213017,
   1.7943301103684333,
   1.7943090549323044,
   1.7943090549323117,
   1.794330110368409,
   1.7943323763213361,
   1.7943113705732496,
   1.7943096385578565,
   1.7943327681527514,
   1.7943375263104275,
   1.794314220671871,
   1.7943124219208086,
   1.7943377734680546,
   1.7943401579281466,
   1.7943147768875456
  ]
 },
 "2": {
  "0": [
   1.843354227187473,
   1.843351156540533,
   1.843355839533558,
   1.8433542962192195,
   1.843347917426973,
   1.8433526854515971,
   1.8433542720517189,
   1.8433513402360722,
   1.8433557090146022,
   1.8433521595991704,
   1.8433447504376392,
   1.8433511214937286,
   1.8433526191838974,
   1.8433482136407247,
   1.8433534983271451,
   1.843351643032732,
   1.8433449224482392,
   1.8433511344406317,
   1.843351134440622,
   1.8433449224482679,
   1.8433516430327708,
   1.8433534983271762,
   1.8433482136406776,
   1.8433526191839107,
   1.843351121493798,
   1.8433447504375922,
   1.8433521595991325,
   1.843355709014596,
   1.8433513402361197,
   1.843354272051716,
   1.843352685451589,
   1.8433479174269352,
   1.8433542962192855,
   1.8433558395335523,
   1.8433511565405194,
   1.8433542271874805
  ],
  "1": [
   1.846309275223404,
   1.846239674838634,
   1.8461526330452354,
   1.8461502815554531,
   1.846234896076673,
   1.846306651415251,
   1.846312584614946,
   1.8462462147567738,
   1.846158393525276,
   1.8461539800365452,
   1.8462363728433044,
   1.8463073486022588,
   1.8463131922223879,
   1.846247705490733,
   1.846162067282279,
   1.8461599843799514,
   1.8462428776200048,
   1.8463107309763314,
   1.846310730976311,
   1.8462428776200015,
   1.8461599843799754,
   1.8461620672822352,
   1.8462477054907591,
   1.846313192222385,
   1.8463073486022887,
   1.8462363728432762,
   1.8461539800365587,
   1.8461583935252757,
   1.8462462147566574,
   1.8463125846149357,
   1.8463066514152724,
   1.8462348960767434,
   1.8461502815554736,
   1.8461526330452183,
   1.8462396748386367,
   1.8463092752234154
  ]
 },
 "Z_a": [
  6,
  6,
  6,
  6,
  6,
  6,
  6,
  6,
  6,
  6,
  6,
  6,
  15,
  15,
  15,
  15,
  5,
  5,
  5,
  5,
  6,
  6,
  6,
  6,
  1,
  1,
  1,
  1
 ],
 "spos_ac": [
  [
   0.8728221181971595,
   0.5837291759961125,
   0.7534809390756724
  ],
  [
   0.6986240723229341,
   0.48768998419119075,
   0.25125644568307987
  ],
  [
   0.19858837509816793,
   0.08362831616217008,
   0.3179253126594499
  ],
  [
   0.3728225730365013,
   0.9877907833693982,
   0.8180398015204244
  ],
  [
   0.19860645323141912,
   0.48769939543246715,
   0.31794763235288415
  ],
  [
   0.3728044991056383,
   0.5837385872373697,
   0.8180624211041376
  ],
  [
   0.8728401963304102,
   0.9878002552664016,
   0.7535032587691535
  ],
  [
   0.6986059983920574,
   0.08363778805915369,
   0.25338876990820447
  ],
  [
   0.580337036130758,
   0.7857428455147029,
   0.8284489903057531
  ],
  [
   0.9910801856437652,
   0.2856857654320702,
   0.3283266604950205
  ],
  [
   0.4910915352978086,
   0.2856857259138744,
   0.24297958112279205
  ],
  [
   0.08034838578481276,
   0.7857428059965278,
   0.7431019109335104
  ],
  [
   0.755526571583481,
   0.7856954668548161,
   0.057720507054192224
  ],
  [
   0.8159144112245231,
   0.2857331412294591,
   0.5576744231511703
  ],
  [
   0.31590199984508127,
   0.2857331045737628,
   0.013708064374391744
  ],
  [
   0.25551416020405365,
   0.7856954301991116,
   0.5137541482774152
  ],
  [
   0.9429087061186406,
   0.785761641804599,
   0.6199422682520512
  ],
  [
   0.6285310576064032,
   0.285666909325302,
   0.11983709918226215
  ],
  [
   0.12851986530993414,
   0.28566692962398743,
   0.4514863031765194
  ],
  [
   0.4428975138221664,
   0.7857616621032533,
   0.9515914722463219
  ],
  [
   0.9391054496484148,
   0.7857604233767579,
   0.2960072262493838
  ],
  [
   0.6323303838208034,
   0.28566804776689636,
   0.7958941259476945
  ],
  [
   0.13232312178014652,
   0.28566814805183244,
   0.7754213451791778
  ],
  [
   0.4390981876077812,
   0.7857605236616424,
   0.2755344454808884
  ],
  [
   0.535714285714276,
   0.5357142857142836,
   0.5357142857142578
  ],
  [
   0.03571428571428551,
   0.5357142857142896,
   0.03571428571426786
  ],
  [
   0.5357142857142978,
   0.03571428571427649,
   0.5357142857142925
  ],
  [
   0.035714285714278544,
   0.03571428571429287,
   0.035714285714279946
  ]
 ]
}