{
 "0": {
  "0": [
   0.5426542806433373,
   0.5562509495482713,
   0.5562443084580319,
   0.5426481713444207,
   0.5433510695568822,
   0.5571857227441319,
   0.5571713651779906,
   0.5433366445459497,
   0.5431640507786663,
   0.5566588950135233,
   0.556650973384827,
   0.5431563937858966,
   0.5431563937859132,
   0.5566509733848158,
   0.5566588950135177,
   0.5431640507786872,
   0.543336644545921,
   0.5571713651779817,
   0.5571857227441852,
   0.5433510695568841,
   0.5426481713444251,
   0.5562443084580498,
   0.5562509495482835,
   0.5426542806433478
  ],
  "1": [
   3.0477166575309433,
   3.0341244349278433,
   3.034114500287581,
   3.047709453863133,
   3.0470281628684455,
   3.033198632749938,
   3.0331782051902754,
   3.0470123668055393,
   3.047207838619457,
   3.0337172768726224,
   3.0337067338578962,
   3.0471998556024804,
   3.0471998556024693,
   3.0337067338578962,
   3.03371727687264,
   3.0472078386194665,
   3.0470123668055042,
   3.033178205190289,
   3.0331986327499223,
   3.0470281628685427,
   3.0477094538631126,
   3.0341145002875636,
   3.0341244349278527,
   3.047716657530938
  ]
 },
 "1": {
  "0": [
   1.8336086714937558,
   1.8337325883790634,
   1.8337344836967893,
   1.8336108991594706,
   1.833610383337393,
   1.8337347537175106,
   1.833738759875155,
   1.8336147370570643,
   1.8336140797916238,
   1.833738954944565,
   1.833740796978359,
   1.8336163223219963,
   1.8336163223220325,
   1.8337407969783532,
   1.8337389549445964,
   1.8336140797916094,
   1.8336147370570404,
   1.8337387598751975,
   1.8337347537175164,
   1.833610383337385,
   1.833610899159454,
   1.833734483696789,
   1.8337325883790125,
   1.833608671493763
  ],
  "1": [
   1.8313984260225569,
   1.8313514127141457,
   1.8313436026924734,
   1.8313935951067435,
   1.8314036294641547,
   1.8313633544630252,
   1.8313476026664626,
   1.8313939454762513,
   1.8314038822630396,
   1.8313674356274505,
   1.8313595055103467,
   1.8313990474742639,
   1.8313990474742863,
   1.8313595055103582,
   1.8313674356274545,
   1.8314038822630365,
   1.8313939454763337,
   1.831347602666461,
   1.8313633544630474,
   1.8314036294641503,
   1.8313935951067413,
   1.8313436026925203,
   1.8313514127140582,
   1.8313984260225658
  ]
 },
 "2": {
  "0": [
   1.7937411648873514,
   1.7937437089569492,
   1.7937520904273248,
   1.7937560306374425,
   1.793750567815894,
   1.793743778322087,
   1.7937394318921536,
   1.7937400217546888,
   1.793749586945335,
   1.793758053824082,
   1.7937535191778968,
   1.7937449642553138,
   1.7937406003254515,
   1.793743007180165,
   1.7937514587327525,
   1.7937556605603775,
   1.793749811850326,
   1.7937432071276278,
   1.7937432071276016,
   1.793749811850391,
   1.7937556605603464,
   1.7937514587328571,
   1.793743007180219,
   1.7937406003254734,
   1.7937449642554286,
   1.7937535191778995,
   1.7937580538241158,
   1.7937495869453528,
   1.7937400217546384,
   1.7937394318921012,
   1.7937437783221046,
   1.7937505678158783,
   1.7937560306374565,
   1.7937520904272815,
   1.7937437089569457,
   1.793741164887401
  ],
  "1": [
   1.7966267995864074,
   1.796619970105803,
   1.7966134071052375,
   1.7966154023485512,
   1.7966250098454022,
   1.7966296425862283,
   1.7966256570170756,
   1.796617914987914,
   1.796612544390779,
   1.7966168021430555,
   1.7966278726798823,
   1.7966314654571425,
   1.7966275471957631,
   1.796620793366793,
   1.7966138815094377,
   1.796616050611658,
   1.7966258086654203,
   1.7966302602036357,
   1.7966302602036537,
   1.7966258086653835,
   1.7966160506116648,
   1.796613881509412,
   1.7966207933667586,
   1.7966275471958022,
   1.7966314654571969,
   1.7966278726800824,
   1.79661680214307,
   1.7966125443908447,
   1.7966179149879515,
   1.7966256570171262,
   1.7966296425861195,
   1.7966250098454206,
   1.7966154023485341,
   1.7966134071052646,
   1.7966199701058982,
   1.7966267995864755
  ]
 },
 "Z_a": [
  6,
  6,
  6,
  6,
  6,
  6,
  6,
  6,
  6,
  6,
  6,
  6,
  15,
  15,
  15,
  15,
  5,
  5,
  5,
  5,
  6,
  6,
  6,
  6,
  1,
  1,
  1,
  1
 ],
 "spos_ac": [
  [
   0.8728221181971595,
   0.5837291759961125,
   0.7534809390756724
  ],
  [
   0.6986240723229341,
   0.48768998419119075,
   0.25336615032443005
  ],
  [
   0.19858837509816793,
   0.08362831616217008,
   0.3179253126594499
  ],
  [
   0.3728225730365013,
   0.9877907833693982,
   0.8180398015204244
  ],
  [
   0.19860645323141912,
   0.48769939543246715,
   0.31794763235288415
  ],
  [
   0.3728044991056383,
   0.5837385872373697,
   0.8180624211041376
  ],
  [
   0.8728401963304102,
   0.9878002552664016,
   0.7535032587691535
  ],
  [
   0.6986059983920574,
   0.08363778805915369,
   0.25338876990820447
  ],
  [
   0.580337036130758,
   0.7857428455147029,
   0.8284489903057531
  ],
  [
   0.9910801856437652,
   0.2856857654320702,
   0.3283266604950205
  ],
  [
   0.4910915352978086,
   0.2856857259138744,
   0.24297958112279205
  ],
  [
   0.08034838578481276,
   0.7841034617342327,
   0.7431019109335104
  ],
  [
   0.755526571583481,
   0.7856954668548161,
   0.057720507054192224
  ],
  [
   0.8159144112245231,
   0.2857331412294591,
   0.5576744231511703
  ],
  [
   0.31590199984508127,
   0.2857331045737628,
   0.013708064374391744
  ],
  [
   0.25551416020405365,
   0.7856954301991116,
   0.5137541482774152
  ],
  [
   0.9429087061186406,
   0.785761641804599,
   0.6199422682520512
  ],
  [
   0.6285310576064032,
   0.285666909325302,
   0.11983709918226215
  ],
  [
   0.12851986530993414,
   0.28566692962398743,
   0.4514863031765194
  ],
  [
   0.4428975138221664,
   0.7857616621032533,
   0.9515914722463219
  ],
  [
   0.9391054496484148,
   0.7857604233767579,
   0.2960072262493838
  ],
  [
   0.6323303838208034,
   0.28566804776689636,
   0.7958941259476945
  ],
  [
   0.13232312178014652,
   0.28566814805183244,
   0.7754213451791778
  ],
  [
   0.4390981876077812,
   0.7857605236616424,
   0.2755344454808884
  ],
  [
   0.535714285714276,
   0.5357142857142836,
   0.5357142857142578
  ],
  [
   0.03571428571428551,
   0.5357142857142896,
   0.03571428571426786
  ],
  [
   0.5357142857142978,
   0.03571428571427649,
   0.5357142857142925
  ],
  [
   0.035714285714278544,
   0.03571428571429287,
   0.035714285714279946
  ]
 ]
}