{
 "0": {
  "0": [
   0.5207420857847075,
   0.5343029518765563,
   0.5343029448991474,
   0.520742078462214,
   0.5214664610791878,
   0.5352068259360057,
   0.5352068128107675,
   0.5214664468217265,
   0.5213141842395932,
   0.5346519239423858,
   0.5346519177781187,
   0.5213141777895973,
   0.5213141777895723,
   0.5346519177781022,
   0.5346519239424999,
   0.5213141842395774,
   0.5214664468217581,
   0.5352068128108193,
   0.5352068259360462,
   0.5214664610793044,
   0.5207420784622058,
   0.534302944899137,
   0.5343029518764915,
   0.5207420857847479
  ],
  "1": [
   2.9950291961720406,
   2.9815701821847633,
   2.98157019810102,
   2.9950292065949227,
   2.994261359800208,
   2.980529236108574,
   2.9805292704321125,
   2.9942613816093826,
   2.994360709211199,
   2.9809338274431574,
   2.980933846294584,
   2.9943607204668248,
   2.9943607204668785,
   2.9809338462945316,
   2.980933827443185,
   2.9943607092112154,
   2.994261381609359,
   2.9805292704321906,
   2.980529236108594,
   2.9942613598002312,
   2.995029206595011,
   2.9815701981009926,
   2.98157018218476,
   2.995029196172044
  ]
 },
 "1": {
  "0": [
   1.79630919342369,
   1.796326590013804,
   1.796326583848174,
   1.7963091888092173,
   1.7963092810094696,
   1.796327896017437,
   1.7963278836067282,
   1.7963092715959925,
   1.7963093842004059,
   1.7963291954112397,
   1.7963291890661426,
   1.7963093795912797,
   1.7963093795914336,
   1.7963291890661575,
   1.7963291954112912,
   1.7963093842002535,
   1.7963092715960576,
   1.7963278836067322,
   1.7963278960173779,
   1.7963092810094008,
   1.7963091888091622,
   1.796326583848236,
   1.7963265900138055,
   1.7963091934237785
  ],
  "1": [
   1.7940814135152698,
   1.7940641027393982,
   1.7940641042987815,
   1.7940814144139108,
   1.794081330995951,
   1.794062804794409,
   1.794062807909166,
   1.7940813330194259,
   1.794081229102926,
   1.7940615090293626,
   1.794061510458511,
   1.7940812300977207,
   1.7940812300977043,
   1.7940615104584698,
   1.794061509029335,
   1.7940812291029282,
   1.7940813330193182,
   1.7940628079091985,
   1.7940628047944782,
   1.7940813309959145,
   1.7940814144139712,
   1.7940641042987873,
   1.7940641027394932,
   1.7940814135152767
  ]
 },
 "2": {
  "0": [
   1.7937437565714276,
   1.7936789362297934,
   1.7936192523585475,
   1.7936192517106317,
   1.7936789345561,
   1.7937437560170384,
   1.793744441963325,
   1.7936844006087054,
   1.7936259150892928,
   1.7936259135367927,
   1.793684397433021,
   1.7937444403766531,
   1.7937451021373905,
   1.7936899815280587,
   1.7936326921891481,
   1.7936326914518788,
   1.7936899798742645,
   1.7937451013796037,
   1.7937451013793992,
   1.793689979874496,
   1.793632691451869,
   1.7936326921891304,
   1.793689981528018,
   1.7937451021373483,
   1.7937444403765372,
   1.793684397432937,
   1.7936259135365644,
   1.7936259150890241,
   1.7936844006086194,
   1.7937444419633606,
   1.7937437560170462,
   1.7936789345559487,
   1.7936192517106448,
   1.7936192523584282,
   1.7936789362299657,
   1.7937437565714485
  ],
  "1": [
   1.7968832132387305,
   1.7968580368458096,
   1.796817929931305,
   1.796817931239688,
   1.796858039352314,
   1.796883214210422,
   1.7968796525362256,
   1.796854288226352,
   1.79681562998243,
   1.796815632781913,
   1.7968542934027798,
   1.7968796546116115,
   1.7968760996503716,
   1.7968505039877947,
   1.796813143288713,
   1.7968131448269835,
   1.7968505065146119,
   1.7968761007334222,
   1.796876100733346,
   1.7968505065145959,
   1.7968131448270475,
   1.7968131432888355,
   1.7968505039878204,
   1.7968760996502535,
   1.7968796546113524,
   1.7968542934030038,
   1.796815632781621,
   1.7968156299823397,
   1.7968542882263758,
   1.796879652536167,
   1.7968832142104314,
   1.7968580393522269,
   1.7968179312396784,
   1.7968179299313918,
   1.79685803684567,
   1.7968832132387489
  ]
 },
 "Z_a": [
  6,
  6,
  6,
  6,
  6,
  6,
  6,
  6,
  6,
  6,
  6,
  6,
  15,
  15,
  15,
  15,
  5,
  5,
  5,
  5,
  6,
  6,
  6,
  6,
  1,
  1,
  1,
  1
 ],
 "spos_ac": [
  [
   0.8728221181971595,
   0.5837291759961125,
   0.7534809390756724
  ],
  [
   0.6986240723229341,
   0.48768998419119075,
   0.25336615032443005
  ],
  [
   0.19858837509816793,
   0.08362831616217008,
   0.3179253126594499
  ],
  [
   0.3728225730365013,
   0.9877907833693982,
   0.8180398015204244
  ],
  [
   0.19860645323141912,
   0.48769939543246715,
   0.31794763235288415
  ],
  [
   0.3728044991056383,
   0.5837385872373697,
   0.8180624211041376
  ],
  [
   0.8728401963304102,
   0.9878002552664016,
   0.7535032587691535
  ],
  [
   0.6986059983920574,
   0.08363778805915369,
   0.25338876990820447
  ],
  [
   0.580337036130758,
   0.7857428455147029,
   0.8284489903057531
  ],
  [
   0.9910801856437652,
   0.2856857654320702,
   0.3283266604950205
  ],
  [
   0.4910915352978086,
   0.2856857259138744,
   0.24297958112279205
  ],
  [
   0.08034838578481276,
   0.7857428059965278,
   0.7431019109335104
  ],
  [
   0.755526571583481,
   0.7856954668548161,
   0.057720507054192224
  ],
  [
   0.8159144112245231,
   0.2857331412294591,
   0.5576744231511703
  ],
  [
   0.31685802278963193,
   0.2857331045737628,
   0.013708064374391744
  ],
  [
   0.25551416020405365,
   0.7856954301991116,
   0.5137541482774152
  ],
  [
   0.9429087061186406,
   0.785761641804599,
   0.6199422682520512
  ],
  [
   0.6285310576064032,
   0.285666909325302,
   0.11983709918226215
  ],
  [
   0.12851986530993414,
   0.28566692962398743,
   0.4514863031765194
  ],
  [
   0.4428975138221664,
   0.7857616621032533,
   0.9515914722463219
  ],
  [
   0.9391054496484148,
   0.7857604233767579,
   0.2960072262493838
  ],
  [
   0.6323303838208034,
   0.28566804776689636,
   0.7958941259476945
  ],
  [
   0.13232312178014652,
   0.28566814805183244,
   0.7754213451791778
  ],
  [
   0.4390981876077812,
   0.7857605236616424,
   0.2755344454808884
  ],
  [
   0.535714285714276,
   0.5357142857142836,
   0.5357142857142578
  ],
  [
   0.03571428571428551,
   0.5357142857142896,
   0.03571428571426786
  ],
  [
   0.5357142857142978,
   0.03571428571427649,
   0.5357142857142925
  ],
  [
   0.035714285714278544,
   0.03571428571429287,
   0.035714285714279946
  ]
 ]
}