{
 "0": {
  "0": [
   0.5434369812209784,
   0.5570324011681858,
   0.557032410597046,
   0.5434369887581849,
   0.5441310511147751,
   0.5579709660829488,
   0.5579709860361196,
   0.5441310668281195,
   0.543950355682161,
   0.557453674535654,
   0.5574536854810542,
   0.5439503637012658,
   0.5439503637012322,
   0.5574536854810701,
   0.5574536745356249,
   0.543950355682216,
   0.5441310668281408,
   0.5579709860361531,
   0.5579709660828939,
   0.5441310511148291,
   0.5434369887581739,
   0.5570324105970922,
   0.5570324011680928,
   0.5434369812210452
  ],
  "1": [
   3.0480671866762985,
   3.0345203579284514,
   3.0345203562947574,
   3.048067185255438,
   3.047388783013677,
   3.033612899009814,
   3.033612894946218,
   3.0473887808019,
   3.047596947125023,
   3.0341675561656243,
   3.0341675537126256,
   3.0475969458396057,
   3.047596945839608,
   3.034167553712706,
   3.0341675561654715,
   3.0475969471250894,
   3.0473887808018403,
   3.0336128949462204,
   3.033612899009844,
   3.04738878301363,
   3.0480671852553614,
   3.034520356294787,
   3.03452035792847,
   3.0480671866763336
  ]
 },
 "1": {
  "0": [
   1.7963103904876336,
   1.7963278275968402,
   1.7963278278855037,
   1.7963103915695922,
   1.7963104756547075,
   1.7963291277861437,
   1.7963291284633376,
   1.79631047755182,
   1.7963105819134253,
   1.7963304277197538,
   1.7963304280219767,
   1.7963105827678985,
   1.7963105827679373,
   1.7963304280219414,
   1.7963304277197232,
   1.7963105819134169,
   1.7963104775518282,
   1.7963291284633465,
   1.7963291277860238,
   1.7963104756547499,
   1.7963103915696712,
   1.7963278278855082,
   1.7963278275968488,
   1.7963103904875812
  ],
  "1": [
   1.7940818359812742,
   1.7940644289089107,
   1.7940644319579748,
   1.794081837965727,
   1.7940817582189723,
   1.7940631345564497,
   1.794063140790895,
   1.794081762380235,
   1.794081662020249,
   1.7940618436520928,
   1.7940618468254885,
   1.794081663998072,
   1.7940816639981736,
   1.7940618468254745,
   1.7940618436520952,
   1.7940816620202211,
   1.7940817623802308,
   1.7940631407909573,
   1.7940631345564388,
   1.7940817582189523,
   1.79408183796568,
   1.7940644319579646,
   1.7940644289088756,
   1.7940818359813087
  ]
 },
 "2": {
  "0": [
   1.7375855759574836,
   1.7375768010063777,
   1.7375744548219458,
   1.7375744557670838,
   1.737576801931581,
   1.7375855766033501,
   1.7375842953624807,
   1.737574939285858,
   1.7375710563605467,
   1.737571057624523,
   1.7375749424938556,
   1.7375842964244703,
   1.7375828069900783,
   1.7375723511916514,
   1.7375676159456386,
   1.7375676166159633,
   1.7375723527041746,
   1.7375828075664925,
   1.7375828075663715,
   1.7375723527041675,
   1.737567616616076,
   1.7375676159456803,
   1.7375723511916878,
   1.7375828069901074,
   1.7375842964243957,
   1.737574942493987,
   1.7375710576246144,
   1.7375710563605324,
   1.7375749392858506,
   1.7375842953623175,
   1.7375855766033408,
   1.7375768019316313,
   1.7375744557672095,
   1.737574454821884,
   1.7375768010064452,
   1.737585575957617
  ],
  "1": [
   1.7409971020465007,
   1.7410704937221368,
   1.7411549058166311,
   1.74115490732649,
   1.7410704951063065,
   1.7409971029702218,
   1.741000947637645,
   1.7410776798171577,
   1.741161747071851,
   1.741161749689187,
   1.7410776836700135,
   1.7410009488220133,
   1.7410047520945,
   1.7410843117806267,
   1.7411690963903408,
   1.741169097711128,
   1.7410843134750167,
   1.741004752651063,
   1.7410047526509576,
   1.7410843134750251,
   1.7411690977111487,
   1.7411690963903468,
   1.741084311780533,
   1.7410047520945504,
   1.7410009488219587,
   1.7410776836700206,
   1.7411617496892475,
   1.741161747071809,
   1.741077679817022,
   1.7410009476376265,
   1.7409971029701807,
   1.7410704951062588,
   1.741154907326508,
   1.7411549058166593,
   1.7410704937222203,
   1.7409971020466362
  ]
 },
 "Z_a": [
  6,
  6,
  6,
  6,
  6,
  6,
  6,
  6,
  6,
  6,
  6,
  6,
  15,
  15,
  15,
  15,
  5,
  5,
  5,
  5,
  6,
  6,
  6,
  6,
  1,
  1,
  1,
  1
 ],
 "spos_ac": [
  [
   0.8728221181971595,
   0.5837291759961125,
   0.7534809390756724
  ],
  [
   0.6986240723229341,
   0.48768998419119075,
   0.25336615032443005
  ],
  [
   0.19858837509816793,
   0.08362831616217008,
   0.3179253126594499
  ],
  [
   0.3728225730365013,
   0.9877907833693982,
   0.8180398015204244
  ],
  [
   0.19860645323141912,
   0.48769939543246715,
   0.31794763235288415
  ],
  [
   0.3728044991056383,
   0.5837385872373697,
   0.8180624211041376
  ],
  [
   0.8728401963304102,
   0.9878002552664016,
   0.7535032587691535
  ],
  [
   0.6986059983920574,
   0.08363778805915369,
   0.25338876990820447
  ],
  [
   0.580337036130758,
   0.7857428455147029,
   0.8284489903057531
  ],
  [
   0.9910801856437652,
   0.2856857654320702,
   0.3283266604950205
  ],
  [
   0.4910915352978086,
   0.2856857259138744,
   0.24297958112279205
  ],
  [
   0.08034838578481276,
   0.7857428059965278,
   0.7431019109335104
  ],
  [
   0.755526571583481,
   0.7856954668548161,
   0.057720507054192224
  ],
  [
   0.8159144112245231,
   0.2857331412294591,
   0.5576744231511703
  ],
  [
   0.31590199984508127,
   0.2857331045737628,
   0.013708064374391744
  ],
  [
   0.25551416020405365,
   0.7856954301991116,
   0.5137541482774152
  ],
  [
   0.9429087061186406,
   0.785761641804599,
   0.6199422682520512
  ],
  [
   0.6285310576064032,
   0.285666909325302,
   0.11983709918226215
  ],
  [
   0.12851986530993414,
   0.28566692962398743,
   0.4514863031765194
  ],
  [
   0.4428975138221664,
   0.7857616621032533,
   0.9515914722463219
  ],
  [
   0.9391054496484148,
   0.7857604233767579,
   0.2960072262493838
  ],
  [
   0.6323303838208034,
   0.28566804776689636,
   0.7980038305890447
  ],
  [
   0.13232312178014652,
   0.28566814805183244,
   0.7754213451791778
  ],
  [
   0.4390981876077812,
   0.7857605236616424,
   0.2755344454808884
  ],
  [
   0.535714285714276,
   0.5357142857142836,
   0.5357142857142578
  ],
  [
   0.03571428571428551,
   0.5357142857142896,
   0.03571428571426786
  ],
  [
   0.5357142857142978,
   0.03571428571427649,
   0.5357142857142925
  ],
  [
   0.035714285714278544,
   0.03571428571429287,
   0.035714285714279946
  ]
 ]
}