{
 "0": {
  "0": [
   0.5429993830346986,
   0.5566417769706284,
   0.5566417743553059,
   0.5429993806579655,
   0.5437068235040154,
   0.5575967111697544,
   0.5575967055753881,
   0.5437068197135649,
   0.5435483832245203,
   0.5571047836786124,
   0.5571047805041157,
   0.5435483810152477,
   0.5435483810152142,
   0.5571047805041331,
   0.5571047836785918,
   0.5435483832245129,
   0.543706819713596,
   0.5575967055753882,
   0.5575967111697593,
   0.5437068235040329,
   0.5429993806579845,
   0.5566417743552964,
   0.556641776970577,
   0.5429993830346885
  ],
  "1": [
   3.0484994842718787,
   3.0349070812776993,
   3.034907091614755,
   3.048499492753895,
   3.0478070007798084,
   3.0339832873556865,
   3.0339833087173393,
   3.0478070181036068,
   3.047992316835787,
   3.0345127465778283,
   3.034512758164942,
   3.047992325723104,
   3.047992325723113,
   3.034512758164941,
   3.0345127465778194,
   3.047992316835768,
   3.0478070181035917,
   3.033983308717312,
   3.033983287355708,
   3.047807000779795,
   3.0484994927538773,
   3.0349070916147505,
   3.034907081277688,
   3.048499484271854
  ]
 },
 "1": {
  "0": [
   1.7963102229346706,
   1.7963277493032879,
   1.7963277534324562,
   1.7963102257750454,
   1.7963103149114032,
   1.7963290573264847,
   1.7963290659717581,
   1.7963103205583337,
   1.7963104298164914,
   1.7963303689559678,
   1.7963303734327545,
   1.7963104325736237,
   1.7963104325735955,
   1.7963303734327596,
   1.7963303689559342,
   1.7963104298165566,
   1.7963103205583868,
   1.7963290659717404,
   1.7963290573264479,
   1.796310314911365,
   1.7963102257750116,
   1.7963277534324522,
   1.7963277493033072,
   1.7963102229347157
  ],
  "1": [
   1.7940820199083323,
   1.7940645147780425,
   1.7940645140060976,
   1.7940820200534493,
   1.7940819353923063,
   1.7940632127947602,
   1.7940632110886225,
   1.7940819357566165,
   1.7940818306197006,
   1.7940619104265174,
   1.7940619094278203,
   1.7940818306754278,
   1.794081830675434,
   1.7940619094278163,
   1.7940619104265174,
   1.7940818306196868,
   1.7940819357566264,
   1.7940632110886225,
   1.7940632127947604,
   1.794081935392284,
   1.7940820200534595,
   1.794064514006095,
   1.7940645147780643,
   1.794082019908322
  ]
 },
 "2": {
  "0": [
   1.7381403919302352,
   1.7382260131567133,
   1.7383273819878524,
   1.7383273847990266,
   1.738226016613496,
   1.738140393837973,
   1.738143657694484,
   1.738232474311632,
   1.7383336791563568,
   1.7383336841502888,
   1.738232482455956,
   1.738143660855078,
   1.7381468943450826,
   1.7382383883098695,
   1.738340500067624,
   1.7383405027026448,
   1.7382383921704097,
   1.7381468958411468,
   1.7381468958412065,
   1.7382383921704043,
   1.7383405027026397,
   1.738340500067665,
   1.7382383883098091,
   1.7381468943451568,
   1.738143660855072,
   1.7382324824561153,
   1.7383336841503394,
   1.7383336791564898,
   1.7382324743116024,
   1.7381436576944786,
   1.7381403938379936,
   1.7382260166137642,
   1.7383273847990197,
   1.7383273819877978,
   1.738226013156722,
   1.7381403919302665
  ],
  "1": [
   1.7404866084270934,
   1.74046857731454,
   1.7404526957941855,
   1.7404526955443507,
   1.7404685761629966,
   1.740486608168731,
   1.7404859409099345,
   1.7404674561531148,
   1.7404497498776879,
   1.7404497489036606,
   1.7404674551901134,
   1.740485939980051,
   1.7404851369702043,
   1.7404656165877979,
   1.7404468748896627,
   1.7404468743745958,
   1.7404656160136553,
   1.7404851365508265,
   1.7404851365507643,
   1.740465616013603,
   1.7404468743746164,
   1.7404468748896549,
   1.740465616587795,
   1.7404851369701775,
   1.7404859399799446,
   1.7404674551900416,
   1.740449748903716,
   1.740449749877676,
   1.7404674561531615,
   1.740485940909956,
   1.740486608168677,
   1.740468576162988,
   1.7404526955442283,
   1.740452695794217,
   1.740468577314554,
   1.7404866084271153
  ]
 },
 "Z_a": [
  6,
  6,
  6,
  6,
  6,
  6,
  6,
  6,
  6,
  6,
  6,
  6,
  15,
  15,
  15,
  15,
  5,
  5,
  5,
  5,
  6,
  6,
  6,
  6,
  1,
  1,
  1,
  1
 ],
 "spos_ac": [
  [
   0.8728221181971595,
   0.5837291759961125,
   0.7534809390756724
  ],
  [
   0.6986240723229341,
   0.48768998419119075,
   0.25336615032443005
  ],
  [
   0.19858837509816793,
   0.08362831616217008,
   0.3179253126594499
  ],
  [
   0.3728225730365013,
   0.9877907833693982,
   0.8180398015204244
  ],
  [
   0.19860645323141912,
   0.48769939543246715,
   0.31794763235288415
  ],
  [
   0.3728044991056383,
   0.5837385872373697,
   0.8180624211041376
  ],
  [
   0.8728401963304102,
   0.9878002552664016,
   0.7535032587691535
  ],
  [
   0.6986059983920574,
   0.08363778805915369,
   0.25338876990820447
  ],
  [
   0.580337036130758,
   0.7857428455147029,
   0.8284489903057531
  ],
  [
   0.9910801856437652,
   0.2856857654320702,
   0.3283266604950205
  ],
  [
   0.4910915352978086,
   0.2856857259138744,
   0.24297958112279205
  ],
  [
   0.08034838578481276,
   0.7857428059965278,
   0.7431019109335104
  ],
  [
   0.755526571583481,
   0.7856954668548161,
   0.057720507054192224
  ],
  [
   0.8159144112245231,
   0.2857331412294591,
   0.5576744231511703
  ],
  [
   0.31590199984508127,
   0.2857331045737628,
   0.013708064374391744
  ],
  [
   0.25551416020405365,
   0.7856954301991116,
   0.5137541482774152
  ],
  [
   0.9429087061186406,
   0.785761641804599,
   0.6199422682520512
  ],
  [
   0.6285310576064032,
   0.285666909325302,
   0.11983709918226215
  ],
  [
   0.12851986530993414,
   0.28566692962398743,
   0.4514863031765194
  ],
  [
   0.4428975138221664,
   0.7857616621032533,
   0.9515914722463219
  ],
  [
   0.9391054496484148,
   0.7857604233767579,
   0.2960072262493838
  ],
  [
   0.6323303838208034,
   0.28566804776689636,
   0.7958941259476945
  ],
  [
   0.13232312178014652,
   0.28566814805183244,
   0.7754213451791778
  ],
  [
   0.4390981876077812,
   0.7857605236616424,
   0.27764415012223864
  ],
  [
   0.535714285714276,
   0.5357142857142836,
   0.5357142857142578
  ],
  [
   0.03571428571428551,
   0.5357142857142896,
   0.03571428571426786
  ],
  [
   0.5357142857142978,
   0.03571428571427649,
   0.5357142857142925
  ],
  [
   0.035714285714278544,
   0.03571428571429287,
   0.035714285714279946
  ]
 ]
}