{
 "0": {
  "0": [
   0.5167280840621662,
   0.5303956088918411,
   0.5303956156688573,
   0.5167280918854397,
   0.5174409931050578,
   0.5313405336478285,
   0.5313405474355175,
   0.5174410083509099,
   0.5172832572831004,
   0.5308341181963226,
   0.5308341251875837,
   0.5172832645109121,
   0.5172832645108751,
   0.5308341251875702,
   0.530834118196365,
   0.5172832572831195,
   0.5174410083509707,
   0.5313405474356213,
   0.5313405336478058,
   0.5174409931050032,
   0.5167280918854253,
   0.5303956156689602,
   0.5303956088919299,
   0.5167280840622388
  ],
  "1": [
   3.022462582816779,
   3.0092738949463538,
   3.00927389356418,
   3.0224625842383532,
   3.0218125460252963,
   3.0083957733703204,
   3.008395769753882,
   3.021812547834283,
   3.022048872896429,
   3.008978146688322,
   3.0089781437441303,
   3.022048873341703,
   3.0220488733417135,
   3.0089781437441223,
   3.008978146688325,
   3.022048872896413,
   3.021812547834278,
   3.0083957697538377,
   3.0083957733703675,
   3.0218125460253096,
   3.022462584238388,
   3.0092738935641297,
   3.0092738949463533,
   3.0224625828167397
  ]
 },
 "1": {
  "0": [
   1.7963106114430882,
   1.7963281048594686,
   1.7963281072658446,
   1.7963106156806803,
   1.7963106932708435,
   1.796329400210023,
   1.7963294055621213,
   1.7963107016773447,
   1.7963107993896363,
   1.7963306977797784,
   1.7963307006712974,
   1.7963108040131655,
   1.7963108040131406,
   1.7963307006712965,
   1.7963306977798152,
   1.7963107993895835,
   1.7963107016773374,
   1.7963294055621821,
   1.7963294002100498,
   1.796310693270793,
   1.7963106156807107,
   1.7963281072658217,
   1.796328104859453,
   1.7963106114431033
  ],
  "1": [
   1.794081810978277,
   1.7940643073397686,
   1.7940643086742643,
   1.7940818118419062,
   1.794081719254278,
   1.7940630072775678,
   1.7940630103885729,
   1.7940817215905356,
   1.7940816084313833,
   1.7940617086893902,
   1.7940617104106122,
   1.7940816098548964,
   1.7940816098548018,
   1.7940617104106373,
   1.7940617086893793,
   1.7940816084313798,
   1.7940817215905256,
   1.7940630103885866,
   1.7940630072775388,
   1.7940817192543284,
   1.7940818118419388,
   1.7940643086742922,
   1.7940643073397735,
   1.7940818109782655
  ]
 },
 "2": {
  "0": [
   1.7939547374323712,
   1.7940153582588743,
   1.7940827942184618,
   1.794082795681292,
   1.794015361101735,
   1.7939547385431445,
   1.7939552716970788,
   1.7940121346346243,
   1.7940783822888053,
   1.7940783852620048,
   1.7940121399066493,
   1.793955274739015,
   1.7939554473656056,
   1.7940082932369672,
   1.794073433151928,
   1.7940734344820155,
   1.794008295911164,
   1.7939554485346707,
   1.7939554485349618,
   1.7940082959114247,
   1.7940734344819054,
   1.7940734331518433,
   1.794008293237011,
   1.7939554473659693,
   1.7939552747392797,
   1.7940121399065498,
   1.7940783852619286,
   1.794078382288711,
   1.7940121346345328,
   1.7939552716968068,
   1.7939547385428252,
   1.7940153611016691,
   1.7940827956813883,
   1.7940827942185067,
   1.7940153582586986,
   1.79395473743216
  ],
  "1": [
   1.7972186343176761,
   1.7973255338450107,
   1.797422780332809,
   1.7974227826572808,
   1.7973255394914935,
   1.7972186363492348,
   1.797219271411061,
   1.7973174455196956,
   1.7974076638945946,
   1.797407669720933,
   1.7973174569242696,
   1.7972192773284377,
   1.7972200102868463,
   1.7973089720503872,
   1.7973917665226669,
   1.7973917694846844,
   1.7973089778908153,
   1.7972200131147738,
   1.7972200131150118,
   1.7973089778910818,
   1.7973917694846577,
   1.7973917665226866,
   1.7973089720504711,
   1.7972200102871834,
   1.7972192773285487,
   1.7973174569242232,
   1.7974076697209362,
   1.7974076638945482,
   1.7973174455196619,
   1.7972192714107431,
   1.7972186363489078,
   1.7973255394914454,
   1.7974227826572888,
   1.7974227803328149,
   1.797325533844796,
   1.7972186343173904
  ]
 },
 "Z_a": [
  6,
  6,
  6,
  6,
  6,
  6,
  6,
  6,
  6,
  6,
  6,
  6,
  15,
  15,
  15,
  15,
  5,
  5,
  5,
  5,
  6,
  6,
  6,
  6,
  1,
  1,
  1,
  1
 ],
 "spos_ac": [
  [
   0.8728221181971595,
   0.5837291759961125,
   0.7534809390756724
  ],
  [
   0.6986240723229341,
   0.48768998419119075,
   0.25336615032443005
  ],
  [
   0.19858837509816793,
   0.08362831616217008,
   0.3179253126594499
  ],
  [
   0.3728225730365013,
   0.9877907833693982,
   0.8180398015204244
  ],
  [
   0.19860645323141912,
   0.48769939543246715,
   0.31794763235288415
  ],
  [
   0.3728044991056383,
   0.5837385872373697,
   0.8180624211041376
  ],
  [
   0.8728401963304102,
   0.9878002552664016,
   0.7535032587691535
  ],
  [
   0.6986059983920574,
   0.08363778805915369,
   0.25338876990820447
  ],
  [
   0.580337036130758,
   0.7857428455147029,
   0.8284489903057531
  ],
  [
   0.9910801856437652,
   0.2856857654320702,
   0.3283266604950205
  ],
  [
   0.49204755824235924,
   0.2856857259138744,
   0.24297958112279205
  ],
  [
   0.08034838578481276,
   0.7857428059965278,
   0.7431019109335104
  ],
  [
   0.755526571583481,
   0.7856954668548161,
   0.057720507054192224
  ],
  [
   0.8159144112245231,
   0.2857331412294591,
   0.5576744231511703
  ],
  [
   0.31590199984508127,
   0.2857331045737628,
   0.013708064374391744
  ],
  [
   0.25551416020405365,
   0.7856954301991116,
   0.5137541482774152
  ],
  [
   0.9429087061186406,
   0.785761641804599,
   0.6199422682520512
  ],
  [
   0.6285310576064032,
   0.285666909325302,
   0.11983709918226215
  ],
  [
   0.12851986530993414,
   0.28566692962398743,
   0.4514863031765194
  ],
  [
   0.4428975138221664,
   0.7857616621032533,
   0.9515914722463219
  ],
  [
   0.9391054496484148,
   0.7857604233767579,
   0.2960072262493838
  ],
  [
   0.6323303838208034,
   0.28566804776689636,
   0.7958941259476945
  ],
  [
   0.13232312178014652,
   0.28566814805183244,
   0.7754213451791778
  ],
  [
   0.4390981876077812,
   0.7857605236616424,
   0.2755344454808884
  ],
  [
   0.535714285714276,
   0.5357142857142836,
   0.5357142857142578
  ],
  [
   0.03571428571428551,
   0.5357142857142896,
   0.03571428571426786
  ],
  [
   0.5357142857142978,
   0.03571428571427649,
   0.5357142857142925
  ],
  [
   0.035714285714278544,
   0.03571428571429287,
   0.035714285714279946
  ]
 ]
}