{
 "0": {
  "0": [
   0.5428329598284057,
   0.5564174873019841,
   0.5564176342290021,
   0.5428348210898856,
   0.5435268124520802,
   0.5573512256730104,
   0.5573516962504598,
   0.5435306054492487,
   0.5433444487308334,
   0.5568293046119007,
   0.5568296926940097,
   0.5433464242262563,
   0.5433464242262597,
   0.5568296926940146,
   0.5568293046119118,
   0.5433444487308511,
   0.5435306054492385,
   0.5573516962504754,
   0.5573512256730238,
   0.5435268124521465,
   0.5428348210899084,
   0.5564176342290081,
   0.5564174873020077,
   0.5428329598284082
  ],
  "1": [
   3.047891813523298,
   3.034287405458278,
   3.0342875705369865,
   3.047893691954238,
   3.0471996809018886,
   3.0333587288208586,
   3.0333592379501177,
   3.047203507770377,
   3.0473839272272576,
   3.0338834891677924,
   3.0338838983408403,
   3.047385919353562,
   3.047385919353455,
   3.0338838983407963,
   3.0338834891677418,
   3.047383927227277,
   3.0472035077703423,
   3.033359237950047,
   3.0333587288207715,
   3.047199680901866,
   3.0478936919541733,
   3.034287570536995,
   3.0342874054582967,
   3.047891813523285
  ]
 },
 "1": {
  "0": [
   1.795715494929543,
   1.795783015109687,
   1.795783062139926,
   1.7957158255548107,
   1.7957162008192336,
   1.795785266181706,
   1.7957854107837663,
   1.7957168507190227,
   1.795717214509796,
   1.795787562252923,
   1.7957876224546483,
   1.7957175501094629,
   1.7957175501094864,
   1.7957876224546778,
   1.7957875622529704,
   1.795717214509717,
   1.7957168507189978,
   1.7957854107838007,
   1.795785266181705,
   1.7957162008192125,
   1.795715825554807,
   1.7957830621398978,
   1.7957830151097134,
   1.7957154949295644
  ],
  "1": [
   1.7934865890076135,
   1.7935194620293078,
   1.7935195195809799,
   1.7934869268134288,
   1.7934871101336742,
   1.7935191073967962,
   1.7935192732284233,
   1.7934877747434026,
   1.7934879058123934,
   1.7935188097705805,
   1.793518880575835,
   1.7934882487592474,
   1.7934882487592332,
   1.7935188805757944,
   1.793518809770633,
   1.7934879058126114,
   1.7934877747433733,
   1.7935192732284515,
   1.793519107396861,
   1.793487110133712,
   1.793486926813434,
   1.7935195195810045,
   1.7935194620293566,
   1.7934865890076668
  ]
 },
 "2": {
  "0": [
   1.7916427404633153,
   1.791665600012018,
   1.7916913323951051,
   1.7916913849732479,
   1.7916655464096498,
   1.7916427608536003,
   1.7916423477720471,
   1.791664465100704,
   1.7916898157586787,
   1.791689835538222,
   1.7916645311135484,
   1.7916424733776237,
   1.7916419862989197,
   1.7916633144709555,
   1.7916882406325363,
   1.7916882284668691,
   1.7916633563260698,
   1.791642006412264,
   1.7916420064123126,
   1.7916633563260924,
   1.7916882284668925,
   1.791688240632451,
   1.7916633144708538,
   1.7916419862989457,
   1.791642473377535,
   1.79166453111354,
   1.7916898355382305,
   1.7916898157587144,
   1.791664465100831,
   1.7916423477720307,
   1.791642760853646,
   1.7916655464097166,
   1.791691384973105,
   1.7916913323949561,
   1.7916656000122366,
   1.7916427404632627
  ],
  "1": [
   1.794529003692139,
   1.7945417616030697,
   1.7945529106688483,
   1.79455296562755,
   1.79454171918856,
   1.7945290320672633,
   1.7945292226837517,
   1.794541337443944,
   1.7945518034870072,
   1.7945518285062874,
   1.7945414257933092,
   1.7945293641375004,
   1.7945295075047607,
   1.79454090611385,
   1.794550690923959,
   1.7945506812388048,
   1.7945409591509978,
   1.7945295354249218,
   1.7945295354249546,
   1.79454095915106,
   1.7945506812361263,
   1.7945506909239581,
   1.7945409061138466,
   1.794529507504702,
   1.7945293641376407,
   1.7945414257932575,
   1.7945518285062063,
   1.7945518034869004,
   1.7945413374438433,
   1.7945292226838783,
   1.794529032067323,
   1.7945417191885553,
   1.794552965627699,
   1.7945529106691458,
   1.7945417616031196,
   1.7945290036920112
  ]
 },
 "Z_a": [
  6,
  6,
  6,
  6,
  6,
  6,
  6,
  6,
  6,
  6,
  6,
  6,
  15,
  15,
  15,
  15,
  5,
  5,
  5,
  5,
  6,
  6,
  6,
  6,
  1,
  1,
  1,
  1
 ],
 "spos_ac": [
  [
   0.8728221181971595,
   0.5837291759961125,
   0.7534809390756724
  ],
  [
   0.6986240723229341,
   0.48768998419119075,
   0.25336615032443005
  ],
  [
   0.19858837509816793,
   0.08362831616217008,
   0.3179253126594499
  ],
  [
   0.3728225730365013,
   0.9877907833693982,
   0.8180398015204244
  ],
  [
   0.19860645323141912,
   0.48769939543246715,
   0.31794763235288415
  ],
  [
   0.3728044991056383,
   0.5837385872373697,
   0.8180624211041376
  ],
  [
   0.8728401963304102,
   0.9878002552664016,
   0.7535032587691535
  ],
  [
   0.6986059983920574,
   0.08363778805915369,
   0.25338876990820447
  ],
  [
   0.580337036130758,
   0.7857428455147029,
   0.8284489903057531
  ],
  [
   0.9910801856437652,
   0.2856857654320702,
   0.3283266604950205
  ],
  [
   0.4910915352978086,
   0.2856857259138744,
   0.24297958112279205
  ],
  [
   0.08034838578481276,
   0.7857428059965278,
   0.7431019109335104
  ],
  [
   0.755526571583481,
   0.7856954668548161,
   0.057720507054192224
  ],
  [
   0.8159144112245231,
   0.2857331412294591,
   0.5576744231511703
  ],
  [
   0.31590199984508127,
   0.2857331045737628,
   0.013708064374391744
  ],
  [
   0.25551416020405365,
   0.7856954301991116,
   0.5137541482774152
  ],
  [
   0.9429087061186406,
   0.785761641804599,
   0.6199422682520512
  ],
  [
   0.6285310576064032,
   0.285666909325302,
   0.11983709918226215
  ],
  [
   0.12851986530993414,
   0.28566692962398743,
   0.4514863031765194
  ],
  [
   0.4428975138221664,
   0.7857616621032533,
   0.9515914722463219
  ],
  [
   0.9391054496484148,
   0.7857604233767579,
   0.2960072262493838
  ],
  [
   0.6323303838208034,
   0.28566804776689636,
   0.7958941259476945
  ],
  [
   0.13232312178014652,
   0.28566814805183244,
   0.7754213451791778
  ],
  [
   0.4390981876077812,
   0.7857605236616424,
   0.2755344454808884
  ],
  [
   0.535714285714276,
   0.5357142857142836,
   0.5336045810729075
  ],
  [
   0.03571428571428551,
   0.5357142857142896,
   0.03571428571426786
  ],
  [
   0.5357142857142978,
   0.03571428571427649,
   0.5357142857142925
  ],
  [
   0.035714285714278544,
   0.03571428571429287,
   0.035714285714279946
  ]
 ]
}