{
 "0": {
  "0": [
   0.5426496675353784,
   0.5562424899011035,
   0.5562803101528311,
   0.5426847680955298,
   0.5433253994161085,
   0.557153351035657,
   0.5572315260047161,
   0.5433960511764412,
   0.5431602368365679,
   0.5566486823269879,
   0.5566893254817087,
   0.5431958119663179,
   0.5431958119663014,
   0.5566893254817105,
   0.5566486823269853,
   0.543160236836542,
   0.5433960511764594,
   0.5572315260047307,
   0.5571533510356598,
   0.5433253994161134,
   0.542684768095505,
   0.5562803101528438,
   0.556242489901102,
   0.5426496675353882
  ],
  "1": [
   3.047709262893951,
   3.034116344954515,
   3.0341337436122595,
   3.047727477878743,
   3.0470076744204917,
   3.0331765711859724,
   3.0332115255070913,
   3.0470451464669357,
   3.04720123474223,
   3.033708937215598,
   3.03372634004914,
   3.0472205434427124,
   3.047220543442697,
   3.033726340049155,
   3.0337089372155814,
   3.047201234742232,
   3.0470451464669264,
   3.0332115255070677,
   3.033176571185979,
   3.0470076744204975,
   3.047727477878749,
   3.034133743612255,
   3.0341163449545068,
   3.0477092628939255
  ]
 },
 "1": {
  "0": [
   1.7055506293738742,
   1.7053618777778257,
   1.7053601743690703,
   1.7055510631046724,
   1.7055541032899304,
   1.7053650038493915,
   1.7053614472356742,
   1.7055549501028247,
   1.7055579940698982,
   1.705366631099999,
   1.7053647457792105,
   1.7055583703935442,
   1.705558370393563,
   1.7053647457792063,
   1.7053666311000075,
   1.7055579940698797,
   1.7055549501028333,
   1.7053614472356537,
   1.705365003849381,
   1.7055541032899406,
   1.7055510631046684,
   1.7053601743690585,
   1.705361877777832,
   1.7055506293738947
  ],
  "1": [
   1.7560269342838406,
   1.7557688068111565,
   1.755763459524953,
   1.7560233157338845,
   1.7560266607640431,
   1.7557825562192009,
   1.7557717627715732,
   1.756019291431472,
   1.7560227813248634,
   1.7557909314115854,
   1.7557854911003044,
   1.7560190843277086,
   1.7560190843277093,
   1.7557854911003257,
   1.7557909314116429,
   1.7560227813248503,
   1.7560192914314559,
   1.7557717627715628,
   1.7557825562191978,
   1.756026660764047,
   1.7560233157338871,
   1.755763459524954,
   1.7557688068111696,
   1.756026934283815
  ]
 },
 "2": {
  "0": [
   1.7937615594257859,
   1.793764464323847,
   1.7937725478256592,
   1.7937766060184843,
   1.7937706474081867,
   1.7937639099062959,
   1.7937600794405673,
   1.7937608861548984,
   1.7937702015979207,
   1.7937785337669938,
   1.7937735277838864,
   1.7937648565306554,
   1.7937609958423772,
   1.7937636501171337,
   1.793771995412065,
   1.7937762690899604,
   1.7937700702533916,
   1.793763376968652,
   1.793763376968605,
   1.7937700702533592,
   1.793776269090022,
   1.7937719954120637,
   1.7937636501171517,
   1.793760995842445,
   1.7937648565306212,
   1.7937735277838678,
   1.7937785337669396,
   1.7937702015978925,
   1.7937608861548877,
   1.7937600794405448,
   1.7937639099062759,
   1.7937706474082158,
   1.793776606018467,
   1.7937725478255906,
   1.7937644643238666,
   1.7937615594257674
  ],
  "1": [
   1.7966304555656587,
   1.7966244947320773,
   1.796616636153456,
   1.7966165348715,
   1.7966250340170322,
   1.7966309876985165,
   1.7966305628320243,
   1.7966246226500482,
   1.796616900313777,
   1.7966167983484849,
   1.7966257465809434,
   1.7966316373786448,
   1.7966312269398887,
   1.7966253352915804,
   1.7966172123794366,
   1.7966170696324935,
   1.7966258698962314,
   1.7966317557483171,
   1.7966317557483957,
   1.7966258698961992,
   1.796617069632528,
   1.7966172123794666,
   1.7966253352915795,
   1.796631226939898,
   1.7966316373786642,
   1.7966257465809514,
   1.79661679834853,
   1.7966169003137633,
   1.7966246226500941,
   1.796630562832043,
   1.796630987698543,
   1.7966250340169945,
   1.7966165348715135,
   1.7966166361535083,
   1.7966244947320755,
   1.7966304555656476
  ]
 },
 "Z_a": [
  6,
  6,
  6,
  6,
  6,
  6,
  6,
  6,
  6,
  6,
  6,
  6,
  15,
  15,
  15,
  15,
  5,
  5,
  5,
  5,
  6,
  6,
  6,
  6,
  1,
  1,
  1,
  1
 ],
 "spos_ac": [
  [
   0.8728221181971595,
   0.5837291759961125,
   0.7534809390756724
  ],
  [
   0.6986240723229341,
   0.48768998419119075,
   0.25336615032443005
  ],
  [
   0.19858837509816793,
   0.08362831616217008,
   0.3179253126594499
  ],
  [
   0.3728225730365013,
   0.9877907833693982,
   0.8180398015204244
  ],
  [
   0.19860645323141912,
   0.48769939543246715,
   0.31794763235288415
  ],
  [
   0.3728044991056383,
   0.5837385872373697,
   0.8180624211041376
  ],
  [
   0.8728401963304102,
   0.9878002552664016,
   0.7535032587691535
  ],
  [
   0.6986059983920574,
   0.08363778805915369,
   0.25338876990820447
  ],
  [
   0.580337036130758,
   0.7857428455147029,
   0.8284489903057531
  ],
  [
   0.9910801856437652,
   0.2856857654320702,
   0.3283266604950205
  ],
  [
   0.4910915352978086,
   0.2856857259138744,
   0.24297958112279205
  ],
  [
   0.08034838578481276,
   0.7857428059965278,
   0.7431019109335104
  ],
  [
   0.755526571583481,
   0.7856954668548161,
   0.057720507054192224
  ],
  [
   0.8159144112245231,
   0.2857331412294591,
   0.5576744231511703
  ],
  [
   0.31590199984508127,
   0.2857331045737628,
   0.013708064374391744
  ],
  [
   0.25551416020405365,
   0.7873347744614068,
   0.5137541482774152
  ],
  [
   0.9429087061186406,
   0.785761641804599,
   0.6199422682520512
  ],
  [
   0.6285310576064032,
   0.285666909325302,
   0.11983709918226215
  ],
  [
   0.12851986530993414,
   0.28566692962398743,
   0.4514863031765194
  ],
  [
   0.4428975138221664,
   0.7857616621032533,
   0.9515914722463219
  ],
  [
   0.9391054496484148,
   0.7857604233767579,
   0.2960072262493838
  ],
  [
   0.6323303838208034,
   0.28566804776689636,
   0.7958941259476945
  ],
  [
   0.13232312178014652,
   0.28566814805183244,
   0.7754213451791778
  ],
  [
   0.4390981876077812,
   0.7857605236616424,
   0.2755344454808884
  ],
  [
   0.535714285714276,
   0.5357142857142836,
   0.5357142857142578
  ],
  [
   0.03571428571428551,
   0.5357142857142896,
   0.03571428571426786
  ],
  [
   0.5357142857142978,
   0.03571428571427649,
   0.5357142857142925
  ],
  [
   0.035714285714278544,
   0.03571428571429287,
   0.035714285714279946
  ]
 ]
}