{
 "0": {
  "0": [
   0.5427243740551807,
   0.5563257287481707,
   0.5563257416849441,
   0.5427243854719623,
   0.5434418211705114,
   0.5572734005556964,
   0.5572734270900248,
   0.543441844106605,
   0.5432737099115679,
   0.5567633912924614,
   0.5567634047129623,
   0.5432737210819544,
   0.5432737210819482,
   0.55676340471294,
   0.5567633912924638,
   0.5432737099115632,
   0.5434418441065941,
   0.5572734270899502,
   0.5572734005557333,
   0.5434418211705097,
   0.5427243854718954,
   0.5563257416849452,
   0.556325728748123,
   0.5427243740552086
  ],
  "1": [
   3.0476624453135326,
   3.034137184850005,
   3.034137187820325,
   3.0476624519997744,
   3.046916822843138,
   3.0331166738268753,
   3.0331166779261753,
   3.046916835492042,
   3.0470495026474653,
   3.033553504278795,
   3.0335535050570934,
   3.047049508693212,
   3.047049508693181,
   3.03355350505709,
   3.0335535042787933,
   3.047049502647411,
   3.046916835492043,
   3.0331166779261505,
   3.0331166738268625,
   3.0469168228431354,
   3.0476624519997904,
   3.0341371878202894,
   3.034137184849961,
   3.0476624453135495
  ]
 },
 "1": {
  "0": [
   1.7963097616693176,
   1.7963272234506384,
   1.7963272292486399,
   1.796309766195368,
   1.7963098488314948,
   1.7963285219830873,
   1.7963285337811834,
   1.7963098578711525,
   1.7963099607099655,
   1.796329826015054,
   1.7963298319950096,
   1.7963099652552963,
   1.7963099652552237,
   1.7963298319949985,
   1.7963298260150715,
   1.7963099607099946,
   1.7963098578711663,
   1.796328533781134,
   1.7963285219830027,
   1.7963098488315115,
   1.796309766195347,
   1.7963272292485797,
   1.7963272234506509,
   1.796309761669276
  ],
  "1": [
   1.7940824028280105,
   1.7940647546513624,
   1.7940647519296977,
   1.7940824005469889,
   1.7940823082662205,
   1.7940634483862916,
   1.794063442726252,
   1.7940823041231837,
   1.7940821912780134,
   1.7940621395821943,
   1.7940621366950695,
   1.794082189106463,
   1.7940821891064576,
   1.7940621366951313,
   1.7940621395822633,
   1.7940821912780187,
   1.794082304123153,
   1.7940634427262083,
   1.7940634483862261,
   1.794082308266248,
   1.7940824005469924,
   1.7940647519297102,
   1.7940647546513409,
   1.7940824028280111
  ]
 },
 "2": {
  "0": [
   1.9127862374970843,
   1.9129108807432285,
   1.9130317582772587,
   1.9130317614585362,
   1.91291088588526,
   1.9127862398516524,
   1.9127864761230629,
   1.9129037825834498,
   1.9130175293693958,
   1.9130175357332309,
   1.91290379281124,
   1.912786480382318,
   1.9127867599853305,
   1.9128965057371103,
   1.913002878648441,
   1.9130028819027107,
   1.912896510940969,
   1.9127867621802215,
   1.9127867621802688,
   1.9128965109409135,
   1.9130028819029032,
   1.9130028786484177,
   1.9128965057371103,
   1.9127867599853003,
   1.91278648038224,
   1.9129037928112402,
   1.913017535733113,
   1.9130175293692993,
   1.9129037825835045,
   1.9127864761230724,
   1.9127862398516082,
   1.912910885885194,
   1.9130317614584722,
   1.9130317582773269,
   1.9129108807432529,
   1.9127862374971787
  ],
  "1": [
   1.8484754383764048,
   1.8484511450197247,
   1.8484286486299237,
   1.8484286456517818,
   1.8484511403042143,
   1.8484754359522753,
   1.848476060084828,
   1.848451469447188,
   1.8484275329707311,
   1.848427527204857,
   1.8484514598571313,
   1.8484760557237663,
   1.8484766011139762,
   1.8484517069133073,
   1.8484265448066746,
   1.848426541805588,
   1.8484517021572013,
   1.8484765988380978,
   1.8484765988380105,
   1.848451702157276,
   1.848426541805619,
   1.8484265448067536,
   1.848451706913331,
   1.848476601114121,
   1.8484760557237376,
   1.8484514598572692,
   1.8484275272048643,
   1.8484275329707427,
   1.8484514694471847,
   1.848476060084899,
   1.8484754359521942,
   1.848451140304201,
   1.8484286456518844,
   1.848428648629966,
   1.8484511450196015,
   1.8484754383764712
  ]
 },
 "Z_a": [
  6,
  6,
  6,
  6,
  6,
  6,
  6,
  6,
  6,
  6,
  6,
  6,
  15,
  15,
  15,
  15,
  5,
  5,
  5,
  5,
  6,
  6,
  6,
  6,
  1,
  1,
  1,
  1
 ],
 "spos_ac": [
  [
   0.8728221181971595,
   0.5837291759961125,
   0.7534809390756724
  ],
  [
   0.6986240723229341,
   0.48768998419119075,
   0.25336615032443005
  ],
  [
   0.19858837509816793,
   0.08362831616217008,
   0.3179253126594499
  ],
  [
   0.3728225730365013,
   0.9877907833693982,
   0.8180398015204244
  ],
  [
   0.19860645323141912,
   0.48769939543246715,
   0.31794763235288415
  ],
  [
   0.3728044991056383,
   0.5837385872373697,
   0.8180624211041376
  ],
  [
   0.8728401963304102,
   0.9878002552664016,
   0.7535032587691535
  ],
  [
   0.6986059983920574,
   0.08363778805915369,
   0.25338876990820447
  ],
  [
   0.580337036130758,
   0.7857428455147029,
   0.8284489903057531
  ],
  [
   0.9910801856437652,
   0.2856857654320702,
   0.3283266604950205
  ],
  [
   0.4910915352978086,
   0.2856857259138744,
   0.24297958112279205
  ],
  [
   0.08034838578481276,
   0.7857428059965278,
   0.7431019109335104
  ],
  [
   0.755526571583481,
   0.7856954668548161,
   0.057720507054192224
  ],
  [
   0.8159144112245231,
   0.2857331412294591,
   0.5576744231511703
  ],
  [
   0.31590199984508127,
   0.2857331045737628,
   0.013708064374391744
  ],
  [
   0.25551416020405365,
   0.7856954301991116,
   0.511644443636065
  ],
  [
   0.9429087061186406,
   0.785761641804599,
   0.6199422682520512
  ],
  [
   0.6285310576064032,
   0.285666909325302,
   0.11983709918226215
  ],
  [
   0.12851986530993414,
   0.28566692962398743,
   0.4514863031765194
  ],
  [
   0.4428975138221664,
   0.7857616621032533,
   0.9515914722463219
  ],
  [
   0.9391054496484148,
   0.7857604233767579,
   0.2960072262493838
  ],
  [
   0.6323303838208034,
   0.28566804776689636,
   0.7958941259476945
  ],
  [
   0.13232312178014652,
   0.28566814805183244,
   0.7754213451791778
  ],
  [
   0.4390981876077812,
   0.7857605236616424,
   0.2755344454808884
  ],
  [
   0.535714285714276,
   0.5357142857142836,
   0.5357142857142578
  ],
  [
   0.03571428571428551,
   0.5357142857142896,
   0.03571428571426786
  ],
  [
   0.5357142857142978,
   0.03571428571427649,
   0.5357142857142925
  ],
  [
   0.035714285714278544,
   0.03571428571429287,
   0.035714285714279946
  ]
 ]
}