{
 "0": {
  "0": [
   0.543291105474399,
   0.5569081678465921,
   0.5569140815092577,
   0.5432952454673401,
   0.5440177775240003,
   0.5578628444861371,
   0.5578753372182254,
   0.5440269068422893,
   0.5438758852753941,
   0.5573708727368611,
   0.5573775951701732,
   0.5438809991223579,
   0.5438809991223676,
   0.5573775951702038,
   0.5573708727368669,
   0.5438758852754318,
   0.5440269068422583,
   0.5578753372182008,
   0.5578628444861219,
   0.5440177775239664,
   0.5432952454673808,
   0.5569140815092642,
   0.5569081678465779,
   0.5432911054743789
  ],
  "1": [
   3.048349952039658,
   3.0347781888782115,
   3.0347840942114357,
   3.0483540792355828,
   3.0476906433903506,
   3.0338704164928174,
   3.033882896486745,
   3.0476997460817907,
   3.0479153482733334,
   3.034425063897701,
   3.0344317824200178,
   3.047920448792804,
   3.0479204487927922,
   3.034431782420012,
   3.0344250638977206,
   3.0479153482733743,
   3.0476997460817694,
   3.03388289648676,
   3.0338704164928294,
   3.0476906433903492,
   3.0483540792355712,
   3.0347840942114677,
   3.0347781888782532,
   3.048349952039653
  ]
 },
 "1": {
  "0": [
   1.7959873409087825,
   1.795980678434452,
   1.7959808437034035,
   1.7959874953105726,
   1.7959885368269606,
   1.7959833217179093,
   1.7959837019667744,
   1.7959888077382051,
   1.7959898823403342,
   1.795986171450781,
   1.7959863493987591,
   1.795990004714991,
   1.7959900047149147,
   1.7959863493987887,
   1.7959861714507848,
   1.795989882340399,
   1.7959888077382458,
   1.7959837019668232,
   1.7959833217178944,
   1.7959885368269037,
   1.79598749531066,
   1.7959808437034006,
   1.795980678434487,
   1.7959873409086673
  ],
  "1": [
   1.7937588563606588,
   1.7937170510817573,
   1.7937172144171891,
   1.793759017213416,
   1.7937598707907556,
   1.7937171122027968,
   1.7937174881853963,
   1.7937601546655597,
   1.7937610006765135,
   1.7937173786914058,
   1.793717554311874,
   1.7937611294585734,
   1.7937611294586144,
   1.7937175543119235,
   1.7937173786913831,
   1.7937610006764995,
   1.7937601546655042,
   1.7937174881853777,
   1.7937171122027746,
   1.7937598707907012,
   1.7937590172134499,
   1.7937172144171758,
   1.7937170510817555,
   1.7937588563607185
  ]
 },
 "2": {
  "0": [
   1.7940545168124706,
   1.7940560171114281,
   1.7940618259322287,
   1.7940622344510981,
   1.794056755849214,
   1.794054885164161,
   1.7940543481994653,
   1.7940561717400625,
   1.79406309380436,
   1.794063999418475,
   1.7940577128378457,
   1.7940549279723115,
   1.7940544798924551,
   1.794057065377317,
   1.7940648898404479,
   1.794065320826784,
   1.794057842296928,
   1.7940548050671123,
   1.7940548050671323,
   1.7940578422969173,
   1.7940653208266657,
   1.7940648898403841,
   1.794057065377494,
   1.7940544798925175,
   1.7940549279723743,
   1.7940577128377437,
   1.7940639994186318,
   1.7940630938042421,
   1.7940561717398835,
   1.7940543481994085,
   1.7940548851642193,
   1.7940567558492138,
   1.7940622344510928,
   1.7940618259321555,
   1.7940560171113673,
   1.7940545168122866
  ],
  "1": [
   1.796940066187541,
   1.7969313862330016,
   1.796922505455131,
   1.796922907647545,
   1.7969321121028898,
   1.796940428269616,
   1.796940520885275,
   1.796932284503996,
   1.7969242188289696,
   1.7969251118548686,
   1.7969338001818087,
   1.7969410883334629,
   1.7969412960386268,
   1.7969339064341157,
   1.7969265047671712,
   1.7969269293967747,
   1.7969346707390448,
   1.7969416153024564,
   1.7969416153020676,
   1.7969346707389273,
   1.7969269293969063,
   1.7969265047674747,
   1.7969339064341205,
   1.7969412960385993,
   1.7969410883333399,
   1.7969338001819115,
   1.7969251118549587,
   1.796924218828935,
   1.7969322845039692,
   1.79694052088525,
   1.7969404282694328,
   1.7969321121028978,
   1.7969229076473479,
   1.796922505455131,
   1.7969313862328822,
   1.7969400661875465
  ]
 },
 "Z_a": [
  6,
  6,
  6,
  6,
  6,
  6,
  6,
  6,
  6,
  6,
  6,
  6,
  15,
  15,
  15,
  15,
  5,
  5,
  5,
  5,
  6,
  6,
  6,
  6,
  1,
  1,
  1,
  1
 ],
 "spos_ac": [
  [
   0.8728221181971595,
   0.5837291759961125,
   0.7534809390756724
  ],
  [
   0.6986240723229341,
   0.48768998419119075,
   0.25336615032443005
  ],
  [
   0.19858837509816793,
   0.08362831616217008,
   0.3179253126594499
  ],
  [
   0.3728225730365013,
   0.9877907833693982,
   0.8180398015204244
  ],
  [
   0.19860645323141912,
   0.48769939543246715,
   0.31794763235288415
  ],
  [
   0.3728044991056383,
   0.5837385872373697,
   0.8180624211041376
  ],
  [
   0.8728401963304102,
   0.9878002552664016,
   0.7535032587691535
  ],
  [
   0.6986059983920574,
   0.08363778805915369,
   0.25338876990820447
  ],
  [
   0.580337036130758,
   0.7857428455147029,
   0.8284489903057531
  ],
  [
   0.9910801856437652,
   0.2856857654320702,
   0.3283266604950205
  ],
  [
   0.4910915352978086,
   0.2856857259138744,
   0.24297958112279205
  ],
  [
   0.08034838578481276,
   0.7857428059965278,
   0.7431019109335104
  ],
  [
   0.755526571583481,
   0.7856954668548161,
   0.057720507054192224
  ],
  [
   0.8159144112245231,
   0.2857331412294591,
   0.5576744231511703
  ],
  [
   0.31590199984508127,
   0.2857331045737628,
   0.013708064374391744
  ],
  [
   0.25551416020405365,
   0.7856954301991116,
   0.5137541482774152
  ],
  [
   0.9429087061186406,
   0.785761641804599,
   0.6199422682520512
  ],
  [
   0.6285310576064032,
   0.285666909325302,
   0.11983709918226215
  ],
  [
   0.12851986530993414,
   0.28566692962398743,
   0.4514863031765194
  ],
  [
   0.4428975138221664,
   0.7857616621032533,
   0.9515914722463219
  ],
  [
   0.9391054496484148,
   0.7857604233767579,
   0.2960072262493838
  ],
  [
   0.6323303838208034,
   0.28566804776689636,
   0.7958941259476945
  ],
  [
   0.13232312178014652,
   0.28566814805183244,
   0.7754213451791778
  ],
  [
   0.4390981876077812,
   0.7857605236616424,
   0.2755344454808884
  ],
  [
   0.535714285714276,
   0.5357142857142836,
   0.5357142857142578
  ],
  [
   0.03571428571428551,
   0.5340749414519945,
   0.03571428571426786
  ],
  [
   0.5357142857142978,
   0.03571428571427649,
   0.5357142857142925
  ],
  [
   0.035714285714278544,
   0.03571428571429287,
   0.035714285714279946
  ]
 ]
}