{
 "0": {
  "0": [
   0.5412708042916484,
   0.5549794077877147,
   0.5549702677294263,
   0.5412596506716376,
   0.5419445714294596,
   0.5559185605581382,
   0.5558999569807334,
   0.5419224094228501,
   0.5417289985968173,
   0.5553966444186992,
   0.5553871145223719,
   0.5417176966538896,
   0.5417176966538736,
   0.5553871145224054,
   0.5553966444187095,
   0.541728998596829,
   0.5419224094228723,
   0.5558999569807357,
   0.5559185605581247,
   0.541944571429436,
   0.5412596506715994,
   0.5549702677294267,
   0.5549794077877028,
   0.5412708042916288
  ],
  "1": [
   3.046831382457926,
   3.0332802456285957,
   3.0332868385314202,
   3.0468339611984656,
   3.0461184139947965,
   3.0323257959024565,
   3.0323417941708106,
   3.0461239989865874,
   3.046272714947535,
   3.0328163379569753,
   3.032826104760088,
   3.04627585402578,
   3.0462758540257635,
   3.0328261047601055,
   3.032816337956981,
   3.0462727149474578,
   3.0461239989866074,
   3.032341794170817,
   3.032325795902454,
   3.0461184139947997,
   3.0468339611984634,
   3.033286838531403,
   3.0332802456286236,
   3.046831382457946
  ]
 },
 "1": {
  "0": [
   1.7532854682094074,
   1.7534484529710843,
   1.7534506957100875,
   1.7532884339942825,
   1.753284832425567,
   1.7534500605443533,
   1.7534546697102396,
   1.7532905708944342,
   1.753287061097423,
   1.7534541834790243,
   1.753456514751096,
   1.7532899469056016,
   1.7532899469056054,
   1.7534565147510814,
   1.7534541834790158,
   1.7532870610973939,
   1.7532905708943782,
   1.753454669710212,
   1.7534500605443497,
   1.753284832425493,
   1.7532884339942287,
   1.7534506957100588,
   1.7534484529710868,
   1.753285468209427
  ],
  "1": [
   1.752382874464844,
   1.7526447390731525,
   1.752642943035043,
   1.7523819657486548,
   1.752381093184466,
   1.752636105026242,
   1.7526324945181802,
   1.7523792466675265,
   1.75237832288588,
   1.7526257398101188,
   1.7526239571209243,
   1.7523773827124887,
   1.752377382712497,
   1.7526239571209155,
   1.7526257398100789,
   1.7523783228858933,
   1.7523792466675288,
   1.7526324945181815,
   1.7526361050262398,
   1.752381093184561,
   1.7523819657487163,
   1.752642943035043,
   1.752644739073121,
   1.752382874464853
  ]
 },
 "2": {
  "0": [
   1.7934896078336764,
   1.7935249402044242,
   1.7935664208067417,
   1.7935657603686777,
   1.7935240847865666,
   1.7934894392672664,
   1.793485576575126,
   1.7935222801431685,
   1.7935659775366082,
   1.7935647262838306,
   1.793520711441619,
   1.793485212855842,
   1.7934814260678427,
   1.7935191283143093,
   1.7935646478537512,
   1.7935639074451657,
   1.793518310059323,
   1.7934813244550076,
   1.7934813244549077,
   1.7935183100593368,
   1.7935639074451653,
   1.7935646478537481,
   1.793519128314273,
   1.793481426067815,
   1.79348521285581,
   1.7935207114415836,
   1.7935647262838572,
   1.7935659775365451,
   1.793522280143109,
   1.793485576575124,
   1.7934894392673408,
   1.7935240847866445,
   1.7935657603686526,
   1.793566420806818,
   1.7935249402044222,
   1.7934896078336877
  ],
  "1": [
   1.796025407671173,
   1.7960972460969205,
   1.796200262602218,
   1.7962032102946333,
   1.796100833991373,
   1.7960265554606545,
   1.7960233724265504,
   1.796094924683491,
   1.7962016690860014,
   1.796207525503028,
   1.79610260760374,
   1.796025785247192,
   1.7960227385774112,
   1.7960966801730567,
   1.7962060370688597,
   1.7962089472394478,
   1.7961005512263115,
   1.7960239367044546,
   1.796023936704495,
   1.7961005512263208,
   1.7962089472394465,
   1.796206037068857,
   1.796096680173007,
   1.796022738577353,
   1.796025785247008,
   1.7961026076037687,
   1.7962075255030545,
   1.7962016690859453,
   1.796094924683534,
   1.7960233724265187,
   1.7960265554607586,
   1.796100833991395,
   1.79620321029464,
   1.796200262602212,
   1.7960972460968643,
   1.7960254076712168
  ]
 },
 "Z_a": [
  6,
  6,
  6,
  6,
  6,
  6,
  6,
  6,
  6,
  6,
  6,
  6,
  15,
  15,
  15,
  15,
  5,
  5,
  5,
  5,
  6,
  6,
  6,
  6,
  1,
  1,
  1,
  1
 ],
 "spos_ac": [
  [
   0.8728221181971595,
   0.5837291759961125,
   0.7534809390756724
  ],
  [
   0.6986240723229341,
   0.48768998419119075,
   0.25336615032443005
  ],
  [
   0.19858837509816793,
   0.08362831616217008,
   0.3179253126594499
  ],
  [
   0.3728225730365013,
   0.9877907833693982,
   0.8180398015204244
  ],
  [
   0.19860645323141912,
   0.48769939543246715,
   0.31794763235288415
  ],
  [
   0.3728044991056383,
   0.5853779314996648,
   0.8180624211041376
  ],
  [
   0.8728401963304102,
   0.9878002552664016,
   0.7535032587691535
  ],
  [
   0.6986059983920574,
   0.08363778805915369,
   0.25338876990820447
  ],
  [
   0.580337036130758,
   0.7857428455147029,
   0.8284489903057531
  ],
  [
   0.9910801856437652,
   0.2856857654320702,
   0.3283266604950205
  ],
  [
   0.4910915352978086,
   0.2856857259138744,
   0.24297958112279205
  ],
  [
   0.08034838578481276,
   0.7857428059965278,
   0.7431019109335104
  ],
  [
   0.755526571583481,
   0.7856954668548161,
   0.057720507054192224
  ],
  [
   0.8159144112245231,
   0.2857331412294591,
   0.5576744231511703
  ],
  [
   0.31590199984508127,
   0.2857331045737628,
   0.013708064374391744
  ],
  [
   0.25551416020405365,
   0.7856954301991116,
   0.5137541482774152
  ],
  [
   0.9429087061186406,
   0.785761641804599,
   0.6199422682520512
  ],
  [
   0.6285310576064032,
   0.285666909325302,
   0.11983709918226215
  ],
  [
   0.12851986530993414,
   0.28566692962398743,
   0.4514863031765194
  ],
  [
   0.4428975138221664,
   0.7857616621032533,
   0.9515914722463219
  ],
  [
   0.9391054496484148,
   0.7857604233767579,
   0.2960072262493838
  ],
  [
   0.6323303838208034,
   0.28566804776689636,
   0.7958941259476945
  ],
  [
   0.13232312178014652,
   0.28566814805183244,
   0.7754213451791778
  ],
  [
   0.4390981876077812,
   0.7857605236616424,
   0.2755344454808884
  ],
  [
   0.535714285714276,
   0.5357142857142836,
   0.5357142857142578
  ],
  [
   0.03571428571428551,
   0.5357142857142896,
   0.03571428571426786
  ],
  [
   0.5357142857142978,
   0.03571428571427649,
   0.5357142857142925
  ],
  [
   0.035714285714278544,
   0.03571428571429287,
   0.035714285714279946
  ]
 ]
}