{
 "0": {
  "0": [
   0.5433614134691604,
   0.557029511530295,
   0.5570222413076882,
   0.5433563192098586,
   0.5440157558357763,
   0.5579287890820694,
   0.5579121936755764,
   0.544003936764879,
   0.543787083185664,
   0.5573608804547454,
   0.5573512039486161,
   0.5437799250721222,
   0.5437799250721429,
   0.5573512039486056,
   0.557360880454681,
   0.5437870831856587,
   0.5440039367648026,
   0.5579121936755743,
   0.5579287890820724,
   0.544015755835768,
   0.5433563192098708,
   0.5570222413076992,
   0.5570295115302639,
   0.5433614134691759
  ],
  "1": [
   3.0487399391939554,
   3.035156848778959,
   3.035150644682101,
   3.0487348869080897,
   3.04805368410756,
   3.034249751381499,
   3.0342351089217203,
   3.048041627906456,
   3.0482295032270263,
   3.03478472150355,
   3.03477568462479,
   3.048221985572496,
   3.048221985572485,
   3.034775684624793,
   3.03478472150356,
   3.0482295032269966,
   3.048041627906539,
   3.0342351089217017,
   3.034249751381515,
   3.048053684107568,
   3.048734886908138,
   3.03515064468213,
   3.035156848779,
   3.0487399391939767
  ]
 },
 "1": {
  "0": [
   1.796043715133889,
   1.7960191955450668,
   1.7960216613080875,
   1.7960461078736256,
   1.7960442660237048,
   1.7960218792168041,
   1.7960267981035873,
   1.796048919607425,
   1.796047167082718,
   1.796027153711898,
   1.796029500635959,
   1.7960495168436637,
   1.7960495168436594,
   1.7960295006359346,
   1.7960271537118728,
   1.7960471670826865,
   1.796048919607432,
   1.7960267981035565,
   1.7960218792168692,
   1.7960442660237486,
   1.796046107873667,
   1.7960216613080262,
   1.7960191955450144,
   1.7960437151338973
  ],
  "1": [
   1.7936293376712362,
   1.7935190393833635,
   1.7935168610964292,
   1.7936282488467803,
   1.7936323615497463,
   1.7935168490883762,
   1.7935125045241604,
   1.7936299093420367,
   1.7936342032286543,
   1.7935125497299602,
   1.7935102829963532,
   1.7936329840661338,
   1.7936329840661378,
   1.793510282996326,
   1.793512549729961,
   1.7936342032287018,
   1.7936299093420358,
   1.7935125045241833,
   1.7935168490883804,
   1.7936323615496585,
   1.7936282488467898,
   1.793516861096421,
   1.7935190393834421,
   1.7936293376712122
  ]
 },
 "2": {
  "0": [
   1.8434275450920155,
   1.8433653649451283,
   1.8432945670019534,
   1.8432968782715462,
   1.8433700803092492,
   1.8434301528951265,
   1.843427717839704,
   1.8433663661510498,
   1.8432982314710786,
   1.8433025599924342,
   1.8433760964886965,
   1.8434329116230452,
   1.843430530130403,
   1.8433723708324856,
   1.8433041356523434,
   1.8433061832849047,
   1.843377134588907,
   1.843432974925549,
   1.8434329749257115,
   1.8433771345890102,
   1.843306183285,
   1.8433041356523276,
   1.8433723708325394,
   1.8434305301302505,
   1.8434329116232058,
   1.8433760964885935,
   1.8433025599924495,
   1.8432982314709598,
   1.8433663661508322,
   1.843427717839684,
   1.8434301528951407,
   1.843370080309177,
   1.843296878271625,
   1.84329456700207,
   1.8433653649452402,
   1.843427545092158
  ],
  "1": [
   1.8462630749903894,
   1.8462505145341248,
   1.8462448916388838,
   1.8462464407756622,
   1.846253790555401,
   1.846264627273174,
   1.8462620738634465,
   1.8462479545025063,
   1.8462430352131123,
   1.8462466010910143,
   1.846254604938748,
   1.8462652440024614,
   1.846262709816298,
   1.8462487503743106,
   1.8462428708705712,
   1.8462447427912614,
   1.846252072310915,
   1.8462642077042923,
   1.8462642077042755,
   1.846252072310885,
   1.8462447427911926,
   1.846242870870651,
   1.8462487503743066,
   1.8462627098162325,
   1.8462652440023473,
   1.846254604938815,
   1.8462466010909921,
   1.8462430352129544,
   1.8462479545025487,
   1.846262073863414,
   1.8462646272730714,
   1.8462537905553331,
   1.846246440775765,
   1.8462448916390763,
   1.846250514534277,
   1.8462630749903568
  ]
 },
 "Z_a": [
  6,
  6,
  6,
  6,
  6,
  6,
  6,
  6,
  6,
  6,
  6,
  6,
  15,
  15,
  15,
  15,
  5,
  5,
  5,
  5,
  6,
  6,
  6,
  6,
  1,
  1,
  1,
  1
 ],
 "spos_ac": [
  [
   0.8728221181971595,
   0.5837291759961125,
   0.7534809390756724
  ],
  [
   0.6986240723229341,
   0.48768998419119075,
   0.25336615032443005
  ],
  [
   0.19858837509816793,
   0.08362831616217008,
   0.3179253126594499
  ],
  [
   0.3728225730365013,
   0.9877907833693982,
   0.8159300968790743
  ],
  [
   0.19860645323141912,
   0.48769939543246715,
   0.31794763235288415
  ],
  [
   0.3728044991056383,
   0.5837385872373697,
   0.8180624211041376
  ],
  [
   0.8728401963304102,
   0.9878002552664016,
   0.7535032587691535
  ],
  [
   0.6986059983920574,
   0.08363778805915369,
   0.25338876990820447
  ],
  [
   0.580337036130758,
   0.7857428455147029,
   0.8284489903057531
  ],
  [
   0.9910801856437652,
   0.2856857654320702,
   0.3283266604950205
  ],
  [
   0.4910915352978086,
   0.2856857259138744,
   0.24297958112279205
  ],
  [
   0.08034838578481276,
   0.7857428059965278,
   0.7431019109335104
  ],
  [
   0.755526571583481,
   0.7856954668548161,
   0.057720507054192224
  ],
  [
   0.8159144112245231,
   0.2857331412294591,
   0.5576744231511703
  ],
  [
   0.31590199984508127,
   0.2857331045737628,
   0.013708064374391744
  ],
  [
   0.25551416020405365,
   0.7856954301991116,
   0.5137541482774152
  ],
  [
   0.9429087061186406,
   0.785761641804599,
   0.6199422682520512
  ],
  [
   0.6285310576064032,
   0.285666909325302,
   0.11983709918226215
  ],
  [
   0.12851986530993414,
   0.28566692962398743,
   0.4514863031765194
  ],
  [
   0.4428975138221664,
   0.7857616621032533,
   0.9515914722463219
  ],
  [
   0.9391054496484148,
   0.7857604233767579,
   0.2960072262493838
  ],
  [
   0.6323303838208034,
   0.28566804776689636,
   0.7958941259476945
  ],
  [
   0.13232312178014652,
   0.28566814805183244,
   0.7754213451791778
  ],
  [
   0.4390981876077812,
   0.7857605236616424,
   0.2755344454808884
  ],
  [
   0.535714285714276,
   0.5357142857142836,
   0.5357142857142578
  ],
  [
   0.03571428571428551,
   0.5357142857142896,
   0.03571428571426786
  ],
  [
   0.5357142857142978,
   0.03571428571427649,
   0.5357142857142925
  ],
  [
   0.035714285714278544,
   0.03571428571429287,
   0.035714285714279946
  ]
 ]
}