{
 "0": {
  "0": [
   0.542665091848401,
   0.556257644345497,
   0.5562608308387407,
   0.54266472806891,
   0.5433592595938307,
   0.5571882143301496,
   0.5571934706259724,
   0.5433572197961535,
   0.5431761606741837,
   0.55666701927762,
   0.5566689764596342,
   0.543174532126314,
   0.5431745321263952,
   0.5566689764597242,
   0.5566670192775865,
   0.5431761606741945,
   0.5433572197961412,
   0.5571934706259591,
   0.5571882143302188,
   0.5433592595938377,
   0.5426647280689777,
   0.556260830838695,
   0.5562576443454783,
   0.5426650918483727
  ],
  "1": [
   3.0477234215765168,
   3.0341294070886575,
   3.0341333760848292,
   3.0477266801522096,
   3.0470303565078445,
   3.033198132174266,
   3.0332029914944503,
   3.0470343271207145,
   3.0472158914310485,
   3.0337241324762183,
   3.03372465905708,
   3.0472161014861543,
   3.047216101486103,
   3.0337246590570675,
   3.03372413247628,
   3.0472158914310596,
   3.047034327120737,
   3.0332029914943583,
   3.0331981321742876,
   3.047030356507854,
   3.0477266801522034,
   3.0341333760848075,
   3.034129407088681,
   3.047723421576536
  ]
 },
 "1": {
  "0": [
   1.7595531365225188,
   1.7593187066910934,
   1.7593131103605886,
   1.7595507110004698,
   1.759555639251484,
   1.7593181910458378,
   1.7593070874967094,
   1.7595506080417627,
   1.759555553060745,
   1.7593118050090801,
   1.7593063173429182,
   1.7595529783568058,
   1.7595529783568324,
   1.7593063173429357,
   1.7593118050091217,
   1.7595555530607725,
   1.7595506080418044,
   1.7593070874966776,
   1.7593181910459008,
   1.7595556392514515,
   1.7595507110003896,
   1.7593131103606243,
   1.7593187066910612,
   1.7595531365225094
  ],
  "1": [
   1.757291337053208,
   1.756899744548599,
   1.7568993590695001,
   1.757292927550967,
   1.757288997855931,
   1.7569056384169544,
   1.7569050168132825,
   1.7572920664943936,
   1.7572881186432288,
   1.756911081609083,
   1.7569108221567775,
   1.7572896975126693,
   1.7572896975126027,
   1.7569108221567113,
   1.7569110816091176,
   1.7572881186432248,
   1.757292066494464,
   1.7569050168132936,
   1.756905638416845,
   1.7572889978559352,
   1.7572929275509308,
   1.7568993590694613,
   1.756899744548567,
   1.7572913370532142
  ]
 },
 "2": {
  "0": [
   1.7937332935395631,
   1.7937376835214696,
   1.793743442270624,
   1.7937425828032834,
   1.7937361310025515,
   1.7937325322957023,
   1.7937332938596109,
   1.793737911139652,
   1.793743220800909,
   1.7937422048386729,
   1.7937350753200823,
   1.7937319471124387,
   1.7937327287332765,
   1.793736754934002,
   1.7937426652406694,
   1.7937421338393558,
   1.79373540429442,
   1.7937318994091649,
   1.7937318994093936,
   1.7937354042943612,
   1.7937421338393593,
   1.793742665240664,
   1.7937367549340058,
   1.7937327287331513,
   1.7937319471124147,
   1.7937350753200716,
   1.7937422048386915,
   1.7937432208008448,
   1.7937379111398584,
   1.7937332938596917,
   1.793732532295662,
   1.7937361310025772,
   1.793742582803261,
   1.7937434422706664,
   1.7937376835213412,
   1.7937332935395716
  ],
  "1": [
   1.7966176952553377,
   1.7966121074052261,
   1.796602811496376,
   1.7966004178910648,
   1.7966091749572068,
   1.7966166954114409,
   1.796618405071131,
   1.7966138366042992,
   1.7966037899782656,
   1.7965999334321283,
   1.7966082565668264,
   1.7966166985432888,
   1.7966184702852372,
   1.7966128705225668,
   1.7966032183391263,
   1.7966010756111768,
   1.7966100101339246,
   1.7966173772827054,
   1.796617377282618,
   1.796610010133948,
   1.7966010756112347,
   1.7966032183390919,
   1.7966128705225572,
   1.7966184702851955,
   1.7966166985432774,
   1.7966082565670878,
   1.7965999334321792,
   1.7966037899783542,
   1.7966138366043276,
   1.796618405071168,
   1.7966166954114355,
   1.7966091749572952,
   1.7966004178910522,
   1.7966028114964558,
   1.7966121074053074,
   1.7966176952552808
  ]
 },
 "Z_a": [
  6,
  6,
  6,
  6,
  6,
  6,
  6,
  6,
  6,
  6,
  6,
  6,
  15,
  15,
  15,
  15,
  5,
  5,
  5,
  5,
  6,
  6,
  6,
  6,
  1,
  1,
  1,
  1
 ],
 "spos_ac": [
  [
   0.8728221181971595,
   0.5837291759961125,
   0.7534809390756724
  ],
  [
   0.6986240723229341,
   0.48768998419119075,
   0.25336615032443005
  ],
  [
   0.19858837509816793,
   0.08362831616217008,
   0.3179253126594499
  ],
  [
   0.3728225730365013,
   0.9877907833693982,
   0.8180398015204244
  ],
  [
   0.19860645323141912,
   0.48769939543246715,
   0.31794763235288415
  ],
  [
   0.3728044991056383,
   0.5837385872373697,
   0.8180624211041376
  ],
  [
   0.8728401963304102,
   0.9878002552664016,
   0.7535032587691535
  ],
  [
   0.6986059983920574,
   0.08363778805915369,
   0.25338876990820447
  ],
  [
   0.580337036130758,
   0.7857428455147029,
   0.8284489903057531
  ],
  [
   0.9910801856437652,
   0.2856857654320702,
   0.3283266604950205
  ],
  [
   0.4910915352978086,
   0.2856857259138744,
   0.24297958112279205
  ],
  [
   0.08034838578481276,
   0.7857428059965278,
   0.7431019109335104
  ],
  [
   0.755526571583481,
   0.7856954668548161,
   0.057720507054192224
  ],
  [
   0.8159144112245231,
   0.2857331412294591,
   0.5576744231511703
  ],
  [
   0.31590199984508127,
   0.2857331045737628,
   0.013708064374391744
  ],
  [
   0.25551416020405365,
   0.7856954301991116,
   0.5137541482774152
  ],
  [
   0.9429087061186406,
   0.785761641804599,
   0.6199422682520512
  ],
  [
   0.6285310576064032,
   0.285666909325302,
   0.11983709918226215
  ],
  [
   0.12851986530993414,
   0.28566692962398743,
   0.4514863031765194
  ],
  [
   0.4428975138221664,
   0.7857616621032533,
   0.9515914722463219
  ],
  [
   0.9391054496484148,
   0.7857604233767579,
   0.2960072262493838
  ],
  [
   0.6323303838208034,
   0.28566804776689636,
   0.7958941259476945
  ],
  [
   0.13232312178014652,
   0.2873074923141275,
   0.7754213451791778
  ],
  [
   0.4390981876077812,
   0.7857605236616424,
   0.2755344454808884
  ],
  [
   0.535714285714276,
   0.5357142857142836,
   0.5357142857142578
  ],
  [
   0.03571428571428551,
   0.5357142857142896,
   0.03571428571426786
  ],
  [
   0.5357142857142978,
   0.03571428571427649,
   0.5357142857142925
  ],
  [
   0.035714285714278544,
   0.03571428571429287,
   0.035714285714279946
  ]
 ]
}