{
 "0": {
  "0": [
   0.5426549951646907,
   0.556251782011224,
   0.5562451220246357,
   0.5426488637560593,
   0.5433517837177335,
   0.5571865545691174,
   0.5571721557378049,
   0.5433373125650185,
   0.54316473579095,
   0.5566597053465273,
   0.5566517606739758,
   0.5431570536579331,
   0.5431570536579399,
   0.5566517606739134,
   0.5566597053465502,
   0.5431647357908954,
   0.5433373125650004,
   0.5571721557378594,
   0.5571865545691134,
   0.5433517837177623,
   0.5426488637560404,
   0.5562451220246005,
   0.5562517820111899,
   0.5426549951646882
  ],
  "1": [
   3.0477176362102623,
   3.0341254429200117,
   3.03411549108888,
   3.04771041494749,
   3.047029180688925,
   3.0331996820099447,
   3.033179219910905,
   3.047013350959977,
   3.047208877892121,
   3.033718351715472,
   3.033707791133537,
   3.047200878372667,
   3.047200878372596,
   3.0337077911335317,
   3.033718351715511,
   3.0472088778921003,
   3.047013350960015,
   3.033179219910918,
   3.0331996820099723,
   3.047029180688962,
   3.04771041494751,
   3.0341154910889356,
   3.034125442920012,
   3.0477176362101233
  ]
 },
 "1": {
  "0": [
   1.7590082091399524,
   1.7589196329632284,
   1.7589215322602492,
   1.7590104440350698,
   1.7590045379950887,
   1.7589179601430107,
   1.7589219757751775,
   1.7590089042328259,
   1.7590031656846172,
   1.758918530601564,
   1.7589203774228175,
   1.7590054144470961,
   1.7590054144470602,
   1.7589203774228317,
   1.7589185306015118,
   1.7590031656846357,
   1.7590089042328303,
   1.7589219757751422,
   1.7589179601429465,
   1.759004537995059,
   1.7590104440351482,
   1.7589215322602267,
   1.7589196329631975,
   1.7590082091399568
  ],
  "1": [
   1.7567691492868909,
   1.756784244757384,
   1.7567764286829501,
   1.7567643134094302,
   1.7567686291617106,
   1.7567776332461245,
   1.7567618690349864,
   1.7567589345903454,
   1.75676331085236,
   1.7567631135844088,
   1.756755177092059,
   1.7567584705532007,
   1.756758470553199,
   1.7567551770920782,
   1.7567631135843453,
   1.7567633108523923,
   1.7567589345902812,
   1.7567618690349758,
   1.756777633246168,
   1.7567686291616158,
   1.7567643134094904,
   1.756776428682968,
   1.7567842447575066,
   1.756769149286875
  ]
 },
 "2": {
  "0": [
   1.7937602246807545,
   1.7937635124665154,
   1.7937726412010995,
   1.7937765816360862,
   1.7937703732889376,
   1.7937628392205995,
   1.793758406199302,
   1.7937598190241073,
   1.7937701830846065,
   1.7937786502179356,
   1.793773319644578,
   1.7937639408559178,
   1.7937595052783164,
   1.7937627893351236,
   1.7937720893720024,
   1.7937762919809894,
   1.7937695955084367,
   1.7937621134685016,
   1.7937621134684008,
   1.7937695955084212,
   1.7937762919810492,
   1.7937720893719948,
   1.7937627893350603,
   1.7937595052784971,
   1.7937639408558104,
   1.7937733196445216,
   1.7937786502178457,
   1.7937701830845878,
   1.7937598190240631,
   1.7937584061992649,
   1.793762839220621,
   1.7937703732889934,
   1.7937765816359341,
   1.7937726412009474,
   1.793763512466535,
   1.79376022468063
  ],
  "1": [
   1.7966480250419077,
   1.7966425693860681,
   1.7966375889844195,
   1.7966395835439257,
   1.7966476079420906,
   1.7966508671122587,
   1.7966468337154289,
   1.7966404469832322,
   1.7966366249390968,
   1.7966408806904106,
   1.7966504000046617,
   1.7966526398502023,
   1.7966486965650432,
   1.7966432474138037,
   1.7966378608234808,
   1.7966400284811568,
   1.7966482595945952,
   1.796651408244327,
   1.7966514082442702,
   1.7966482595948314,
   1.7966400284810615,
   1.7966378608236508,
   1.7966432474136746,
   1.7966486965651611,
   1.796652639850139,
   1.7966504000048409,
   1.7966408806906893,
   1.7966366249392616,
   1.7966404469834163,
   1.796646833715381,
   1.7966508671121466,
   1.7966476079420697,
   1.7966395835438789,
   1.796637588984465,
   1.7966425693863075,
   1.7966480250418766
  ]
 },
 "Z_a": [
  6,
  6,
  6,
  6,
  6,
  6,
  6,
  6,
  6,
  6,
  6,
  6,
  15,
  15,
  15,
  15,
  5,
  5,
  5,
  5,
  6,
  6,
  6,
  6,
  1,
  1,
  1,
  1
 ],
 "spos_ac": [
  [
   0.8728221181971595,
   0.5837291759961125,
   0.7534809390756724
  ],
  [
   0.6986240723229341,
   0.48768998419119075,
   0.25336615032443005
  ],
  [
   0.19858837509816793,
   0.08362831616217008,
   0.3179253126594499
  ],
  [
   0.3728225730365013,
   0.9877907833693982,
   0.8180398015204244
  ],
  [
   0.19860645323141912,
   0.48769939543246715,
   0.31794763235288415
  ],
  [
   0.3728044991056383,
   0.5837385872373697,
   0.8180624211041376
  ],
  [
   0.8728401963304102,
   0.9878002552664016,
   0.7535032587691535
  ],
  [
   0.6986059983920574,
   0.08363778805915369,
   0.25338876990820447
  ],
  [
   0.580337036130758,
   0.7873821897769979,
   0.8284489903057531
  ],
  [
   0.9910801856437652,
   0.2856857654320702,
   0.3283266604950205
  ],
  [
   0.4910915352978086,
   0.2856857259138744,
   0.24297958112279205
  ],
  [
   0.08034838578481276,
   0.7857428059965278,
   0.7431019109335104
  ],
  [
   0.755526571583481,
   0.7856954668548161,
   0.057720507054192224
  ],
  [
   0.8159144112245231,
   0.2857331412294591,
   0.5576744231511703
  ],
  [
   0.31590199984508127,
   0.2857331045737628,
   0.013708064374391744
  ],
  [
   0.25551416020405365,
   0.7856954301991116,
   0.5137541482774152
  ],
  [
   0.9429087061186406,
   0.785761641804599,
   0.6199422682520512
  ],
  [
   0.6285310576064032,
   0.285666909325302,
   0.11983709918226215
  ],
  [
   0.12851986530993414,
   0.28566692962398743,
   0.4514863031765194
  ],
  [
   0.4428975138221664,
   0.7857616621032533,
   0.9515914722463219
  ],
  [
   0.9391054496484148,
   0.7857604233767579,
   0.2960072262493838
  ],
  [
   0.6323303838208034,
   0.28566804776689636,
   0.7958941259476945
  ],
  [
   0.13232312178014652,
   0.28566814805183244,
   0.7754213451791778
  ],
  [
   0.4390981876077812,
   0.7857605236616424,
   0.2755344454808884
  ],
  [
   0.535714285714276,
   0.5357142857142836,
   0.5357142857142578
  ],
  [
   0.03571428571428551,
   0.5357142857142896,
   0.03571428571426786
  ],
  [
   0.5357142857142978,
   0.03571428571427649,
   0.5357142857142925
  ],
  [
   0.035714285714278544,
   0.03571428571429287,
   0.035714285714279946
  ]
 ]
}