{
 "0": {
  "0": [
   0.54301547778892,
   0.5565457439816329,
   0.5565457376338407,
   0.5430154712927996,
   0.5437142363212425,
   0.5574794259892957,
   0.5574794127074637,
   0.5437142223056659,
   0.5435395129544728,
   0.5569529925873511,
   0.5569529851909756,
   0.5435395049372511,
   0.5435395049373288,
   0.5569529851909846,
   0.5569529925873279,
   0.5435395129544119,
   0.5437142223056598,
   0.5574794127075201,
   0.5574794259893326,
   0.5437142363212573,
   0.543015471292848,
   0.5565457376337813,
   0.5565457439816844,
   0.5430154777889044
  ],
  "1": [
   3.0480518559096272,
   3.0343016046166227,
   3.0343016033579415,
   3.0480518527756217,
   3.0473977757650146,
   3.0333963966742163,
   3.033396392732735,
   3.047397769098789,
   3.0476226623946685,
   3.033951682021296,
   3.033951679066327,
   3.047622658464241,
   3.0476226584642285,
   3.033951679066327,
   3.033951682021213,
   3.0476226623946427,
   3.0473977690988163,
   3.0333963927327727,
   3.0333963966742865,
   3.047397775765019,
   3.048051852775628,
   3.0343016033579473,
   3.0343016046165436,
   3.04805185590973
  ]
 },
 "1": {
  "0": [
   1.7963097820940286,
   1.7963273273440057,
   1.7963273299048037,
   1.7963097839983584,
   1.796309873547664,
   1.7963286360294906,
   1.79632864131269,
   1.7963098766406191,
   1.7963099864708068,
   1.7963299470948428,
   1.7963299496857879,
   1.796309987969216,
   1.7963099879691808,
   1.7963299496858105,
   1.7963299470948653,
   1.79630998647081,
   1.7963098766406396,
   1.796328641312629,
   1.7963286360295154,
   1.7963098735476173,
   1.796309783998339,
   1.7963273299047706,
   1.7963273273440328,
   1.7963097820940461
  ],
  "1": [
   1.7940811968132468,
   1.7940637416349805,
   1.7940637406714548,
   1.7940811968746808,
   1.794081120348112,
   1.7940624525802829,
   1.7940624506947747,
   1.7940811201489346,
   1.7940810232584683,
   1.7940611633290948,
   1.7940611624127742,
   1.7940810229558446,
   1.7940810229557913,
   1.7940611624127583,
   1.7940611633291146,
   1.7940810232584383,
   1.794081120148919,
   1.7940624506947178,
   1.7940624525803202,
   1.7940811203481082,
   1.7940811968748034,
   1.7940637406714672,
   1.7940637416349365,
   1.7940811968132329
  ]
 },
 "2": {
  "0": [
   1.8046878351844657,
   1.8047226814150947,
   1.8047656027847059,
   1.8047656019646436,
   1.8047226801079699,
   1.8046878343737356,
   1.8046852247469871,
   1.8047277829322046,
   1.8047786316647068,
   1.8047786298991002,
   1.8047277799993484,
   1.8046852232939383,
   1.8046827910964733,
   1.8047324576754422,
   1.804792313850025,
   1.8047923128847256,
   1.8047324560734082,
   1.8046827905249987,
   1.8046827905252834,
   1.8047324560735938,
   1.8047923128848102,
   1.8047923138500095,
   1.804732457675543,
   1.8046827910965806,
   1.8046852232940036,
   1.804727779999451,
   1.80477862989913,
   1.804778631664432,
   1.8047277829318862,
   1.804685224746958,
   1.8046878343735897,
   1.8047226801081353,
   1.8047656019644795,
   1.8047656027846453,
   1.8047226814151078,
   1.804687835184164
  ],
  "1": [
   1.8073364262275091,
   1.8074890953366358,
   1.8076590582642829,
   1.8076590558931969,
   1.8074890918781348,
   1.8073364248149864,
   1.8073360326378296,
   1.8074942034428019,
   1.8076683096220687,
   1.8076683048836109,
   1.8074941959521458,
   1.8073360296238274,
   1.8073359190353238,
   1.8074989647924886,
   1.8076783092699062,
   1.8076783069466484,
   1.8074989610519574,
   1.8073359178340516,
   1.8073359178341544,
   1.8074989610520966,
   1.8076783069466182,
   1.8076783092697746,
   1.8074989647925255,
   1.8073359190354503,
   1.8073360296240168,
   1.8074941959522137,
   1.807668304883578,
   1.8076683096218933,
   1.80749420344254,
   1.8073360326378303,
   1.8073364248149189,
   1.8074890918779456,
   1.8076590558933394,
   1.8076590582644179,
   1.807489095336546,
   1.8073364262275433
  ]
 },
 "Z_a": [
  6,
  6,
  6,
  6,
  6,
  6,
  6,
  6,
  6,
  6,
  6,
  6,
  15,
  15,
  15,
  15,
  5,
  5,
  5,
  5,
  6,
  6,
  6,
  6,
  1,
  1,
  1,
  1
 ],
 "spos_ac": [
  [
   0.8728221181971595,
   0.5837291759961125,
   0.7534809390756724
  ],
  [
   0.6986240723229341,
   0.48768998419119075,
   0.25336615032443005
  ],
  [
   0.19858837509816793,
   0.08362831616217008,
   0.3179253126594499
  ],
  [
   0.3728225730365013,
   0.9877907833693982,
   0.8180398015204244
  ],
  [
   0.19860645323141912,
   0.48769939543246715,
   0.31794763235288415
  ],
  [
   0.3728044991056383,
   0.5837385872373697,
   0.8180624211041376
  ],
  [
   0.8728401963304102,
   0.9878002552664016,
   0.7535032587691535
  ],
  [
   0.6986059983920574,
   0.08363778805915369,
   0.25338876990820447
  ],
  [
   0.580337036130758,
   0.7857428455147029,
   0.8284489903057531
  ],
  [
   0.9910801856437652,
   0.2856857654320702,
   0.3283266604950205
  ],
  [
   0.4910915352978086,
   0.2856857259138744,
   0.24297958112279205
  ],
  [
   0.08034838578481276,
   0.7857428059965278,
   0.7431019109335104
  ],
  [
   0.755526571583481,
   0.7856954668548161,
   0.057720507054192224
  ],
  [
   0.8159144112245231,
   0.2857331412294591,
   0.5576744231511703
  ],
  [
   0.31590199984508127,
   0.2857331045737628,
   0.013708064374391744
  ],
  [
   0.25551416020405365,
   0.7856954301991116,
   0.5137541482774152
  ],
  [
   0.9429087061186406,
   0.785761641804599,
   0.6199422682520512
  ],
  [
   0.6285310576064032,
   0.285666909325302,
   0.11772739454091194
  ],
  [
   0.12851986530993414,
   0.28566692962398743,
   0.4514863031765194
  ],
  [
   0.4428975138221664,
   0.7857616621032533,
   0.9515914722463219
  ],
  [
   0.9391054496484148,
   0.7857604233767579,
   0.2960072262493838
  ],
  [
   0.6323303838208034,
   0.28566804776689636,
   0.7958941259476945
  ],
  [
   0.13232312178014652,
   0.28566814805183244,
   0.7754213451791778
  ],
  [
   0.4390981876077812,
   0.7857605236616424,
   0.2755344454808884
  ],
  [
   0.535714285714276,
   0.5357142857142836,
   0.5357142857142578
  ],
  [
   0.03571428571428551,
   0.5357142857142896,
   0.03571428571426786
  ],
  [
   0.5357142857142978,
   0.03571428571427649,
   0.5357142857142925
  ],
  [
   0.035714285714278544,
   0.03571428571429287,
   0.035714285714279946
  ]
 ]
}