{
 "0": {
  "0": [
   0.5686167219930366,
   0.5821374405735593,
   0.5821374331511693,
   0.5686167134808018,
   0.5692915014270716,
   0.5830566214863342,
   0.5830566068809167,
   0.5692914851206866,
   0.5690843667931369,
   0.5825178075135385,
   0.5825178001805882,
   0.5690843589450523,
   0.5690843589450563,
   0.5825178001805952,
   0.5825178075135469,
   0.5690843667931098,
   0.5692914851206609,
   0.5830566068809245,
   0.5830566214863511,
   0.5692915014270629,
   0.5686167134807967,
   0.5821374331511496,
   0.5821374405735785,
   0.5686167219930464
  ],
  "1": [
   3.0729490451039427,
   3.0589367228082933,
   3.058936725081055,
   3.0729490445176806,
   3.072212934264076,
   3.0579524050638227,
   3.0579524100804427,
   3.0722129337940824,
   3.0723433077236373,
   3.0584173027879187,
   3.058417306421287,
   3.072343308005506,
   3.072343308005482,
   3.05841730642127,
   3.058417302787917,
   3.072343307723639,
   3.07221293379408,
   3.057952410080464,
   3.0579524050637428,
   3.07221293426405,
   3.0729490445176517,
   3.058936725081073,
   3.0589367228083244,
   3.0729490451039627
  ]
 },
 "1": {
  "0": [
   1.796309107694458,
   1.796326545022098,
   1.7963265435802336,
   1.7963091042446087,
   1.7963091957954052,
   1.7963278518633898,
   1.7963278487229086,
   1.7963091886764477,
   1.796309300609144,
   1.7963291565590456,
   1.7963291548453766,
   1.7963092966711494,
   1.7963092966711776,
   1.7963291548453992,
   1.79632915655902,
   1.7963093006092,
   1.7963091886764282,
   1.7963278487228806,
   1.7963278518633834,
   1.7963091957953845,
   1.7963091042446053,
   1.7963265435802362,
   1.796326545022102,
   1.7963091076944766
  ],
  "1": [
   1.7940811653735094,
   1.7940637257632357,
   1.7940637232939662,
   1.7940811635408433,
   1.7940810875063822,
   1.7940624230172106,
   1.7940624174118436,
   1.7940810835144712,
   1.7940809870762031,
   1.7940611185956195,
   1.7940611154865802,
   1.7940809848203922,
   1.7940809848203771,
   1.794061115486568,
   1.7940611185955901,
   1.7940809870762373,
   1.7940810835144332,
   1.794062417411836,
   1.7940624230172744,
   1.7940810875063575,
   1.794081163540851,
   1.7940637232939483,
   1.7940637257632304,
   1.7940811653735456
  ]
 },
 "2": {
  "0": [
   1.7935792345703572,
   1.793529307986366,
   1.79347697427343,
   1.7934769740154093,
   1.793529307118528,
   1.7935792344003367,
   1.7935780157077625,
   1.7935316940945656,
   1.7934808744718496,
   1.7934808736375882,
   1.7935316928834089,
   1.7935780145969737,
   1.7935771473015507,
   1.7935347205307988,
   1.7934852256964036,
   1.7934852255618958,
   1.7935347199256706,
   1.7935771470547206,
   1.7935771470547437,
   1.7935347199256695,
   1.7934852255616416,
   1.7934852256961096,
   1.7935347205307304,
   1.7935771473016406,
   1.793578014597102,
   1.793531692883687,
   1.793480873637747,
   1.7934808744721247,
   1.7935316940949069,
   1.7935780157076593,
   1.79357923440016,
   1.7935293071183267,
   1.7934769740152194,
   1.7934769742732566,
   1.793529307986194,
   1.7935792345701431
  ],
  "1": [
   1.7960398750411093,
   1.7959270101205105,
   1.7958200475671788,
   1.7958200438792178,
   1.795927002177701,
   1.7960398719776265,
   1.7960398637864166,
   1.7959360568278822,
   1.795836067096178,
   1.7958360587549476,
   1.7959360407962266,
   1.7960398557191286,
   1.7960397672708353,
   1.7959455167594012,
   1.7958529409661104,
   1.7958529366331073,
   1.7959455085799916,
   1.796039763364497,
   1.79603976336452,
   1.7959455085800669,
   1.7958529366329725,
   1.79585294096588,
   1.7959455167593483,
   1.7960397672709298,
   1.7960398557192723,
   1.7959360407963638,
   1.7958360587551252,
   1.7958360670964983,
   1.795936056828227,
   1.7960398637863333,
   1.796039871977459,
   1.795927002177532,
   1.7958200438789946,
   1.7958200475670616,
   1.7959270101203713,
   1.7960398750409465
  ]
 },
 "Z_a": [
  6,
  6,
  6,
  6,
  6,
  6,
  6,
  6,
  6,
  6,
  6,
  6,
  15,
  15,
  15,
  15,
  5,
  5,
  5,
  5,
  6,
  6,
  6,
  6,
  1,
  1,
  1,
  1
 ],
 "spos_ac": [
  [
   0.8728221181971595,
   0.5837291759961125,
   0.7534809390756724
  ],
  [
   0.6986240723229341,
   0.48768998419119075,
   0.25336615032443005
  ],
  [
   0.19858837509816793,
   0.08362831616217008,
   0.3179253126594499
  ],
  [
   0.3728225730365013,
   0.9877907833693982,
   0.8180398015204244
  ],
  [
   0.19860645323141912,
   0.48769939543246715,
   0.31794763235288415
  ],
  [
   0.3728044991056383,
   0.5837385872373697,
   0.8180624211041376
  ],
  [
   0.8728401963304102,
   0.9878002552664016,
   0.7535032587691535
  ],
  [
   0.6986059983920574,
   0.08363778805915369,
   0.25338876990820447
  ],
  [
   0.580337036130758,
   0.7857428455147029,
   0.8284489903057531
  ],
  [
   0.9910801856437652,
   0.2856857654320702,
   0.3283266604950205
  ],
  [
   0.490135512353258,
   0.2856857259138744,
   0.24297958112279205
  ],
  [
   0.08034838578481276,
   0.7857428059965278,
   0.7431019109335104
  ],
  [
   0.755526571583481,
   0.7856954668548161,
   0.057720507054192224
  ],
  [
   0.8159144112245231,
   0.2857331412294591,
   0.5576744231511703
  ],
  [
   0.31590199984508127,
   0.2857331045737628,
   0.013708064374391744
  ],
  [
   0.25551416020405365,
   0.7856954301991116,
   0.5137541482774152
  ],
  [
   0.9429087061186406,
   0.785761641804599,
   0.6199422682520512
  ],
  [
   0.6285310576064032,
   0.285666909325302,
   0.11983709918226215
  ],
  [
   0.12851986530993414,
   0.28566692962398743,
   0.4514863031765194
  ],
  [
   0.4428975138221664,
   0.7857616621032533,
   0.9515914722463219
  ],
  [
   0.9391054496484148,
   0.7857604233767579,
   0.2960072262493838
  ],
  [
   0.6323303838208034,
   0.28566804776689636,
   0.7958941259476945
  ],
  [
   0.13232312178014652,
   0.28566814805183244,
   0.7754213451791778
  ],
  [
   0.4390981876077812,
   0.7857605236616424,
   0.2755344454808884
  ],
  [
   0.535714285714276,
   0.5357142857142836,
   0.5357142857142578
  ],
  [
   0.03571428571428551,
   0.5357142857142896,
   0.03571428571426786
  ],
  [
   0.5357142857142978,
   0.03571428571427649,
   0.5357142857142925
  ],
  [
   0.035714285714278544,
   0.03571428571429287,
   0.035714285714279946
  ]
 ]
}