{
 "0": {
  "0": [
   0.5435536000911924,
   0.5571007101881867,
   0.5571073107732829,
   0.5435561808766848,
   0.5442639474672151,
   0.558046142804909,
   0.5580621591072807,
   0.5442695395109046,
   0.544112634315288,
   0.5575623927620333,
   0.5575721727921066,
   0.5441157791447991,
   0.544115779144792,
   0.5575721727920945,
   0.5575623927620467,
   0.5441126343152705,
   0.5442695395109134,
   0.5580621591072722,
   0.558046142804967,
   0.5442639474671642,
   0.5435561808767395,
   0.5571073107732823,
   0.5571007101882178,
   0.5435536000911934
  ],
  "1": [
   3.0491282498316754,
   3.0354177598981735,
   3.035408624468456,
   3.0491170997735644,
   3.0484658672194014,
   3.0344884852991294,
   3.0344698922523343,
   3.048443712329673,
   3.0486711039073877,
   3.035001905818801,
   3.034992379905345,
   3.0486598042678055,
   3.0486598042677766,
   3.034992379905345,
   3.035001905818807,
   3.0486711039073597,
   3.0484437123296435,
   3.034469892252333,
   3.034488485299091,
   3.0484658672194183,
   3.0491170997735355,
   3.0354086244684892,
   3.035417759898146,
   3.049128249831683
  ]
 },
 "1": {
  "0": [
   1.7546135858286553,
   1.7549105293934333,
   1.7549087333274658,
   1.7546126774643407,
   1.7546119523506867,
   1.7549044694934277,
   1.7549008602448681,
   1.7546101070561495,
   1.7546093705711894,
   1.7548966801338082,
   1.754894897073682,
   1.754608430921797,
   1.7546084309217915,
   1.7548948970736398,
   1.7548966801338743,
   1.754609370571256,
   1.7546101070560836,
   1.754900860244917,
   1.7549044694934444,
   1.7546119523506225,
   1.7546126774643582,
   1.7549087333274336,
   1.7549105293934204,
   1.75461358582868
  ],
  "1": [
   1.7510569795812585,
   1.7511851165009578,
   1.7511873607388668,
   1.7510599459598675,
   1.7510561724350828,
   1.7511840998262407,
   1.7511887118752025,
   1.7510619111089543,
   1.7510581885237608,
   1.7511856020266066,
   1.7511879354018702,
   1.7510610749617714,
   1.7510610749617104,
   1.7511879354018696,
   1.7511856020265761,
   1.7510581885237682,
   1.7510619111089512,
   1.75118871187517,
   1.7511840998261756,
   1.7510561724350804,
   1.7510599459598524,
   1.751187360738871,
   1.7511851165010073,
   1.7510569795812652
  ]
 },
 "2": {
  "0": [
   1.7943655340046263,
   1.794291269841965,
   1.7941889094094847,
   1.7941918571133992,
   1.7942948613813114,
   1.7943666837146899,
   1.7943663096821698,
   1.7942895006278465,
   1.7941845983664169,
   1.7941904577677783,
   1.794297190627807,
   1.7943687224805858,
   1.7943681620535243,
   1.7942915647786857,
   1.794183183193277,
   1.7941860933553848,
   1.7942954390649126,
   1.7943693604298312,
   1.7943693604298492,
   1.794295439064955,
   1.7941860933552896,
   1.7941831831933641,
   1.79429156477861,
   1.794368162053515,
   1.794368722480631,
   1.7942971906278882,
   1.7941904577679326,
   1.7941845983662559,
   1.7942895006277941,
   1.7943663096821834,
   1.7943666837145886,
   1.794294861381295,
   1.794191857113312,
   1.794188909409557,
   1.7942912698419637,
   1.7943655340046865
  ],
  "1": [
   1.796901028972974,
   1.7968663347006728,
   1.7968245965470075,
   1.7968239372527575,
   1.7968654813895413,
   1.7969008617842392,
   1.796905256942914,
   1.7968697070609956,
   1.7968256285955229,
   1.7968243807367663,
   1.7968681432448046,
   1.796904893245477,
   1.796909146396563,
   1.7968721099343816,
   1.7968264473005529,
   1.7968257090729238,
   1.7968712942210838,
   1.796909044898076,
   1.7969090448980611,
   1.7968712942209002,
   1.7968257090728796,
   1.7968264473006215,
   1.7968721099344194,
   1.7969091463965876,
   1.7969048932454952,
   1.7968681432447788,
   1.7968243807368403,
   1.7968256285954858,
   1.7968697070609294,
   1.7969052569428992,
   1.7969008617842648,
   1.7968654813895557,
   1.7968239372527983,
   1.7968245965470269,
   1.7968663347006368,
   1.7969010289730047
  ]
 },
 "Z_a": [
  6,
  6,
  6,
  6,
  6,
  6,
  6,
  6,
  6,
  6,
  6,
  6,
  15,
  15,
  15,
  15,
  5,
  5,
  5,
  5,
  6,
  6,
  6,
  6,
  1,
  1,
  1,
  1
 ],
 "spos_ac": [
  [
   0.8728221181971595,
   0.5837291759961125,
   0.7534809390756724
  ],
  [
   0.6986240723229341,
   0.48768998419119075,
   0.25336615032443005
  ],
  [
   0.19858837509816793,
   0.08362831616217008,
   0.3179253126594499
  ],
  [
   0.3728225730365013,
   0.9877907833693982,
   0.8180398015204244
  ],
  [
   0.19860645323141912,
   0.48769939543246715,
   0.31794763235288415
  ],
  [
   0.3728044991056383,
   0.5837385872373697,
   0.8180624211041376
  ],
  [
   0.8728401963304102,
   0.9878002552664016,
   0.7535032587691535
  ],
  [
   0.6986059983920574,
   0.08527713232144878,
   0.25338876990820447
  ],
  [
   0.580337036130758,
   0.7857428455147029,
   0.8284489903057531
  ],
  [
   0.9910801856437652,
   0.2856857654320702,
   0.3283266604950205
  ],
  [
   0.4910915352978086,
   0.2856857259138744,
   0.24297958112279205
  ],
  [
   0.08034838578481276,
   0.7857428059965278,
   0.7431019109335104
  ],
  [
   0.755526571583481,
   0.7856954668548161,
   0.057720507054192224
  ],
  [
   0.8159144112245231,
   0.2857331412294591,
   0.5576744231511703
  ],
  [
   0.31590199984508127,
   0.2857331045737628,
   0.013708064374391744
  ],
  [
   0.25551416020405365,
   0.7856954301991116,
   0.5137541482774152
  ],
  [
   0.9429087061186406,
   0.785761641804599,
   0.6199422682520512
  ],
  [
   0.6285310576064032,
   0.285666909325302,
   0.11983709918226215
  ],
  [
   0.12851986530993414,
   0.28566692962398743,
   0.4514863031765194
  ],
  [
   0.4428975138221664,
   0.7857616621032533,
   0.9515914722463219
  ],
  [
   0.9391054496484148,
   0.7857604233767579,
   0.2960072262493838
  ],
  [
   0.6323303838208034,
   0.28566804776689636,
   0.7958941259476945
  ],
  [
   0.13232312178014652,
   0.28566814805183244,
   0.7754213451791778
  ],
  [
   0.4390981876077812,
   0.7857605236616424,
   0.2755344454808884
  ],
  [
   0.535714285714276,
   0.5357142857142836,
   0.5357142857142578
  ],
  [
   0.03571428571428551,
   0.5357142857142896,
   0.03571428571426786
  ],
  [
   0.5357142857142978,
   0.03571428571427649,
   0.5357142857142925
  ],
  [
   0.035714285714278544,
   0.03571428571429287,
   0.035714285714279946
  ]
 ]
}