{
 "0": {
  "0": [
   0.5200508519764035,
   0.5335394794331513,
   0.5335238227266674,
   0.5200350871421889,
   0.5207643214541261,
   0.5345164734822389,
   0.5344838642815007,
   0.5207312786547914,
   0.5205875889373494,
   0.5340286775151825,
   0.5340116957784031,
   0.5205700552100444,
   0.5205700552100618,
   0.5340116957783632,
   0.5340286775151839,
   0.5205875889373589,
   0.5207312786547799,
   0.5344838642815063,
   0.5345164734822263,
   0.5207643214540999,
   0.520035087142181,
   0.5335238227266592,
   0.5335394794331633,
   0.5200508519763866
  ],
  "1": [
   3.02505951575565,
   3.011466956012667,
   3.0114530640380597,
   3.025044487892821,
   3.0243916747856048,
   3.010591085745035,
   3.010561942043396,
   3.0243605920693706,
   3.02458356509858,
   3.0111525173777336,
   3.011137087450023,
   3.024567261627212,
   3.0245672616272063,
   3.011137087450028,
   3.0111525173777287,
   3.0245835650985304,
   3.024360592069346,
   3.0105619420433896,
   3.0105910857450584,
   3.0243916747855635,
   3.025044487892818,
   3.01145306403806,
   3.0114669560127147,
   3.0250595157556988
  ]
 },
 "1": {
  "0": [
   1.7988635231594674,
   1.79890780129351,
   1.7989116833520362,
   1.7988656917131538,
   1.7988630745441752,
   1.7989092407490574,
   1.7989168448888115,
   1.798867096952932,
   1.7988646418268186,
   1.7989143817445596,
   1.79891846168312,
   1.7988663852852824,
   1.7988663852853033,
   1.7989184616831126,
   1.7989143817445534,
   1.7988646418267888,
   1.7988670969529466,
   1.7989168448887072,
   1.7989092407490408,
   1.7988630745442165,
   1.798865691713187,
   1.7989116833520247,
   1.7989078012935242,
   1.7988635231594576
  ],
  "1": [
   1.7960733161676439,
   1.7958323942983123,
   1.7958308542891213,
   1.796072639987664,
   1.7960709664282841,
   1.795832778854064,
   1.7958294999510385,
   1.7960693019226384,
   1.7960675451024846,
   1.795831605433884,
   1.7958300287218665,
   1.7960666832758998,
   1.796066683275895,
   1.7958300287219073,
   1.7958316054338115,
   1.7960675451025259,
   1.796069301922658,
   1.7958294999510245,
   1.7958327788540518,
   1.796070966428306,
   1.7960726399876887,
   1.7958308542891073,
   1.7958323942982657,
   1.796073316167595
  ]
 },
 "2": {
  "0": [
   1.7957132861922434,
   1.7956221071355971,
   1.795519224141731,
   1.7955177804998208,
   1.7956199149464127,
   1.7957122648777981,
   1.795716014080998,
   1.7956311483626128,
   1.795530433716087,
   1.7955276364828583,
   1.7956264341133734,
   1.7957140713201472,
   1.7957178753599232,
   1.795637716249258,
   1.7955407884910333,
   1.795539513535126,
   1.7956353713734154,
   1.7957168470385065,
   1.7957168470384157,
   1.7956353713733753,
   1.7955395135351164,
   1.7955407884911054,
   1.7956377162492665,
   1.7957178753599745,
   1.7957140713200441,
   1.7956264341133037,
   1.7955276364828938,
   1.795530433716012,
   1.795631148362583,
   1.795716014081053,
   1.7957122648777624,
   1.7956199149465242,
   1.7955177804998717,
   1.795519224141665,
   1.7956221071356053,
   1.795713286192283
  ],
  "1": [
   1.7989080743238488,
   1.7988658702068985,
   1.7987970833270481,
   1.7987965707954554,
   1.798864125303921,
   1.798906963897925,
   1.79890809164514,
   1.7988659342202764,
   1.7987958011201746,
   1.7987950174365392,
   1.798862043655099,
   1.7989054228250363,
   1.798906498559817,
   1.7988638765095355,
   1.7987945564582883,
   1.79879407219375,
   1.798861936351296,
   1.7989053363248801,
   1.7989053363248724,
   1.7988619363512373,
   1.7987940721938342,
   1.7987945564582437,
   1.7988638765095584,
   1.7989064985597576,
   1.7989054228251242,
   1.7988620436551197,
   1.7987950174365794,
   1.798795801120097,
   1.798865934220361,
   1.7989080916450533,
   1.798906963897922,
   1.7988641253037987,
   1.7987965707953935,
   1.79879708332708,
   1.798865870206941,
   1.7989080743239445
  ]
 },
 "Z_a": [
  6,
  6,
  6,
  6,
  6,
  6,
  6,
  6,
  6,
  6,
  6,
  6,
  15,
  15,
  15,
  15,
  5,
  5,
  5,
  5,
  6,
  6,
  6,
  6,
  1,
  1,
  1,
  1
 ],
 "spos_ac": [
  [
   0.8728221181971595,
   0.5837291759961125,
   0.7534809390756724
  ],
  [
   0.6986240723229341,
   0.48768998419119075,
   0.25336615032443005
  ],
  [
   0.19858837509816793,
   0.08362831616217008,
   0.3179253126594499
  ],
  [
   0.3728225730365013,
   0.9877907833693982,
   0.8180398015204244
  ],
  [
   0.19860645323141912,
   0.48769939543246715,
   0.31794763235288415
  ],
  [
   0.3728044991056383,
   0.5837385872373697,
   0.8180624211041376
  ],
  [
   0.8737962192749609,
   0.9878002552664016,
   0.7535032587691535
  ],
  [
   0.6986059983920574,
   0.08363778805915369,
   0.25338876990820447
  ],
  [
   0.580337036130758,
   0.7857428455147029,
   0.8284489903057531
  ],
  [
   0.9910801856437652,
   0.2856857654320702,
   0.3283266604950205
  ],
  [
   0.4910915352978086,
   0.2856857259138744,
   0.24297958112279205
  ],
  [
   0.08034838578481276,
   0.7857428059965278,
   0.7431019109335104
  ],
  [
   0.755526571583481,
   0.7856954668548161,
   0.057720507054192224
  ],
  [
   0.8159144112245231,
   0.2857331412294591,
   0.5576744231511703
  ],
  [
   0.31590199984508127,
   0.2857331045737628,
   0.013708064374391744
  ],
  [
   0.25551416020405365,
   0.7856954301991116,
   0.5137541482774152
  ],
  [
   0.9429087061186406,
   0.785761641804599,
   0.6199422682520512
  ],
  [
   0.6285310576064032,
   0.285666909325302,
   0.11983709918226215
  ],
  [
   0.12851986530993414,
   0.28566692962398743,
   0.4514863031765194
  ],
  [
   0.4428975138221664,
   0.7857616621032533,
   0.9515914722463219
  ],
  [
   0.9391054496484148,
   0.7857604233767579,
   0.2960072262493838
  ],
  [
   0.6323303838208034,
   0.28566804776689636,
   0.7958941259476945
  ],
  [
   0.13232312178014652,
   0.28566814805183244,
   0.7754213451791778
  ],
  [
   0.4390981876077812,
   0.7857605236616424,
   0.2755344454808884
  ],
  [
   0.535714285714276,
   0.5357142857142836,
   0.5357142857142578
  ],
  [
   0.03571428571428551,
   0.5357142857142896,
   0.03571428571426786
  ],
  [
   0.5357142857142978,
   0.03571428571427649,
   0.5357142857142925
  ],
  [
   0.035714285714278544,
   0.03571428571429287,
   0.035714285714279946
  ]
 ]
}