{
 "0": {
  "0": [
   0.5420340397537731,
   0.5556041689179001,
   0.5556100778753001,
   0.5420381742246261,
   0.5426887688231573,
   0.5565057925149008,
   0.5565182794143454,
   0.5426978862852744,
   0.5424686112179946,
   0.555957493673426,
   0.5559642161156844,
   0.5424737192131419,
   0.5424737192131516,
   0.5559642161155428,
   0.5559574936734543,
   0.5424686112179494,
   0.5426978862852221,
   0.5565182794143523,
   0.556505792514949,
   0.5426887688232682,
   0.5420381742246534,
   0.5556100778753326,
   0.5556041689179032,
   0.5420340397537444
  ],
  "1": [
   3.047092891066367,
   3.03347418543513,
   3.0334801044118365,
   3.0470970400142265,
   3.0463616251899515,
   3.032513353044818,
   3.0325258552002246,
   3.046370772021767,
   3.0465080790200707,
   3.033011682032968,
   3.0330184095366537,
   3.0465132018675187,
   3.046513201867521,
   3.0330184095366346,
   3.0330116820329645,
   3.0465080790200467,
   3.046370772021806,
   3.0325258552002055,
   3.032513353044785,
   3.0463616251899435,
   3.0470970400141595,
   3.0334801044118507,
   3.033474185435162,
   3.0470928910663484
  ]
 },
 "1": {
  "0": [
   1.7959889679595882,
   1.795982141280836,
   1.7959823052024178,
   1.7959891291053929,
   1.7959901532597127,
   1.7959848050362281,
   1.7959851825330047,
   1.7959904377083815,
   1.7959914950556146,
   1.7959876738838774,
   1.7959878501881616,
   1.7959916241861476,
   1.7959916241861344,
   1.7959878501881974,
   1.795987673883925,
   1.7959914950555576,
   1.7959904377083966,
   1.79598518253297,
   1.7959848050361782,
   1.7959901532597116,
   1.7959891291053969,
   1.7959823052024242,
   1.7959821412808707,
   1.7959889679596146
  ],
  "1": [
   1.7937606937631492,
   1.7937191331652815,
   1.793719296968713,
   1.7937608467763848,
   1.793761721159614,
   1.7937191745157852,
   1.7937195516717281,
   1.7937619898801063,
   1.793762856583179,
   1.7937194217920411,
   1.7937195979068197,
   1.793762977853889,
   1.7937629778538884,
   1.7937195979068001,
   1.7937194217920127,
   1.7937628565830928,
   1.7937619898801191,
   1.7937195516717461,
   1.7937191745157839,
   1.7937617211596604,
   1.7937608467764212,
   1.7937192969687192,
   1.7937191331652187,
   1.7937606937631345
  ]
 },
 "2": {
  "0": [
   1.7934514312607586,
   1.793459750530913,
   1.793468958061688,
   1.7934693609285066,
   1.793460477559876,
   1.7934517940879096,
   1.7934507708448935,
   1.7934580603479304,
   1.793466751533887,
   1.7934676462357357,
   1.7934595789331453,
   1.7934513392331528,
   1.7934502440331268,
   1.7934571896926463,
   1.7934649325409446,
   1.793465358062208,
   1.7934579554430439,
   1.793450563628684,
   1.7934505636287519,
   1.7934579554430277,
   1.7934653580621382,
   1.7934649325409595,
   1.793457189692717,
   1.7934502440332414,
   1.7934513392330043,
   1.7934595789332022,
   1.7934676462357166,
   1.7934667515339038,
   1.7934580603480994,
   1.7934507708445726,
   1.7934517940878194,
   1.793460477560129,
   1.7934693609285692,
   1.793468958061652,
   1.7934597505307979,
   1.793451431260709
  ],
  "1": [
   1.796336969072493,
   1.7963351024660994,
   1.796329625707789,
   1.7963300325205556,
   1.7963358384098218,
   1.7963373363846784,
   1.7963369269821414,
   1.7963341454570547,
   1.7963278593885297,
   1.7963287623274693,
   1.7963356814532718,
   1.7963375039412335,
   1.7963370491575439,
   1.7963340139912147,
   1.7963265355528752,
   1.796326965034439,
   1.796334788316355,
   1.7963373728550478,
   1.796337372855042,
   1.7963347883163536,
   1.796326965035025,
   1.7963265355517335,
   1.7963340139911674,
   1.7963370491576143,
   1.7963375039411473,
   1.796335681453128,
   1.7963287623272686,
   1.7963278593883787,
   1.7963341454569983,
   1.7963369269823335,
   1.796337336384673,
   1.7963358384101233,
   1.7963300325204197,
   1.7963296257079777,
   1.7963351024661465,
   1.796336969072535
  ]
 },
 "Z_a": [
  6,
  6,
  6,
  6,
  6,
  6,
  6,
  6,
  6,
  6,
  6,
  6,
  15,
  15,
  15,
  15,
  5,
  5,
  5,
  5,
  6,
  6,
  6,
  6,
  1,
  1,
  1,
  1
 ],
 "spos_ac": [
  [
   0.8728221181971595,
   0.5837291759961125,
   0.7534809390756724
  ],
  [
   0.6986240723229341,
   0.48768998419119075,
   0.25336615032443005
  ],
  [
   0.19858837509816793,
   0.08362831616217008,
   0.3179253126594499
  ],
  [
   0.3728225730365013,
   0.9877907833693982,
   0.8180398015204244
  ],
  [
   0.19860645323141912,
   0.48769939543246715,
   0.31794763235288415
  ],
  [
   0.3728044991056383,
   0.5837385872373697,
   0.8180624211041376
  ],
  [
   0.8728401963304102,
   0.9878002552664016,
   0.7535032587691535
  ],
  [
   0.6986059983920574,
   0.08363778805915369,
   0.25338876990820447
  ],
  [
   0.580337036130758,
   0.7857428455147029,
   0.8284489903057531
  ],
  [
   0.9910801856437652,
   0.2856857654320702,
   0.3283266604950205
  ],
  [
   0.4910915352978086,
   0.2856857259138744,
   0.24297958112279205
  ],
  [
   0.08034838578481276,
   0.7857428059965278,
   0.7431019109335104
  ],
  [
   0.755526571583481,
   0.7856954668548161,
   0.057720507054192224
  ],
  [
   0.8159144112245231,
   0.2857331412294591,
   0.5576744231511703
  ],
  [
   0.31590199984508127,
   0.2857331045737628,
   0.013708064374391744
  ],
  [
   0.25551416020405365,
   0.7856954301991116,
   0.5137541482774152
  ],
  [
   0.9429087061186406,
   0.785761641804599,
   0.6199422682520512
  ],
  [
   0.6285310576064032,
   0.285666909325302,
   0.11983709918226215
  ],
  [
   0.12851986530993414,
   0.28566692962398743,
   0.4514863031765194
  ],
  [
   0.4428975138221664,
   0.7857616621032533,
   0.9515914722463219
  ],
  [
   0.9391054496484148,
   0.7857604233767579,
   0.2960072262493838
  ],
  [
   0.6323303838208034,
   0.28566804776689636,
   0.7958941259476945
  ],
  [
   0.13232312178014652,
   0.28566814805183244,
   0.7754213451791778
  ],
  [
   0.4390981876077812,
   0.7857605236616424,
   0.2755344454808884
  ],
  [
   0.535714285714276,
   0.5357142857142836,
   0.5357142857142578
  ],
  [
   0.03571428571428551,
   0.5357142857142896,
   0.03571428571426786
  ],
  [
   0.5357142857142978,
   0.03571428571427649,
   0.5357142857142925
  ],
  [
   0.035714285714278544,
   0.034074941451997784,
   0.035714285714279946
  ]
 ]
}