{
 "0": {
  "0": [
   0.5428329279496164,
   0.5564174143943699,
   0.5564175597609815,
   0.5428347863240744,
   0.543526795139623,
   0.5573511494584152,
   0.5573516167663223,
   0.5435305823514422,
   0.543344443981375,
   0.5568292234745418,
   0.5568296095830583,
   0.5433464164440742,
   0.5433464164441036,
   0.5568296095830916,
   0.5568292234745259,
   0.5433444439812103,
   0.543530582351499,
   0.5573516167663224,
   0.5573511494584169,
   0.5435267951396067,
   0.5428347863241443,
   0.5564175597610764,
   0.5564174143944408,
   0.5428329279500632
  ],
  "1": [
   3.04789181917928,
   3.0342873845670955,
   3.034287548018346,
   3.0478936946894786,
   3.0471997009412233,
   3.033358704995828,
   3.0333592107251395,
   3.0472035219428837,
   3.0473839588639824,
   3.0338834600909554,
   3.033883867226491,
   3.0473859479110628,
   3.047385947911097,
   3.03388386722665,
   3.033883460090837,
   3.047383958864041,
   3.047203521942944,
   3.0333592107255907,
   3.0333587049959276,
   3.0471997009411838,
   3.047893694689482,
   3.034287548018288,
   3.0342873845669924,
   3.0478918191793376
  ]
 },
 "1": {
  "0": [
   1.7969039998800076,
   1.796871566568953,
   1.7968716133639366,
   1.7969043309077612,
   1.7969031441324246,
   1.7968718190833652,
   1.7968719627348833,
   1.7969037951248603,
   1.7969026555650869,
   1.7968722069673546,
   1.7968722668013493,
   1.79690299135285,
   1.7969029913528665,
   1.796872266801155,
   1.7968722069675431,
   1.7969026555650855,
   1.7969037951246132,
   1.7968719627350263,
   1.7968718190834938,
   1.7969031441322791,
   1.7969043309080104,
   1.7968716133640437,
   1.796871566569031,
   1.7969039998800134
  ],
  "1": [
   1.7946761375167246,
   1.7946084727691165,
   1.7946085301148254,
   1.7946764757486928,
   1.794675119033191,
   1.7946061144054886,
   1.7946062793530952,
   1.7946757847817782,
   1.7946744344838454,
   1.7946039028694725,
   1.794603973338005,
   1.7946747776410332,
   1.7946747776411622,
   1.7946039733382662,
   1.7946039028695833,
   1.7946744344838663,
   1.7946757847818715,
   1.7946062793531916,
   1.7946061144041694,
   1.7946751190332626,
   1.7946764757486584,
   1.7946085301149275,
   1.7946084727690368,
   1.7946761375168176
  ]
 },
 "2": {
  "0": [
   1.7958625380659503,
   1.7958498214814735,
   1.7958385557476448,
   1.7958386077192028,
   1.795849766642279,
   1.795862557524525,
   1.7958621995070094,
   1.7958500976070342,
   1.7958396643770063,
   1.7958396824868321,
   1.7958501607172022,
   1.7958623242756884,
   1.795862013981872,
   1.7958505342685138,
   1.7958407790473017,
   1.795840766211377,
   1.7958505747673614,
   1.7958620335147384,
   1.7958620335149384,
   1.7958505747674283,
   1.7958407662114884,
   1.7958407790472362,
   1.7958505342685531,
   1.7958620139821062,
   1.7958623242742169,
   1.7958501607169814,
   1.7958396824866143,
   1.7958396643770367,
   1.7958500976073157,
   1.7958621995070159,
   1.7958625575242542,
   1.7958497666421704,
   1.7958386077188597,
   1.7958385557475869,
   1.7958498214814387,
   1.795862538066028
  ],
  "1": [
   1.7987491408679717,
   1.798726292315538,
   1.7987003720434833,
   1.7987004264046274,
   1.798726248673824,
   1.7987491683128587,
   1.7987494302535139,
   1.7987273230234992,
   1.7987019480458546,
   1.798701971404162,
   1.7987274084834173,
   1.7987495708864178,
   1.7987499070164,
   1.7987285231418682,
   1.7987035844562078,
   1.7987035740967219,
   1.7987285748254371,
   1.7987499343594797,
   1.7987499343597362,
   1.798728574825689,
   1.798703574096613,
   1.7987035844562786,
   1.7987285231419083,
   1.7987499070167263,
   1.7987495708863706,
   1.7987274084838227,
   1.7987019714040193,
   1.7987019480453519,
   1.7987273230232355,
   1.7987494302535916,
   1.7987491683130077,
   1.7987262486739521,
   1.798700426404491,
   1.7987003720433132,
   1.7987262923153904,
   1.7987491408680747
  ]
 },
 "Z_a": [
  6,
  6,
  6,
  6,
  6,
  6,
  6,
  6,
  6,
  6,
  6,
  6,
  15,
  15,
  15,
  15,
  5,
  5,
  5,
  5,
  6,
  6,
  6,
  6,
  1,
  1,
  1,
  1
 ],
 "spos_ac": [
  [
   0.8728221181971595,
   0.5837291759961125,
   0.7534809390756724
  ],
  [
   0.6986240723229341,
   0.48768998419119075,
   0.25336615032443005
  ],
  [
   0.19858837509816793,
   0.08362831616217008,
   0.3179253126594499
  ],
  [
   0.3728225730365013,
   0.9877907833693982,
   0.8180398015204244
  ],
  [
   0.19860645323141912,
   0.48769939543246715,
   0.31794763235288415
  ],
  [
   0.3728044991056383,
   0.5837385872373697,
   0.8180624211041376
  ],
  [
   0.8728401963304102,
   0.9878002552664016,
   0.7535032587691535
  ],
  [
   0.6986059983920574,
   0.08363778805915369,
   0.25338876990820447
  ],
  [
   0.580337036130758,
   0.7857428455147029,
   0.8284489903057531
  ],
  [
   0.9910801856437652,
   0.2856857654320702,
   0.3283266604950205
  ],
  [
   0.4910915352978086,
   0.2856857259138744,
   0.24297958112279205
  ],
  [
   0.08034838578481276,
   0.7857428059965278,
   0.7431019109335104
  ],
  [
   0.755526571583481,
   0.7856954668548161,
   0.057720507054192224
  ],
  [
   0.8159144112245231,
   0.2857331412294591,
   0.5576744231511703
  ],
  [
   0.31590199984508127,
   0.2857331045737628,
   0.013708064374391744
  ],
  [
   0.25551416020405365,
   0.7856954301991116,
   0.5137541482774152
  ],
  [
   0.9429087061186406,
   0.785761641804599,
   0.6199422682520512
  ],
  [
   0.6285310576064032,
   0.285666909325302,
   0.11983709918226215
  ],
  [
   0.12851986530993414,
   0.28566692962398743,
   0.4514863031765194
  ],
  [
   0.4428975138221664,
   0.7857616621032533,
   0.9515914722463219
  ],
  [
   0.9391054496484148,
   0.7857604233767579,
   0.2960072262493838
  ],
  [
   0.6323303838208034,
   0.28566804776689636,
   0.7958941259476945
  ],
  [
   0.13232312178014652,
   0.28566814805183244,
   0.7754213451791778
  ],
  [
   0.4390981876077812,
   0.7857605236616424,
   0.2755344454808884
  ],
  [
   0.535714285714276,
   0.5357142857142836,
   0.5357142857142578
  ],
  [
   0.03571428571428551,
   0.5357142857142896,
   0.03571428571426786
  ],
  [
   0.5357142857142978,
   0.03571428571427649,
   0.5357142857142925
  ],
  [
   0.035714285714278544,
   0.03571428571429287,
   0.03782399035563016
  ]
 ]
}