{
 "0": {
  "0": [
   0.5423306795141651,
   0.5558751652923194,
   0.5558751641174914,
   0.5423306790398834,
   0.5430207713129952,
   0.556798643467917,
   0.5567986405783274,
   0.543020771361593,
   0.5428348643232472,
   0.5562672679925376,
   0.5562672660052471,
   0.5428348644904052,
   0.5428348644904559,
   0.5562672660052931,
   0.5562672679925313,
   0.5428348643232173,
   0.5430207713616131,
   0.5567986405783,
   0.5567986434679083,
   0.5430207713129847,
   0.5423306790399538,
   0.5558751641175455,
   0.5558751652922914,
   0.5423306795141415
  ],
  "1": [
   3.0468224211583927,
   3.0332857166090124,
   3.033285717535347,
   3.0468224207817918,
   3.046100205260391,
   3.0323190270431244,
   3.0323190280156065,
   3.0461002048044508,
   3.0462519935466923,
   3.0328035558181154,
   3.0328035558109345,
   3.0462519935995513,
   3.046251993599611,
   3.0328035558109243,
   3.0328035558180844,
   3.0462519935467034,
   3.046100204804433,
   3.0323190280155616,
   3.0323190270430973,
   3.046100205260341,
   3.046822420781752,
   3.0332857175353354,
   3.033285716609068,
   3.0468224211585135
  ]
 },
 "1": {
  "0": [
   1.7963102601472631,
   1.796327685856957,
   1.7963276842753415,
   1.796310259653806,
   1.796310335186265,
   1.796328982518468,
   1.7963289789765045,
   1.7963103339895958,
   1.7963104299582293,
   1.796330276322827,
   1.7963302746199483,
   1.7963104293020182,
   1.7963104293020156,
   1.7963302746199505,
   1.796330276322793,
   1.796310429958179,
   1.7963103339896043,
   1.796328978976587,
   1.7963289825184505,
   1.7963103351862748,
   1.7963102596537779,
   1.7963276842753222,
   1.7963276858569432,
   1.79631026014731
  ],
  "1": [
   1.7940820238750297,
   1.7940645721718274,
   1.7940645686210173,
   1.7940820225558318,
   1.7940819405663526,
   1.7940632706915653,
   1.7940632638976515,
   1.7940819375512302,
   1.7940818351444976,
   1.7940619665219302,
   1.794061963011126,
   1.79408183357483,
   1.7940818335748931,
   1.7940619630111176,
   1.7940619665219502,
   1.794081835144512,
   1.794081937551322,
   1.7940632638976628,
   1.7940632706915656,
   1.7940819405663309,
   1.7940820225558065,
   1.7940645686210168,
   1.7940645721717727,
   1.7940820238750452
  ]
 },
 "2": {
  "0": [
   1.7448776642148205,
   1.744894702452944,
   1.7449106807389982,
   1.7449106776784093,
   1.7448946968397285,
   1.744877661218303,
   1.7448780680358413,
   1.7449002519334704,
   1.744921499076958,
   1.744921492751336,
   1.7449002391686979,
   1.7448780622443225,
   1.7448788039325045,
   1.7449059350453524,
   1.7449327319591417,
   1.7449327280828115,
   1.7449059284604904,
   1.7448788009629033,
   1.7448788009629677,
   1.744905928460431,
   1.744932728082742,
   1.7449327319591332,
   1.7449059350455012,
   1.7448788039326313,
   1.7448780622442546,
   1.7449002391687296,
   1.7449214927512744,
   1.7449214990770159,
   1.7449002519334953,
   1.7448780680357499,
   1.7448776612183876,
   1.7448946968397545,
   1.7449106776782946,
   1.7449106807389736,
   1.7448947024528236,
   1.7448776642148291
  ],
  "1": [
   1.7476086182113244,
   1.747698208249655,
   1.747783692145737,
   1.747783692920767,
   1.747698210495587,
   1.7476086189914348,
   1.7476060170931829,
   1.7476944319844083,
   1.7477808611969146,
   1.747780862717511,
   1.747694435160919,
   1.7476060186695195,
   1.747603535861309,
   1.7476905866222099,
   1.7477779595076823,
   1.7477779600998364,
   1.747690588228908,
   1.7476035368619731,
   1.7476035368617993,
   1.7476905882288758,
   1.7477779600999475,
   1.7477779595077505,
   1.747690586622171,
   1.747603535861419,
   1.7476060186695048,
   1.7476944351607924,
   1.7477808627174527,
   1.7477808611968788,
   1.7476944319843266,
   1.7476060170931473,
   1.747608618991228,
   1.7476982104956582,
   1.747783692920809,
   1.74778369214583,
   1.7476982082497095,
   1.7476086182109154
  ]
 },
 "Z_a": [
  6,
  6,
  6,
  6,
  6,
  6,
  6,
  6,
  6,
  6,
  6,
  6,
  15,
  15,
  15,
  15,
  5,
  5,
  5,
  5,
  6,
  6,
  6,
  6,
  1,
  1,
  1,
  1
 ],
 "spos_ac": [
  [
   0.8728221181971595,
   0.5837291759961125,
   0.7534809390756724
  ],
  [
   0.6986240723229341,
   0.48768998419119075,
   0.25336615032443005
  ],
  [
   0.19858837509816793,
   0.08362831616217008,
   0.3179253126594499
  ],
  [
   0.3728225730365013,
   0.9877907833693982,
   0.8180398015204244
  ],
  [
   0.19860645323141912,
   0.48769939543246715,
   0.31794763235288415
  ],
  [
   0.3728044991056383,
   0.5837385872373697,
   0.8180624211041376
  ],
  [
   0.8728401963304102,
   0.9878002552664016,
   0.7535032587691535
  ],
  [
   0.6986059983920574,
   0.08363778805915369,
   0.25338876990820447
  ],
  [
   0.580337036130758,
   0.7857428455147029,
   0.8284489903057531
  ],
  [
   0.9910801856437652,
   0.2856857654320702,
   0.3304363651363707
  ],
  [
   0.4910915352978086,
   0.2856857259138744,
   0.24297958112279205
  ],
  [
   0.08034838578481276,
   0.7857428059965278,
   0.7431019109335104
  ],
  [
   0.755526571583481,
   0.7856954668548161,
   0.057720507054192224
  ],
  [
   0.8159144112245231,
   0.2857331412294591,
   0.5576744231511703
  ],
  [
   0.31590199984508127,
   0.2857331045737628,
   0.013708064374391744
  ],
  [
   0.25551416020405365,
   0.7856954301991116,
   0.5137541482774152
  ],
  [
   0.9429087061186406,
   0.785761641804599,
   0.6199422682520512
  ],
  [
   0.6285310576064032,
   0.285666909325302,
   0.11983709918226215
  ],
  [
   0.12851986530993414,
   0.28566692962398743,
   0.4514863031765194
  ],
  [
   0.4428975138221664,
   0.7857616621032533,
   0.9515914722463219
  ],
  [
   0.9391054496484148,
   0.7857604233767579,
   0.2960072262493838
  ],
  [
   0.6323303838208034,
   0.28566804776689636,
   0.7958941259476945
  ],
  [
   0.13232312178014652,
   0.28566814805183244,
   0.7754213451791778
  ],
  [
   0.4390981876077812,
   0.7857605236616424,
   0.2755344454808884
  ],
  [
   0.535714285714276,
   0.5357142857142836,
   0.5357142857142578
  ],
  [
   0.03571428571428551,
   0.5357142857142896,
   0.03571428571426786
  ],
  [
   0.5357142857142978,
   0.03571428571427649,
   0.5357142857142925
  ],
  [
   0.035714285714278544,
   0.03571428571429287,
   0.035714285714279946
  ]
 ]
}