{
 "0": {
  "0": [
   0.5430173916748865,
   0.5566628037613378,
   0.5566628023211745,
   0.5430173909358786,
   0.5437139737728912,
   0.557602471593711,
   0.5576024681650145,
   0.5437139733354897,
   0.5435341370246147,
   0.5570881186193838,
   0.5570881163551961,
   0.5435341369737314,
   0.5435341369737219,
   0.5570881163551848,
   0.5570881186194238,
   0.5435341370246201,
   0.5437139733354783,
   0.5576024681650226,
   0.5576024715936392,
   0.5437139737728929,
   0.5430173909358691,
   0.5566628023212187,
   0.5566628037613711,
   0.5430173916748965
  ],
  "1": [
   3.0486397817462683,
   3.0349850806301215,
   3.034985081406445,
   3.048639781263884,
   3.0479765724770895,
   3.0340902218142123,
   3.034090222530488,
   3.047976571780655,
   3.048192051321499,
   3.034653476589886,
   3.034653476442827,
   3.0481920512317453,
   3.0481920512317333,
   3.034653476442807,
   3.0346534765898823,
   3.0481920513214815,
   3.047976571780649,
   3.0340902225304482,
   3.0340902218142314,
   3.0479765724770846,
   3.0486397812639456,
   3.034985081406437,
   3.0349850806301015,
   3.0486397817462185
  ]
 },
 "1": {
  "0": [
   1.796309472022598,
   1.7963269777849573,
   1.7963269762019365,
   1.7963094714641163,
   1.7963095674442298,
   1.7963282854127496,
   1.7963282818703197,
   1.796309566190865,
   1.7963096823200122,
   1.7963295910259987,
   1.796329589302715,
   1.7963096816182518,
   1.79630968161823,
   1.7963295893027098,
   1.7963295910259869,
   1.796309682319998,
   1.7963095661908886,
   1.7963282818703128,
   1.7963282854127296,
   1.7963095674442406,
   1.7963094714641388,
   1.7963269762019458,
   1.7963269777849462,
   1.7963094720226067
  ],
  "1": [
   1.7940809533302091,
   1.7940634624982033,
   1.7940634590932296,
   1.7940809521443226,
   1.7940808681079339,
   1.7940621636499134,
   1.7940621571582338,
   1.7940808653835825,
   1.794080761071828,
   1.79406086217338,
   1.7940608587858922,
   1.7940807596389539,
   1.7940807596389357,
   1.7940608587858844,
   1.7940608621733434,
   1.794080761071834,
   1.7940808653835976,
   1.794062157158223,
   1.7940621636499094,
   1.794080868107911,
   1.7940809521442653,
   1.7940634590932292,
   1.7940634624981826,
   1.7940809533301814
  ]
 },
 "2": {
  "0": [
   1.7448636018066914,
   1.7448813398286007,
   1.7448981738758718,
   1.7448981707636881,
   1.7448813341691114,
   1.7448635987915573,
   1.7448640572540415,
   1.7448869890416243,
   1.7449091210410628,
   1.7449091146185165,
   1.7448869761387562,
   1.7448640514033367,
   1.7448648412394157,
   1.7448927676561565,
   1.7449204907007791,
   1.7449204867893395,
   1.7448927610120155,
   1.7448648382412626,
   1.744864838241304,
   1.7448927610119165,
   1.7449204867893897,
   1.7449204907008093,
   1.7448927676561137,
   1.7448648412391887,
   1.7448640514031981,
   1.7448869761386714,
   1.744909114618478,
   1.744909121041036,
   1.7448869890417054,
   1.7448640572540846,
   1.7448635987915695,
   1.7448813341691107,
   1.744898170763642,
   1.7448981738757952,
   1.744881339828582,
   1.744863601806777
  ],
  "1": [
   1.7475818980734488,
   1.747672914772408,
   1.7477601767151423,
   1.7477601774682026,
   1.747672917030387,
   1.7475818988474345,
   1.7475792476331313,
   1.7476691023000863,
   1.747757385139006,
   1.7477573866308558,
   1.7476691054388995,
   1.7475792491937334,
   1.7475767129916902,
   1.7476652356916218,
   1.7477545292729584,
   1.7477545298626862,
   1.747665237282472,
   1.7475767139581135,
   1.7475767139580147,
   1.7476652372825616,
   1.7477545298627015,
   1.7477545292729926,
   1.7476652356916398,
   1.7475767129915198,
   1.7475792491936795,
   1.7476691054389641,
   1.747757386630872,
   1.747757385139034,
   1.7476691023000541,
   1.747579247633219,
   1.7475818988474299,
   1.7476729170303547,
   1.7477601774680187,
   1.7477601767150872,
   1.7476729147723262,
   1.7475818980735756
  ]
 },
 "Z_a": [
  6,
  6,
  6,
  6,
  6,
  6,
  6,
  6,
  6,
  6,
  6,
  6,
  15,
  15,
  15,
  15,
  5,
  5,
  5,
  5,
  6,
  6,
  6,
  6,
  1,
  1,
  1,
  1
 ],
 "spos_ac": [
  [
   0.8728221181971595,
   0.5837291759961125,
   0.7534809390756724
  ],
  [
   0.6986240723229341,
   0.48768998419119075,
   0.25336615032443005
  ],
  [
   0.19858837509816793,
   0.08362831616217008,
   0.3179253126594499
  ],
  [
   0.3728225730365013,
   0.9877907833693982,
   0.8180398015204244
  ],
  [
   0.19860645323141912,
   0.48769939543246715,
   0.31794763235288415
  ],
  [
   0.3728044991056383,
   0.5837385872373697,
   0.8180624211041376
  ],
  [
   0.8728401963304102,
   0.9878002552664016,
   0.7535032587691535
  ],
  [
   0.6986059983920574,
   0.08363778805915369,
   0.25338876990820447
  ],
  [
   0.580337036130758,
   0.7857428455147029,
   0.8284489903057531
  ],
  [
   0.9910801856437652,
   0.2856857654320702,
   0.3283266604950205
  ],
  [
   0.4910915352978086,
   0.2856857259138744,
   0.24508928576414227
  ],
  [
   0.08034838578481276,
   0.7857428059965278,
   0.7431019109335104
  ],
  [
   0.755526571583481,
   0.7856954668548161,
   0.057720507054192224
  ],
  [
   0.8159144112245231,
   0.2857331412294591,
   0.5576744231511703
  ],
  [
   0.31590199984508127,
   0.2857331045737628,
   0.013708064374391744
  ],
  [
   0.25551416020405365,
   0.7856954301991116,
   0.5137541482774152
  ],
  [
   0.9429087061186406,
   0.785761641804599,
   0.6199422682520512
  ],
  [
   0.6285310576064032,
   0.285666909325302,
   0.11983709918226215
  ],
  [
   0.12851986530993414,
   0.28566692962398743,
   0.4514863031765194
  ],
  [
   0.4428975138221664,
   0.7857616621032533,
   0.9515914722463219
  ],
  [
   0.9391054496484148,
   0.7857604233767579,
   0.2960072262493838
  ],
  [
   0.6323303838208034,
   0.28566804776689636,
   0.7958941259476945
  ],
  [
   0.13232312178014652,
   0.28566814805183244,
   0.7754213451791778
  ],
  [
   0.4390981876077812,
   0.7857605236616424,
   0.2755344454808884
  ],
  [
   0.535714285714276,
   0.5357142857142836,
   0.5357142857142578
  ],
  [
   0.03571428571428551,
   0.5357142857142896,
   0.03571428571426786
  ],
  [
   0.5357142857142978,
   0.03571428571427649,
   0.5357142857142925
  ],
  [
   0.035714285714278544,
   0.03571428571429287,
   0.035714285714279946
  ]
 ]
}