{
 "0": {
  "0": [
   0.5418886535045843,
   0.5554811762842174,
   0.5554811659473696,
   0.5418886450229733,
   0.5425815346807417,
   0.5564053927072407,
   0.5564053713475,
   0.5425815173575175,
   0.5423967579214901,
   0.5558765149032034,
   0.5558765033181456,
   0.5423967490343717,
   0.5423967490344074,
   0.5558765033181613,
   0.5558765149031989,
   0.5423967579214559,
   0.542581517357521,
   0.5564053713475164,
   0.5564053927072227,
   0.5425815346807539,
   0.541888645022992,
   0.5554811659473543,
   0.5554811762842252,
   0.5418886535045705
  ],
  "1": [
   3.0473887412831098,
   3.033746478476452,
   3.0337464810962578,
   3.0473887436613003,
   3.046681696606528,
   3.032791965796789,
   3.0327919713938325,
   3.0466817003976616,
   3.0468406726114234,
   3.033284471214066,
   3.033284474390953,
   3.0468406748215897,
   3.046840674821606,
   3.0332844743909484,
   3.0332844712140665,
   3.046840672611395,
   3.046681700397658,
   3.0327919713937876,
   3.0327919657968088,
   3.0466816966065577,
   3.047388743661302,
   3.033746481096266,
   3.0337464784764405,
   3.047388741283105
  ]
 },
 "1": {
  "0": [
   1.7963093386399052,
   1.796326838264875,
   1.796326839037849,
   1.7963093384964817,
   1.7963094231213892,
   1.7963281397542703,
   1.7963281414584455,
   1.7963094227587597,
   1.7963095276081804,
   1.7963294416156643,
   1.7963294426145764,
   1.7963095275538348,
   1.7963095275538168,
   1.7963294426145857,
   1.7963294416156552,
   1.7963095276082008,
   1.7963094227587568,
   1.7963281414584906,
   1.7963281397542277,
   1.7963094231213865,
   1.7963093384964675,
   1.796326839037856,
   1.7963268382648463,
   1.7963093386399083
  ],
  "1": [
   1.7940811356491162,
   1.7940636037749849,
   1.7940635996457515,
   1.7940811328090338,
   1.7940810436333419,
   1.7940622952549208,
   1.79406228660823,
   1.794081037985999,
   1.7940809284403672,
   1.7940609831140342,
   1.7940609786364026,
   1.7940809256830186,
   1.7940809256830172,
   1.7940609786364068,
   1.794060983114024,
   1.7940809284403698,
   1.7940810379859986,
   1.7940622866082403,
   1.794062295254918,
   1.7940810436333148,
   1.7940811328090462,
   1.7940635996457661,
   1.7940636037749615,
   1.7940811356490967
  ]
 },
 "2": {
  "0": [
   1.8499051931421073,
   1.849923220166319,
   1.8499390978616557,
   1.8499390981102684,
   1.849923221318779,
   1.8499051933998207,
   1.8499058601298308,
   1.8499243409899726,
   1.849942044790809,
   1.8499420457637024,
   1.8499243419537175,
   1.8499058610562367,
   1.8499066633803438,
   1.8499261812373338,
   1.849944920350978,
   1.8499449208663692,
   1.849926181810901,
   1.84990666380087,
   1.8499066638008659,
   1.8499261818108808,
   1.8499449208663525,
   1.8499449203508997,
   1.8499261812373524,
   1.8499066633802685,
   1.8499058610563268,
   1.8499243419538562,
   1.8499420457637044,
   1.8499420447907773,
   1.8499243409900243,
   1.8499058601298672,
   1.8499051933998767,
   1.849923221318761,
   1.8499390981102526,
   1.8499390978616403,
   1.8499232201663196,
   1.8499051931420925
  ],
  "1": [
   1.8522514418600606,
   1.8521658118035622,
   1.852064433582175,
   1.8520644307720626,
   1.8521658083483343,
   1.8522514399520595,
   1.8522481756346887,
   1.8521593504723513,
   1.8520581380128274,
   1.852058133019048,
   1.8521593423302136,
   1.852248172467802,
   1.8522449383778017,
   1.8521534374191335,
   1.8520513181761904,
   1.8520513155416438,
   1.8521534335587384,
   1.8522449368827851,
   1.8522449368828373,
   1.8521534335587153,
   1.8520513155416798,
   1.8520513181761666,
   1.8521534374190969,
   1.8522449383777293,
   1.8522481724679294,
   1.8521593423300653,
   1.8520581330188153,
   1.8520581380127201,
   1.852159350472301,
   1.8522481756346965,
   1.8522514399520478,
   1.8521658083483412,
   1.8520644307720977,
   1.8520644335822292,
   1.8521658118034663,
   1.852251441860044
  ]
 },
 "Z_a": [
  6,
  6,
  6,
  6,
  6,
  6,
  6,
  6,
  6,
  6,
  6,
  6,
  15,
  15,
  15,
  15,
  5,
  5,
  5,
  5,
  6,
  6,
  6,
  6,
  1,
  1,
  1,
  1
 ],
 "spos_ac": [
  [
   0.8728221181971595,
   0.5837291759961125,
   0.7534809390756724
  ],
  [
   0.6986240723229341,
   0.48768998419119075,
   0.25336615032443005
  ],
  [
   0.19858837509816793,
   0.08362831616217008,
   0.3179253126594499
  ],
  [
   0.3728225730365013,
   0.9877907833693982,
   0.8180398015204244
  ],
  [
   0.19860645323141912,
   0.48769939543246715,
   0.31794763235288415
  ],
  [
   0.3728044991056383,
   0.5837385872373697,
   0.8180624211041376
  ],
  [
   0.8728401963304102,
   0.9878002552664016,
   0.7535032587691535
  ],
  [
   0.6986059983920574,
   0.08363778805915369,
   0.25338876990820447
  ],
  [
   0.580337036130758,
   0.7857428455147029,
   0.8284489903057531
  ],
  [
   0.9910801856437652,
   0.2856857654320702,
   0.3283266604950205
  ],
  [
   0.4910915352978086,
   0.2856857259138744,
   0.24297958112279205
  ],
  [
   0.08034838578481276,
   0.7857428059965278,
   0.7431019109335104
  ],
  [
   0.755526571583481,
   0.7856954668548161,
   0.057720507054192224
  ],
  [
   0.8159144112245231,
   0.2857331412294591,
   0.5576744231511703
  ],
  [
   0.31590199984508127,
   0.2857331045737628,
   0.013708064374391744
  ],
  [
   0.25551416020405365,
   0.7856954301991116,
   0.5137541482774152
  ],
  [
   0.9429087061186406,
   0.785761641804599,
   0.6199422682520512
  ],
  [
   0.6285310576064032,
   0.285666909325302,
   0.11983709918226215
  ],
  [
   0.12851986530993414,
   0.28566692962398743,
   0.4514863031765194
  ],
  [
   0.4428975138221664,
   0.7857616621032533,
   0.9515914722463219
  ],
  [
   0.9391054496484148,
   0.7857604233767579,
   0.2960072262493838
  ],
  [
   0.6323303838208034,
   0.28566804776689636,
   0.7937844213063443
  ],
  [
   0.13232312178014652,
   0.28566814805183244,
   0.7754213451791778
  ],
  [
   0.4390981876077812,
   0.7857605236616424,
   0.2755344454808884
  ],
  [
   0.535714285714276,
   0.5357142857142836,
   0.5357142857142578
  ],
  [
   0.03571428571428551,
   0.5357142857142896,
   0.03571428571426786
  ],
  [
   0.5357142857142978,
   0.03571428571427649,
   0.5357142857142925
  ],
  [
   0.035714285714278544,
   0.03571428571429287,
   0.035714285714279946
  ]
 ]
}