{
 "0": {
  "0": [
   0.542038176598007,
   0.5556100693710082,
   0.5556041640587642,
   0.5420340493997828,
   0.5426978815240389,
   0.5565182644050227,
   0.5565057844458914,
   0.5426887788287994,
   0.5424737135541448,
   0.5559641970079942,
   0.5559574785264644,
   0.5424686130542,
   0.5424686130543653,
   0.5559574785266816,
   0.5559641970082114,
   0.5424737135543597,
   0.5426887788290404,
   0.5565057844462145,
   0.5565182644051756,
   0.5426978815241847,
   0.5420340493999372,
   0.5556041640588337,
   0.5556100693711101,
   0.5420381765980619
  ],
  "1": [
   3.0470970403203395,
   3.033480091870087,
   3.0334741782012054,
   3.0470929003310094,
   3.0463707648852596,
   3.0325258359855396,
   3.0325133432054088,
   3.0463616355643492,
   3.0465131947533206,
   3.0330183871163894,
   3.0330116646537566,
   3.0465080809024436,
   3.046508080902385,
   3.0330116646535834,
   3.033018387116169,
   3.046513194753178,
   3.046361635564151,
   3.0325133432051423,
   3.0325258359853886,
   3.0463707648851703,
   3.0470929003308305,
   3.0334741782011343,
   3.0334800918700653,
   3.0470970403202697
  ]
 },
 "1": {
  "0": [
   1.7966325021478438,
   1.7966743013717967,
   1.7966741380316007,
   1.796632341289856,
   1.7966314876984617,
   1.7966742397528557,
   1.7966738637602027,
   1.7966312038184646,
   1.7966303575376283,
   1.796673972736283,
   1.7966737971144946,
   1.7966302287504792,
   1.79663022875047,
   1.7966737971144915,
   1.796673972736288,
   1.7966303575376306,
   1.7966312038184435,
   1.7966738637601787,
   1.796674239752824,
   1.7966314876984462,
   1.7966323412898766,
   1.7966741380316233,
   1.7966743013717594,
   1.7966325021478637
  ],
  "1": [
   1.7944040177764768,
   1.7944106752683027,
   1.7944105100092493,
   1.7944038633716872,
   1.7944028218053638,
   1.7944080314948085,
   1.7944076512472538,
   1.7944025508936496,
   1.7944014759860938,
   1.7944051812712665,
   1.7944050033238221,
   1.7944013536117551,
   1.7944013536117311,
   1.794405003323844,
   1.7944051812712913,
   1.7944014759859315,
   1.7944025508936217,
   1.7944076512472396,
   1.794408031494834,
   1.7944028218054073,
   1.794403863371698,
   1.7944105100092356,
   1.7944106752683642,
   1.7944040177764713
  ]
 },
 "2": {
  "0": [
   1.7934515918017355,
   1.7934602698595594,
   1.7934691489014951,
   1.7934687467030743,
   1.7934595439935697,
   1.793451229715985,
   1.7934511371737925,
   1.7934593716906349,
   1.7934674356705502,
   1.7934665426436047,
   1.7934578560196668,
   1.7934505697248488,
   1.793450362097803,
   1.7934577499520825,
   1.7934651499354415,
   1.7934647253006015,
   1.793456985647423,
   1.7934500428392348,
   1.7934500428391627,
   1.7934569856474696,
   1.7934647253008336,
   1.7934651499353949,
   1.793457749952107,
   1.7934503620977864,
   1.7934505697247516,
   1.7934578560196868,
   1.7934665426435255,
   1.7934674356703395,
   1.7934593716906306,
   1.793451137173892,
   1.7934512297162069,
   1.793459543993503,
   1.7934687467031465,
   1.7934691489014623,
   1.7934602698596136,
   1.7934515918015266
  ],
  "1": [
   1.7963371356341267,
   1.7963356333679874,
   1.7963298224047273,
   1.796329413871919,
   1.7963348946354856,
   1.7963367672859376,
   1.796337304381029,
   1.79633547889369,
   1.7963285546740642,
   1.7963276490470612,
   1.796333937799068,
   1.7963367246266637,
   1.7963371728426234,
   1.7963345855140893,
   1.7963267588501357,
   1.7963263278552537,
   1.796333808599626,
   1.7963368476651354,
   1.7963368476653188,
   1.7963338085995662,
   1.7963263278561306,
   1.7963267588495329,
   1.796334585514117,
   1.7963371728427375,
   1.7963367246266841,
   1.7963339377990142,
   1.7963276490470617,
   1.7963285546739791,
   1.7963354788936257,
   1.7963373043809294,
   1.7963367672855146,
   1.7963348946353517,
   1.7963294138719992,
   1.7963298224047435,
   1.7963356333680427,
   1.7963371356345736
  ]
 },
 "Z_a": [
  6,
  6,
  6,
  6,
  6,
  6,
  6,
  6,
  6,
  6,
  6,
  6,
  15,
  15,
  15,
  15,
  5,
  5,
  5,
  5,
  6,
  6,
  6,
  6,
  1,
  1,
  1,
  1
 ],
 "spos_ac": [
  [
   0.8728221181971595,
   0.5837291759961125,
   0.7534809390756724
  ],
  [
   0.6986240723229341,
   0.48768998419119075,
   0.25336615032443005
  ],
  [
   0.19858837509816793,
   0.08362831616217008,
   0.3179253126594499
  ],
  [
   0.3728225730365013,
   0.9877907833693982,
   0.8180398015204244
  ],
  [
   0.19860645323141912,
   0.48769939543246715,
   0.31794763235288415
  ],
  [
   0.3728044991056383,
   0.5837385872373697,
   0.8180624211041376
  ],
  [
   0.8728401963304102,
   0.9878002552664016,
   0.7535032587691535
  ],
  [
   0.6986059983920574,
   0.08363778805915369,
   0.25338876990820447
  ],
  [
   0.580337036130758,
   0.7857428455147029,
   0.8284489903057531
  ],
  [
   0.9910801856437652,
   0.2856857654320702,
   0.3283266604950205
  ],
  [
   0.4910915352978086,
   0.2856857259138744,
   0.24297958112279205
  ],
  [
   0.08034838578481276,
   0.7857428059965278,
   0.7431019109335104
  ],
  [
   0.755526571583481,
   0.7856954668548161,
   0.057720507054192224
  ],
  [
   0.8159144112245231,
   0.2857331412294591,
   0.5576744231511703
  ],
  [
   0.31590199984508127,
   0.2857331045737628,
   0.013708064374391744
  ],
  [
   0.25551416020405365,
   0.7856954301991116,
   0.5137541482774152
  ],
  [
   0.9429087061186406,
   0.785761641804599,
   0.6199422682520512
  ],
  [
   0.6285310576064032,
   0.285666909325302,
   0.11983709918226215
  ],
  [
   0.12851986530993414,
   0.28566692962398743,
   0.4514863031765194
  ],
  [
   0.4428975138221664,
   0.7857616621032533,
   0.9515914722463219
  ],
  [
   0.9391054496484148,
   0.7857604233767579,
   0.2960072262493838
  ],
  [
   0.6323303838208034,
   0.28566804776689636,
   0.7958941259476945
  ],
  [
   0.13232312178014652,
   0.28566814805183244,
   0.7754213451791778
  ],
  [
   0.4390981876077812,
   0.7857605236616424,
   0.2755344454808884
  ],
  [
   0.535714285714276,
   0.5357142857142836,
   0.5357142857142578
  ],
  [
   0.03571428571428551,
   0.5373536299765846,
   0.03571428571426786
  ],
  [
   0.5357142857142978,
   0.03571428571427649,
   0.5357142857142925
  ],
  [
   0.035714285714278544,
   0.03571428571429287,
   0.035714285714279946
  ]
 ]
}