{
 "0": {
  "0": [
   0.5419731592248943,
   0.555495559215882,
   0.5555026920321127,
   0.5419781489408197,
   0.5427043845359105,
   0.556458041599961,
   0.5564742544856235,
   0.5427158957220934,
   0.5425658678647761,
   0.5559783169228951,
   0.5559877308153555,
   0.5425727996357904,
   0.5425727996357999,
   0.5559877308153491,
   0.5559783169228246,
   0.542565867864816,
   0.5427158957220836,
   0.5564742544856512,
   0.5564580415999736,
   0.5427043845359479,
   0.5419781489408289,
   0.5555026920320758,
   0.5554955592159323,
   0.5419731592248933
  ],
  "1": [
   3.0467194453886943,
   3.033114219298235,
   3.0331202042888616,
   3.046724230535746,
   3.046019619545951,
   3.0321586708833483,
   3.0321727651750883,
   3.046031055458095,
   3.0462098869048138,
   3.0326696707463188,
   3.0326783720116532,
   3.0462170440034173,
   3.0462170440034093,
   3.0326783720117136,
   3.0326696707464316,
   3.046209886904795,
   3.046031055458066,
   3.0321727651751047,
   3.032158670883348,
   3.046019619545922,
   3.046724230535781,
   3.0331202042888434,
   3.0331142192982354,
   3.0467194453886712
  ]
 },
 "1": {
  "0": [
   1.7965423976129378,
   1.796602774662142,
   1.7966003964524846,
   1.7965400483505596,
   1.7965420123741216,
   1.7966027417018395,
   1.7965979966815246,
   1.7965374396063338,
   1.7965393784904162,
   1.7966001958756703,
   1.7965979374214847,
   1.7965370678347938,
   1.7965370678346455,
   1.7965979374214904,
   1.7966001958756823,
   1.7965393784903754,
   1.7965374396062295,
   1.7965979966815626,
   1.7966027417017465,
   1.796542012374146,
   1.7965400483505165,
   1.7966003964525135,
   1.7966027746621573,
   1.796542397612964
  ],
  "1": [
   1.7945228510242734,
   1.7945988799635848,
   1.7946010154970127,
   1.7945239460122238,
   1.7945197061777394,
   1.794598500415429,
   1.794602738985257,
   1.7945221651854633,
   1.7945177027058614,
   1.7946001836923304,
   1.7946023844971501,
   1.7945189233670196,
   1.7945189233669758,
   1.7946023844971102,
   1.7946001836923295,
   1.7945177027058496,
   1.7945221651854064,
   1.7946027389853174,
   1.7945985004154235,
   1.7945197061777745,
   1.7945239460122382,
   1.7946010154969876,
   1.7945988799635957,
   1.7945228510242326
  ]
 },
 "2": {
  "0": [
   1.744085378274469,
   1.7441570998305014,
   1.744241677401915,
   1.744239326122108,
   1.744152323106977,
   1.7440827553150966,
   1.7440846740180438,
   1.7441556235642093,
   1.7442379898712033,
   1.7442335774447202,
   1.7441457850061326,
   1.744079440520539,
   1.744081284598141,
   1.7441491209907192,
   1.7442319961292152,
   1.7442299149172464,
   1.7441442952762154,
   1.7440788246940875,
   1.7440788246938645,
   1.7441442952760868,
   1.7442299149172271,
   1.7442319961291985,
   1.7441491209908093,
   1.7440812845981297,
   1.7440794405205085,
   1.7441457850059432,
   1.7442335774446616,
   1.7442379898712144,
   1.744155623564164,
   1.7440846740180074,
   1.7440827553150864,
   1.7441523231068745,
   1.7442393261220253,
   1.7442416774018703,
   1.7441570998306977,
   1.7440853782744574
  ],
  "1": [
   1.7470405050360662,
   1.7470452062903865,
   1.7470387549234936,
   1.747037209465159,
   1.7470419644275954,
   1.7470389619127267,
   1.7470420670784839,
   1.7470483720786412,
   1.747040889647505,
   1.7470373367338392,
   1.7470417762136676,
   1.7470389135506759,
   1.7470420494202874,
   1.7470481958866924,
   1.747041402733191,
   1.74703954528936,
   1.747044901695757,
   1.7470405633783992,
   1.7470405633783825,
   1.7470449016957688,
   1.7470395452894043,
   1.7470414027332206,
   1.7470481958866926,
   1.7470420494203436,
   1.7470389135506865,
   1.747041776213647,
   1.7470373367338203,
   1.747040889647467,
   1.7470483720786607,
   1.7470420670784716,
   1.7470389619126891,
   1.7470419644274693,
   1.7470372094651485,
   1.747038754923399,
   1.7470452062904893,
   1.7470405050360995
  ]
 },
 "Z_a": [
  6,
  6,
  6,
  6,
  6,
  6,
  6,
  6,
  6,
  6,
  6,
  6,
  15,
  15,
  15,
  15,
  5,
  5,
  5,
  5,
  6,
  6,
  6,
  6,
  1,
  1,
  1,
  1
 ],
 "spos_ac": [
  [
   0.8728221181971595,
   0.5837291759961125,
   0.7534809390756724
  ],
  [
   0.6986240723229341,
   0.48768998419119075,
   0.25336615032443005
  ],
  [
   0.19858837509816793,
   0.08362831616217008,
   0.3179253126594499
  ],
  [
   0.3728225730365013,
   0.9877907833693982,
   0.8201495061617747
  ],
  [
   0.19860645323141912,
   0.48769939543246715,
   0.31794763235288415
  ],
  [
   0.3728044991056383,
   0.5837385872373697,
   0.8180624211041376
  ],
  [
   0.8728401963304102,
   0.9878002552664016,
   0.7535032587691535
  ],
  [
   0.6986059983920574,
   0.08363778805915369,
   0.25338876990820447
  ],
  [
   0.580337036130758,
   0.7857428455147029,
   0.8284489903057531
  ],
  [
   0.9910801856437652,
   0.2856857654320702,
   0.3283266604950205
  ],
  [
   0.4910915352978086,
   0.2856857259138744,
   0.24297958112279205
  ],
  [
   0.08034838578481276,
   0.7857428059965278,
   0.7431019109335104
  ],
  [
   0.755526571583481,
   0.7856954668548161,
   0.057720507054192224
  ],
  [
   0.8159144112245231,
   0.2857331412294591,
   0.5576744231511703
  ],
  [
   0.31590199984508127,
   0.2857331045737628,
   0.013708064374391744
  ],
  [
   0.25551416020405365,
   0.7856954301991116,
   0.5137541482774152
  ],
  [
   0.9429087061186406,
   0.785761641804599,
   0.6199422682520512
  ],
  [
   0.6285310576064032,
   0.285666909325302,
   0.11983709918226215
  ],
  [
   0.12851986530993414,
   0.28566692962398743,
   0.4514863031765194
  ],
  [
   0.4428975138221664,
   0.7857616621032533,
   0.9515914722463219
  ],
  [
   0.9391054496484148,
   0.7857604233767579,
   0.2960072262493838
  ],
  [
   0.6323303838208034,
   0.28566804776689636,
   0.7958941259476945
  ],
  [
   0.13232312178014652,
   0.28566814805183244,
   0.7754213451791778
  ],
  [
   0.4390981876077812,
   0.7857605236616424,
   0.2755344454808884
  ],
  [
   0.535714285714276,
   0.5357142857142836,
   0.5357142857142578
  ],
  [
   0.03571428571428551,
   0.5357142857142896,
   0.03571428571426786
  ],
  [
   0.5357142857142978,
   0.03571428571427649,
   0.5357142857142925
  ],
  [
   0.035714285714278544,
   0.03571428571429287,
   0.035714285714279946
  ]
 ]
}