{
 "0": {
  "0": [
   0.5426606627731647,
   0.5562545186086854,
   0.5562719269627072,
   0.5426788908912622,
   0.5433433849688473,
   0.5571771547354334,
   0.5572121265328185,
   0.543380881204535,
   0.5431685320286588,
   0.556662925330789,
   0.556680335031271,
   0.5431878512655839,
   0.5431878512655481,
   0.5566803350313032,
   0.5566629253308004,
   0.5431685320286711,
   0.5433808812045424,
   0.5572121265327961,
   0.557177154735482,
   0.543343384968843,
   0.542678890891237,
   0.5562719269628108,
   0.5562545186085758,
   0.5426606627732509
  ],
  "1": [
   3.047703337260765,
   3.0341079167699965,
   3.0341457806777563,
   3.0477384841301123,
   3.04699242533076,
   3.0331570994419392,
   3.0332353670483987,
   3.0470631733649727,
   3.047193224421998,
   3.0336999026855045,
   3.0337405959482404,
   3.047228849917576,
   3.0472288499175524,
   3.0337405959481902,
   3.0336999026854805,
   3.047193224421955,
   3.0470631733650015,
   3.0332353670483676,
   3.0331570994418717,
   3.046992425330752,
   3.047738484130155,
   3.0341457806777536,
   3.034107916770033,
   3.047703337260759
  ]
 },
 "1": {
  "0": [
   1.8343648440001075,
   1.834624482775958,
   1.8346191321231484,
   1.8343612208406934,
   1.834368870659106,
   1.8346161801935428,
   1.8346053803990197,
   1.83436149166181,
   1.8343690744714547,
   1.8346024500959082,
   1.834597006656456,
   1.8343653725466778,
   1.8343653725467137,
   1.8345970066564974,
   1.8346024500959404,
   1.834369074471433,
   1.8343614916617828,
   1.834605380399036,
   1.8346161801934797,
   1.834368870659081,
   1.8343612208407765,
   1.8346191321230487,
   1.8346244827760718,
   1.8343648440001512
  ],
  "1": [
   1.8848399591004261,
   1.8850310219782542,
   1.8850293224771224,
   1.884840392028874,
   1.8848360645908238,
   1.885029739450592,
   1.885026190123295,
   1.8848369099004205,
   1.8848326358679395,
   1.8850264347634358,
   1.8850245532361085,
   1.884833011353192,
   1.8848330113532845,
   1.885024553236081,
   1.8850264347612187,
   1.8848326358678713,
   1.8848369099005184,
   1.8850261901232375,
   1.8850297394506512,
   1.884836064590772,
   1.8848403920288102,
   1.885029322477122,
   1.8850310219782753,
   1.88483995910044
  ]
 },
 "2": {
  "0": [
   1.793744011042175,
   1.7937481669951785,
   1.7937549309317231,
   1.7937548267193515,
   1.7937487007259931,
   1.793744539630448,
   1.79374349578059,
   1.7937475596881955,
   1.7937547566889673,
   1.7937546489774734,
   1.7937486721006184,
   1.793744564419585,
   1.793743508254693,
   1.7937475337844138,
   1.7937545764250216,
   1.793754431049121,
   1.79374806245207,
   1.793744034055142,
   1.7937440340549962,
   1.793748062452043,
   1.7937544310490914,
   1.7937545764250757,
   1.7937475337843785,
   1.793743508254661,
   1.7937445644195273,
   1.7937486721006055,
   1.7937546489774698,
   1.7937547566889844,
   1.7937475596883155,
   1.793743495780442,
   1.793744539630418,
   1.793748700726054,
   1.7937548267192653,
   1.7937549309315783,
   1.7937481669952051,
   1.7937440110421736
  ],
  "1": [
   1.7966480203862298,
   1.7966408085330032,
   1.796634266428831,
   1.7966383259374008,
   1.7966469917004477,
   1.7966503702731518,
   1.7966471644703,
   1.7966379686790894,
   1.7966323595898739,
   1.7966406942607307,
   1.796650610441032,
   1.796651940433278,
   1.7966487309689534,
   1.7966414686380372,
   1.7966346450530404,
   1.79663891979141,
   1.796647888776772,
   1.7966511114083517,
   1.7966511114084522,
   1.79664788877678,
   1.7966389197912878,
   1.7966346450530126,
   1.7966414686382375,
   1.7966487309688597,
   1.796651940433168,
   1.7966506104409925,
   1.796640694260647,
   1.7966323595900102,
   1.7966379686790876,
   1.7966471644702648,
   1.7966503702731835,
   1.7966469917004295,
   1.7966383259373653,
   1.7966342664287969,
   1.7966408085334724,
   1.7966480203863007
  ]
 },
 "Z_a": [
  6,
  6,
  6,
  6,
  6,
  6,
  6,
  6,
  6,
  6,
  6,
  6,
  15,
  15,
  15,
  15,
  5,
  5,
  5,
  5,
  6,
  6,
  6,
  6,
  1,
  1,
  1,
  1
 ],
 "spos_ac": [
  [
   0.8728221181971595,
   0.5837291759961125,
   0.7534809390756724
  ],
  [
   0.6986240723229341,
   0.48768998419119075,
   0.25336615032443005
  ],
  [
   0.19858837509816793,
   0.08362831616217008,
   0.3179253126594499
  ],
  [
   0.3728225730365013,
   0.9877907833693982,
   0.8180398015204244
  ],
  [
   0.19860645323141912,
   0.48769939543246715,
   0.31794763235288415
  ],
  [
   0.3728044991056383,
   0.5837385872373697,
   0.8180624211041376
  ],
  [
   0.8728401963304102,
   0.9878002552664016,
   0.7535032587691535
  ],
  [
   0.6986059983920574,
   0.08363778805915369,
   0.25338876990820447
  ],
  [
   0.580337036130758,
   0.7857428455147029,
   0.8284489903057531
  ],
  [
   0.9910801856437652,
   0.2856857654320702,
   0.3283266604950205
  ],
  [
   0.4910915352978086,
   0.2856857259138744,
   0.24297958112279205
  ],
  [
   0.08034838578481276,
   0.7857428059965278,
   0.7431019109335104
  ],
  [
   0.755526571583481,
   0.7856954668548161,
   0.057720507054192224
  ],
  [
   0.8159144112245231,
   0.2857331412294591,
   0.5576744231511703
  ],
  [
   0.31590199984508127,
   0.28409376031146766,
   0.013708064374391744
  ],
  [
   0.25551416020405365,
   0.7856954301991116,
   0.5137541482774152
  ],
  [
   0.9429087061186406,
   0.785761641804599,
   0.6199422682520512
  ],
  [
   0.6285310576064032,
   0.285666909325302,
   0.11983709918226215
  ],
  [
   0.12851986530993414,
   0.28566692962398743,
   0.4514863031765194
  ],
  [
   0.4428975138221664,
   0.7857616621032533,
   0.9515914722463219
  ],
  [
   0.9391054496484148,
   0.7857604233767579,
   0.2960072262493838
  ],
  [
   0.6323303838208034,
   0.28566804776689636,
   0.7958941259476945
  ],
  [
   0.13232312178014652,
   0.28566814805183244,
   0.7754213451791778
  ],
  [
   0.4390981876077812,
   0.7857605236616424,
   0.2755344454808884
  ],
  [
   0.535714285714276,
   0.5357142857142836,
   0.5357142857142578
  ],
  [
   0.03571428571428551,
   0.5357142857142896,
   0.03571428571426786
  ],
  [
   0.5357142857142978,
   0.03571428571427649,
   0.5357142857142925
  ],
  [
   0.035714285714278544,
   0.03571428571429287,
   0.035714285714279946
  ]
 ]
}