{
 "0": {
  "0": [
   0.5429913593018995,
   0.5564303831434477,
   0.556430380864687,
   0.5429913551509549,
   0.5437234735348754,
   0.5573875426113454,
   0.5573875370862063,
   0.5437234651293574,
   0.5435820667912868,
   0.5568961069077482,
   0.5568961032029655,
   0.5435820619232486,
   0.5435820619232598,
   0.5568961032029824,
   0.5568961069077426,
   0.5435820667913216,
   0.5437234651293806,
   0.5573875370862081,
   0.5573875426113425,
   0.5437234735348909,
   0.5429913551509488,
   0.5564303808646852,
   0.5564303831433794,
   0.5429913593018881
  ],
  "1": [
   3.0480821083849436,
   3.03442436456151,
   3.034424359218598,
   3.048082102935452,
   3.0473943779589656,
   3.0334955248780555,
   3.0334955132358687,
   3.0473943657376275,
   3.047585722840853,
   3.0340158265645907,
   3.0340158199418306,
   3.0475857158181068,
   3.0475857158181063,
   3.034015819941793,
   3.0340158265646098,
   3.0475857228408567,
   3.0473943657375995,
   3.033495513235856,
   3.0334955248780737,
   3.047394377958978,
   3.048082102935463,
   3.0344243592186277,
   3.0344243645615125,
   3.0480821083849645
  ]
 },
 "1": {
  "0": [
   1.7963095998336909,
   1.7963270835755298,
   1.7963270836646295,
   1.796309600792363,
   1.7963096931084575,
   1.7963283968900892,
   1.796328397347946,
   1.7963096943881856,
   1.7963098071051795,
   1.7963297101215057,
   1.7963297104941383,
   1.7963098075752932,
   1.7963098075752821,
   1.7963297104941427,
   1.7963297101215463,
   1.7963098071051786,
   1.796309694388216,
   1.7963283973479593,
   1.7963283968901003,
   1.796309693108457,
   1.7963096007923736,
   1.7963270836646599,
   1.7963270835755416,
   1.7963095998336793
  ],
  "1": [
   1.7940814408524328,
   1.7940640452513696,
   1.7940640467654823,
   1.7940814419207272,
   1.7940813625220144,
   1.7940627515061058,
   1.7940627544115844,
   1.794081364227216,
   1.7940812643394204,
   1.7940614599881501,
   1.7940614612862589,
   1.7940812651106819,
   1.7940812651106992,
   1.7940614612862662,
   1.794061459988154,
   1.794081264339447,
   1.7940813642272022,
   1.7940627544115837,
   1.7940627515060759,
   1.7940813625220224,
   1.794081441920711,
   1.7940640467654747,
   1.7940640452513377,
   1.7940814408524421
  ]
 },
 "2": {
  "0": [
   1.8043872674513326,
   1.8045459002631898,
   1.8047255022655146,
   1.8047255011606624,
   1.8045458989053806,
   1.8043872669831742,
   1.8043862556917876,
   1.8045502792164938,
   1.804734232020311,
   1.8047342296054267,
   1.8045502759956955,
   1.8043862546548297,
   1.804385541149932,
   1.8045543028982582,
   1.804743684356817,
   1.8047436833150095,
   1.8045543012982395,
   1.804385540912776,
   1.8043855409127543,
   1.8045543012983123,
   1.804743683314923,
   1.8047436843568503,
   1.804554302898359,
   1.8043855411499155,
   1.8043862546548735,
   1.804550275995705,
   1.8047342296054572,
   1.804734232020296,
   1.8045502792164905,
   1.8043862556918233,
   1.8043872669831647,
   1.8045458989053624,
   1.804725501160651,
   1.8047255022656103,
   1.8045459002631954,
   1.804387267451286
  ],
  "1": [
   1.807502977713537,
   1.8075303785504648,
   1.8075611998922454,
   1.8075611979146033,
   1.8075303753363234,
   1.8075029760430048,
   1.8075010242063405,
   1.807536107202791,
   1.8075743207351522,
   1.8075743168495884,
   1.8075361004122719,
   1.8075010209574267,
   1.8074993162798554,
   1.807541387920464,
   1.8075881700418703,
   1.807588167920506,
   1.8075413843649917,
   1.8074993148359104,
   1.8074993148359397,
   1.8075413843649875,
   1.8075881679205323,
   1.8075881700418934,
   1.8075413879203568,
   1.8074993162798645,
   1.8075010209574798,
   1.80753610041226,
   1.8075743168495804,
   1.8075743207351316,
   1.8075361072027225,
   1.8075010242063332,
   1.807502976042994,
   1.8075303753363179,
   1.8075611979145316,
   1.8075611998922285,
   1.8075303785504842,
   1.8075029777135239
  ]
 },
 "Z_a": [
  6,
  6,
  6,
  6,
  6,
  6,
  6,
  6,
  6,
  6,
  6,
  6,
  15,
  15,
  15,
  15,
  5,
  5,
  5,
  5,
  6,
  6,
  6,
  6,
  1,
  1,
  1,
  1
 ],
 "spos_ac": [
  [
   0.8728221181971595,
   0.5837291759961125,
   0.7534809390756724
  ],
  [
   0.6986240723229341,
   0.48768998419119075,
   0.25336615032443005
  ],
  [
   0.19858837509816793,
   0.08362831616217008,
   0.3179253126594499
  ],
  [
   0.3728225730365013,
   0.9877907833693982,
   0.8180398015204244
  ],
  [
   0.19860645323141912,
   0.48769939543246715,
   0.31794763235288415
  ],
  [
   0.3728044991056383,
   0.5837385872373697,
   0.8180624211041376
  ],
  [
   0.8728401963304102,
   0.9878002552664016,
   0.7535032587691535
  ],
  [
   0.6986059983920574,
   0.08363778805915369,
   0.25338876990820447
  ],
  [
   0.580337036130758,
   0.7857428455147029,
   0.8284489903057531
  ],
  [
   0.9910801856437652,
   0.2856857654320702,
   0.3283266604950205
  ],
  [
   0.4910915352978086,
   0.2856857259138744,
   0.24297958112279205
  ],
  [
   0.08034838578481276,
   0.7857428059965278,
   0.7431019109335104
  ],
  [
   0.755526571583481,
   0.7856954668548161,
   0.057720507054192224
  ],
  [
   0.8159144112245231,
   0.2857331412294591,
   0.5576744231511703
  ],
  [
   0.31590199984508127,
   0.2857331045737628,
   0.013708064374391744
  ],
  [
   0.25551416020405365,
   0.7856954301991116,
   0.5137541482774152
  ],
  [
   0.9429087061186406,
   0.785761641804599,
   0.6199422682520512
  ],
  [
   0.6285310576064032,
   0.285666909325302,
   0.11983709918226215
  ],
  [
   0.12851986530993414,
   0.28566692962398743,
   0.4514863031765194
  ],
  [
   0.4428975138221664,
   0.7857616621032533,
   0.9494817676049717
  ],
  [
   0.9391054496484148,
   0.7857604233767579,
   0.2960072262493838
  ],
  [
   0.6323303838208034,
   0.28566804776689636,
   0.7958941259476945
  ],
  [
   0.13232312178014652,
   0.28566814805183244,
   0.7754213451791778
  ],
  [
   0.4390981876077812,
   0.7857605236616424,
   0.2755344454808884
  ],
  [
   0.535714285714276,
   0.5357142857142836,
   0.5357142857142578
  ],
  [
   0.03571428571428551,
   0.5357142857142896,
   0.03571428571426786
  ],
  [
   0.5357142857142978,
   0.03571428571427649,
   0.5357142857142925
  ],
  [
   0.035714285714278544,
   0.03571428571429287,
   0.035714285714279946
  ]
 ]
}