{
 "0": {
  "0": [
   0.542494366438843,
   0.5561006227346162,
   0.556100785901477,
   0.5424962418096411,
   0.5431849451736946,
   0.5570293803596864,
   0.5570298856247398,
   0.5431887657612476,
   0.5430030661044031,
   0.5565053010258278,
   0.5565057078869248,
   0.5430050547443285,
   0.5430050547443401,
   0.5565057078869083,
   0.5565053010258031,
   0.5430030661044035,
   0.5431887657612902,
   0.5570298856247332,
   0.5570293803597214,
   0.5431849451737004,
   0.5424962418096244,
   0.5561007859015055,
   0.5561006227345999,
   0.5424943664388421
  ],
  "1": [
   3.0475532740024174,
   3.0339706087104803,
   3.0339707554454836,
   3.0475551339405484,
   3.0468578836255937,
   3.0330369719970034,
   3.033037441226924,
   3.0468616731904454,
   3.0470425979405937,
   3.033559557491855,
   3.0335599443825156,
   3.047044571506531,
   3.0470445715065826,
   3.0335599443825183,
   3.0335595574918797,
   3.0470425979406315,
   3.0468616731904565,
   3.0330374412269516,
   3.033036971997004,
   3.046857883625582,
   3.0475551339405835,
   3.0339707554454804,
   3.033970608710572,
   3.0475532740023983
  ]
 },
 "1": {
  "0": [
   1.7969046221781517,
   1.7968719558313173,
   1.7968720138790932,
   1.7969049609927026,
   1.7969037739141558,
   1.7968722007694278,
   1.7968723675114864,
   1.7969044401679537,
   1.7969033002486205,
   1.7968725924379765,
   1.7968726638889378,
   1.7969036438641808,
   1.7969036438641566,
   1.7968726638888928,
   1.7968725924379982,
   1.7969033002486001,
   1.7969044401678311,
   1.796872367511501,
   1.796872200769382,
   1.7969037739141143,
   1.796904960992588,
   1.796872013879101,
   1.796871955831256,
   1.7969046221781826
  ],
  "1": [
   1.7946757233106636,
   1.7946084141195724,
   1.7946084595977818,
   1.7946760532937969,
   1.7946746983149073,
   1.7946060652793736,
   1.7946062061427102,
   1.7946753471188195,
   1.7946739985722158,
   1.7946038514969884,
   1.7946039098063926,
   1.7946743334083188,
   1.7946743334083737,
   1.7946039098063553,
   1.7946038514969282,
   1.7946739985722149,
   1.7946753471188719,
   1.7946062061427424,
   1.794606065279239,
   1.7946746983148576,
   1.7946760532937873,
   1.7946084595977791,
   1.7946084141195977,
   1.794675723310671
  ]
 },
 "2": {
  "0": [
   1.7916431433244562,
   1.791666021694013,
   1.791691802007152,
   1.7916918585834032,
   1.7916659821408298,
   1.7916431727376978,
   1.791642738855691,
   1.791664857873091,
   1.7916902532166268,
   1.7916902810553297,
   1.7916649517726297,
   1.791642883201021,
   1.7916423754114938,
   1.7916636921456144,
   1.7916886491941826,
   1.7916886410371546,
   1.7916637480334148,
   1.7916424046965578,
   1.7916424046965898,
   1.7916637480334758,
   1.7916886410371986,
   1.7916886491942974,
   1.7916636921456555,
   1.7916423754115076,
   1.791642883201005,
   1.7916649517727927,
   1.7916902810552688,
   1.7916902532166876,
   1.791664857873104,
   1.791642738855856,
   1.791643172737753,
   1.7916659821408731,
   1.7916918585835337,
   1.7916918020072048,
   1.7916660216938904,
   1.7916431433244229
  ],
  "1": [
   1.7945297519241545,
   1.7945425025100445,
   1.7945536183420507,
   1.7945536701076747,
   1.794542447742313,
   1.7945297715393673,
   1.7945299842916096,
   1.794542106504425,
   1.7945525408111462,
   1.7945525589781952,
   1.7945421699080815,
   1.7945301089812113,
   1.7945302740716875,
   1.7945416910669096,
   1.7945514548166646,
   1.7945514417500423,
   1.794541731665526,
   1.7945302936890535,
   1.7945302936889707,
   1.794541731665536,
   1.7945514417499837,
   1.7945514548170565,
   1.7945416910669831,
   1.7945302740717777,
   1.7945301089815617,
   1.794542169908113,
   1.7945525589781386,
   1.794552540811114,
   1.7945421065044218,
   1.794529984291557,
   1.7945297715394304,
   1.7945424477423877,
   1.7945536701077338,
   1.794553618341955,
   1.794542502510053,
   1.794529751924205
  ]
 },
 "Z_a": [
  6,
  6,
  6,
  6,
  6,
  6,
  6,
  6,
  6,
  6,
  6,
  6,
  15,
  15,
  15,
  15,
  5,
  5,
  5,
  5,
  6,
  6,
  6,
  6,
  1,
  1,
  1,
  1
 ],
 "spos_ac": [
  [
   0.8728221181971595,
   0.5837291759961125,
   0.7534809390756724
  ],
  [
   0.6986240723229341,
   0.48768998419119075,
   0.25336615032443005
  ],
  [
   0.19858837509816793,
   0.08362831616217008,
   0.3179253126594499
  ],
  [
   0.3728225730365013,
   0.9877907833693982,
   0.8180398015204244
  ],
  [
   0.19860645323141912,
   0.48769939543246715,
   0.31794763235288415
  ],
  [
   0.3728044991056383,
   0.5837385872373697,
   0.8180624211041376
  ],
  [
   0.8728401963304102,
   0.9878002552664016,
   0.7535032587691535
  ],
  [
   0.6986059983920574,
   0.08363778805915369,
   0.25338876990820447
  ],
  [
   0.580337036130758,
   0.7857428455147029,
   0.8284489903057531
  ],
  [
   0.9910801856437652,
   0.2856857654320702,
   0.3283266604950205
  ],
  [
   0.4910915352978086,
   0.2856857259138744,
   0.24297958112279205
  ],
  [
   0.08034838578481276,
   0.7857428059965278,
   0.7431019109335104
  ],
  [
   0.755526571583481,
   0.7856954668548161,
   0.057720507054192224
  ],
  [
   0.8159144112245231,
   0.2857331412294591,
   0.5576744231511703
  ],
  [
   0.31590199984508127,
   0.2857331045737628,
   0.013708064374391744
  ],
  [
   0.25551416020405365,
   0.7856954301991116,
   0.5137541482774152
  ],
  [
   0.9429087061186406,
   0.785761641804599,
   0.6199422682520512
  ],
  [
   0.6285310576064032,
   0.285666909325302,
   0.11983709918226215
  ],
  [
   0.12851986530993414,
   0.28566692962398743,
   0.4514863031765194
  ],
  [
   0.4428975138221664,
   0.7857616621032533,
   0.9515914722463219
  ],
  [
   0.9391054496484148,
   0.7857604233767579,
   0.2960072262493838
  ],
  [
   0.6323303838208034,
   0.28566804776689636,
   0.7958941259476945
  ],
  [
   0.13232312178014652,
   0.28566814805183244,
   0.7754213451791778
  ],
  [
   0.4390981876077812,
   0.7857605236616424,
   0.2755344454808884
  ],
  [
   0.535714285714276,
   0.5357142857142836,
   0.5357142857142578
  ],
  [
   0.03571428571428551,
   0.5357142857142896,
   0.033604581072917646
  ],
  [
   0.5357142857142978,
   0.03571428571427649,
   0.5357142857142925
  ],
  [
   0.035714285714278544,
   0.03571428571429287,
   0.035714285714279946
  ]
 ]
}