{
 "0": {
  "0": [
   0.516728743005509,
   0.530396331270647,
   0.5303963236390902,
   0.5167287343099928,
   0.5174416776089763,
   0.5313413113974559,
   0.5313412963351726,
   0.5174416609301645,
   0.5172839473069791,
   0.5308349337627039,
   0.5308349261998286,
   0.5172839392959498,
   0.5172839392959435,
   0.5308349261998236,
   0.530834933762686,
   0.5172839473069736,
   0.5174416609301923,
   0.5313412963352215,
   0.5313413113973958,
   0.5174416776089698,
   0.5167287343100114,
   0.5303963236391361,
   0.5303963312706654,
   0.5167287430054733
  ],
  "1": [
   3.022462717718022,
   3.009273870964759,
   3.0092738731667334,
   3.0224627171262606,
   3.021812682024336,
   3.008395759515154,
   3.0083957643247183,
   3.021812681562598,
   3.0220490182126145,
   3.0089781589438105,
   3.0089781624185505,
   3.022049018504242,
   3.0220490185042475,
   3.0089781624185634,
   3.0089781589438225,
   3.022049018212627,
   3.0218126815625377,
   3.008395764324692,
   3.008395759515117,
   3.0218126820243025,
   3.022462717126259,
   3.0092738731667485,
   3.009273870964895,
   3.02246271771808
  ]
 },
 "1": {
  "0": [
   1.7963106147621246,
   1.7963281063766239,
   1.7963281049819395,
   1.7963106113570368,
   1.7963107004686478,
   1.7963294040132116,
   1.7963294009514985,
   1.7963106934341249,
   1.7963108031053105,
   1.7963306996125845,
   1.79633069796996,
   1.79631079920291,
   1.7963107992028142,
   1.7963306979698768,
   1.7963306996125001,
   1.7963108031052915,
   1.7963106934342281,
   1.7963294009515072,
   1.7963294040131343,
   1.7963107004686645,
   1.7963106113570766,
   1.7963281049818882,
   1.7963281063764902,
   1.7963106147620493
  ],
  "1": [
   1.7940818124398614,
   1.7940643093963542,
   1.794064307058726,
   1.7940818107475185,
   1.7940817224192054,
   1.7940630117041159,
   1.7940630063355578,
   1.7940817187241889,
   1.7940816103268185,
   1.7940617111838975,
   1.7940617082187937,
   1.7940816081922886,
   1.794081608192221,
   1.7940617082188675,
   1.7940617111838977,
   1.7940816103267427,
   1.794081718724071,
   1.7940630063355116,
   1.7940630117041736,
   1.794081722419161,
   1.7940818107475167,
   1.7940643070587474,
   1.7940643093962871,
   1.7940818124399247
  ]
 },
 "2": {
  "0": [
   1.7935514391391056,
   1.7935009281325633,
   1.793448110236245,
   1.7934481099653046,
   1.7935009272703317,
   1.7935514389239189,
   1.7935502958497664,
   1.7935034254646283,
   1.793452092914549,
   1.7934520921211943,
   1.7935034242054315,
   1.793550294680929,
   1.7935494862423187,
   1.7935065439772022,
   1.7934565625256729,
   1.7934565623971002,
   1.7935065433215343,
   1.7935494859830852,
   1.7935494859830532,
   1.7935065433215924,
   1.7934565623972925,
   1.7934565625260537,
   1.7935065439773439,
   1.7935494862423291,
   1.7935502946808128,
   1.7935034242052759,
   1.793452092121086,
   1.7934520929144226,
   1.7935034254646747,
   1.793550295849851,
   1.793551438923926,
   1.7935009272702525,
   1.793448109965307,
   1.7934481102359925,
   1.7935009281325693,
   1.793551439138995
  ],
  "1": [
   1.7960597106051055,
   1.7959427919909399,
   1.7958310127434003,
   1.7958310092422074,
   1.7959427844089926,
   1.7960597077047098,
   1.7960596987390642,
   1.7959516107057254,
   1.7958465531867815,
   1.795846545217566,
   1.7959515953743685,
   1.796059690985233,
   1.7960596104438526,
   1.795960809689511,
   1.7958629244973603,
   1.7958629203586065,
   1.795960801871921,
   1.7960596067281214,
   1.7960596067275418,
   1.795960801871836,
   1.795862920358705,
   1.7958629244974935,
   1.7959608096894255,
   1.7960596104440127,
   1.7960596909852304,
   1.7959515953742875,
   1.7958465452176784,
   1.7958465531867704,
   1.795951610705922,
   1.7960596987390578,
   1.7960597077046476,
   1.7959427844090101,
   1.795831009242218,
   1.7958310127434565,
   1.7959427919907613,
   1.7960597106051501
  ]
 },
 "Z_a": [
  6,
  6,
  6,
  6,
  6,
  6,
  6,
  6,
  6,
  6,
  6,
  6,
  15,
  15,
  15,
  15,
  5,
  5,
  5,
  5,
  6,
  6,
  6,
  6,
  1,
  1,
  1,
  1
 ],
 "spos_ac": [
  [
   0.8728221181971595,
   0.5837291759961125,
   0.7534809390756724
  ],
  [
   0.6986240723229341,
   0.48768998419119075,
   0.25336615032443005
  ],
  [
   0.19858837509816793,
   0.08362831616217008,
   0.3179253126594499
  ],
  [
   0.3728225730365013,
   0.9877907833693982,
   0.8180398015204244
  ],
  [
   0.19860645323141912,
   0.48769939543246715,
   0.31794763235288415
  ],
  [
   0.3728044991056383,
   0.5837385872373697,
   0.8180624211041376
  ],
  [
   0.8728401963304102,
   0.9878002552664016,
   0.7535032587691535
  ],
  [
   0.6986059983920574,
   0.08363778805915369,
   0.25338876990820447
  ],
  [
   0.580337036130758,
   0.7857428455147029,
   0.8284489903057531
  ],
  [
   0.9920362085883159,
   0.2856857654320702,
   0.3283266604950205
  ],
  [
   0.4910915352978086,
   0.2856857259138744,
   0.24297958112279205
  ],
  [
   0.08034838578481276,
   0.7857428059965278,
   0.7431019109335104
  ],
  [
   0.755526571583481,
   0.7856954668548161,
   0.057720507054192224
  ],
  [
   0.8159144112245231,
   0.2857331412294591,
   0.5576744231511703
  ],
  [
   0.31590199984508127,
   0.2857331045737628,
   0.013708064374391744
  ],
  [
   0.25551416020405365,
   0.7856954301991116,
   0.5137541482774152
  ],
  [
   0.9429087061186406,
   0.785761641804599,
   0.6199422682520512
  ],
  [
   0.6285310576064032,
   0.285666909325302,
   0.11983709918226215
  ],
  [
   0.12851986530993414,
   0.28566692962398743,
   0.4514863031765194
  ],
  [
   0.4428975138221664,
   0.7857616621032533,
   0.9515914722463219
  ],
  [
   0.9391054496484148,
   0.7857604233767579,
   0.2960072262493838
  ],
  [
   0.6323303838208034,
   0.28566804776689636,
   0.7958941259476945
  ],
  [
   0.13232312178014652,
   0.28566814805183244,
   0.7754213451791778
  ],
  [
   0.4390981876077812,
   0.7857605236616424,
   0.2755344454808884
  ],
  [
   0.535714285714276,
   0.5357142857142836,
   0.5357142857142578
  ],
  [
   0.03571428571428551,
   0.5357142857142896,
   0.03571428571426786
  ],
  [
   0.5357142857142978,
   0.03571428571427649,
   0.5357142857142925
  ],
  [
   0.035714285714278544,
   0.03571428571429287,
   0.035714285714279946
  ]
 ]
}