{
 "0": {
  "0": [
   0.5420380509833496,
   0.5556099161828206,
   0.5556040056804551,
   0.5420339139409476,
   0.5426977448355191,
   0.5565181143640376,
   0.5565056252655313,
   0.5426886219772359,
   0.5424735526752774,
   0.5559640432081301,
   0.5559573199674029,
   0.5424684416884653,
   0.5424684416884925,
   0.5559573199673897,
   0.5559640432081244,
   0.5424735526753045,
   0.5426886219772092,
   0.5565056252655793,
   0.5565181143640838,
   0.5426977448355047,
   0.5420339139409723,
   0.5556040056804071,
   0.5556099161828019,
   0.5420380509833571
  ],
  "1": [
   3.047096916124094,
   3.0334799347072527,
   3.033474015707585,
   3.047092766177189,
   3.046370630932734,
   3.0325256817686923,
   3.032513179582175,
   3.046361481224483,
   3.0465130378817435,
   3.033018229498493,
   3.0330115021504196,
   3.0465079134359123,
   3.046507913435912,
   3.0330115021504263,
   3.0330182294984898,
   3.0465130378817125,
   3.0463614812244697,
   3.0325131795821663,
   3.0325256817687047,
   3.0463706309327128,
   3.0470927661771507,
   3.033474015707579,
   3.0334799347072368,
   3.047096916124093
  ]
 },
 "1": {
  "0": [
   1.7959889858943099,
   1.7959821645436747,
   1.7959820009677225,
   1.7959888253627405,
   1.7959902941854402,
   1.795985040434363,
   1.79598466423106,
   1.7959900102067543,
   1.7959914801678871,
   1.795987707655548,
   1.7959875320723693,
   1.7959913513035133,
   1.7959913513035717,
   1.795987532072366,
   1.7959877076555575,
   1.7959914801679624,
   1.7959900102066666,
   1.795984664231122,
   1.7959850404343554,
   1.795990294185356,
   1.7959888253627727,
   1.79598200096774,
   1.795982164543663,
   1.7959889858943303
  ],
  "1": [
   1.793760704289517,
   1.7937191565878774,
   1.7937189911194154,
   1.793760550223722,
   1.7937618476221235,
   1.7937194111114574,
   1.7937190307099737,
   1.793761576632924,
   1.7937628344545162,
   1.7937194558929912,
   1.793719278009386,
   1.793762712013713,
   1.7937627120136985,
   1.7937192780093678,
   1.7937194558929743,
   1.7937628344545917,
   1.79376157663291,
   1.7937190307099682,
   1.793719411111451,
   1.7937618476220991,
   1.7937605502238156,
   1.793718991119394,
   1.7937191565878852,
   1.7937607042895114
  ]
 },
 "2": {
  "0": [
   1.7940528609068378,
   1.7940547131501356,
   1.7940601923364734,
   1.7940597905998283,
   1.7940539881615867,
   1.7940524989470357,
   1.7940528961122126,
   1.794055663369019,
   1.7940619582768118,
   1.7940610658310554,
   1.794054148718026,
   1.7940523292727053,
   1.794052771854493,
   1.7940557984930945,
   1.7940632869053574,
   1.794062862668767,
   1.7940550346776998,
   1.794052452984964,
   1.7940524529848965,
   1.7940550346778688,
   1.794062862668676,
   1.7940632869053728,
   1.794055798493074,
   1.7940527718546624,
   1.7940523292727395,
   1.7940541487180337,
   1.794061065830934,
   1.7940619582767658,
   1.794055663368987,
   1.7940528961123094,
   1.7940524989470756,
   1.7940539881615223,
   1.7940597905998028,
   1.7940601923365038,
   1.794054713149985,
   1.7940528609068225
  ],
  "1": [
   1.796940197769202,
   1.796932007006058,
   1.7969229233811481,
   1.7969225153198596,
   1.7969312691643091,
   1.7969398295507797,
   1.7969408631345118,
   1.7969337025184196,
   1.7969251297174023,
   1.7969242246905033,
   1.796932162470552,
   1.7969402840053907,
   1.796941389439791,
   1.7969345680596553,
   1.796926943714036,
   1.7969265131270578,
   1.7969337916481924,
   1.7969410646579473,
   1.7969410646579296,
   1.7969337916480728,
   1.796926513126434,
   1.7969269437140352,
   1.7969345680596625,
   1.7969413894397765,
   1.796940284005413,
   1.7969321624705785,
   1.796924224690482,
   1.7969251297173048,
   1.796933702518318,
   1.7969408631345694,
   1.796939829550723,
   1.796931269164319,
   1.7969225153198682,
   1.796922923381221,
   1.7969320070060602,
   1.7969401977692245
  ]
 },
 "Z_a": [
  6,
  6,
  6,
  6,
  6,
  6,
  6,
  6,
  6,
  6,
  6,
  6,
  15,
  15,
  15,
  15,
  5,
  5,
  5,
  5,
  6,
  6,
  6,
  6,
  1,
  1,
  1,
  1
 ],
 "spos_ac": [
  [
   0.8728221181971595,
   0.5837291759961125,
   0.7534809390756724
  ],
  [
   0.6986240723229341,
   0.48768998419119075,
   0.25336615032443005
  ],
  [
   0.19858837509816793,
   0.08362831616217008,
   0.3179253126594499
  ],
  [
   0.3728225730365013,
   0.9877907833693982,
   0.8180398015204244
  ],
  [
   0.19860645323141912,
   0.48769939543246715,
   0.31794763235288415
  ],
  [
   0.3728044991056383,
   0.5837385872373697,
   0.8180624211041376
  ],
  [
   0.8728401963304102,
   0.9878002552664016,
   0.7535032587691535
  ],
  [
   0.6986059983920574,
   0.08363778805915369,
   0.25338876990820447
  ],
  [
   0.580337036130758,
   0.7857428455147029,
   0.8284489903057531
  ],
  [
   0.9910801856437652,
   0.2856857654320702,
   0.3283266604950205
  ],
  [
   0.4910915352978086,
   0.2856857259138744,
   0.24297958112279205
  ],
  [
   0.08034838578481276,
   0.7857428059965278,
   0.7431019109335104
  ],
  [
   0.755526571583481,
   0.7856954668548161,
   0.057720507054192224
  ],
  [
   0.8159144112245231,
   0.2857331412294591,
   0.5576744231511703
  ],
  [
   0.31590199984508127,
   0.2857331045737628,
   0.013708064374391744
  ],
  [
   0.25551416020405365,
   0.7856954301991116,
   0.5137541482774152
  ],
  [
   0.9429087061186406,
   0.785761641804599,
   0.6199422682520512
  ],
  [
   0.6285310576064032,
   0.285666909325302,
   0.11983709918226215
  ],
  [
   0.12851986530993414,
   0.28566692962398743,
   0.4514863031765194
  ],
  [
   0.4428975138221664,
   0.7857616621032533,
   0.9515914722463219
  ],
  [
   0.9391054496484148,
   0.7857604233767579,
   0.2960072262493838
  ],
  [
   0.6323303838208034,
   0.28566804776689636,
   0.7958941259476945
  ],
  [
   0.13232312178014652,
   0.28566814805183244,
   0.7754213451791778
  ],
  [
   0.4390981876077812,
   0.7857605236616424,
   0.2755344454808884
  ],
  [
   0.535714285714276,
   0.5357142857142836,
   0.5357142857142578
  ],
  [
   0.03571428571428551,
   0.5357142857142896,
   0.03571428571426786
  ],
  [
   0.5357142857142978,
   0.03407494145198141,
   0.5357142857142925
  ],
  [
   0.035714285714278544,
   0.03571428571429287,
   0.035714285714279946
  ]
 ]
}