{
 "0": {
  "0": [
   0.542621597563959,
   0.5562202454363939,
   0.5562169167228133,
   0.5426213347205457,
   0.5433105334541098,
   0.5571513101481105,
   0.5571439088943209,
   0.5433101797150804,
   0.5431221317372649,
   0.5566237255068679,
   0.5566195874680595,
   0.5431220668868955,
   0.5431220668868754,
   0.5566195874680518,
   0.5566237255069121,
   0.5431221317372967,
   0.5433101797151434,
   0.5571439088942904,
   0.5571513101480978,
   0.5433105334541121,
   0.5426213347205672,
   0.5562169167228421,
   0.5562202454364072,
   0.5426215975639546
  ],
  "1": [
   3.04768118346924,
   3.0340909229895083,
   3.0340875805333085,
   3.047680880406079,
   3.0469841101220707,
   3.033159535918264,
   3.0331521100338588,
   3.0469836799668557,
   3.0471622418291013,
   3.0336785771081383,
   3.033674429234365,
   3.0471621411169387,
   3.047162141116915,
   3.033674429234328,
   3.0336785771081374,
   3.0471622418291147,
   3.046983679966877,
   3.03315211003385,
   3.0331595359183003,
   3.046984110122086,
   3.0476808804060895,
   3.0340875805333,
   3.0340909229895128,
   3.0476811834692725
  ]
 },
 "1": {
  "0": [
   1.797184140393039,
   1.7972204514922074,
   1.7972207788344732,
   1.7971842007897993,
   1.7971846765126434,
   1.797221391272925,
   1.7972219730977865,
   1.797184795723176,
   1.7971852643207995,
   1.7972225940638744,
   1.7972228700086228,
   1.7971853499187223,
   1.7971853499187267,
   1.7972228700086075,
   1.7972225940638615,
   1.797185264320703,
   1.7971847957231855,
   1.7972219730977734,
   1.7972213912730064,
   1.7971846765126498,
   1.7971842007897847,
   1.7972207788344656,
   1.7972204514922692,
   1.797184140393067
  ],
  "1": [
   1.794957189369399,
   1.7949583481074758,
   1.7949586647789215,
   1.7949572589097194,
   1.7949575455593245,
   1.7949566776995272,
   1.7949572385147172,
   1.7949576835137357,
   1.7949579225481724,
   1.794955260381307,
   1.7949555254515492,
   1.7949580173960982,
   1.794958017396098,
   1.7949555254515808,
   1.794955260381306,
   1.794957922548158,
   1.7949576835137484,
   1.794957238514779,
   1.7949566776995127,
   1.7949575455593492,
   1.794957258909699,
   1.7949586647789322,
   1.794958348107513,
   1.794957189369382
  ]
 },
 "2": {
  "0": [
   1.7937922591160833,
   1.7938016237635437,
   1.79381492903878,
   1.7938147038521377,
   1.7938013671099062,
   1.793792266424278,
   1.793791485425991,
   1.793800579004993,
   1.7938144534699492,
   1.79381399472362,
   1.7938000359295985,
   1.7937913535832894,
   1.793790613007872,
   1.7937993115100108,
   1.7938136548697432,
   1.793813471466612,
   1.7937990596855142,
   1.7937905688008615,
   1.7937905688008373,
   1.7937990596855333,
   1.7938134714664085,
   1.7938136548698287,
   1.7937993115101445,
   1.7937906130076973,
   1.7937913535832335,
   1.7938000359296384,
   1.7938139947236225,
   1.7938144534699094,
   1.7938005790050777,
   1.7937914854259822,
   1.7937922664242305,
   1.7938013671098127,
   1.793814703852109,
   1.7938149290386847,
   1.7938016237635337,
   1.7937922591161093
  ],
  "1": [
   1.7966786119374183,
   1.796677753396129,
   1.7966762974158015,
   1.796676067943521,
   1.7966774847063245,
   1.796678611702917,
   1.7966784853358309,
   1.7966774594421537,
   1.7966762601059647,
   1.7966757928690826,
   1.7966768926351584,
   1.796678338566966,
   1.7966782790957367,
   1.796676928476403,
   1.796675946194595,
   1.7966757582632549,
   1.7966766647648098,
   1.7966782274301993,
   1.7966782274301523,
   1.7966766647647259,
   1.7966757582631578,
   1.7966759461946014,
   1.7966769284764477,
   1.7966782790956881,
   1.796678338566885,
   1.7966768926350047,
   1.796675792869072,
   1.7966762601061221,
   1.7966774594420816,
   1.7966784853359004,
   1.7966786117028521,
   1.796677484706248,
   1.7966760679435108,
   1.79667629741584,
   1.796677753396144,
   1.7966786119373477
  ]
 },
 "Z_a": [
  6,
  6,
  6,
  6,
  6,
  6,
  6,
  6,
  6,
  6,
  6,
  6,
  15,
  15,
  15,
  15,
  5,
  5,
  5,
  5,
  6,
  6,
  6,
  6,
  1,
  1,
  1,
  1
 ],
 "spos_ac": [
  [
   0.8728221181971595,
   0.5837291759961125,
   0.7534809390756724
  ],
  [
   0.6986240723229341,
   0.48768998419119075,
   0.25336615032443005
  ],
  [
   0.19858837509816793,
   0.08362831616217008,
   0.3179253126594499
  ],
  [
   0.3728225730365013,
   0.9877907833693982,
   0.8180398015204244
  ],
  [
   0.19860645323141912,
   0.48769939543246715,
   0.31794763235288415
  ],
  [
   0.3728044991056383,
   0.5837385872373697,
   0.8180624211041376
  ],
  [
   0.8728401963304102,
   0.9878002552664016,
   0.7535032587691535
  ],
  [
   0.6986059983920574,
   0.08363778805915369,
   0.25338876990820447
  ],
  [
   0.580337036130758,
   0.7857428455147029,
   0.8284489903057531
  ],
  [
   0.9910801856437652,
   0.2856857654320702,
   0.3283266604950205
  ],
  [
   0.4910915352978086,
   0.2856857259138744,
   0.24297958112279205
  ],
  [
   0.08034838578481276,
   0.7857428059965278,
   0.7431019109335104
  ],
  [
   0.755526571583481,
   0.7856954668548161,
   0.057720507054192224
  ],
  [
   0.8159144112245231,
   0.2857331412294591,
   0.5576744231511703
  ],
  [
   0.31590199984508127,
   0.2857331045737628,
   0.013708064374391744
  ],
  [
   0.25551416020405365,
   0.7856954301991116,
   0.5137541482774152
  ],
  [
   0.9429087061186406,
   0.785761641804599,
   0.6199422682520512
  ],
  [
   0.6285310576064032,
   0.285666909325302,
   0.11983709918226215
  ],
  [
   0.12851986530993414,
   0.28566692962398743,
   0.4514863031765194
  ],
  [
   0.4428975138221664,
   0.7857616621032533,
   0.9515914722463219
  ],
  [
   0.9391054496484148,
   0.7857604233767579,
   0.2960072262493838
  ],
  [
   0.6323303838208034,
   0.28566804776689636,
   0.7958941259476945
  ],
  [
   0.13232312178014652,
   0.28566814805183244,
   0.7754213451791778
  ],
  [
   0.4390981876077812,
   0.7857605236616424,
   0.2755344454808884
  ],
  [
   0.535714285714276,
   0.5357142857142836,
   0.5357142857142578
  ],
  [
   0.03571428571428551,
   0.5357142857142896,
   0.03571428571426786
  ],
  [
   0.5357142857142978,
   0.03571428571427649,
   0.5357142857142925
  ],
  [
   0.03667030865882922,
   0.03571428571429287,
   0.035714285714279946
  ]
 ]
}