{
 "0": {
  "0": [
   0.5434369994880268,
   0.5570324646664979,
   0.55703245440362,
   0.5434369911038153,
   0.5441310832119105,
   0.5579710167300036,
   0.5579709955555332,
   0.5441310661243443,
   0.5439503866182944,
   0.5574536911275574,
   0.5574536796379255,
   0.5439503778461398,
   0.5439503778461048,
   0.5574536796379117,
   0.5574536911274958,
   0.5439503866183438,
   0.5441310661243074,
   0.5579709955554717,
   0.5579710167300184,
   0.5441310832119329,
   0.5434369911038478,
   0.5570324544036666,
   0.5570324646665094,
   0.5434369994880532
  ],
  "1": [
   3.048067166469514,
   3.0345204547743645,
   3.034520457242114,
   3.0480671687583656,
   3.0473887229843712,
   3.033612931942806,
   3.033612937245355,
   3.0473887266301647,
   3.047596843305183,
   3.0341675307230416,
   3.03416753373236,
   3.047596845370786,
   3.04759684537072,
   3.0341675337323495,
   3.0341675307230074,
   3.047596843305063,
   3.0473887266301647,
   3.033612937245393,
   3.0336129319427942,
   3.0473887229843304,
   3.048067168758372,
   3.034520457242128,
   3.0345204547743396,
   3.0480671664695373
  ]
 },
 "1": {
  "0": [
   1.7963103920573071,
   1.7963278286448412,
   1.796327829369833,
   1.7963103918058465,
   1.7963104777872045,
   1.7963291285899508,
   1.7963291301954336,
   1.7963104772562004,
   1.7963105833418447,
   1.796330428668587,
   1.7963304296184714,
   1.79631058320274,
   1.7963105832027366,
   1.796330429618548,
   1.7963304286685757,
   1.7963105833417854,
   1.7963104772562184,
   1.7963291301953812,
   1.7963291285898897,
   1.7963104777871794,
   1.7963103918058454,
   1.796327829369869,
   1.7963278286447943,
   1.7963103920573391
  ],
  "1": [
   1.7940818391081952,
   1.794064433147259,
   1.794064429095399,
   1.7940818362874429,
   1.7940817637711461,
   1.7940631426020845,
   1.7940631340993325,
   1.7940817582444712,
   1.7940816650489757,
   1.7940618481148256,
   1.794061843698104,
   1.7940816623547158,
   1.7940816623547065,
   1.7940618436980846,
   1.7940618481148038,
   1.794081665049109,
   1.7940817582445057,
   1.794063134099446,
   1.7940631426020957,
   1.794081763771119,
   1.7940818362874045,
   1.7940644290954413,
   1.7940644331473405,
   1.7940818391080608
  ]
 },
 "2": {
  "0": [
   1.849918889204308,
   1.8499378367942285,
   1.8499548906400805,
   1.849954890881697,
   1.8499378378317202,
   1.8499188894456455,
   1.8499195475642398,
   1.8499389636906582,
   1.8499578646693993,
   1.8499578655701168,
   1.8499389644664332,
   1.8499195483575763,
   1.8499203881672217,
   1.8499408267021733,
   1.8499608277787665,
   1.8499608283007931,
   1.849940827196427,
   1.849920388487229,
   1.8499203884873991,
   1.849940827196587,
   1.8499608283006452,
   1.8499608277788846,
   1.8499408267020994,
   1.8499203881673163,
   1.8499195483576107,
   1.8499389644664292,
   1.8499578655701485,
   1.8499578646695156,
   1.8499389636907746,
   1.8499195475640924,
   1.8499188894455123,
   1.8499378378316533,
   1.8499548908816372,
   1.849954890640163,
   1.8499378367942436,
   1.849918889204336
  ],
  "1": [
   1.8522804541639974,
   1.8521971088870335,
   1.852098249227696,
   1.8520982465273255,
   1.8521971055352227,
   1.8522804523593384,
   1.8522772183477723,
   1.8521906518490878,
   1.852091852291793,
   1.8520918475013841,
   1.85219064401505,
   1.8522772153040814,
   1.852274047776453,
   1.8521847484703822,
   1.8520849948969669,
   1.8520849923843925,
   1.8521847447732014,
   1.8522740463120602,
   1.8522740463119967,
   1.8521847447730782,
   1.8520849923842482,
   1.8520849948970646,
   1.8521847484702052,
   1.8522740477763608,
   1.8522772153040046,
   1.852190644015229,
   1.85209184750136,
   1.8520918522918337,
   1.8521906518491458,
   1.8522772183477811,
   1.8522804523593164,
   1.8521971055350446,
   1.852098246527254,
   1.8520982492275917,
   1.8521971088870395,
   1.8522804541640772
  ]
 },
 "Z_a": [
  6,
  6,
  6,
  6,
  6,
  6,
  6,
  6,
  6,
  6,
  6,
  6,
  15,
  15,
  15,
  15,
  5,
  5,
  5,
  5,
  6,
  6,
  6,
  6,
  1,
  1,
  1,
  1
 ],
 "spos_ac": [
  [
   0.8728221181971595,
   0.5837291759961125,
   0.7534809390756724
  ],
  [
   0.6986240723229341,
   0.48768998419119075,
   0.25336615032443005
  ],
  [
   0.19858837509816793,
   0.08362831616217008,
   0.3179253126594499
  ],
  [
   0.3728225730365013,
   0.9877907833693982,
   0.8180398015204244
  ],
  [
   0.19860645323141912,
   0.48769939543246715,
   0.31794763235288415
  ],
  [
   0.3728044991056383,
   0.5837385872373697,
   0.8180624211041376
  ],
  [
   0.8728401963304102,
   0.9878002552664016,
   0.7535032587691535
  ],
  [
   0.6986059983920574,
   0.08363778805915369,
   0.25338876990820447
  ],
  [
   0.580337036130758,
   0.7857428455147029,
   0.8284489903057531
  ],
  [
   0.9910801856437652,
   0.2856857654320702,
   0.3283266604950205
  ],
  [
   0.4910915352978086,
   0.2856857259138744,
   0.24297958112279205
  ],
  [
   0.08034838578481276,
   0.7857428059965278,
   0.7431019109335104
  ],
  [
   0.755526571583481,
   0.7856954668548161,
   0.057720507054192224
  ],
  [
   0.8159144112245231,
   0.2857331412294591,
   0.5576744231511703
  ],
  [
   0.31590199984508127,
   0.2857331045737628,
   0.013708064374391744
  ],
  [
   0.25551416020405365,
   0.7856954301991116,
   0.5137541482774152
  ],
  [
   0.9429087061186406,
   0.785761641804599,
   0.6199422682520512
  ],
  [
   0.6285310576064032,
   0.285666909325302,
   0.11983709918226215
  ],
  [
   0.12851986530993414,
   0.28566692962398743,
   0.4514863031765194
  ],
  [
   0.4428975138221664,
   0.7857616621032533,
   0.9515914722463219
  ],
  [
   0.9391054496484148,
   0.7857604233767579,
   0.2960072262493838
  ],
  [
   0.6323303838208034,
   0.28566804776689636,
   0.7958941259476945
  ],
  [
   0.13232312178014652,
   0.28566814805183244,
   0.7733116405378275
  ],
  [
   0.4390981876077812,
   0.7857605236616424,
   0.2755344454808884
  ],
  [
   0.535714285714276,
   0.5357142857142836,
   0.5357142857142578
  ],
  [
   0.03571428571428551,
   0.5357142857142896,
   0.03571428571426786
  ],
  [
   0.5357142857142978,
   0.03571428571427649,
   0.5357142857142925
  ],
  [
   0.035714285714278544,
   0.03571428571429287,
   0.035714285714279946
  ]
 ]
}