{
 "0": {
  "0": [
   0.5376351520596129,
   0.5512516384100986,
   0.5512516425638591,
   0.5376351553014614,
   0.5382713396741662,
   0.5521334203280314,
   0.5521334287658193,
   0.5382713455916012,
   0.5380280472814413,
   0.5515565610618588,
   0.5515565646902822,
   0.538028049053255,
   0.5380280490532547,
   0.5515565646902826,
   0.5515565610618359,
   0.5380280472814695,
   0.5382713455916383,
   0.5521334287658154,
   0.5521334203280217,
   0.5382713396742054,
   0.5376351553014874,
   0.5512516425638547,
   0.5512516384101047,
   0.5376351520596228
  ],
  "1": [
   3.04300977924558,
   3.029450451532517,
   3.0294504545379604,
   3.043009782189439,
   3.042248874327242,
   3.0284136692737316,
   3.0284136750286503,
   3.0422488787932718,
   3.042359878413259,
   3.028832250336435,
   3.028832252686502,
   3.0423598793596858,
   3.0423598793596796,
   3.0288322526864895,
   3.0288322503364524,
   3.04235987841326,
   3.042248878793271,
   3.028413675028651,
   3.0284136692737227,
   3.042248874327232,
   3.0430097821894466,
   3.0294504545379,
   3.0294504515325005,
   3.0430097792455717
  ]
 },
 "1": {
  "0": [
   1.7963109212915063,
   1.7963284156075567,
   1.796328422236003,
   1.796310926589011,
   1.7963110086335814,
   1.7963297118155337,
   1.7963297257753215,
   1.7963110192992648,
   1.7963111214950507,
   1.7963310145184748,
   1.7963310213734183,
   1.796311127266775,
   1.7963111272667875,
   1.7963310213733956,
   1.7963310145184797,
   1.796311121495079,
   1.7963110192992617,
   1.7963297257753144,
   1.79632971181556,
   1.7963110086335603,
   1.7963109265890673,
   1.79632842223602,
   1.7963284156075245,
   1.79631092129149
  ],
  "1": [
   1.7940822477789575,
   1.7940647506037695,
   1.7940647491370674,
   1.794082249545433,
   1.7940821604797297,
   1.7940634501772739,
   1.7940634478390463,
   1.7940821645729677,
   1.7940820546323142,
   1.7940621491771274,
   1.7940621478649525,
   1.7940820572233886,
   1.7940820572233798,
   1.794062147864938,
   1.7940621491771107,
   1.7940820546323286,
   1.794082164572946,
   1.7940634478390665,
   1.7940634501772754,
   1.7940821604797172,
   1.7940822495454107,
   1.794064749137092,
   1.794064750603767,
   1.794082247778947
  ]
 },
 "2": {
  "0": [
   1.7925183629992836,
   1.79267776815313,
   1.792849460066226,
   1.7928494622106117,
   1.792677772904097,
   1.792518365486369,
   1.7925105952143547,
   1.792657629378442,
   1.792820436708978,
   1.7928204411126873,
   1.792657638976143,
   1.7925106003832179,
   1.7925025843775537,
   1.7926368717941341,
   1.7927900298372148,
   1.7927900321865573,
   1.7926368769054173,
   1.7925025867362043,
   1.79250258673618,
   1.7926368769053564,
   1.7927900321865378,
   1.7927900298371804,
   1.7926368717940206,
   1.7925025843775986,
   1.792510600383138,
   1.792657638976222,
   1.7928204411126918,
   1.7928204367090208,
   1.7926576293784797,
   1.792510595214423,
   1.7925183654863337,
   1.7926777729040728,
   1.792849462210669,
   1.792849460066193,
   1.792677768153157,
   1.7925183629992891
  ],
  "1": [
   1.7951325760623589,
   1.7952054412982863,
   1.7953006562147424,
   1.7953006561889806,
   1.795205440270405,
   1.7951325754105962,
   1.7951339911618165,
   1.7952026331183526,
   1.7952956698464035,
   1.7952956700331273,
   1.795202631311318,
   1.7951339896723788,
   1.7951351208373796,
   1.795199439373433,
   1.795290263605563,
   1.7952902634625107,
   1.7951994384734966,
   1.7951351199993555,
   1.7951351199993248,
   1.7951994384736283,
   1.795290263462507,
   1.7952902636055752,
   1.7951994393734048,
   1.7951351208374542,
   1.79513398967244,
   1.7952026313113452,
   1.795295670033148,
   1.7952956698464102,
   1.7952026331182607,
   1.795133991161894,
   1.7951325754106626,
   1.7952054402704272,
   1.7953006561888916,
   1.7953006562147045,
   1.7952054412983645,
   1.7951325760623986
  ]
 },
 "Z_a": [
  6,
  6,
  6,
  6,
  6,
  6,
  6,
  6,
  6,
  6,
  6,
  6,
  15,
  15,
  15,
  15,
  5,
  5,
  5,
  5,
  6,
  6,
  6,
  6,
  1,
  1,
  1,
  1
 ],
 "spos_ac": [
  [
   0.8728221181971595,
   0.5837291759961125,
   0.7534809390756724
  ],
  [
   0.6986240723229341,
   0.48768998419119075,
   0.25336615032443005
  ],
  [
   0.19858837509816793,
   0.08362831616217008,
   0.3179253126594499
  ],
  [
   0.3728225730365013,
   0.9877907833693982,
   0.8180398015204244
  ],
  [
   0.19860645323141912,
   0.48769939543246715,
   0.31794763235288415
  ],
  [
   0.3728044991056383,
   0.5837385872373697,
   0.8180624211041376
  ],
  [
   0.8728401963304102,
   0.9878002552664016,
   0.7535032587691535
  ],
  [
   0.6986059983920574,
   0.08363778805915369,
   0.25338876990820447
  ],
  [
   0.580337036130758,
   0.7857428455147029,
   0.8284489903057531
  ],
  [
   0.9910801856437652,
   0.2856857654320702,
   0.3283266604950205
  ],
  [
   0.4910915352978086,
   0.2856857259138744,
   0.24297958112279205
  ],
  [
   0.08034838578481276,
   0.7857428059965278,
   0.7431019109335104
  ],
  [
   0.755526571583481,
   0.7856954668548161,
   0.057720507054192224
  ],
  [
   0.8159144112245231,
   0.2857331412294591,
   0.5576744231511703
  ],
  [
   0.31590199984508127,
   0.2857331045737628,
   0.013708064374391744
  ],
  [
   0.25551416020405365,
   0.7856954301991116,
   0.5137541482774152
  ],
  [
   0.9438647290631913,
   0.785761641804599,
   0.6199422682520512
  ],
  [
   0.6285310576064032,
   0.285666909325302,
   0.11983709918226215
  ],
  [
   0.12851986530993414,
   0.28566692962398743,
   0.4514863031765194
  ],
  [
   0.4428975138221664,
   0.7857616621032533,
   0.9515914722463219
  ],
  [
   0.9391054496484148,
   0.7857604233767579,
   0.2960072262493838
  ],
  [
   0.6323303838208034,
   0.28566804776689636,
   0.7958941259476945
  ],
  [
   0.13232312178014652,
   0.28566814805183244,
   0.7754213451791778
  ],
  [
   0.4390981876077812,
   0.7857605236616424,
   0.2755344454808884
  ],
  [
   0.535714285714276,
   0.5357142857142836,
   0.5357142857142578
  ],
  [
   0.03571428571428551,
   0.5357142857142896,
   0.03571428571426786
  ],
  [
   0.5357142857142978,
   0.03571428571427649,
   0.5357142857142925
  ],
  [
   0.035714285714278544,
   0.03571428571429287,
   0.035714285714279946
  ]
 ]
}