{
 "0": {
  "0": [
   0.6226607093220865,
   0.6412781679960136,
   0.6412505857381138,
   0.6226362700557451,
   0.6270180892098622,
   0.6437226396393064,
   0.6436606609863358,
   0.6269637346625568,
   0.6293711727750001,
   0.6433768682249472,
   0.6433413394423977,
   0.6293402206099692,
   0.6293402206099957,
   0.6433413394422651,
   0.643376868225063,
   0.6293711727749755,
   0.6269637346625309,
   0.6436606609863605,
   0.6437226396393737,
   0.627018089209877,
   0.6226362700556769,
   0.6412505857381945,
   0.6412781679960274,
   0.622660709322148
  ],
  "1": [
   2.9695297021821596,
   2.9510223146346966,
   2.9510306900239325,
   2.9695387665947597,
   2.9651260653596196,
   2.9485513140735886,
   2.9485620456477157,
   2.9651388118750797,
   2.962684838704693,
   2.94882714417746,
   2.948828019527734,
   2.9626874822184863,
   2.962687482218479,
   2.9488280195276215,
   2.9488271441773986,
   2.9626848387046576,
   2.965138811875169,
   2.948562045647869,
   2.9485513140735824,
   2.9651260653596547,
   2.969538766594737,
   2.951030690024064,
   2.951022314634789,
   2.9695297021820686
  ]
 },
 "1": {
  "0": [
   1.7967009879984381,
   1.7967184500223723,
   1.7967208743741556,
   1.7967032216976377,
   1.7966988243794793,
   1.7967145088668781,
   1.7967194163143438,
   1.7967030599559453,
   1.7966987951600881,
   1.7967129522828875,
   1.7967152949626988,
   1.7967009700724785,
   1.7967009700725707,
   1.7967152949625143,
   1.7967129522829344,
   1.7966987951603515,
   1.7967030599561364,
   1.7967194163144191,
   1.7967145088669034,
   1.7966988243795319,
   1.7967032216975602,
   1.7967208743742276,
   1.796718450022295,
   1.7967009879984328
  ],
  "1": [
   1.7935343292453187,
   1.7936855221900994,
   1.7936840809856605,
   1.7935339629195948,
   1.7935309208325412,
   1.79368485060292,
   1.7936821986570912,
   1.7935299356435457,
   1.7935267910298005,
   1.7936829515388553,
   1.7936815178561722,
   1.7935262961477818,
   1.7935262961478182,
   1.793681517856316,
   1.7936829515388362,
   1.7935267910301234,
   1.7935299356435277,
   1.7936821986570974,
   1.7936848506030632,
   1.7935309208324035,
   1.7935339629194802,
   1.79368408098573,
   1.7936855221901764,
   1.7935343292452257
  ]
 },
 "2": {
  "0": [
   1.745061174991895,
   1.7452185924810244,
   1.7454521372374727,
   1.745455508576143,
   1.7452260146518233,
   1.7450652344506195,
   1.7450557044908488,
   1.7452073862725264,
   1.7454418330614712,
   1.745448258167044,
   1.745222476765872,
   1.7450637933935282,
   1.74505432392468,
   1.7452037727745808,
   1.7454344851484478,
   1.7454376089620187,
   1.7452112401451119,
   1.7450581727404533,
   1.7450581727403824,
   1.7452112401451583,
   1.7454376089620016,
   1.745434485148528,
   1.74520377277444,
   1.7450543239248195,
   1.745063793393498,
   1.74522247676596,
   1.745448258167436,
   1.7454418330615447,
   1.7452073862726531,
   1.7450557044907162,
   1.745065234451189,
   1.745226014651867,
   1.7454555085756251,
   1.7454521372374874,
   1.745218592480932,
   1.74506117499194
  ],
  "1": [
   1.7458087050339628,
   1.7458419156860898,
   1.7458449781602619,
   1.7458489511628612,
   1.745850659987755,
   1.745813085266735,
   1.7458066821308345,
   1.745843226806846,
   1.7458509810319525,
   1.7458597281249995,
   1.7458610408578574,
   1.7458156328750845,
   1.7458093106433155,
   1.745853593425434,
   1.7458618460273942,
   1.745866323228802,
   1.745862607927066,
   1.7458137376615805,
   1.7458137376615437,
   1.7458626079269874,
   1.7458663232287133,
   1.7458618460272242,
   1.7458535934254724,
   1.7458093106431225,
   1.7458156328750922,
   1.745861040858188,
   1.745859728125144,
   1.7458509810320018,
   1.7458432268070478,
   1.745806682130627,
   1.745813085266629,
   1.7458506599880748,
   1.7458489511629371,
   1.7458449781599883,
   1.7458419156861866,
   1.7458087050341098
  ]
 },
 "Z_a": [
  6,
  6,
  6,
  6,
  6,
  6,
  6,
  6,
  6,
  6,
  6,
  6,
  15,
  15,
  15,
  15,
  5,
  5,
  5,
  5,
  6,
  6,
  6,
  6,
  1,
  1,
  1,
  1
 ],
 "spos_ac": [
  [
   0.8699160744877641,
   0.5834161987086461,
   0.7484766246811705
  ],
  [
   0.7015352726879851,
   0.4880090784078269,
   0.246253587368464
  ],
  [
   0.2014849469550319,
   0.08329337259590185,
   0.3250448089018769
  ],
  [
   0.36992089165857833,
   0.9881320104187304,
   0.825158272176593
  ],
  [
   0.20151249694080317,
   0.4880123727199402,
   0.3250616513887663
  ],
  [
   0.36989329874058813,
   0.5834194930207328,
   0.825174984060093
  ],
  [
   0.8699436244735367,
   0.988135198832681,
   0.74638376252669
  ],
  [
   0.7015076797699924,
   0.08329656100983873,
   0.24627029925197835
  ],
  [
   0.5780630240442051,
   0.7857389495503777,
   0.832436528614425
  ],
  [
   0.9933475267784281,
   0.2856896047658299,
   0.3324182470292321
  ],
  [
   0.49336554738436394,
   0.28568962187818037,
   0.2389920428141474
  ],
  [
   0.07808104465014103,
   0.7857389666627534,
   0.7390103243993436
  ],
  [
   0.754224737683117,
   0.7856881534083234,
   0.05214363913549332
  ],
  [
   0.8172063592368138,
   0.2857403577876434,
   0.5521294922552344
  ],
  [
   0.31720383374545863,
   0.2857404180202441,
   0.01928493229307921
  ],
  [
   0.2542222121917596,
   0.7856882136409327,
   0.5192990791733408
  ],
  [
   0.9406631137702488,
   0.785767860668835,
   0.6142479410078823
  ],
  [
   0.6307746855411989,
   0.2856606995918082,
   0.1141852134496121
  ],
  [
   0.13076545765832873,
   0.285660710759749,
   0.45718063042071005
  ],
  [
   0.44065388588736404,
   0.7857678718367567,
   0.9572433579789548
  ],
  [
   0.9381991319443621,
   0.7857630996231021,
   0.29003180849006505
  ],
  [
   0.633221400408768,
   0.2856654776310827,
   0.7899652437121043
  ],
  [
   0.13322943948422294,
   0.28566547180545393,
   0.7813967629385008
  ],
  [
   0.4382071710197879,
   0.7857630937974978,
   0.28146332771646937
  ],
  [
   0.535714285714294,
   0.5357142857142884,
   0.5357142857142776
  ],
  [
   0.035714285714276,
   0.5357142857142809,
   0.03571428571428969
  ],
  [
   0.5357142857142945,
   0.035714285714275616,
   0.5357142857142763
  ],
  [
   0.03571428571428916,
   0.03571428571428573,
   0.03571428571427985
  ]
 ]
}