{
 "0": {
  "0": [
   0.6218417425645464,
   0.6402101786433344,
   0.6402101763666077,
   0.6218417439664984,
   0.626234830014476,
   0.6427112659681765,
   0.6427112560168373,
   0.6262348313282197,
   0.6286348989312966,
   0.6424468140424086,
   0.6424468051081492,
   0.628634897028501,
   0.6286348970286864,
   0.64244680510825,
   0.6424468140423256,
   0.6286348989312776,
   0.6262348313282452,
   0.6427112560168249,
   0.6427112659681786,
   0.6262348300145578,
   0.6218417439664893,
   0.6402101763664813,
   0.64021017864351,
   0.6218417425645271
  ],
  "1": [
   2.967316764585398,
   2.948855170053255,
   2.9488551848495588,
   2.967316767245497,
   2.96290568404276,
   2.9463207652213392,
   2.9463207962927096,
   2.962905691637903,
   2.960471686903834,
   2.9465418816290385,
   2.9465418990099077,
   2.960471692140733,
   2.9604716921406373,
   2.94654189900998,
   2.9465418816291296,
   2.9604716869039693,
   2.9629056916378276,
   2.9463207962927953,
   2.946320765221411,
   2.9629056840426733,
   2.9673167672457432,
   2.9488551848493696,
   2.9488551700535517,
   2.967316764585527
  ]
 },
 "1": {
  "0": [
   1.7967188908498828,
   1.7967461250748904,
   1.796746125785078,
   1.796718893215208,
   1.7967186226097789,
   1.7967501573133051,
   1.7967501589359558,
   1.7967186270662507,
   1.7967183617117812,
   1.7967542265092176,
   1.7967542274836932,
   1.7967183637281052,
   1.7967183637279986,
   1.7967542274835508,
   1.7967542265090795,
   1.7967183617116649,
   1.7967186270662097,
   1.7967501589356327,
   1.7967501573125864,
   1.7967186226094027,
   1.7967188932145957,
   1.7967461257847994,
   1.7967461250751793,
   1.7967188908493794
  ],
  "1": [
   1.7936711391483726,
   1.7936439210258404,
   1.7936439259901278,
   1.7936711430071328,
   1.7936713970449132,
   1.793639870048715,
   1.793639879880896,
   1.7936714054204044,
   1.7936716545803921,
   1.7936357876891025,
   1.7936357923233757,
   1.7936716586089245,
   1.793671658608798,
   1.793635792323171,
   1.7936357876888585,
   1.7936716545800382,
   1.7936714054200262,
   1.7936398798810942,
   1.7936398700484404,
   1.79367139704523,
   1.7936711430066992,
   1.7936439259901782,
   1.7936439210252944,
   1.7936711391476048
  ]
 },
 "2": {
  "0": [
   1.7391951310534288,
   1.739433208661718,
   1.7397044293841635,
   1.7397044358270575,
   1.7394332196174513,
   1.7391951367217757,
   1.739201247377142,
   1.7394436181772106,
   1.7397112812022801,
   1.739711294341155,
   1.739443640794031,
   1.739201257763397,
   1.7392073818930327,
   1.7394537023968062,
   1.7397188199320057,
   1.7397188267988948,
   1.7394537137983281,
   1.7392073867257243,
   1.7392073867255677,
   1.739453713798265,
   1.7397188267986794,
   1.7397188199317322,
   1.7394537023967327,
   1.739207381892953,
   1.7392012577637148,
   1.7394436407944698,
   1.7397112943411988,
   1.7397112812017668,
   1.7394436181768347,
   1.739201247377007,
   1.7391951367218144,
   1.7394332196168782,
   1.7397044358267455,
   1.7397044293836674,
   1.7394332086620166,
   1.7391951310531641
  ],
  "1": [
   1.7390259774468109,
   1.7390053081406365,
   1.7390026954990376,
   1.7390026970907138,
   1.739005311221602,
   1.7390259794541374,
   1.7390264740231784,
   1.738999134255468,
   1.738988281293519,
   1.7389882839185986,
   1.7389991418865394,
   1.7390264768153647,
   1.7390268032284157,
   1.7389921368179009,
   1.7389735677978806,
   1.7389735689605499,
   1.7389921405528377,
   1.739026804572775,
   1.7390268045722368,
   1.738992140552794,
   1.7389735689605517,
   1.738973567798292,
   1.73899213681898,
   1.7390268032288818,
   1.7390264768150787,
   1.738999141886974,
   1.7389882839186588,
   1.7389882812930169,
   1.7389991342544948,
   1.7390264740232146,
   1.7390259794535523,
   1.739005311221668,
   1.7390026970908652,
   1.7390026954986313,
   1.7390053081404253,
   1.7390259774467172
  ]
 },
 "Z_a": [
  6,
  6,
  6,
  6,
  6,
  6,
  6,
  6,
  6,
  6,
  6,
  6,
  15,
  15,
  15,
  15,
  5,
  5,
  5,
  5,
  6,
  6,
  6,
  6,
  1,
  1,
  1,
  1
 ],
 "spos_ac": [
  [
   0.8699160744877641,
   0.5834161987086461,
   0.7463669200398202
  ],
  [
   0.7015352726879851,
   0.4880090784078269,
   0.246253587368464
  ],
  [
   0.2014849469550319,
   0.08329337259590185,
   0.3250448089018769
  ],
  [
   0.36992089165857833,
   0.9881320104187304,
   0.825158272176593
  ],
  [
   0.20151249694080317,
   0.4880123727199402,
   0.3250616513887663
  ],
  [
   0.36989329874058813,
   0.5834194930207328,
   0.825174984060093
  ],
  [
   0.8699436244735367,
   0.988135198832681,
   0.74638376252669
  ],
  [
   0.7015076797699924,
   0.08329656100983873,
   0.24627029925197835
  ],
  [
   0.5780630240442051,
   0.7857389495503777,
   0.832436528614425
  ],
  [
   0.9933475267784281,
   0.2856896047658299,
   0.3324182470292321
  ],
  [
   0.49336554738436394,
   0.28568962187818037,
   0.2389920428141474
  ],
  [
   0.07808104465014103,
   0.7857389666627534,
   0.7390103243993436
  ],
  [
   0.754224737683117,
   0.7856881534083234,
   0.05214363913549332
  ],
  [
   0.8172063592368138,
   0.2857403577876434,
   0.5521294922552344
  ],
  [
   0.31720383374545863,
   0.2857404180202441,
   0.01928493229307921
  ],
  [
   0.2542222121917596,
   0.7856882136409327,
   0.5192990791733408
  ],
  [
   0.9406631137702488,
   0.785767860668835,
   0.6142479410078823
  ],
  [
   0.6307746855411989,
   0.2856606995918082,
   0.1141852134496121
  ],
  [
   0.13076545765832873,
   0.285660710759749,
   0.45718063042071005
  ],
  [
   0.44065388588736404,
   0.7857678718367567,
   0.9572433579789548
  ],
  [
   0.9381991319443621,
   0.7857630996231021,
   0.29214151313141523
  ],
  [
   0.633221400408768,
   0.2856654776310827,
   0.7899652437121043
  ],
  [
   0.13322943948422294,
   0.28566547180545393,
   0.7813967629385008
  ],
  [
   0.4382071710197879,
   0.7857630937974978,
   0.28146332771646937
  ],
  [
   0.535714285714294,
   0.5357142857142884,
   0.5357142857142776
  ],
  [
   0.035714285714276,
   0.5357142857142809,
   0.03571428571428969
  ],
  [
   0.5357142857142945,
   0.035714285714275616,
   0.5357142857142763
  ],
  [
   0.03571428571428916,
   0.03571428571428573,
   0.03571428571427985
  ]
 ]
}