{
 "0": {
  "0": [
   0.6747468171672273,
   0.692988572439985,
   0.6929886082302382,
   0.6747468367652808,
   0.6792576326786983,
   0.6957001001879326,
   0.695700177556718,
   0.6792576718279205,
   0.681802027362993,
   0.695676568703012,
   0.6956766115697439,
   0.6818020462630778,
   0.6818020462631152,
   0.6956766115696962,
   0.695676568703087,
   0.6818020273629808,
   0.6792576718279282,
   0.695700177556742,
   0.6957001001879184,
   0.6792576326786933,
   0.6747468367652351,
   0.6929886082302321,
   0.6929885724400232,
   0.6747468171670887
  ],
  "1": [
   2.989865554833394,
   2.971394107860187,
   2.9713941186244957,
   2.989865564162169,
   2.985383022452058,
   2.968981291022175,
   2.9689813181727307,
   2.9853830472211467,
   2.9828814065225147,
   2.9693255624967962,
   2.969325579871678,
   2.982881424123852,
   2.982881424123835,
   2.969325579871631,
   2.969325562496784,
   2.982881406522469,
   2.9853830472211045,
   2.968981318172753,
   2.9689812910221973,
   2.9853830224520848,
   2.989865564162148,
   2.971394118624491,
   2.971394107860122,
   2.9898655548334006
  ]
 },
 "1": {
  "0": [
   1.7967191373632259,
   1.7967461903922155,
   1.7967461892210912,
   1.7967191328574974,
   1.7967188810543944,
   1.7967502367643202,
   1.7967502347414999,
   1.796718872002613,
   1.796718624749418,
   1.7967543182959278,
   1.7967543175273095,
   1.7967186201231582,
   1.7967186201230305,
   1.796754317527295,
   1.7967543182959522,
   1.7967186247494547,
   1.7967188720027605,
   1.796750234741587,
   1.7967502367642865,
   1.7967188810544776,
   1.7967191328574745,
   1.7967461892211405,
   1.7967461903922903,
   1.7967191373632916
  ],
  "1": [
   1.793673166442308,
   1.7936460309462088,
   1.7936460019857896,
   1.7936731499026497,
   1.793673423596937,
   1.7936419717026761,
   1.7936419132537522,
   1.7936733910369296,
   1.793673659263717,
   1.7936378469806071,
   1.7936378170508847,
   1.793673643344263,
   1.7936736433441847,
   1.793637817050858,
   1.7936378469805108,
   1.7936736592636566,
   1.7936733910367872,
   1.7936419132537904,
   1.7936419717027063,
   1.7936734235970297,
   1.7936731499026684,
   1.7936460019856915,
   1.7936460309461624,
   1.793673166442193
  ]
 },
 "2": {
  "0": [
   1.7951279225450154,
   1.7952708821109649,
   1.7954782980515214,
   1.7954783003776758,
   1.7952708875288088,
   1.795127924894024,
   1.7951245933888296,
   1.7952668994767265,
   1.7954774975071917,
   1.7954775026227565,
   1.7952669100181395,
   1.795124598600964,
   1.7951211877838205,
   1.7952626824529816,
   1.7954763290067937,
   1.795476331764801,
   1.7952626877658298,
   1.7951211904081907,
   1.7951211904083841,
   1.7952626877658582,
   1.7954763317648998,
   1.7954763290069093,
   1.7952626824526556,
   1.7951211877836963,
   1.7951245986010282,
   1.7952669100180279,
   1.7954775026227323,
   1.7954774975071301,
   1.7952668994766214,
   1.795124593388922,
   1.7951279248941594,
   1.7952708875286396,
   1.795478300377632,
   1.7954782980516213,
   1.795270882110811,
   1.7951279225448669
  ],
  "1": [
   1.7952740123621986,
   1.7951192733438046,
   1.7949511323873442,
   1.7949511307691057,
   1.795119268633801,
   1.7952740100672873,
   1.795269830782317,
   1.795127995845768,
   1.7949638082501524,
   1.7949638045972494,
   1.79512798720825,
   1.7952698254750392,
   1.7952655689832364,
   1.795136803127824,
   1.7949766256197317,
   1.7949766239387936,
   1.7951367988985438,
   1.7952655663869326,
   1.795265566386797,
   1.7951367988986229,
   1.794976623938869,
   1.7949766256196742,
   1.7951368031279118,
   1.7952655689830388,
   1.79526982547495,
   1.7951279872082029,
   1.7949638045973215,
   1.7949638082502224,
   1.7951279958458424,
   1.7952698307824606,
   1.7952740100673459,
   1.7951192686339323,
   1.7949511307691342,
   1.7949511323874185,
   1.7951192733437287,
   1.7952740123621818
  ]
 },
 "Z_a": [
  6,
  6,
  6,
  6,
  6,
  6,
  6,
  6,
  6,
  6,
  6,
  6,
  15,
  15,
  15,
  15,
  5,
  5,
  5,
  5,
  6,
  6,
  6,
  6,
  1,
  1,
  1,
  1
 ],
 "spos_ac": [
  [
   0.8699160744877641,
   0.5834161987086461,
   0.7463669200398202
  ],
  [
   0.7015352726879851,
   0.4880090784078269,
   0.246253587368464
  ],
  [
   0.2014849469550319,
   0.08329337259590185,
   0.3250448089018769
  ],
  [
   0.36992089165857833,
   0.9881320104187304,
   0.825158272176593
  ],
  [
   0.20151249694080317,
   0.4880123727199402,
   0.3250616513887663
  ],
  [
   0.36989329874058813,
   0.5834194930207328,
   0.825174984060093
  ],
  [
   0.8699436244735367,
   0.988135198832681,
   0.74638376252669
  ],
  [
   0.7015076797699924,
   0.08329656100983873,
   0.24627029925197835
  ],
  [
   0.5780630240442051,
   0.7857389495503777,
   0.832436528614425
  ],
  [
   0.9933475267784281,
   0.2856896047658299,
   0.3324182470292321
  ],
  [
   0.49336554738436394,
   0.28568962187818037,
   0.2389920428141474
  ],
  [
   0.07808104465014103,
   0.7857389666627534,
   0.7390103243993436
  ],
  [
   0.754224737683117,
   0.7856881534083234,
   0.05214363913549332
  ],
  [
   0.8172063592368138,
   0.2857403577876434,
   0.5521294922552344
  ],
  [
   0.31720383374545863,
   0.2857404180202441,
   0.01928493229307921
  ],
  [
   0.25326618924720895,
   0.7856882136409327,
   0.5192990791733408
  ],
  [
   0.9406631137702488,
   0.785767860668835,
   0.6142479410078823
  ],
  [
   0.6307746855411989,
   0.2856606995918082,
   0.1141852134496121
  ],
  [
   0.13076545765832873,
   0.285660710759749,
   0.45718063042071005
  ],
  [
   0.44065388588736404,
   0.7857678718367567,
   0.9572433579789548
  ],
  [
   0.9381991319443621,
   0.7857630996231021,
   0.29003180849006505
  ],
  [
   0.633221400408768,
   0.2856654776310827,
   0.7899652437121043
  ],
  [
   0.13322943948422294,
   0.28566547180545393,
   0.7813967629385008
  ],
  [
   0.4382071710197879,
   0.7857630937974978,
   0.28146332771646937
  ],
  [
   0.535714285714294,
   0.5357142857142884,
   0.5357142857142776
  ],
  [
   0.035714285714276,
   0.5357142857142809,
   0.03571428571428969
  ],
  [
   0.5357142857142945,
   0.035714285714275616,
   0.5357142857142763
  ],
  [
   0.03571428571428916,
   0.03571428571428573,
   0.03571428571427985
  ]
 ]
}