{
 "0": {
  "0": [
   0.6208551793291522,
   0.6393637039678222,
   0.6393720972188145,
   0.6208642676355218,
   0.6252553623801346,
   0.6418326024614505,
   0.641843373159554,
   0.6252681521608481,
   0.6277071075634152,
   0.6415670264462922,
   0.6415679216444734,
   0.6277097673666702,
   0.6277097673666876,
   0.6415679216445477,
   0.6415670264464632,
   0.6277071075636662,
   0.6252681521610551,
   0.6418433731596556,
   0.6418326024616382,
   0.6252553623804032,
   0.6208642676355699,
   0.639372097218765,
   0.6393637039680213,
   0.6208551793290795
  ],
  "1": [
   2.9677575011710617,
   2.9491433906189637,
   2.9491158040248644,
   2.9677330500303913,
   2.963430336024995,
   2.946733666357061,
   2.9466716977716527,
   2.963375974497487,
   2.961054278022342,
   2.9470534720044492,
   2.9470179619468024,
   2.9610233330871507,
   2.9610233330873053,
   2.9470179619468544,
   2.947053472004472,
   2.9610542780225497,
   2.9633759744976564,
   2.946671697771784,
   2.9467336663572516,
   2.9634303360252514,
   2.967733050030546,
   2.949115804024826,
   2.949143390619001,
   2.967757501171124
  ]
 },
 "1": {
  "0": [
   1.7968572489106722,
   1.7967070870774373,
   1.796705648304398,
   1.7968568778083949,
   1.79686127742007,
   1.7967089742048903,
   1.7967063288427303,
   1.7968602805251932,
   1.7968649107303905,
   1.796709661671795,
   1.7967082330700124,
   1.7968644112508176,
   1.7968644112507977,
   1.7967082330702135,
   1.796709661671746,
   1.7968649107303236,
   1.7968602805249971,
   1.7967063288426421,
   1.796708974204564,
   1.7968612774200785,
   1.7968568778085319,
   1.7967056483043626,
   1.796707087077517,
   1.7968572489105348
  ],
  "1": [
   1.7936902757852056,
   1.7936725558874802,
   1.7936749687462232,
   1.7936925053924442,
   1.793690443969969,
   1.7936740083258476,
   1.7936788919545172,
   1.7936946720938431,
   1.7936925345785193,
   1.7936781140540572,
   1.793680443668382,
   1.7936947057551278,
   1.793694705755089,
   1.793680443668434,
   1.7936781140543325,
   1.793692534578544,
   1.7936946720936726,
   1.7936788919545468,
   1.793674008326019,
   1.7936904439698325,
   1.793692505392313,
   1.7936749687462599,
   1.7936725558875932,
   1.793690275785209
  ]
 },
 "2": {
  "0": [
   1.7448638798345295,
   1.7448972460869567,
   1.744916401496517,
   1.7449203747370243,
   1.7449059883981362,
   1.7448682603523937,
   1.7448612607223897,
   1.74489807674853,
   1.7449224957940763,
   1.7449312423306558,
   1.7449158864685796,
   1.7448702115922303,
   1.744863259115614,
   1.744907937441785,
   1.7449334903339881,
   1.744937966707997,
   1.7449169500259556,
   1.7448676852894704,
   1.7448676852891742,
   1.744916950025703,
   1.7449379667077238,
   1.7449334903340197,
   1.7449079374417453,
   1.7448632591150743,
   1.7448702115923544,
   1.7449158864685224,
   1.7449312423304195,
   1.7449224957943088,
   1.7448980767482232,
   1.7448612607228158,
   1.7448682603522703,
   1.7449059883983518,
   1.744920374737168,
   1.7449164014972254,
   1.7448972460871686,
   1.7448638798345464
  ],
  "1": [
   1.7460050832424807,
   1.7461625103338096,
   1.7463800072371367,
   1.7463833892554008,
   1.7461699503402257,
   1.7460091477945558,
   1.7460002038128097,
   1.7461517739711048,
   1.7463695960575203,
   1.746376040889537,
   1.746166894096471,
   1.7460083044079466,
   1.7459994565321584,
   1.7461486638645922,
   1.7463621155369888,
   1.7463652497639293,
   1.746156147495647,
   1.7460033093258225,
   1.7460033093271232,
   1.746156147496257,
   1.7463652497640378,
   1.7463621155369158,
   1.7461486638646784,
   1.7459994565318129,
   1.746008304407998,
   1.7461668940963038,
   1.746376040889362,
   1.7463695960566483,
   1.7461517739702985,
   1.7460002038125242,
   1.7460091477945523,
   1.7461699503405208,
   1.746383389255785,
   1.7463800072379514,
   1.7461625103340512,
   1.7460050832423861
  ]
 },
 "Z_a": [
  6,
  6,
  6,
  6,
  6,
  6,
  6,
  6,
  6,
  6,
  6,
  6,
  15,
  15,
  15,
  15,
  5,
  5,
  5,
  5,
  6,
  6,
  6,
  6,
  1,
  1,
  1,
  1
 ],
 "spos_ac": [
  [
   0.8699160744877641,
   0.5834161987086461,
   0.7463669200398202
  ],
  [
   0.7015352726879851,
   0.4880090784078269,
   0.24836329200981422
  ],
  [
   0.2014849469550319,
   0.08329337259590185,
   0.3250448089018769
  ],
  [
   0.36992089165857833,
   0.9881320104187304,
   0.825158272176593
  ],
  [
   0.20151249694080317,
   0.4880123727199402,
   0.3250616513887663
  ],
  [
   0.36989329874058813,
   0.5834194930207328,
   0.825174984060093
  ],
  [
   0.8699436244735367,
   0.988135198832681,
   0.74638376252669
  ],
  [
   0.7015076797699924,
   0.08329656100983873,
   0.24627029925197835
  ],
  [
   0.5780630240442051,
   0.7857389495503777,
   0.832436528614425
  ],
  [
   0.9933475267784281,
   0.2856896047658299,
   0.3324182470292321
  ],
  [
   0.49336554738436394,
   0.28568962187818037,
   0.2389920428141474
  ],
  [
   0.07808104465014103,
   0.7857389666627534,
   0.7390103243993436
  ],
  [
   0.754224737683117,
   0.7856881534083234,
   0.05214363913549332
  ],
  [
   0.8172063592368138,
   0.2857403577876434,
   0.5521294922552344
  ],
  [
   0.31720383374545863,
   0.2857404180202441,
   0.01928493229307921
  ],
  [
   0.2542222121917596,
   0.7856882136409327,
   0.5192990791733408
  ],
  [
   0.9406631137702488,
   0.785767860668835,
   0.6142479410078823
  ],
  [
   0.6307746855411989,
   0.2856606995918082,
   0.1141852134496121
  ],
  [
   0.13076545765832873,
   0.285660710759749,
   0.45718063042071005
  ],
  [
   0.44065388588736404,
   0.7857678718367567,
   0.9572433579789548
  ],
  [
   0.9381991319443621,
   0.7857630996231021,
   0.29003180849006505
  ],
  [
   0.633221400408768,
   0.2856654776310827,
   0.7899652437121043
  ],
  [
   0.13322943948422294,
   0.28566547180545393,
   0.7813967629385008
  ],
  [
   0.4382071710197879,
   0.7857630937974978,
   0.28146332771646937
  ],
  [
   0.535714285714294,
   0.5357142857142884,
   0.5357142857142776
  ],
  [
   0.035714285714276,
   0.5357142857142809,
   0.03571428571428969
  ],
  [
   0.5357142857142945,
   0.035714285714275616,
   0.5357142857142763
  ],
  [
   0.03571428571428916,
   0.03571428571428573,
   0.03571428571427985
  ]
 ]
}