{
 "0": {
  "0": [
   0.622479628022112,
   0.6407134824872219,
   0.6407134968596883,
   0.622479637533663,
   0.6269542310279371,
   0.643289966098161,
   0.6432899867014401,
   0.6269542435257904,
   0.6294381854681864,
   0.6431138076376963,
   0.6431138118428179,
   0.6294381869071044,
   0.629438186907143,
   0.6431138118428754,
   0.6431138076377433,
   0.6294381854681992,
   0.6269542435257496,
   0.6432899867014509,
   0.6432899660981539,
   0.6269542310279435,
   0.6224796375336774,
   0.6407134968596692,
   0.6407134824872593,
   0.6224796280221371
  ],
  "1": [
   2.9691427610658794,
   2.9505502314352863,
   2.9505502093209834,
   2.969142734915274,
   2.964701634524106,
   2.9480018033075637,
   2.948001755541473,
   2.964701579000157,
   2.962246031900125,
   2.9482016766739583,
   2.948201650367489,
   2.962246001881802,
   2.96224600188177,
   2.9482016503674435,
   2.948201676674007,
   2.9622460318999297,
   2.9647015790002347,
   2.9480017555414655,
   2.9480018033075743,
   2.964701634524038,
   2.9691427349153847,
   2.950550209320978,
   2.950550231435273,
   2.9691427610658883
  ]
 },
 "1": {
  "0": [
   1.7967190488650504,
   1.7967463973649203,
   1.79674638553488,
   1.796719047091731,
   1.7967188046944873,
   1.7967504937522698,
   1.796750469922804,
   1.7967188001648147,
   1.796718562287231,
   1.7967546148352642,
   1.7967546031890553,
   1.7967185595551944,
   1.7967185595551087,
   1.7967546031890795,
   1.7967546148352302,
   1.796718562287179,
   1.7967188001647332,
   1.7967504699228403,
   1.796750493752321,
   1.79671880469457,
   1.7967190470917596,
   1.796746385534838,
   1.7967463973648883,
   1.796719048864997
  ],
  "1": [
   1.7936722686999544,
   1.7936451124806938,
   1.7936451184840665,
   1.7936722707306776,
   1.793672536153509,
   1.7936410717217492,
   1.7936410833268757,
   1.7936725393940103,
   1.7936728000202458,
   1.793637001165021,
   1.7936370065106435,
   1.7936728014004089,
   1.793672801400399,
   1.7936370065106197,
   1.7936370011652791,
   1.7936728000202349,
   1.7936725393940411,
   1.7936410833269265,
   1.7936410717217894,
   1.793672536153334,
   1.7936722707306574,
   1.793645118484054,
   1.7936451124805448,
   1.79367226869983
  ]
 },
 "2": {
  "0": [
   1.8055040313083353,
   1.8058282682382678,
   1.806212515049581,
   1.8062125103165922,
   1.8058282612418934,
   1.8055040284598582,
   1.8055052063407862,
   1.8058333358095173,
   1.8062181362658358,
   1.8062181268566386,
   1.8058333212272535,
   1.8055052008520829,
   1.8055066831116393,
   1.8058382215353996,
   1.8062243792494137,
   1.8062243747549442,
   1.805838214579082,
   1.805506680861079,
   1.805506680861126,
   1.8058382145792067,
   1.8062243747550428,
   1.8062243792494546,
   1.8058382215356361,
   1.8055066831115418,
   1.8055052008520631,
   1.805833321227306,
   1.8062181268567572,
   1.8062181362659118,
   1.8058333358096308,
   1.8055052063409656,
   1.805504028459817,
   1.8058282612417726,
   1.8062125103164448,
   1.806212515049542,
   1.805828268238165,
   1.8055040313083206
  ],
  "1": [
   1.8061107929135936,
   1.806141479769592,
   1.8062062496766722,
   1.8062062472326188,
   1.806141476241693,
   1.8061107910880985,
   1.806109808978646,
   1.8061478207701185,
   1.8062196770435224,
   1.8062196719494275,
   1.8061478136841385,
   1.806109805605926,
   1.8061090734199317,
   1.8061538010511242,
   1.8062338902226127,
   1.8062338872495702,
   1.8061537971559702,
   1.806109072113132,
   1.8061090721131887,
   1.8061537971560766,
   1.8062338872496344,
   1.806233890222486,
   1.8061538010511065,
   1.8061090734197573,
   1.8061098056059233,
   1.8061478136840914,
   1.8062196719494634,
   1.806219677043536,
   1.8061478207699684,
   1.8061098089784988,
   1.8061107910881404,
   1.8061414762416508,
   1.8062062472328129,
   1.8062062496766502,
   1.806141479769572,
   1.8061107929138438
  ]
 },
 "Z_a": [
  6,
  6,
  6,
  6,
  6,
  6,
  6,
  6,
  6,
  6,
  6,
  6,
  15,
  15,
  15,
  15,
  5,
  5,
  5,
  5,
  6,
  6,
  6,
  6,
  1,
  1,
  1,
  1
 ],
 "spos_ac": [
  [
   0.8699160744877641,
   0.5834161987086461,
   0.7463669200398202
  ],
  [
   0.7015352726879851,
   0.4880090784078269,
   0.246253587368464
  ],
  [
   0.2014849469550319,
   0.08329337259590185,
   0.3250448089018769
  ],
  [
   0.36992089165857833,
   0.9881320104187304,
   0.825158272176593
  ],
  [
   0.20151249694080317,
   0.4880123727199402,
   0.3250616513887663
  ],
  [
   0.36989329874058813,
   0.5834194930207328,
   0.825174984060093
  ],
  [
   0.8699436244735367,
   0.988135198832681,
   0.74638376252669
  ],
  [
   0.7015076797699924,
   0.08329656100983873,
   0.24627029925197835
  ],
  [
   0.5780630240442051,
   0.7857389495503777,
   0.832436528614425
  ],
  [
   0.9933475267784281,
   0.2856896047658299,
   0.3324182470292321
  ],
  [
   0.49336554738436394,
   0.28568962187818037,
   0.2389920428141474
  ],
  [
   0.07808104465014103,
   0.7857389666627534,
   0.7390103243993436
  ],
  [
   0.754224737683117,
   0.7856881534083234,
   0.05214363913549332
  ],
  [
   0.8172063592368138,
   0.2857403577876434,
   0.5521294922552344
  ],
  [
   0.31720383374545863,
   0.2857404180202441,
   0.01928493229307921
  ],
  [
   0.2542222121917596,
   0.7856882136409327,
   0.5192990791733408
  ],
  [
   0.9406631137702488,
   0.785767860668835,
   0.6142479410078823
  ],
  [
   0.6307746855411989,
   0.2856606995918082,
   0.1141852134496121
  ],
  [
   0.13076545765832873,
   0.285660710759749,
   0.45718063042071005
  ],
  [
   0.44065388588736404,
   0.7857678718367567,
   0.9551336533376046
  ],
  [
   0.9381991319443621,
   0.7857630996231021,
   0.29003180849006505
  ],
  [
   0.633221400408768,
   0.2856654776310827,
   0.7899652437121043
  ],
  [
   0.13322943948422294,
   0.28566547180545393,
   0.7813967629385008
  ],
  [
   0.4382071710197879,
   0.7857630937974978,
   0.28146332771646937
  ],
  [
   0.535714285714294,
   0.5357142857142884,
   0.5357142857142776
  ],
  [
   0.035714285714276,
   0.5357142857142809,
   0.03571428571428969
  ],
  [
   0.5357142857142945,
   0.035714285714275616,
   0.5357142857142763
  ],
  [
   0.03571428571428916,
   0.03571428571428573,
   0.03571428571427985
  ]
 ]
}