{
 "0": {
  "0": [
   0.621850862704213,
   0.6403556856275711,
   0.6403557259501931,
   0.6218508945069274,
   0.6262159181751364,
   0.6428024409429778,
   0.642802521708202,
   0.6262159799979604,
   0.6286278155275331,
   0.6424956289166722,
   0.6424956680473528,
   0.6286278438322398,
   0.628627843832213,
   0.642495668047344,
   0.6424956289165177,
   0.6286278155274281,
   0.6262159799977817,
   0.642802521708508,
   0.6428024409431004,
   0.6262159181751862,
   0.6218508945071357,
   0.640355725950228,
   0.6403556856275536,
   0.6218508627048621
  ],
  "1": [
   2.968408732059654,
   2.9497720572424213,
   2.9497720342192535,
   2.968408717667656,
   2.9640467152824823,
   2.947417430773532,
   2.9474173786742344,
   2.9640466837996096,
   2.9616566333081105,
   2.947807191966966,
   2.947807161889137,
   2.9616566165200178,
   2.961656616520057,
   2.947807161889158,
   2.9478071919670037,
   2.9616566333083107,
   2.9640466837997548,
   2.9474173786742677,
   2.9474174307734926,
   2.9640467152825525,
   2.9684087176676446,
   2.9497720342193126,
   2.949772057242427,
   2.968408732059613
  ]
 },
 "1": {
  "0": [
   1.7967198446371544,
   1.7967471821806489,
   1.796747204270591,
   1.796719857288047,
   1.796719572673263,
   1.7967512424358265,
   1.7967512874380993,
   1.796719597876132,
   1.7967193179816872,
   1.7967553608532305,
   1.7967553837366503,
   1.79671933071823,
   1.7967193307181877,
   1.7967553837366816,
   1.796755360853065,
   1.7967193179818057,
   1.7967195978762354,
   1.7967512874380909,
   1.7967512424358358,
   1.7967195726731449,
   1.7967198572879206,
   1.7967472042705832,
   1.796747182180493,
   1.7967198446371562
  ],
  "1": [
   1.7936700400213283,
   1.7936432049040034,
   1.7936431972597222,
   1.7936700311589313,
   1.7936703477292113,
   1.7936391842813968,
   1.7936391684485185,
   1.793670330783259,
   1.7936706424364386,
   1.7936351202396774,
   1.7936351122318257,
   1.7936706338668729,
   1.7936706338668529,
   1.7936351122316747,
   1.7936351202396477,
   1.7936706424364515,
   1.7936703307832411,
   1.7936391684486332,
   1.793639184281432,
   1.7936703477293419,
   1.793670031158867,
   1.7936431972596654,
   1.7936432049041173,
   1.7936700400216277
  ]
 },
 "2": {
  "0": [
   1.9138109642524395,
   1.9142061027210173,
   1.9146325260977026,
   1.9146325310704684,
   1.9142061107651351,
   1.9138109676418444,
   1.9138104169519778,
   1.914195488409256,
   1.9146114569167434,
   1.914611467814085,
   1.914195504155008,
   1.9138104231480286,
   1.9138098077977976,
   1.9141844799509293,
   1.9145895171276255,
   1.9145895229335075,
   1.9141844881485546,
   1.9138098110717259,
   1.9138098110719737,
   1.9141844881484045,
   1.9145895229336214,
   1.9145895171278335,
   1.9141844799510752,
   1.9138098077976442,
   1.9138104231474575,
   1.9141955041547893,
   1.914611467814421,
   1.9146114569169246,
   1.9141954884089496,
   1.9138104169517818,
   1.913810967642035,
   1.914206110764971,
   1.914632531070515,
   1.9146325260977217,
   1.9142061027212414,
   1.9138109642525727
  ],
  "1": [
   1.8468775408289375,
   1.8467807485925496,
   1.8466806841674304,
   1.8466806783358392,
   1.846780740214552,
   1.846877536640933,
   1.8468753870077959,
   1.8467794235971084,
   1.846676268596232,
   1.8466762568567363,
   1.8467794063879073,
   1.8468753793507504,
   1.8468730863072191,
   1.8467779215231805,
   1.8466719706728603,
   1.8466719644709895,
   1.8467779128895172,
   1.8468730824873592,
   1.846873082487207,
   1.8467779128897295,
   1.8466719644709597,
   1.8466719706726675,
   1.8467779215232705,
   1.846873086307013,
   1.8468753793508357,
   1.8467794063877048,
   1.8466762568566082,
   1.8466762685964047,
   1.8467794235974164,
   1.8468753870078154,
   1.8468775366408885,
   1.846780740214591,
   1.8466806783357146,
   1.8466806841679257,
   1.8467807485924679,
   1.8468775408290987
  ]
 },
 "Z_a": [
  6,
  6,
  6,
  6,
  6,
  6,
  6,
  6,
  6,
  6,
  6,
  6,
  15,
  15,
  15,
  15,
  5,
  5,
  5,
  5,
  6,
  6,
  6,
  6,
  1,
  1,
  1,
  1
 ],
 "spos_ac": [
  [
   0.8699160744877641,
   0.5834161987086461,
   0.7463669200398202
  ],
  [
   0.7015352726879851,
   0.4880090784078269,
   0.246253587368464
  ],
  [
   0.2014849469550319,
   0.08329337259590185,
   0.3250448089018769
  ],
  [
   0.36992089165857833,
   0.9881320104187304,
   0.825158272176593
  ],
  [
   0.20151249694080317,
   0.4880123727199402,
   0.3250616513887663
  ],
  [
   0.36989329874058813,
   0.5834194930207328,
   0.825174984060093
  ],
  [
   0.8699436244735367,
   0.988135198832681,
   0.74638376252669
  ],
  [
   0.7015076797699924,
   0.08329656100983873,
   0.24627029925197835
  ],
  [
   0.5780630240442051,
   0.7857389495503777,
   0.832436528614425
  ],
  [
   0.9933475267784281,
   0.2856896047658299,
   0.3324182470292321
  ],
  [
   0.49336554738436394,
   0.28568962187818037,
   0.2389920428141474
  ],
  [
   0.07808104465014103,
   0.7857389666627534,
   0.7390103243993436
  ],
  [
   0.754224737683117,
   0.7856881534083234,
   0.05003393449414311
  ],
  [
   0.8172063592368138,
   0.2857403577876434,
   0.5521294922552344
  ],
  [
   0.31720383374545863,
   0.2857404180202441,
   0.01928493229307921
  ],
  [
   0.2542222121917596,
   0.7856882136409327,
   0.5192990791733408
  ],
  [
   0.9406631137702488,
   0.785767860668835,
   0.6142479410078823
  ],
  [
   0.6307746855411989,
   0.2856606995918082,
   0.1141852134496121
  ],
  [
   0.13076545765832873,
   0.285660710759749,
   0.45718063042071005
  ],
  [
   0.44065388588736404,
   0.7857678718367567,
   0.9572433579789548
  ],
  [
   0.9381991319443621,
   0.7857630996231021,
   0.29003180849006505
  ],
  [
   0.633221400408768,
   0.2856654776310827,
   0.7899652437121043
  ],
  [
   0.13322943948422294,
   0.28566547180545393,
   0.7813967629385008
  ],
  [
   0.4382071710197879,
   0.7857630937974978,
   0.28146332771646937
  ],
  [
   0.535714285714294,
   0.5357142857142884,
   0.5357142857142776
  ],
  [
   0.035714285714276,
   0.5357142857142809,
   0.03571428571428969
  ],
  [
   0.5357142857142945,
   0.035714285714275616,
   0.5357142857142763
  ],
  [
   0.03571428571428916,
   0.03571428571428573,
   0.03571428571427985
  ]
 ]
}