{
 "0": {
  "0": [
   0.6220610573800983,
   0.6405375230058357,
   0.640495808641841,
   0.6220224093801492,
   0.6264919101360822,
   0.643085406539454,
   0.6430034091088977,
   0.6264141360511982,
   0.6289035358949278,
   0.6428385495143503,
   0.6427983596969884,
   0.6288643327454385,
   0.6288643327454848,
   0.6427983596970553,
   0.6428385495144242,
   0.6289035358949095,
   0.6264141360512645,
   0.6430034091090129,
   0.6430854065394107,
   0.6264919101361087,
   0.6220224093801572,
   0.6404958086418172,
   0.6405375230058353,
   0.6220610573803284
  ],
  "1": [
   2.96840501417506,
   2.949930503136459,
   2.9498235806853126,
   2.9683033205591456,
   2.964039452455738,
   2.947458171998053,
   2.947243801153519,
   2.963840657891736,
   2.9615545336443625,
   2.947632532728979,
   2.9475252724421575,
   2.961457957514634,
   2.9614579575146687,
   2.9475252724422814,
   2.9476325327290827,
   2.961554533644391,
   2.963840657891765,
   2.94724380115351,
   2.9474581719981026,
   2.964039452455572,
   2.9683033205590075,
   2.949823580685312,
   2.949930503136445,
   2.9684050141751417
  ]
 },
 "1": {
  "0": [
   1.7606400836525067,
   1.7600976850041912,
   1.760114616521126,
   1.7606532365167655,
   1.7606317653488255,
   1.760124377733096,
   1.7601584612317636,
   1.7606583406100158,
   1.7606369912921565,
   1.7601685461263714,
   1.7601855863473963,
   1.7606503249597512,
   1.7606503249598155,
   1.7601855863474622,
   1.7601685461263328,
   1.760636991292063,
   1.760658340609821,
   1.760158461231794,
   1.7601243777332356,
   1.7606317653487764,
   1.7606532365165288,
   1.7601146165211163,
   1.7600976850042707,
   1.7606400836526646
  ],
  "1": [
   1.703133853871781,
   1.7027855144174227,
   1.7027948731872158,
   1.7031367807431685,
   1.7031272422395582,
   1.7027782678850956,
   1.7027978353177542,
   1.7031331593459116,
   1.7031234609271455,
   1.7027816324215468,
   1.7027918817058618,
   1.703126550094601,
   1.7031265500948192,
   1.7027918817058239,
   1.7027816324215692,
   1.7031234609271193,
   1.7031331593458487,
   1.7027978353177975,
   1.7027782678852512,
   1.7031272422396087,
   1.703136780743289,
   1.7027948731872937,
   1.7027855144174877,
   1.7031338538718481
  ]
 },
 "2": {
  "0": [
   1.7947047498733637,
   1.7947030558655643,
   1.7947091741710108,
   1.7947092419573052,
   1.7947019579510664,
   1.7947038870969343,
   1.7947049772705317,
   1.7947033757591193,
   1.7947092581619144,
   1.7947093078394611,
   1.7947012368131372,
   1.7947032252333297,
   1.7947043049834823,
   1.794702595005859,
   1.7947092971614298,
   1.794709459632206,
   1.7947015875581924,
   1.794703424326328,
   1.7947034243262854,
   1.794701587558246,
   1.7947094596320539,
   1.794709297161121,
   1.7947025950056006,
   1.7947043049834897,
   1.794703225233572,
   1.794701236813131,
   1.7947093078395722,
   1.7947092581618591,
   1.7947033757592168,
   1.794704977270253,
   1.7947038870967422,
   1.7947019579509522,
   1.7947092419577175,
   1.7947091741714882,
   1.794703055865439,
   1.7947047498732576
  ],
  "1": [
   1.7956926671866869,
   1.795695166401558,
   1.7956859326129222,
   1.795680537440531,
   1.7956871915108725,
   1.7956897256958535,
   1.7956945682993828,
   1.7956997402828367,
   1.7956889596028711,
   1.795677793604825,
   1.7956833143311528,
   1.795688603026562,
   1.7956934770781345,
   1.7956960961815618,
   1.7956863831646797,
   1.7956806200184436,
   1.7956876819185623,
   1.7956905046933478,
   1.7956905046930716,
   1.7956876819184722,
   1.795680620018566,
   1.795686383164632,
   1.7956960961814907,
   1.795693477078449,
   1.7956886030267185,
   1.795683314331005,
   1.7956777936046981,
   1.7956889596027321,
   1.7956997402829642,
   1.7956945682994232,
   1.7956897256959443,
   1.795687191511167,
   1.7956805374402782,
   1.795685932612761,
   1.7956951664017575,
   1.795692667186943
  ]
 },
 "Z_a": [
  6,
  6,
  6,
  6,
  6,
  6,
  6,
  6,
  6,
  6,
  6,
  6,
  15,
  15,
  15,
  15,
  5,
  5,
  5,
  5,
  6,
  6,
  6,
  6,
  1,
  1,
  1,
  1
 ],
 "spos_ac": [
  [
   0.8699160744877641,
   0.5834161987086461,
   0.7463669200398202
  ],
  [
   0.7015352726879851,
   0.4880090784078269,
   0.246253587368464
  ],
  [
   0.2014849469550319,
   0.08329337259590185,
   0.3250448089018769
  ],
  [
   0.36992089165857833,
   0.9881320104187304,
   0.825158272176593
  ],
  [
   0.20151249694080317,
   0.4880123727199402,
   0.3250616513887663
  ],
  [
   0.36989329874058813,
   0.5834194930207328,
   0.825174984060093
  ],
  [
   0.8699436244735367,
   0.988135198832681,
   0.74638376252669
  ],
  [
   0.7015076797699924,
   0.08329656100983873,
   0.24627029925197835
  ],
  [
   0.5780630240442051,
   0.7857389495503777,
   0.832436528614425
  ],
  [
   0.9933475267784281,
   0.2856896047658299,
   0.3324182470292321
  ],
  [
   0.49336554738436394,
   0.28568962187818037,
   0.2389920428141474
  ],
  [
   0.07808104465014103,
   0.7857389666627534,
   0.7390103243993436
  ],
  [
   0.754224737683117,
   0.7856881534083234,
   0.05214363913549332
  ],
  [
   0.8172063592368138,
   0.2857403577876434,
   0.5521294922552344
  ],
  [
   0.31720383374545863,
   0.2873797622825392,
   0.01928493229307921
  ],
  [
   0.2542222121917596,
   0.7856882136409327,
   0.5192990791733408
  ],
  [
   0.9406631137702488,
   0.785767860668835,
   0.6142479410078823
  ],
  [
   0.6307746855411989,
   0.2856606995918082,
   0.1141852134496121
  ],
  [
   0.13076545765832873,
   0.285660710759749,
   0.45718063042071005
  ],
  [
   0.44065388588736404,
   0.7857678718367567,
   0.9572433579789548
  ],
  [
   0.9381991319443621,
   0.7857630996231021,
   0.29003180849006505
  ],
  [
   0.633221400408768,
   0.2856654776310827,
   0.7899652437121043
  ],
  [
   0.13322943948422294,
   0.28566547180545393,
   0.7813967629385008
  ],
  [
   0.4382071710197879,
   0.7857630937974978,
   0.28146332771646937
  ],
  [
   0.535714285714294,
   0.5357142857142884,
   0.5357142857142776
  ],
  [
   0.035714285714276,
   0.5357142857142809,
   0.03571428571428969
  ],
  [
   0.5357142857142945,
   0.035714285714275616,
   0.5357142857142763
  ],
  [
   0.03571428571428916,
   0.03571428571428573,
   0.03571428571427985
  ]
 ]
}