{
 "0": {
  "0": [
   0.6219070998126288,
   0.6403921502265484,
   0.640391878821499,
   0.6219093940222373,
   0.6263118105741844,
   0.6429135385758563,
   0.6429134594998054,
   0.6263164254938149,
   0.6287415491081735,
   0.6426830504663933,
   0.6426834309250745,
   0.6287439377339396,
   0.6287439377340355,
   0.6426834309250893,
   0.6426830504664856,
   0.62874154910824,
   0.6263164254938391,
   0.6429134594998008,
   0.6429135385758974,
   0.6263118105742658,
   0.6219093940222756,
   0.6403918788214966,
   0.6403921502265675,
   0.6219070998125359
  ],
  "1": [
   2.968229091012822,
   2.9497607288535574,
   2.949760421655098,
   2.9682313511039067,
   2.963807152901463,
   2.947226537835749,
   2.9472263899645825,
   2.9638117037652743,
   2.9613708376267014,
   2.947448282537346,
   2.94744863169515,
   2.9613732003433073,
   2.961373200343437,
   2.9474486316951483,
   2.9474482825374606,
   2.96137083762652,
   2.963811703765308,
   2.947226389964536,
   2.947226537835844,
   2.963807152901513,
   2.9682313511039533,
   2.9497604216551436,
   2.949760728853679,
   2.9682290910128133
  ]
 },
 "1": {
  "0": [
   1.7961621189864667,
   1.7962304049860849,
   1.7962299954131848,
   1.796162477001029,
   1.7961620786017094,
   1.796235268628429,
   1.796234492865926,
   1.79616280522817,
   1.7961623758971974,
   1.7962397673880748,
   1.7962393468304183,
   1.7961627582855098,
   1.7961627582855495,
   1.79623934683032,
   1.796239767387846,
   1.7961623758971945,
   1.7961628052282916,
   1.7962344928658984,
   1.7962352686282486,
   1.7961620786019727,
   1.7961624770010312,
   1.7962299954130545,
   1.7962304049861195,
   1.7961621189865438
  ],
  "1": [
   1.7931155607581297,
   1.7931285065478662,
   1.7931280738348583,
   1.7931158983209405,
   1.7931160395075831,
   1.7931252524566856,
   1.7931244290548716,
   1.7931167257047946,
   1.7931168262946593,
   1.7931215363548552,
   1.7931210914641342,
   1.793117188477225,
   1.7931171884771064,
   1.7931210914641984,
   1.7931215363549045,
   1.7931168262944346,
   1.793116725704721,
   1.793124429054759,
   1.7931252524566972,
   1.793116039507533,
   1.7931158983209199,
   1.7931280738350535,
   1.7931285065479265,
   1.7931155607581166
  ]
 },
 "2": {
  "0": [
   1.7968918519140864,
   1.7968859298830657,
   1.796893945266022,
   1.7968940592426823,
   1.7968859104488395,
   1.7968918694047793,
   1.7968920779768058,
   1.7968867731387812,
   1.7968955485898517,
   1.796895730810511,
   1.7968869141196955,
   1.7968921784762595,
   1.7968924348308057,
   1.7968878186325288,
   1.7968972707780926,
   1.7968973397299333,
   1.7968878928886718,
   1.796892440070127,
   1.7968924400698363,
   1.7968878928885004,
   1.796897339729643,
   1.796897270777649,
   1.7968878186320751,
   1.7968924348303636,
   1.7968921784757996,
   1.7968869141199935,
   1.796895730811012,
   1.7968955485901141,
   1.796886773138883,
   1.7968920779768192,
   1.7968918694050797,
   1.796885910448843,
   1.7968940592427045,
   1.7968939452660138,
   1.7968859298832875,
   1.7968918519144865
  ],
  "1": [
   1.7978359706676788,
   1.7978303475648294,
   1.7978227348446274,
   1.7978228432523993,
   1.797830302856411,
   1.7978359703528657,
   1.7978367827061654,
   1.7978316337108722,
   1.797824182203266,
   1.7978243525373425,
   1.7978317243011535,
   1.7978368475493631,
   1.7978377429209527,
   1.797833118885185,
   1.7978257034179967,
   1.7978257663820656,
   1.797833167737022,
   1.797837730426946,
   1.7978377304269404,
   1.7978331677370625,
   1.7978257663817672,
   1.7978257034176148,
   1.7978331188851797,
   1.7978377429209955,
   1.7978368475490494,
   1.7978317243017035,
   1.797824352537876,
   1.797824182203316,
   1.797831633711116,
   1.7978367827061743,
   1.797835970353003,
   1.7978303028570028,
   1.7978228432523964,
   1.7978227348446514,
   1.7978303475651713,
   1.7978359706676859
  ]
 },
 "Z_a": [
  6,
  6,
  6,
  6,
  6,
  6,
  6,
  6,
  6,
  6,
  6,
  6,
  15,
  15,
  15,
  15,
  5,
  5,
  5,
  5,
  6,
  6,
  6,
  6,
  1,
  1,
  1,
  1
 ],
 "spos_ac": [
  [
   0.8699160744877641,
   0.5834161987086461,
   0.7463669200398202
  ],
  [
   0.7015352726879851,
   0.4880090784078269,
   0.246253587368464
  ],
  [
   0.2014849469550319,
   0.08329337259590185,
   0.3250448089018769
  ],
  [
   0.36992089165857833,
   0.9881320104187304,
   0.825158272176593
  ],
  [
   0.20151249694080317,
   0.4880123727199402,
   0.3250616513887663
  ],
  [
   0.36989329874058813,
   0.5834194930207328,
   0.825174984060093
  ],
  [
   0.8699436244735367,
   0.988135198832681,
   0.74638376252669
  ],
  [
   0.7015076797699924,
   0.08329656100983873,
   0.24627029925197835
  ],
  [
   0.5780630240442051,
   0.7857389495503777,
   0.832436528614425
  ],
  [
   0.9933475267784281,
   0.2856896047658299,
   0.3324182470292321
  ],
  [
   0.49336554738436394,
   0.28568962187818037,
   0.2389920428141474
  ],
  [
   0.07808104465014103,
   0.7857389666627534,
   0.7390103243993436
  ],
  [
   0.754224737683117,
   0.7856881534083234,
   0.05214363913549332
  ],
  [
   0.8172063592368138,
   0.2857403577876434,
   0.5521294922552344
  ],
  [
   0.31720383374545863,
   0.2857404180202441,
   0.01928493229307921
  ],
  [
   0.2542222121917596,
   0.7856882136409327,
   0.5192990791733408
  ],
  [
   0.9406631137702488,
   0.785767860668835,
   0.6142479410078823
  ],
  [
   0.6307746855411989,
   0.2856606995918082,
   0.1141852134496121
  ],
  [
   0.13076545765832873,
   0.285660710759749,
   0.45718063042071005
  ],
  [
   0.44065388588736404,
   0.7857678718367567,
   0.9572433579789548
  ],
  [
   0.9381991319443621,
   0.7857630996231021,
   0.29003180849006505
  ],
  [
   0.633221400408768,
   0.2856654776310827,
   0.7899652437121043
  ],
  [
   0.13322943948422294,
   0.28566547180545393,
   0.7813967629385008
  ],
  [
   0.4382071710197879,
   0.7857630937974978,
   0.28146332771646937
  ],
  [
   0.535714285714294,
   0.5357142857142884,
   0.5357142857142776
  ],
  [
   0.035714285714276,
   0.5357142857142809,
   0.03571428571428969
  ],
  [
   0.5357142857142945,
   0.035714285714275616,
   0.5378239903556263
  ],
  [
   0.03571428571428916,
   0.03571428571428573,
   0.03571428571427985
  ]
 ]
}