{
 "0": {
  "0": [
   0.6220577704270199,
   0.6405292258524216,
   0.640510290285572,
   0.6220227520993314,
   0.6264876082243029,
   0.6430648850257225,
   0.6430296797228612,
   0.6264176728429602,
   0.6289021724230828,
   0.642828544320763,
   0.6428127948238717,
   0.6288672738435737,
   0.6288672738433674,
   0.6428127948237616,
   0.6428285443207236,
   0.6289021724232952,
   0.6264176728430202,
   0.6430296797229921,
   0.6430648850258045,
   0.6264876082244465,
   0.6220227520986151,
   0.6405102902856215,
   0.6405292258524957,
   0.6220577704270888
  ],
  "1": [
   2.9683798419665006,
   2.949901152844582,
   2.949882877900554,
   2.9683593971307896,
   2.96397674095106,
   2.9473790167822704,
   2.947350787756005,
   2.9639371851194145,
   2.9615342374104965,
   2.9475965813097957,
   2.9475871930000666,
   2.961515044565429,
   2.9615150445650134,
   2.947587192999934,
   2.947596581309688,
   2.961534237410559,
   2.9639371851194536,
   2.947350787756024,
   2.9473790167823273,
   2.9639767409510216,
   2.9683593971308153,
   2.9498828779006216,
   2.9499011528444714,
   2.968379841966566
  ]
 },
 "1": {
  "0": [
   1.8037705937749833,
   1.8031708144218122,
   1.8031763042064934,
   1.803778903667067,
   1.8037569082216842,
   1.8031797747584009,
   1.8031907776802172,
   1.8037732723079483,
   1.8037514463490198,
   1.8031946299176342,
   1.8032000445172858,
   1.8037595542486806,
   1.8037595542487297,
   1.8032000445173326,
   1.8031946299176265,
   1.8037514463489495,
   1.8037732723079645,
   1.80319077768014,
   1.803179774758431,
   1.803756908221134,
   1.8037789036669478,
   1.8031763042065658,
   1.8031708144218372,
   1.803770593774892
  ],
  "1": [
   1.803872761433352,
   1.804300001266808,
   1.8042931657314667,
   1.8038641997695315,
   1.803873007308049,
   1.8042734397833882,
   1.8042594521997275,
   1.8038554885752935,
   1.803864560241113,
   1.8042397697811368,
   1.804232702987558,
   1.8038557236519641,
   1.8038557236518804,
   1.8042327029874645,
   1.8042397697811319,
   1.8038645602410297,
   1.8038554885754696,
   1.8042594521997195,
   1.804273439783515,
   1.8038730073081732,
   1.8038641997694147,
   1.8042931657316534,
   1.804300001266701,
   1.8038727614335093
  ]
 },
 "2": {
  "0": [
   1.794704509192549,
   1.7946971176071431,
   1.7947038786141936,
   1.7947140127969323,
   1.794711351639203,
   1.7947093823559408,
   1.7947020082935248,
   1.794689730100478,
   1.7946986837701964,
   1.7947193457316795,
   1.7947184299262455,
   1.7947113488560436,
   1.7947040335667532,
   1.7946967489962566,
   1.7947040139601431,
   1.794714212829261,
   1.7947110996500586,
   1.7947087741090177,
   1.794708774109586,
   1.7947110996507707,
   1.794714212829985,
   1.7947040139609935,
   1.7946967489965602,
   1.7947040335665552,
   1.7947113488575999,
   1.7947184299239043,
   1.79471934572957,
   1.7946986837701135,
   1.7946897301007518,
   1.794702008293879,
   1.794709382356769,
   1.794711351640796,
   1.794714012798834,
   1.7947038786153495,
   1.794697117605532,
   1.7947045091910137
  ],
  "1": [
   1.7956906095171854,
   1.7956847041395472,
   1.7956802009430954,
   1.7956920370186358,
   1.795705027358292,
   1.7957000990284022,
   1.7956864374127217,
   1.7956742413326854,
   1.7956736395942627,
   1.795697624922686,
   1.7957156059190662,
   1.7957050257508589,
   1.7956915057092486,
   1.79568462281628,
   1.7956791666575747,
   1.7956910623084725,
   1.7957053629651683,
   1.7957007740761801,
   1.7957007740757431,
   1.7957053629648578,
   1.795691062308788,
   1.795679166657427,
   1.7956846228163574,
   1.795691505709467,
   1.7957050257509295,
   1.7957156059192085,
   1.7956976249229157,
   1.7956736395941875,
   1.7956742413327844,
   1.7956864374126875,
   1.7957000990282468,
   1.7957050273581034,
   1.7956920370184282,
   1.795680200943102,
   1.7956847041396653,
   1.7956906095174978
  ]
 },
 "Z_a": [
  6,
  6,
  6,
  6,
  6,
  6,
  6,
  6,
  6,
  6,
  6,
  6,
  15,
  15,
  15,
  15,
  5,
  5,
  5,
  5,
  6,
  6,
  6,
  6,
  1,
  1,
  1,
  1
 ],
 "spos_ac": [
  [
   0.8699160744877641,
   0.5834161987086461,
   0.7463669200398202
  ],
  [
   0.7015352726879851,
   0.4880090784078269,
   0.246253587368464
  ],
  [
   0.2014849469550319,
   0.08329337259590185,
   0.3250448089018769
  ],
  [
   0.36992089165857833,
   0.9881320104187304,
   0.825158272176593
  ],
  [
   0.20151249694080317,
   0.4880123727199402,
   0.3250616513887663
  ],
  [
   0.36989329874058813,
   0.5834194930207328,
   0.825174984060093
  ],
  [
   0.8699436244735367,
   0.988135198832681,
   0.74638376252669
  ],
  [
   0.7015076797699924,
   0.08329656100983873,
   0.24627029925197835
  ],
  [
   0.5780630240442051,
   0.7857389495503777,
   0.832436528614425
  ],
  [
   0.9933475267784281,
   0.2856896047658299,
   0.3324182470292321
  ],
  [
   0.49336554738436394,
   0.28568962187818037,
   0.2389920428141474
  ],
  [
   0.07808104465014103,
   0.7857389666627534,
   0.7390103243993436
  ],
  [
   0.754224737683117,
   0.7856881534083234,
   0.05214363913549332
  ],
  [
   0.8172063592368138,
   0.2857403577876434,
   0.5521294922552344
  ],
  [
   0.31720383374545863,
   0.2857404180202441,
   0.01928493229307921
  ],
  [
   0.2542222121917596,
   0.7856882136409327,
   0.5192990791733408
  ],
  [
   0.9406631137702488,
   0.785767860668835,
   0.6142479410078823
  ],
  [
   0.6307746855411989,
   0.2856606995918082,
   0.1141852134496121
  ],
  [
   0.13076545765832873,
   0.285660710759749,
   0.45718063042071005
  ],
  [
   0.44065388588736404,
   0.7841285275744615,
   0.9572433579789548
  ],
  [
   0.9381991319443621,
   0.7857630996231021,
   0.29003180849006505
  ],
  [
   0.633221400408768,
   0.2856654776310827,
   0.7899652437121043
  ],
  [
   0.13322943948422294,
   0.28566547180545393,
   0.7813967629385008
  ],
  [
   0.4382071710197879,
   0.7857630937974978,
   0.28146332771646937
  ],
  [
   0.535714285714294,
   0.5357142857142884,
   0.5357142857142776
  ],
  [
   0.035714285714276,
   0.5357142857142809,
   0.03571428571428969
  ],
  [
   0.5357142857142945,
   0.035714285714275616,
   0.5357142857142763
  ],
  [
   0.03571428571428916,
   0.03571428571428573,
   0.03571428571427985
  ]
 ]
}