{
 "0": {
  "0": [
   0.6445927211648727,
   0.6632592424609612,
   0.6633002434990243,
   0.6446361017565092,
   0.648967213623261,
   0.665678935290617,
   0.665761655795521,
   0.6490532033989297,
   0.6514008367118981,
   0.6653740183755742,
   0.665415766033991,
   0.6514436507654211,
   0.6514436507654245,
   0.6654157660339787,
   0.6653740183755441,
   0.6514008367119519,
   0.649053203398872,
   0.6657616557954539,
   0.6656789352906535,
   0.6489672136231911,
   0.6446361017564093,
   0.6633002434990106,
   0.6632592424609393,
   0.6445927211648127
  ],
  "1": [
   2.991151412382903,
   2.9727132921071138,
   2.9727516089341663,
   2.9911956591509044,
   2.9867146354405034,
   2.9700837675348835,
   2.9701576530591463,
   2.98680268808783,
   2.9843067832837034,
   2.970249349118896,
   2.9702846880684564,
   2.9843507010211496,
   2.9843507010213317,
   2.9702846880686486,
   2.9702493491190114,
   2.984306783283692,
   2.986802688087975,
   2.9701576530590432,
   2.9700837675349363,
   2.986714635440485,
   2.9911956591509514,
   2.9727516089341846,
   2.97271329210719,
   2.9911514123830174
  ]
 },
 "1": {
  "0": [
   1.7936542697121294,
   1.793474233473143,
   1.7934641473724198,
   1.7936491511428512,
   1.7936537665999082,
   1.7934802157513137,
   1.7934605070569178,
   1.7936439004658458,
   1.7936486068586504,
   1.793476383461843,
   1.7934661940384404,
   1.793643866518889,
   1.7936438665189451,
   1.7934661940385803,
   1.7934763834615486,
   1.7936486068586508,
   1.7936439004659046,
   1.7934605070568326,
   1.7934802157514007,
   1.793653766599895,
   1.7936491511427588,
   1.7934641473724413,
   1.7934742334732803,
   1.7936542697121487
  ],
  "1": [
   1.7922653286706458,
   1.792698995628398,
   1.7927023428998792,
   1.7922672031229638,
   1.792270741137875,
   1.7926958257022096,
   1.7927026856698312,
   1.7922743766984235,
   1.7922778550564844,
   1.792696093781966,
   1.7926996250127305,
   1.7922795959674311,
   1.792279595967397,
   1.7926996250129952,
   1.7926960937820196,
   1.7922778550566727,
   1.792274376698466,
   1.7927026856698172,
   1.7926958257021826,
   1.792270741137966,
   1.792267203122833,
   1.792702342899779,
   1.7926989956282595,
   1.7922653286706665
  ]
 },
 "2": {
  "0": [
   1.7928234053710468,
   1.793021715490598,
   1.7932898578182697,
   1.7932940520928533,
   1.7930292712380371,
   1.7928269823810872,
   1.7928218587781788,
   1.7930068464292128,
   1.7932733202938085,
   1.7932816749429026,
   1.7930221991577389,
   1.7928291926225755,
   1.7928237861754703,
   1.7929993700563454,
   1.7932595856526352,
   1.7932636425612485,
   1.7930071654707609,
   1.7928275396059605,
   1.7928275396057107,
   1.793007165471227,
   1.7932636425612138,
   1.7932595856531623,
   1.7929993700564228,
   1.7928237861757497,
   1.7928291926226374,
   1.7930221991578599,
   1.793281674942666,
   1.7932733202932452,
   1.7930068464290854,
   1.7928218587782085,
   1.792826982381427,
   1.7930292712380838,
   1.793294052093431,
   1.7932898578188037,
   1.7930217154907375,
   1.7928234053713301
  ],
  "1": [
   1.7926572591130774,
   1.7926474853275418,
   1.7926693657248534,
   1.7926716701412264,
   1.7926530819164674,
   1.7926603282915934,
   1.7926572957722098,
   1.7926493537851456,
   1.7926763889620843,
   1.7926806284404146,
   1.7926608857747637,
   1.7926637412221886,
   1.7926607418601206,
   1.792657018668916,
   1.792685017272753,
   1.7926872380719647,
   1.7926629717803055,
   1.7926637819893028,
   1.7926637819890379,
   1.7926629717805642,
   1.7926872380722534,
   1.7926850172734126,
   1.7926570186689115,
   1.7926607418601481,
   1.7926637412218869,
   1.7926608857747728,
   1.7926806284404493,
   1.7926763889614494,
   1.7926493537849488,
   1.7926572957714084,
   1.7926603282915021,
   1.7926530819168363,
   1.79267167014146,
   1.7926693657254549,
   1.7926474853276555,
   1.7926572591131693
  ]
 },
 "Z_a": [
  6,
  6,
  6,
  6,
  6,
  6,
  6,
  6,
  6,
  6,
  6,
  6,
  15,
  15,
  15,
  15,
  5,
  5,
  5,
  5,
  6,
  6,
  6,
  6,
  1,
  1,
  1,
  1
 ],
 "spos_ac": [
  [
   0.8699160744877641,
   0.5834161987086461,
   0.7463669200398202
  ],
  [
   0.7015352726879851,
   0.4880090784078269,
   0.246253587368464
  ],
  [
   0.2014849469550319,
   0.08329337259590185,
   0.3250448089018769
  ],
  [
   0.36992089165857833,
   0.9881320104187304,
   0.825158272176593
  ],
  [
   0.20151249694080317,
   0.4880123727199402,
   0.3250616513887663
  ],
  [
   0.36989329874058813,
   0.5834194930207328,
   0.825174984060093
  ],
  [
   0.868987601528986,
   0.988135198832681,
   0.74638376252669
  ],
  [
   0.7015076797699924,
   0.08329656100983873,
   0.24627029925197835
  ],
  [
   0.5780630240442051,
   0.7857389495503777,
   0.832436528614425
  ],
  [
   0.9933475267784281,
   0.2856896047658299,
   0.3324182470292321
  ],
  [
   0.49336554738436394,
   0.28568962187818037,
   0.2389920428141474
  ],
  [
   0.07808104465014103,
   0.7857389666627534,
   0.7390103243993436
  ],
  [
   0.754224737683117,
   0.7856881534083234,
   0.05214363913549332
  ],
  [
   0.8172063592368138,
   0.2857403577876434,
   0.5521294922552344
  ],
  [
   0.31720383374545863,
   0.2857404180202441,
   0.01928493229307921
  ],
  [
   0.2542222121917596,
   0.7856882136409327,
   0.5192990791733408
  ],
  [
   0.9406631137702488,
   0.785767860668835,
   0.6142479410078823
  ],
  [
   0.6307746855411989,
   0.2856606995918082,
   0.1141852134496121
  ],
  [
   0.13076545765832873,
   0.285660710759749,
   0.45718063042071005
  ],
  [
   0.44065388588736404,
   0.7857678718367567,
   0.9572433579789548
  ],
  [
   0.9381991319443621,
   0.7857630996231021,
   0.29003180849006505
  ],
  [
   0.633221400408768,
   0.2856654776310827,
   0.7899652437121043
  ],
  [
   0.13322943948422294,
   0.28566547180545393,
   0.7813967629385008
  ],
  [
   0.4382071710197879,
   0.7857630937974978,
   0.28146332771646937
  ],
  [
   0.535714285714294,
   0.5357142857142884,
   0.5357142857142776
  ],
  [
   0.035714285714276,
   0.5357142857142809,
   0.03571428571428969
  ],
  [
   0.5357142857142945,
   0.035714285714275616,
   0.5357142857142763
  ],
  [
   0.03571428571428916,
   0.03571428571428573,
   0.03571428571427985
  ]
 ]
}