{
 "0": {
  "0": [
   0.6220237077376782,
   0.6405108875339739,
   0.6405298234367252,
   0.6220587269166966,
   0.6264188850249638,
   0.6430304465296482,
   0.6430656523172585,
   0.6264888214119708,
   0.6288687396912999,
   0.6428137367444707,
   0.6428294857454055,
   0.6289036376304766,
   0.6289036376305349,
   0.6428294857453639,
   0.6428137367444606,
   0.6288687396912699,
   0.6264888214119272,
   0.6430656523172659,
   0.6430304465296587,
   0.6264188850249514,
   0.622058726916712,
   0.6405298234367188,
   0.6405108875339874,
   0.6220237077376773
  ],
  "1": [
   2.96836063410628,
   2.9498843821622294,
   2.949902656810288,
   2.9683810787671443,
   2.963938517081361,
   2.9473523146540566,
   2.9473805434779647,
   2.9639780731694327,
   2.9615164179687983,
   2.9475887055241996,
   2.9475980944572617,
   2.9615356121218546,
   2.9615356121218532,
   2.9475980944572835,
   2.9475887055241463,
   2.9615164179687947,
   2.9639780731693692,
   2.9473805434778337,
   2.9473523146540086,
   2.963938517081398,
   2.968381078767153,
   2.949902656810276,
   2.9498843821622622,
   2.968360634106273
  ]
 },
 "1": {
  "0": [
   1.78966815836268,
   1.790322586640348,
   1.7903170975233755,
   1.789659849340593,
   1.78968132984874,
   1.790321746346743,
   1.7903107452249152,
   1.7896649669709566,
   1.7896862869503665,
   1.7903150845814828,
   1.7903096711970774,
   1.7896781796600578,
   1.7896781796599852,
   1.7903096711969304,
   1.790315084581499,
   1.789686286950327,
   1.7896649669709714,
   1.7903107452248388,
   1.7903217463467505,
   1.7896813298487677,
   1.7896598493406546,
   1.7903170975232274,
   1.7903225866402626,
   1.7896681583625853
  ],
  "1": [
   1.7834712117941631,
   1.7829893158337353,
   1.7829961505630643,
   1.78347977236715,
   1.783471479380361,
   1.7830077548050571,
   1.783021740304959,
   1.7834889964743224,
   1.7834804296827045,
   1.7830332288260822,
   1.7830402942078176,
   1.7834892653961552,
   1.7834892653961445,
   1.7830402942078913,
   1.7830332288260977,
   1.7834804296827835,
   1.7834889964744407,
   1.7830217403050765,
   1.7830077548049659,
   1.7834714793802708,
   1.7834797723670943,
   1.782996150563179,
   1.782989315833946,
   1.7834712117941056
  ]
 },
 "2": {
  "0": [
   1.7947134534416784,
   1.7947157107741658,
   1.7947187026544484,
   1.7947085680985693,
   1.7947014767541973,
   1.7947085804489677,
   1.7947154309488411,
   1.794722788479249,
   1.7947240181214206,
   1.7947033558921002,
   1.7946940883298281,
   1.7947060908113477,
   1.7947128678776085,
   1.7947154563957228,
   1.794718867789913,
   1.7947086689104919,
   1.7947011057410072,
   1.7947081275506918,
   1.7947081275506018,
   1.7947011057410875,
   1.794708668910434,
   1.7947188677900123,
   1.794715456395571,
   1.794712867877378,
   1.7947060908115882,
   1.794694088329671,
   1.7947033558919645,
   1.7947240181213906,
   1.7947227884792072,
   1.7947154309489948,
   1.7947085804487062,
   1.79470147675432,
   1.7947085680986632,
   1.794718702654574,
   1.7947157107742202,
   1.7947134534416678
  ],
  "1": [
   1.7957015266683225,
   1.7957062457331134,
   1.7956931155777571,
   1.795681280132863,
   1.7956859229752942,
   1.7956920371884884,
   1.7957064153538567,
   1.7957167983845057,
   1.795698699226399,
   1.7956747148050967,
   1.7956754351834805,
   1.795687827065393,
   1.7957021253221257,
   1.7957065287420158,
   1.7956921335027454,
   1.7956802381471801,
   1.7956857891805196,
   1.7956928570073594,
   1.7956928570075497,
   1.7956857891807885,
   1.7956802381472496,
   1.7956921335029037,
   1.795706528742057,
   1.79570212532236,
   1.7956878270656258,
   1.7956754351834225,
   1.7956747148051768,
   1.7956986992263266,
   1.795716798384279,
   1.7957064153538773,
   1.7956920371885574,
   1.7956859229753737,
   1.7956812801329345,
   1.7956931155776237,
   1.7957062457332915,
   1.7957015266682252
  ]
 },
 "Z_a": [
  6,
  6,
  6,
  6,
  6,
  6,
  6,
  6,
  6,
  6,
  6,
  6,
  15,
  15,
  15,
  15,
  5,
  5,
  5,
  5,
  6,
  6,
  6,
  6,
  1,
  1,
  1,
  1
 ],
 "spos_ac": [
  [
   0.8699160744877641,
   0.5834161987086461,
   0.7463669200398202
  ],
  [
   0.7015352726879851,
   0.4880090784078269,
   0.246253587368464
  ],
  [
   0.2014849469550319,
   0.08329337259590185,
   0.3250448089018769
  ],
  [
   0.36992089165857833,
   0.9881320104187304,
   0.825158272176593
  ],
  [
   0.20151249694080317,
   0.4880123727199402,
   0.3250616513887663
  ],
  [
   0.36989329874058813,
   0.5834194930207328,
   0.825174984060093
  ],
  [
   0.8699436244735367,
   0.988135198832681,
   0.74638376252669
  ],
  [
   0.7015076797699924,
   0.08329656100983873,
   0.24627029925197835
  ],
  [
   0.5780630240442051,
   0.7857389495503777,
   0.832436528614425
  ],
  [
   0.9933475267784281,
   0.2856896047658299,
   0.3324182470292321
  ],
  [
   0.49336554738436394,
   0.28568962187818037,
   0.2389920428141474
  ],
  [
   0.07808104465014103,
   0.7857389666627534,
   0.7390103243993436
  ],
  [
   0.754224737683117,
   0.7856881534083234,
   0.05214363913549332
  ],
  [
   0.8172063592368138,
   0.2857403577876434,
   0.5521294922552344
  ],
  [
   0.31720383374545863,
   0.2857404180202441,
   0.01928493229307921
  ],
  [
   0.2542222121917596,
   0.7856882136409327,
   0.5192990791733408
  ],
  [
   0.9406631137702488,
   0.785767860668835,
   0.6142479410078823
  ],
  [
   0.6307746855411989,
   0.2856606995918082,
   0.1141852134496121
  ],
  [
   0.13076545765832873,
   0.285660710759749,
   0.45718063042071005
  ],
  [
   0.44065388588736404,
   0.7874072160990517,
   0.9572433579789548
  ],
  [
   0.9381991319443621,
   0.7857630996231021,
   0.29003180849006505
  ],
  [
   0.633221400408768,
   0.2856654776310827,
   0.7899652437121043
  ],
  [
   0.13322943948422294,
   0.28566547180545393,
   0.7813967629385008
  ],
  [
   0.4382071710197879,
   0.7857630937974978,
   0.28146332771646937
  ],
  [
   0.535714285714294,
   0.5357142857142884,
   0.5357142857142776
  ],
  [
   0.035714285714276,
   0.5357142857142809,
   0.03571428571428969
  ],
  [
   0.5357142857142945,
   0.035714285714275616,
   0.5357142857142763
  ],
  [
   0.03571428571428916,
   0.03571428571428573,
   0.03571428571427985
  ]
 ]
}