{
 "0": {
  "0": [
   0.6212443060045231,
   0.6397736312643574,
   0.6397944036015953,
   0.6212580182084738,
   0.625650886246298,
   0.642253048849658,
   0.6423018816292186,
   0.625678379804276,
   0.628064338882019,
   0.6419665878634647,
   0.6419954871208323,
   0.6280783321911514,
   0.6280783321911539,
   0.6419954871209326,
   0.6419665878634111,
   0.6280643388820453,
   0.6256783798042722,
   0.6423018816291874,
   0.6422530488496195,
   0.6256508862462793,
   0.6212580182084527,
   0.6397944036015236,
   0.6397736312643449,
   0.6212443060045355
  ],
  "1": [
   2.9667127902136254,
   2.948358201823006,
   2.9483320169353817,
   2.966681814449282,
   2.9622999702618307,
   2.9458732526384526,
   2.945820809457119,
   2.962238808930843,
   2.9598230365255187,
   2.9461123481947986,
   2.9460862574021442,
   2.9597926087108752,
   2.95979260871082,
   2.946086257402139,
   2.946112348194729,
   2.959823036525535,
   2.9622388089309664,
   2.9458208094571727,
   2.945873252638479,
   2.9622999702618733,
   2.9666818144492906,
   2.9483320169353275,
   2.94835820182292,
   2.9667127902136126
  ]
 },
 "1": {
  "0": [
   1.7553174788687824,
   1.7558856821437385,
   1.75588266634483,
   1.7553161783036577,
   1.7553181364671027,
   1.755874226239358,
   1.7558676491661496,
   1.7553154504870523,
   1.755317419190298,
   1.7558593133787088,
   1.7558558820584462,
   1.7553160183598862,
   1.7553160183599827,
   1.7558558820584544,
   1.7558593133788751,
   1.7553174191903447,
   1.7553154504868345,
   1.7558676491661385,
   1.7558742262393277,
   1.7553181364671095,
   1.7553161783037146,
   1.755882666344899,
   1.7558856821437585,
   1.755317478868445
  ],
  "1": [
   1.7490246100447477,
   1.749140376448247,
   1.749140098045142,
   1.7490264220726297,
   1.7490208860989145,
   1.7491383771477984,
   1.7491378788844063,
   1.7490242172985686,
   1.7490187530302597,
   1.7491361759458481,
   1.7491359598323486,
   1.7490204595557184,
   1.7490204595558296,
   1.7491359598322849,
   1.7491361759459003,
   1.7490187530300991,
   1.7490242172985553,
   1.7491378788843197,
   1.7491383771477178,
   1.7490208860989853,
   1.7490264220725802,
   1.7491400980451355,
   1.7491403764481457,
   1.7490246100446383
  ]
 },
 "2": {
  "0": [
   1.7937237831802788,
   1.7937962255959132,
   1.7940017580552536,
   1.7940069451801128,
   1.7938024749420753,
   1.7937256688846854,
   1.7937198659219002,
   1.7937899096971606,
   1.7940028253973486,
   1.794013310611445,
   1.793803162525152,
   1.7937240048948446,
   1.7937181468023746,
   1.793790233051665,
   1.7940089624649964,
   1.7940142617130728,
   1.7937969465946781,
   1.7937201596821586,
   1.7937201596823231,
   1.7937969465947163,
   1.794014261713423,
   1.7940089624650233,
   1.793790233051676,
   1.793718146802554,
   1.7937240048948044,
   1.7938031625248554,
   1.7940133106116078,
   1.7940028253972642,
   1.7937899096974708,
   1.7937198659219542,
   1.7937256688846757,
   1.793802474942345,
   1.7940069451799419,
   1.794001758055313,
   1.7937962255959998,
   1.7937237831800676
  ],
  "1": [
   1.7961039685610485,
   1.7961561492499423,
   1.7961959202085134,
   1.7961944073245997,
   1.7961531122064274,
   1.7961025475318086,
   1.7960995143765945,
   1.7961555785987386,
   1.7961989396571483,
   1.7961960833813355,
   1.7961496057473227,
   1.7960966453935348,
   1.796093816738687,
   1.796152246667543,
   1.7962002393584462,
   1.7961986078893954,
   1.796149241648116,
   1.7960924221127574,
   1.7960924221127623,
   1.7961492416479525,
   1.796198607889346,
   1.7962002393586751,
   1.79615224666789,
   1.7960938167387788,
   1.796096645393721,
   1.7961496057475286,
   1.7961960833812975,
   1.796198939657461,
   1.7961555785988632,
   1.7960995143767389,
   1.7961025475315737,
   1.796153112206415,
   1.7961944073245488,
   1.7961959202084878,
   1.7961561492502796,
   1.7961039685610285
  ]
 },
 "Z_a": [
  6,
  6,
  6,
  6,
  6,
  6,
  6,
  6,
  6,
  6,
  6,
  6,
  15,
  15,
  15,
  15,
  5,
  5,
  5,
  5,
  6,
  6,
  6,
  6,
  1,
  1,
  1,
  1
 ],
 "spos_ac": [
  [
   0.8699160744877641,
   0.5834161987086461,
   0.7463669200398202
  ],
  [
   0.7015352726879851,
   0.48964842267012193,
   0.246253587368464
  ],
  [
   0.2014849469550319,
   0.08329337259590185,
   0.3250448089018769
  ],
  [
   0.36992089165857833,
   0.9881320104187304,
   0.825158272176593
  ],
  [
   0.20151249694080317,
   0.4880123727199402,
   0.3250616513887663
  ],
  [
   0.36989329874058813,
   0.5834194930207328,
   0.825174984060093
  ],
  [
   0.8699436244735367,
   0.988135198832681,
   0.74638376252669
  ],
  [
   0.7015076797699924,
   0.08329656100983873,
   0.24627029925197835
  ],
  [
   0.5780630240442051,
   0.7857389495503777,
   0.832436528614425
  ],
  [
   0.9933475267784281,
   0.2856896047658299,
   0.3324182470292321
  ],
  [
   0.49336554738436394,
   0.28568962187818037,
   0.2389920428141474
  ],
  [
   0.07808104465014103,
   0.7857389666627534,
   0.7390103243993436
  ],
  [
   0.754224737683117,
   0.7856881534083234,
   0.05214363913549332
  ],
  [
   0.8172063592368138,
   0.2857403577876434,
   0.5521294922552344
  ],
  [
   0.31720383374545863,
   0.2857404180202441,
   0.01928493229307921
  ],
  [
   0.2542222121917596,
   0.7856882136409327,
   0.5192990791733408
  ],
  [
   0.9406631137702488,
   0.785767860668835,
   0.6142479410078823
  ],
  [
   0.6307746855411989,
   0.2856606995918082,
   0.1141852134496121
  ],
  [
   0.13076545765832873,
   0.285660710759749,
   0.45718063042071005
  ],
  [
   0.44065388588736404,
   0.7857678718367567,
   0.9572433579789548
  ],
  [
   0.9381991319443621,
   0.7857630996231021,
   0.29003180849006505
  ],
  [
   0.633221400408768,
   0.2856654776310827,
   0.7899652437121043
  ],
  [
   0.13322943948422294,
   0.28566547180545393,
   0.7813967629385008
  ],
  [
   0.4382071710197879,
   0.7857630937974978,
   0.28146332771646937
  ],
  [
   0.535714285714294,
   0.5357142857142884,
   0.5357142857142776
  ],
  [
   0.035714285714276,
   0.5357142857142809,
   0.03571428571428969
  ],
  [
   0.5357142857142945,
   0.035714285714275616,
   0.5357142857142763
  ],
  [
   0.03571428571428916,
   0.03571428571428573,
   0.03571428571427985
  ]
 ]
}