{
 "0": {
  "0": [
   0.6203787803721685,
   0.6389823262812555,
   0.6390084262954748,
   0.6204096240111913,
   0.6247614781312808,
   0.6415247624875711,
   0.6415769840207146,
   0.6248222934005063,
   0.6271804435212087,
   0.6413359855937757,
   0.6413619053824949,
   0.6272106239297753,
   0.6272106239298136,
   0.6413619053824539,
   0.6413359855937726,
   0.6271804435212697,
   0.6248222934005901,
   0.6415769840207299,
   0.6415247624875545,
   0.6247614781313743,
   0.6204096240111825,
   0.6390084262954878,
   0.6389823262812714,
   0.6203787803721513
  ],
  "1": [
   2.9675628288269777,
   2.9491395987833506,
   2.9491200074612887,
   2.9675500290908636,
   2.9631577291296587,
   2.9465947589940216,
   2.9465484868096947,
   2.9631320137565313,
   2.9606955165062043,
   2.946747604542684,
   2.946720137835238,
   2.960682389205424,
   2.9606823892054503,
   2.946720137835277,
   2.9467476045427263,
   2.960695516506194,
   2.9631320137565593,
   2.9465484868097453,
   2.946594758993963,
   2.9631577291296596,
   2.9675500290908166,
   2.9491200074612682,
   2.949139598783354,
   2.967562828826982
  ]
 },
 "1": {
  "0": [
   1.8412908547734677,
   1.8411854243078398,
   1.8411854997724102,
   1.8412889355669946,
   1.8412945446268902,
   1.8411873439739808,
   1.841187420561797,
   1.8412909823163948,
   1.8412964974565114,
   1.8411892349419343,
   1.8411892545107444,
   1.8412946840524784,
   1.8412946840524183,
   1.8411892545106048,
   1.8411892349420325,
   1.8412964974566375,
   1.8412909823163794,
   1.8411874205618,
   1.841187343974034,
   1.8412945446268931,
   1.8412889355671167,
   1.841185499772396,
   1.8411854243079415,
   1.841290854773502
  ],
  "1": [
   1.8351226523509678,
   1.8345721503567922,
   1.8345751087075435,
   1.8351239118122764,
   1.8351223377106527,
   1.8345833869478232,
   1.8345898114944799,
   1.8351249384178692,
   1.8351233550051533,
   1.8345979831089634,
   1.8346013093678888,
   1.8351247181543455,
   1.8351247181544272,
   1.8346013093678446,
   1.834597983108964,
   1.835123355005258,
   1.8351249384178432,
   1.834589811494568,
   1.8345833869478367,
   1.8351223377106232,
   1.8351239118122125,
   1.8345751087075624,
   1.8345721503567383,
   1.8351226523510276
  ]
 },
 "2": {
  "0": [
   1.7951066471600223,
   1.7951568621930045,
   1.7952131783049714,
   1.7952146706891934,
   1.7951597926339895,
   1.7951080173853036,
   1.7951000778937682,
   1.7951527512943575,
   1.7952147503806697,
   1.795217546589058,
   1.7951585186062895,
   1.795102810652346,
   1.795095079371647,
   1.7951516334893396,
   1.7952171691385654,
   1.7952187733282445,
   1.7951545463922949,
   1.7950964118273847,
   1.7950964118273627,
   1.7951545463922227,
   1.7952187733281626,
   1.7952171691385306,
   1.7951516334895907,
   1.7950950793717082,
   1.7951028106521305,
   1.795158518605971,
   1.7952175465891553,
   1.7952147503806077,
   1.7951527512945584,
   1.7951000778936903,
   1.7951080173852312,
   1.795159792633624,
   1.7952146706887726,
   1.7952131783051677,
   1.7951568621930822,
   1.7951066471600632
  ],
  "1": [
   1.7947340519955357,
   1.7948052354258652,
   1.794980519109246,
   1.794975519685606,
   1.7947992200713119,
   1.7947322320663275,
   1.7947330015192415,
   1.7948065051651922,
   1.7949866379145982,
   1.7949765310000934,
   1.794793724476418,
   1.7947289796615462,
   1.7947298854856009,
   1.7948011164000361,
   1.7949874983639025,
   1.7949824014699334,
   1.7947946332709834,
   1.7947279287450386,
   1.7947279287450457,
   1.7947946332708173,
   1.7949824014699136,
   1.7949874983639271,
   1.7948011163999187,
   1.7947298854855323,
   1.794728979661538,
   1.7947937244764192,
   1.7949765310002266,
   1.7949866379148294,
   1.7948065051651658,
   1.794733001519266,
   1.7947322320662016,
   1.794799220071083,
   1.794975519685307,
   1.7949805191088408,
   1.7948052354258626,
   1.794734051995627
  ]
 },
 "Z_a": [
  6,
  6,
  6,
  6,
  6,
  6,
  6,
  6,
  6,
  6,
  6,
  6,
  15,
  15,
  15,
  15,
  5,
  5,
  5,
  5,
  6,
  6,
  6,
  6,
  1,
  1,
  1,
  1
 ],
 "spos_ac": [
  [
   0.8699160744877641,
   0.5834161987086461,
   0.7463669200398202
  ],
  [
   0.7015352726879851,
   0.4880090784078269,
   0.246253587368464
  ],
  [
   0.2014849469550319,
   0.08329337259590185,
   0.3250448089018769
  ],
  [
   0.36992089165857833,
   0.9864926661564354,
   0.825158272176593
  ],
  [
   0.20151249694080317,
   0.4880123727199402,
   0.3250616513887663
  ],
  [
   0.36989329874058813,
   0.5834194930207328,
   0.825174984060093
  ],
  [
   0.8699436244735367,
   0.988135198832681,
   0.74638376252669
  ],
  [
   0.7015076797699924,
   0.08329656100983873,
   0.24627029925197835
  ],
  [
   0.5780630240442051,
   0.7857389495503777,
   0.832436528614425
  ],
  [
   0.9933475267784281,
   0.2856896047658299,
   0.3324182470292321
  ],
  [
   0.49336554738436394,
   0.28568962187818037,
   0.2389920428141474
  ],
  [
   0.07808104465014103,
   0.7857389666627534,
   0.7390103243993436
  ],
  [
   0.754224737683117,
   0.7856881534083234,
   0.05214363913549332
  ],
  [
   0.8172063592368138,
   0.2857403577876434,
   0.5521294922552344
  ],
  [
   0.31720383374545863,
   0.2857404180202441,
   0.01928493229307921
  ],
  [
   0.2542222121917596,
   0.7856882136409327,
   0.5192990791733408
  ],
  [
   0.9406631137702488,
   0.785767860668835,
   0.6142479410078823
  ],
  [
   0.6307746855411989,
   0.2856606995918082,
   0.1141852134496121
  ],
  [
   0.13076545765832873,
   0.285660710759749,
   0.45718063042071005
  ],
  [
   0.44065388588736404,
   0.7857678718367567,
   0.9572433579789548
  ],
  [
   0.9381991319443621,
   0.7857630996231021,
   0.29003180849006505
  ],
  [
   0.633221400408768,
   0.2856654776310827,
   0.7899652437121043
  ],
  [
   0.13322943948422294,
   0.28566547180545393,
   0.7813967629385008
  ],
  [
   0.4382071710197879,
   0.7857630937974978,
   0.28146332771646937
  ],
  [
   0.535714285714294,
   0.5357142857142884,
   0.5357142857142776
  ],
  [
   0.035714285714276,
   0.5357142857142809,
   0.03571428571428969
  ],
  [
   0.5357142857142945,
   0.035714285714275616,
   0.5357142857142763
  ],
  [
   0.03571428571428916,
   0.03571428571428573,
   0.03571428571427985
  ]
 ]
}