{
 "0": {
  "0": [
   0.6488762840343624,
   0.6672766218455137,
   0.6672766341959844,
   0.6488762970607476,
   0.6532745621460945,
   0.6698095738915786,
   0.6698095716774436,
   0.653274552384277,
   0.6556877964540669,
   0.669588152081493,
   0.6695881688321305,
   0.6556877975874413,
   0.655687806051501,
   0.6695881791764883,
   0.6695881631490831,
   0.6556878041431449,
   0.6532745610264648,
   0.6698095817608205,
   0.6698095543969681,
   0.6532745383306441,
   0.6488762750314678,
   0.6672766316786211,
   0.6672766181439664,
   0.6488762781464092
  ],
  "1": [
   2.9938003110178073,
   2.974730974130542,
   2.974730897245639,
   2.993800253510746,
   2.989287381366594,
   2.972125351880007,
   2.9721251732169867,
   2.9892872329489735,
   2.986753335122093,
   2.9722771283357154,
   2.9722770548874675,
   2.986753277812825,
   2.9867532912050847,
   2.972277070550601,
   2.9722771452004744,
   2.9867533550531733,
   2.9892872526374425,
   2.9721251985466535,
   2.9721253466427213,
   2.989287367186743,
   2.9938002412467277,
   2.9747309008520713,
   2.974730978739251,
   2.99380031181124
  ]
 },
 "1": {
  "0": [
   1.796717737462544,
   1.7967450459624585,
   1.796745023379937,
   1.7967177945912605,
   1.7967175736451269,
   1.7967491837590133,
   1.7967492364211406,
   1.7967177289854217,
   1.7967175604991092,
   1.7967534604877375,
   1.7967534787082937,
   1.7967175702645426,
   1.7967173283975728,
   1.7967532523338332,
   1.7967532729379787,
   1.7967173582110598,
   1.7967178384236242,
   1.796749296328303,
   1.7967492454040668,
   1.796717706199627,
   1.7967177860972265,
   1.7967450239178473,
   1.7967450318890135,
   1.7967178556296646
  ],
  "1": [
   1.793671432625557,
   1.7936442627112135,
   1.7936442568879807,
   1.7936714707279455,
   1.7936717679666436,
   1.793640208757462,
   1.7936402667665754,
   1.7936718900644706,
   1.7936722263628408,
   1.7936362188878514,
   1.7936362611630627,
   1.7936722555679765,
   1.793672043567678,
   1.7936360742387722,
   1.7936360782807816,
   1.7936720661010657,
   1.7936720055161055,
   1.7936403317133656,
   1.793640258188389,
   1.7936718765102535,
   1.7936714684249966,
   1.793644252050535,
   1.7936442412971014,
   1.7936715192881931
  ]
 },
 "2": {
  "0": [
   1.7944010651923128,
   1.79442801478332,
   1.7944472760553578,
   1.7944472732439036,
   1.7944280612078145,
   1.794401113823852,
   1.794404210117229,
   1.7944275494595652,
   1.794448860444715,
   1.7944490506353215,
   1.7944277384733742,
   1.79440437522718,
   1.7944067194733297,
   1.79442588180711,
   1.7944495749986442,
   1.794449571701491,
   1.7944258142257048,
   1.794406612752091,
   1.7944065369376871,
   1.7944257444507314,
   1.7944495141515402,
   1.79444951755141,
   1.7944257849538816,
   1.7944066156215779,
   1.7944042584718383,
   1.794427537325217,
   1.794448855588493,
   1.794448964376591,
   1.7944276695699366,
   1.7944042259798458,
   1.7944010629139253,
   1.79442815109598,
   1.7944474681690303,
   1.7944474209689731,
   1.7944280972869382,
   1.7944011893264282
  ],
  "1": [
   1.7965855229628929,
   1.7966266890745344,
   1.796608433721496,
   1.7966083475771,
   1.7966263527391013,
   1.796585232947851,
   1.7965847052985355,
   1.796609905787162,
   1.7965816300647832,
   1.7965818209336653,
   1.7966100970567467,
   1.7965842620414278,
   1.79658379192777,
   1.7965922436131059,
   1.7965528367703205,
   1.7965528448392127,
   1.7965925657291233,
   1.7965843858853765,
   1.7965844791611012,
   1.7965926698290853,
   1.7965529511348906,
   1.7965529430724303,
   1.7965926053564796,
   1.7965843813459557,
   1.7965846505581342,
   1.7966099284422126,
   1.7965816448442127,
   1.7965810360133678,
   1.7966092927267112,
   1.7965847539711122,
   1.7965855264856077,
   1.796626585555772,
   1.7966085246561156,
   1.7966084704036973,
   1.7966262897235536,
   1.7965851372776098
  ]
 },
 "Z_a": [
  6,
  6,
  6,
  6,
  6,
  6,
  6,
  6,
  6,
  6,
  6,
  6,
  15,
  15,
  15,
  15,
  5,
  5,
  5,
  5,
  6,
  6,
  6,
  6,
  1,
  1,
  1,
  1
 ],
 "spos_ac": [
  [
   0.8699160744877641,
   0.5834161987086461,
   0.7463669200398202
  ],
  [
   0.7015352726879851,
   0.4880090784078269,
   0.246253587368464
  ],
  [
   0.2014849469550319,
   0.08329337259590185,
   0.3250448089018769
  ],
  [
   0.36992089165857833,
   0.9881320104187304,
   0.825158272176593
  ],
  [
   0.20151249694080317,
   0.4880123727199402,
   0.3250616513887663
  ],
  [
   0.36989329874058813,
   0.5834194930207328,
   0.825174984060093
  ],
  [
   0.8699436244735367,
   0.988135198832681,
   0.74638376252669
  ],
  [
   0.7015076797699924,
   0.08329656100983873,
   0.24627029925197835
  ],
  [
   0.5780630240442051,
   0.7857389495503777,
   0.832436528614425
  ],
  [
   0.9923915038338774,
   0.2856896047658299,
   0.3324182470292321
  ],
  [
   0.49336554738436394,
   0.28568962187818037,
   0.2389920428141474
  ],
  [
   0.07808104465014103,
   0.7857389666627534,
   0.7390103243993436
  ],
  [
   0.754224737683117,
   0.7856881534083234,
   0.05214363913549332
  ],
  [
   0.8172063592368138,
   0.2857403577876434,
   0.5521294922552344
  ],
  [
   0.31720383374545863,
   0.2857404180202441,
   0.01928493229307921
  ],
  [
   0.2542222121917596,
   0.7856882136409327,
   0.5192990791733408
  ],
  [
   0.9406631137702488,
   0.785767860668835,
   0.6142479410078823
  ],
  [
   0.6307746855411989,
   0.2856606995918082,
   0.1141852134496121
  ],
  [
   0.13076545765832873,
   0.285660710759749,
   0.45718063042071005
  ],
  [
   0.44065388588736404,
   0.7857678718367567,
   0.9572433579789548
  ],
  [
   0.9381991319443621,
   0.7857630996231021,
   0.29003180849006505
  ],
  [
   0.633221400408768,
   0.2856654776310827,
   0.7899652437121043
  ],
  [
   0.13322943948422294,
   0.28566547180545393,
   0.7813967629385008
  ],
  [
   0.4382071710197879,
   0.7857630937974978,
   0.28146332771646937
  ],
  [
   0.535714285714294,
   0.5357142857142884,
   0.5357142857142776
  ],
  [
   0.035714285714276,
   0.5357142857142809,
   0.03571428571428969
  ],
  [
   0.5357142857142945,
   0.035714285714275616,
   0.5357142857142763
  ],
  [
   0.03571428571428916,
   0.03571428571428573,
   0.03571428571427985
  ]
 ]
}