{
 "0": {
  "0": [
   0.6236806139293927,
   0.6420354205665502,
   0.6420616451985769,
   0.6237116397202068,
   0.6280934951967078,
   0.644520688822711,
   0.6445732213744542,
   0.6281547616262307,
   0.6305707303738699,
   0.6442821399999756,
   0.6443082857502176,
   0.6306012161268905,
   0.6306012161268948,
   0.6443082857502384,
   0.6442821399999045,
   0.6305707303738783,
   0.6281547616263079,
   0.6445732213743862,
   0.6445206888227126,
   0.6280934951967123,
   0.6237116397203037,
   0.6420616451984866,
   0.6420354205665265,
   0.6236806139293501
  ],
  "1": [
   2.9691488434333677,
   2.9506194017658416,
   2.9505985971868465,
   2.9691351111652713,
   2.964742520134399,
   2.9481403272020663,
   2.9480914328867884,
   2.964714976795321,
   2.96232941861769,
   2.9484272078579585,
   2.948398276488204,
   2.962315393302185,
   2.9623153933021436,
   2.948398276488132,
   2.9484272078579368,
   2.9623294186177223,
   2.964714976795352,
   2.94809143288697,
   2.948140327202031,
   2.9647425201343953,
   2.9691351111653894,
   2.950598597186634,
   2.950619401765831,
   2.9691488434333686
  ]
 },
 "1": {
  "0": [
   1.7520739906725913,
   1.7522431052329808,
   1.752243362429358,
   1.752072164806128,
   1.7520712890946128,
   1.7522489646455466,
   1.752249420431147,
   1.7520679311586407,
   1.752067029328336,
   1.7522551781374962,
   1.7522553718663296,
   1.7520653083287556,
   1.7520653083286277,
   1.7522553718664198,
   1.7522551781375377,
   1.7520670293284106,
   1.7520679311587521,
   1.7522494204310328,
   1.7522489646455564,
   1.7520712890946517,
   1.7520721648061384,
   1.7522433624293818,
   1.7522431052328724,
   1.7520739906725473
  ],
  "1": [
   1.7522695237701862,
   1.7527808018354798,
   1.7527838435859826,
   1.7522708448636124,
   1.7522692902114267,
   1.7527575744769281,
   1.7527642024500578,
   1.7522720166539034,
   1.7522703616722284,
   1.752737549749239,
   1.7527410078179202,
   1.7522717830229624,
   1.7522717830230632,
   1.7527410078176717,
   1.7527375497493534,
   1.7522703616722504,
   1.7522720166538246,
   1.752764202450266,
   1.752757574477034,
   1.7522692902114412,
   1.7522708448637505,
   1.7527838435858738,
   1.7527808018353284,
   1.752269523770092
  ]
 },
 "2": {
  "0": [
   1.795159920507303,
   1.795210136428594,
   1.7952669869857867,
   1.7952684859982597,
   1.7952131498044426,
   1.7951613305986511,
   1.7951534309649422,
   1.7952061755150754,
   1.7952687770860283,
   1.795271606743392,
   1.7952120997749625,
   1.795156279331159,
   1.7951485748917329,
   1.7952053095852256,
   1.7952714408474129,
   1.7952730594051032,
   1.795208290287588,
   1.7951499591736935,
   1.795149959173668,
   1.7952082902877287,
   1.795273059405205,
   1.7952714408473434,
   1.7952053095852034,
   1.7951485748917457,
   1.7951562793308602,
   1.7952120997749852,
   1.7952716067435455,
   1.7952687770861366,
   1.7952061755150202,
   1.7951534309648578,
   1.7951613305987286,
   1.7952131498045467,
   1.795268485998218,
   1.7952669869860183,
   1.7952101364285011,
   1.7951599205076256
  ],
  "1": [
   1.7946711798419497,
   1.7947484227422579,
   1.7949371190371233,
   1.7949319280680711,
   1.7947421621356567,
   1.7946692872374064,
   1.7946701081349459,
   1.7947495881301878,
   1.7949433723277446,
   1.794932875742196,
   1.7947363109839374,
   1.7946659601315857,
   1.7946668876605514,
   1.7947438597720653,
   1.7949441676166256,
   1.7949388650316733,
   1.7947371341185827,
   1.794664870876028,
   1.7946648708759698,
   1.7947371341186988,
   1.7949388650317752,
   1.7949441676166447,
   1.7947438597725334,
   1.7946668876606027,
   1.7946659601315398,
   1.7947363109837553,
   1.7949328757421212,
   1.7949433723276131,
   1.7947495881301825,
   1.7946701081346956,
   1.7946692872374261,
   1.794742162135427,
   1.7949319280675797,
   1.7949371190371857,
   1.7947484227422366,
   1.7946711798416988
  ]
 },
 "Z_a": [
  6,
  6,
  6,
  6,
  6,
  6,
  6,
  6,
  6,
  6,
  6,
  6,
  15,
  15,
  15,
  15,
  5,
  5,
  5,
  5,
  6,
  6,
  6,
  6,
  1,
  1,
  1,
  1
 ],
 "spos_ac": [
  [
   0.8699160744877641,
   0.5834161987086461,
   0.7463669200398202
  ],
  [
   0.7015352726879851,
   0.4880090784078269,
   0.246253587368464
  ],
  [
   0.2014849469550319,
   0.08329337259590185,
   0.3250448089018769
  ],
  [
   0.36992089165857833,
   0.9881320104187304,
   0.825158272176593
  ],
  [
   0.20151249694080317,
   0.4880123727199402,
   0.3250616513887663
  ],
  [
   0.36989329874058813,
   0.5834194930207328,
   0.825174984060093
  ],
  [
   0.8699436244735367,
   0.989774543094976,
   0.74638376252669
  ],
  [
   0.7015076797699924,
   0.08329656100983873,
   0.24627029925197835
  ],
  [
   0.5780630240442051,
   0.7857389495503777,
   0.832436528614425
  ],
  [
   0.9933475267784281,
   0.2856896047658299,
   0.3324182470292321
  ],
  [
   0.49336554738436394,
   0.28568962187818037,
   0.2389920428141474
  ],
  [
   0.07808104465014103,
   0.7857389666627534,
   0.7390103243993436
  ],
  [
   0.754224737683117,
   0.7856881534083234,
   0.05214363913549332
  ],
  [
   0.8172063592368138,
   0.2857403577876434,
   0.5521294922552344
  ],
  [
   0.31720383374545863,
   0.2857404180202441,
   0.01928493229307921
  ],
  [
   0.2542222121917596,
   0.7856882136409327,
   0.5192990791733408
  ],
  [
   0.9406631137702488,
   0.785767860668835,
   0.6142479410078823
  ],
  [
   0.6307746855411989,
   0.2856606995918082,
   0.1141852134496121
  ],
  [
   0.13076545765832873,
   0.285660710759749,
   0.45718063042071005
  ],
  [
   0.44065388588736404,
   0.7857678718367567,
   0.9572433579789548
  ],
  [
   0.9381991319443621,
   0.7857630996231021,
   0.29003180849006505
  ],
  [
   0.633221400408768,
   0.2856654776310827,
   0.7899652437121043
  ],
  [
   0.13322943948422294,
   0.28566547180545393,
   0.7813967629385008
  ],
  [
   0.4382071710197879,
   0.7857630937974978,
   0.28146332771646937
  ],
  [
   0.535714285714294,
   0.5357142857142884,
   0.5357142857142776
  ],
  [
   0.035714285714276,
   0.5357142857142809,
   0.03571428571428969
  ],
  [
   0.5357142857142945,
   0.035714285714275616,
   0.5357142857142763
  ],
  [
   0.03571428571428916,
   0.03571428571428573,
   0.03571428571427985
  ]
 ]
}