{
 "0": {
  "0": [
   0.6215887592621505,
   0.6403098677480356,
   0.64030988264353,
   0.621588769306403,
   0.6259419730181891,
   0.6427892979830183,
   0.6427893195590969,
   0.6259419865095702,
   0.628325176778212,
   0.6425133252108909,
   0.642513329911869,
   0.6283251786606834,
   0.6283251786608954,
   0.6425133299119594,
   0.6425133252109587,
   0.6283251767783722,
   0.6259419865095788,
   0.6427893195590965,
   0.6427892979830717,
   0.6259419730183338,
   0.6215887693063562,
   0.6403098826435392,
   0.6403098677478378,
   0.6215887592624237
  ],
  "1": [
   2.967588187528384,
   2.9492275165747888,
   2.949227493805828,
   2.967588160712267,
   2.9632019358917128,
   2.946721220144327,
   2.946721170837119,
   2.963201878948682,
   2.960790960919652,
   2.946974874207081,
   2.946974847022652,
   2.9607909301028226,
   2.960790930102767,
   2.9469748470225796,
   2.9469748742070982,
   2.960790960919782,
   2.963201878948473,
   2.9467211708370673,
   2.9467212201444486,
   2.9632019358915964,
   2.9675881607123746,
   2.949227493805835,
   2.9492275165746364,
   2.9675881875286643
  ]
 },
 "1": {
  "0": [
   1.7967197068140521,
   1.7967470222549964,
   1.796747010444739,
   1.7967197049341517,
   1.7967194403601836,
   1.796751058635756,
   1.7967510348861173,
   1.7967194356420038,
   1.796719176341117,
   1.7967551186955388,
   1.7967551070819292,
   1.7967191735192332,
   1.796719173519426,
   1.7967551070818326,
   1.796755118695508,
   1.7967191763411507,
   1.796719435641563,
   1.7967510348861535,
   1.796751058635372,
   1.7967194403601154,
   1.7967197049339965,
   1.796747010444737,
   1.7967470222551043,
   1.7967197068138976
  ],
  "1": [
   1.7936716970869282,
   1.7936441795346267,
   1.793644185534075,
   1.7936716990735553,
   1.7936719415744202,
   1.793640091573568,
   1.7936401032065266,
   1.7936719447562888,
   1.7936721830991857,
   1.7936359727550426,
   1.7936359781039208,
   1.7936721844562928,
   1.7936721844563939,
   1.7936359781039148,
   1.793635972755044,
   1.7936721830992988,
   1.7936719447562308,
   1.7936401032065579,
   1.7936400915735848,
   1.7936719415742477,
   1.7936716990735133,
   1.793644185533955,
   1.7936441795347104,
   1.7936716970866586
  ]
 },
 "2": {
  "0": [
   1.8055653964468823,
   1.8058947687057314,
   1.806286237756687,
   1.8062862328584088,
   1.8058947614463554,
   1.8055653934881577,
   1.8055664143315464,
   1.8058996225174304,
   1.8062916961016116,
   1.8062916863446397,
   1.805899607380382,
   1.8055664086339933,
   1.8055676915242567,
   1.805904304475103,
   1.8062977531531959,
   1.8062977484648999,
   1.80590429723761,
   1.8055676891649093,
   1.8055676891654808,
   1.8059042972382164,
   1.806297748465453,
   1.8062977531528912,
   1.8059043044752676,
   1.8055676915229344,
   1.805566408633494,
   1.805899607380124,
   1.8062916863442129,
   1.8062916961017808,
   1.8058996225180972,
   1.8055664143309698,
   1.8055653934885547,
   1.8058947614449605,
   1.8062862328573128,
   1.8062862377576545,
   1.805894768705862,
   1.8055653964469083
  ],
  "1": [
   1.806180790316925,
   1.806204623655037,
   1.8062632600070196,
   1.8062632574444133,
   1.8062046199112802,
   1.8061807883819225,
   1.806179910479332,
   1.8062112890281352,
   1.8062772815641772,
   1.8062772762321628,
   1.8062112814814733,
   1.8061799068818432,
   1.8061792353459623,
   1.806217613527179,
   1.8062920741581843,
   1.8062920710549237,
   1.8062176094027385,
   1.8061792339316791,
   1.8061792339315963,
   1.8062176094025466,
   1.8062920710555161,
   1.8062920741580597,
   1.806217613527,
   1.8061792353458412,
   1.8061799068818865,
   1.8062112814809006,
   1.806277276231872,
   1.8062772815646133,
   1.8062112890279791,
   1.8061799104796035,
   1.8061807883818544,
   1.806204619911257,
   1.8062632574452284,
   1.8062632600071467,
   1.8062046236549705,
   1.8061807903170113
  ]
 },
 "Z_a": [
  6,
  6,
  6,
  6,
  6,
  6,
  6,
  6,
  6,
  6,
  6,
  6,
  15,
  15,
  15,
  15,
  5,
  5,
  5,
  5,
  6,
  6,
  6,
  6,
  1,
  1,
  1,
  1
 ],
 "spos_ac": [
  [
   0.8699160744877641,
   0.5834161987086461,
   0.7463669200398202
  ],
  [
   0.7015352726879851,
   0.4880090784078269,
   0.246253587368464
  ],
  [
   0.2014849469550319,
   0.08329337259590185,
   0.3250448089018769
  ],
  [
   0.36992089165857833,
   0.9881320104187304,
   0.825158272176593
  ],
  [
   0.20151249694080317,
   0.4880123727199402,
   0.3250616513887663
  ],
  [
   0.36989329874058813,
   0.5834194930207328,
   0.825174984060093
  ],
  [
   0.8699436244735367,
   0.988135198832681,
   0.74638376252669
  ],
  [
   0.7015076797699924,
   0.08329656100983873,
   0.24627029925197835
  ],
  [
   0.5780630240442051,
   0.7857389495503777,
   0.832436528614425
  ],
  [
   0.9933475267784281,
   0.2856896047658299,
   0.3324182470292321
  ],
  [
   0.49336554738436394,
   0.28568962187818037,
   0.2389920428141474
  ],
  [
   0.07808104465014103,
   0.7857389666627534,
   0.7390103243993436
  ],
  [
   0.754224737683117,
   0.7856881534083234,
   0.05214363913549332
  ],
  [
   0.8172063592368138,
   0.2857403577876434,
   0.5521294922552344
  ],
  [
   0.31720383374545863,
   0.2857404180202441,
   0.01928493229307921
  ],
  [
   0.2542222121917596,
   0.7856882136409327,
   0.5192990791733408
  ],
  [
   0.9406631137702488,
   0.785767860668835,
   0.6121382363665321
  ],
  [
   0.6307746855411989,
   0.2856606995918082,
   0.1141852134496121
  ],
  [
   0.13076545765832873,
   0.285660710759749,
   0.45718063042071005
  ],
  [
   0.44065388588736404,
   0.7857678718367567,
   0.9572433579789548
  ],
  [
   0.9381991319443621,
   0.7857630996231021,
   0.29003180849006505
  ],
  [
   0.633221400408768,
   0.2856654776310827,
   0.7899652437121043
  ],
  [
   0.13322943948422294,
   0.28566547180545393,
   0.7813967629385008
  ],
  [
   0.4382071710197879,
   0.7857630937974978,
   0.28146332771646937
  ],
  [
   0.535714285714294,
   0.5357142857142884,
   0.5357142857142776
  ],
  [
   0.035714285714276,
   0.5357142857142809,
   0.03571428571428969
  ],
  [
   0.5357142857142945,
   0.035714285714275616,
   0.5357142857142763
  ],
  [
   0.03571428571428916,
   0.03571428571428573,
   0.03571428571427985
  ]
 ]
}