{
 "0": {
  "0": [
   0.6226624741702709,
   0.6411613761521725,
   0.6411540990926666,
   0.6226570854954143,
   0.6271269112966128,
   0.6437141714935888,
   0.6436990660813284,
   0.6271146208169943,
   0.6296058114512919,
   0.6435052742751839,
   0.6434972509630781,
   0.6295986859532551,
   0.6295986859532651,
   0.6434972509630384,
   0.6435052742751648,
   0.6296058114513434,
   0.627114620816915,
   0.6436990660812927,
   0.6437141714935622,
   0.6271269112966305,
   0.6226570854953102,
   0.6411540990927087,
   0.6411613761521874,
   0.6226624741703479
  ],
  "1": [
   2.9689842105165773,
   2.9505297574862053,
   2.950522492549013,
   2.968978852543407,
   2.9646218867404412,
   2.94802691908368,
   2.9480118270144726,
   2.964609674983525,
   2.962234728118118,
   2.9482702453715075,
   2.948262222719971,
   2.962227651695647,
   2.962227651695619,
   2.9482622227200417,
   2.948270245371491,
   2.9622347281180406,
   2.964609674983648,
   2.9480118270143905,
   2.9480269190837403,
   2.964621886740401,
   2.968978852543225,
   2.9505224925490228,
   2.9505297574861657,
   2.9689842105166213
  ]
 },
 "1": {
  "0": [
   1.797048973907156,
   1.7970986115647731,
   1.7970980826907694,
   1.7970484827914635,
   1.7970473150228494,
   1.7971011331356914,
   1.7971000291497594,
   1.797046347009569,
   1.7970451905447327,
   1.7971031119126473,
   1.7971025566689784,
   1.7970447232585014,
   1.7970447232586104,
   1.797102556669043,
   1.7971031119124818,
   1.7970451905448832,
   1.7970463470092297,
   1.797100029149826,
   1.7971011331356446,
   1.797047315023117,
   1.7970484827912496,
   1.7970980826908354,
   1.7970986115647738,
   1.7970489739074367
  ],
  "1": [
   1.7940023692163547,
   1.793997601674541,
   1.793997078820941,
   1.7940018685126278,
   1.7940012385480353,
   1.7939919664149109,
   1.7939908742940283,
   1.7940002523050982,
   1.7939996242080523,
   1.7939857222862883,
   1.793985172857043,
   1.793999147842681,
   1.793999147842618,
   1.7939851728568792,
   1.7939857222863238,
   1.793999624208042,
   1.7940002523051715,
   1.793990874293923,
   1.7939919664146715,
   1.7940012385480986,
   1.7940018685127928,
   1.7939970788209676,
   1.793997601674589,
   1.7940023692161096
  ]
 },
 "2": {
  "0": [
   1.7951167697714028,
   1.7951129829027692,
   1.7951210226197818,
   1.7951205549155722,
   1.7951121267733805,
   1.7951163572429578,
   1.795117411192274,
   1.795114839754832,
   1.7951241203493553,
   1.7951231157628444,
   1.795113075309143,
   1.795116737614391,
   1.7951178431135084,
   1.7951157691569992,
   1.7951268244460037,
   1.7951263413219893,
   1.7951148800363197,
   1.7951174679136266,
   1.7951174679137274,
   1.7951148800362864,
   1.7951263413219303,
   1.7951268244463843,
   1.795115769157034,
   1.7951178431137638,
   1.7951167376142025,
   1.7951130753091533,
   1.795123115762794,
   1.7951241203494788,
   1.7951148397549177,
   1.7951174111924066,
   1.7951163572433795,
   1.7951121267735262,
   1.7951205549157798,
   1.7951210226195882,
   1.7951129829028674,
   1.7951167697715862
  ],
  "1": [
   1.796059950670158,
   1.7960562480942042,
   1.7960484760362794,
   1.7960480167738733,
   1.7960554106967646,
   1.7960595477280819,
   1.7960611664364712,
   1.7960585569785292,
   1.796051458395309,
   1.7960504704479077,
   1.7960568297210104,
   1.7960605112328887,
   1.7960622164830236,
   1.796059978456782,
   1.7960540173648365,
   1.796053542356335,
   1.7960591075593662,
   1.7960618501819852,
   1.7960618501815317,
   1.7960591075592403,
   1.7960535423562498,
   1.7960540173650428,
   1.796059978456925,
   1.7960622164827815,
   1.7960605112335508,
   1.7960568297212072,
   1.796050470448268,
   1.7960514583954912,
   1.796058556978539,
   1.796061166436285,
   1.796059547727908,
   1.7960554106966045,
   1.7960480167736086,
   1.7960484760360063,
   1.7960562480941624,
   1.796059950670143
  ]
 },
 "Z_a": [
  6,
  6,
  6,
  6,
  6,
  6,
  6,
  6,
  6,
  6,
  6,
  6,
  15,
  15,
  15,
  15,
  5,
  5,
  5,
  5,
  6,
  6,
  6,
  6,
  1,
  1,
  1,
  1
 ],
 "spos_ac": [
  [
   0.8699160744877641,
   0.5834161987086461,
   0.7463669200398202
  ],
  [
   0.7015352726879851,
   0.4880090784078269,
   0.246253587368464
  ],
  [
   0.2014849469550319,
   0.08329337259590185,
   0.3250448089018769
  ],
  [
   0.36992089165857833,
   0.9881320104187304,
   0.825158272176593
  ],
  [
   0.20151249694080317,
   0.4880123727199402,
   0.3250616513887663
  ],
  [
   0.36989329874058813,
   0.5834194930207328,
   0.825174984060093
  ],
  [
   0.8699436244735367,
   0.988135198832681,
   0.74638376252669
  ],
  [
   0.7015076797699924,
   0.08329656100983873,
   0.24627029925197835
  ],
  [
   0.5780630240442051,
   0.7857389495503777,
   0.832436528614425
  ],
  [
   0.9933475267784281,
   0.2856896047658299,
   0.3324182470292321
  ],
  [
   0.49336554738436394,
   0.28568962187818037,
   0.2389920428141474
  ],
  [
   0.07808104465014103,
   0.7857389666627534,
   0.7390103243993436
  ],
  [
   0.754224737683117,
   0.7856881534083234,
   0.05214363913549332
  ],
  [
   0.8172063592368138,
   0.2857403577876434,
   0.5521294922552344
  ],
  [
   0.31720383374545863,
   0.2857404180202441,
   0.01928493229307921
  ],
  [
   0.2542222121917596,
   0.7856882136409327,
   0.5192990791733408
  ],
  [
   0.9406631137702488,
   0.785767860668835,
   0.6142479410078823
  ],
  [
   0.6307746855411989,
   0.2856606995918082,
   0.1141852134496121
  ],
  [
   0.13076545765832873,
   0.285660710759749,
   0.45718063042071005
  ],
  [
   0.44065388588736404,
   0.7857678718367567,
   0.9572433579789548
  ],
  [
   0.9381991319443621,
   0.7857630996231021,
   0.29003180849006505
  ],
  [
   0.633221400408768,
   0.2856654776310827,
   0.7899652437121043
  ],
  [
   0.13322943948422294,
   0.28566547180545393,
   0.7813967629385008
  ],
  [
   0.4382071710197879,
   0.7857630937974978,
   0.28146332771646937
  ],
  [
   0.535714285714294,
   0.5357142857142884,
   0.5357142857142776
  ],
  [
   0.035714285714276,
   0.5357142857142809,
   0.03571428571428969
  ],
  [
   0.5357142857142945,
   0.035714285714275616,
   0.5357142857142763
  ],
  [
   0.03571428571428916,
   0.03735362997658082,
   0.03571428571427985
  ]
 ]
}