{
 "0": {
  "0": [
   0.6268244369501379,
   0.6452554585796054,
   0.6452554367835831,
   0.6268244132939907,
   0.6313411211159785,
   0.6478238101249661,
   0.6478237743151252,
   0.6313410773483535,
   0.6338636232526084,
   0.6476309885185729,
   0.6476309726580111,
   0.6338636012184038,
   0.6338636012183603,
   0.6476309726579971,
   0.6476309885185876,
   0.6338636232526638,
   0.6313410773483684,
   0.6478237743151581,
   0.6478238101251432,
   0.6313411211160433,
   0.6268244132940077,
   0.6452554367834089,
   0.6452554585795531,
   0.6268244369502479
  ],
  "1": [
   2.9723331157701343,
   2.953808527633476,
   2.953808516171371,
   2.972333109123772,
   2.9679940133119507,
   2.951398037473603,
   2.951398022358576,
   2.9679940005918035,
   2.965642280254537,
   2.9517368895650806,
   2.9517368858008206,
   2.965642273198145,
   2.9656422731982723,
   2.951736885800882,
   2.95173688956508,
   2.965642280254518,
   2.967994000591652,
   2.9513980223584837,
   2.9513980374734676,
   2.9679940133121723,
   2.972333109123593,
   2.95380851617153,
   2.953808527633243,
   2.9723331157701725
  ]
 },
 "1": {
  "0": [
   1.7967178511854212,
   1.7967452110362796,
   1.7967452485563349,
   1.796717874068317,
   1.7967175729861267,
   1.7967492607892384,
   1.7967493381110569,
   1.7967176188476657,
   1.796717321726517,
   1.7967533861758975,
   1.7967534250001445,
   1.796717345134303,
   1.7967173451342964,
   1.7967534250001012,
   1.7967533861755993,
   1.7967173217263677,
   1.7967176188475105,
   1.7967493381111381,
   1.7967492607892344,
   1.7967175729860463,
   1.7967178740685743,
   1.7967452485563224,
   1.7967452110361255,
   1.7967178511855502
  ],
  "1": [
   1.793671554621018,
   1.793644398958096,
   1.7936444126419588,
   1.7936715654447795,
   1.7936718020289895,
   1.7936403349431245,
   1.7936403636964928,
   1.7936718243202938,
   1.7936720554777505,
   1.7936362493650293,
   1.7936362635676404,
   1.7936720673600497,
   1.793672067360324,
   1.7936362635677885,
   1.793636249364999,
   1.7936720554777639,
   1.7936718243203118,
   1.793640363696562,
   1.7936403349430752,
   1.793671802028968,
   1.7936715654447661,
   1.7936444126417777,
   1.7936443989581028,
   1.7936715546211097
  ]
 },
 "2": {
  "0": [
   1.793744315036289,
   1.7939620686994144,
   1.7942144123383101,
   1.79421440911531,
   1.7939620640963778,
   1.7937443133142845,
   1.7937362936623402,
   1.79393274218379,
   1.7941734719775875,
   1.79417346592778,
   1.7939327326991756,
   1.7937362907128311,
   1.7937279006836526,
   1.793902087116451,
   1.7941298002782193,
   1.794129797634215,
   1.7939020831321058,
   1.7937278989781118,
   1.793727898978408,
   1.7939020831319066,
   1.7941297976340873,
   1.794129800278097,
   1.7939020871166282,
   1.793727900683751,
   1.793736290712542,
   1.7939327326992334,
   1.7941734659279849,
   1.7941734719774565,
   1.7939327421838425,
   1.7937362936622334,
   1.7937443133140485,
   1.7939620640966176,
   1.794214409115025,
   1.7942144123382764,
   1.7939620686993134,
   1.7937443150364278
  ],
  "1": [
   1.7934345548651192,
   1.7935355580643646,
   1.7936723978529572,
   1.7936723965860581,
   1.7935355519754572,
   1.7934345511354906,
   1.7934407569855353,
   1.7935392852155843,
   1.79367768332043,
   1.7936776807774275,
   1.7935392732976185,
   1.7934407494222369,
   1.7934465276285734,
   1.7935423014016791,
   1.793682207702026,
   1.7936822060144253,
   1.7935422954291478,
   1.7934465237707922,
   1.7934465237708483,
   1.7935422954293134,
   1.7936822060141475,
   1.7936822077026622,
   1.7935423014017462,
   1.7934465276287095,
   1.793440749421868,
   1.7935392732971698,
   1.793677680777187,
   1.7936776833202541,
   1.7935392852154297,
   1.7934407569860076,
   1.7934345511354302,
   1.7935355519753773,
   1.7936723965866797,
   1.7936723978533562,
   1.7935355580642498,
   1.7934345548653867
  ]
 },
 "Z_a": [
  6,
  6,
  6,
  6,
  6,
  6,
  6,
  6,
  6,
  6,
  6,
  6,
  15,
  15,
  15,
  15,
  5,
  5,
  5,
  5,
  6,
  6,
  6,
  6,
  1,
  1,
  1,
  1
 ],
 "spos_ac": [
  [
   0.8699160744877641,
   0.5834161987086461,
   0.7463669200398202
  ],
  [
   0.7015352726879851,
   0.4880090784078269,
   0.246253587368464
  ],
  [
   0.2014849469550319,
   0.08329337259590185,
   0.3250448089018769
  ],
  [
   0.36992089165857833,
   0.9881320104187304,
   0.825158272176593
  ],
  [
   0.20151249694080317,
   0.4880123727199402,
   0.3250616513887663
  ],
  [
   0.36989329874058813,
   0.5834194930207328,
   0.825174984060093
  ],
  [
   0.8699436244735367,
   0.988135198832681,
   0.74638376252669
  ],
  [
   0.7015076797699924,
   0.08329656100983873,
   0.24627029925197835
  ],
  [
   0.5780630240442051,
   0.7857389495503777,
   0.832436528614425
  ],
  [
   0.9933475267784281,
   0.2856896047658299,
   0.3324182470292321
  ],
  [
   0.49336554738436394,
   0.28568962187818037,
   0.2389920428141474
  ],
  [
   0.07808104465014103,
   0.7857389666627534,
   0.7390103243993436
  ],
  [
   0.754224737683117,
   0.7856881534083234,
   0.05214363913549332
  ],
  [
   0.8172063592368138,
   0.2857403577876434,
   0.5521294922552344
  ],
  [
   0.31720383374545863,
   0.2857404180202441,
   0.01928493229307921
  ],
  [
   0.2542222121917596,
   0.7856882136409327,
   0.5192990791733408
  ],
  [
   0.9406631137702488,
   0.785767860668835,
   0.6142479410078823
  ],
  [
   0.6307746855411989,
   0.2856606995918082,
   0.1141852134496121
  ],
  [
   0.13076545765832873,
   0.285660710759749,
   0.45718063042071005
  ],
  [
   0.4396978629428134,
   0.7857678718367567,
   0.9572433579789548
  ],
  [
   0.9381991319443621,
   0.7857630996231021,
   0.29003180849006505
  ],
  [
   0.633221400408768,
   0.2856654776310827,
   0.7899652437121043
  ],
  [
   0.13322943948422294,
   0.28566547180545393,
   0.7813967629385008
  ],
  [
   0.4382071710197879,
   0.7857630937974978,
   0.28146332771646937
  ],
  [
   0.535714285714294,
   0.5357142857142884,
   0.5357142857142776
  ],
  [
   0.035714285714276,
   0.5357142857142809,
   0.03571428571428969
  ],
  [
   0.5357142857142945,
   0.035714285714275616,
   0.5357142857142763
  ],
  [
   0.03571428571428916,
   0.03571428571428573,
   0.03571428571427985
  ]
 ]
}