{
 "0": {
  "0": [
   0.6209877252182001,
   0.6394790252927488,
   0.6394790422746858,
   0.6209877297315842,
   0.6254042381947825,
   0.6420000793609791,
   0.6420001147057005,
   0.6254042489273668,
   0.6278371597816146,
   0.6417688005854585,
   0.6417688194940222,
   0.6278371655271735,
   0.6278371655269911,
   0.6417688194941441,
   0.6417688005855154,
   0.6278371597815544,
   0.6254042489273921,
   0.6420001147056461,
   0.6420000793608367,
   0.6254042381948335,
   0.6209877297315092,
   0.6394790422747514,
   0.6394790252927833,
   0.620987725218012
  ],
  "1": [
   2.9681788800570494,
   2.9495923889145796,
   2.949592384384062,
   2.968178879509772,
   2.9637449850885673,
   2.947037779373306,
   2.9470377647545014,
   2.963744983045754,
   2.9612784296621033,
   2.947225294197792,
   2.947225283412674,
   2.9612784269994448,
   2.9612784269996597,
   2.947225283412708,
   2.947225294197773,
   2.96127842966147,
   2.9637449830459013,
   2.947037764754448,
   2.9470377793733125,
   2.963744985088704,
   2.9681788795096815,
   2.949592384384118,
   2.9495923889145996,
   2.968178880057053
  ]
 },
 "1": {
  "0": [
   1.7967185345472723,
   1.7967459802441863,
   1.7967459858196912,
   1.796718539224453,
   1.7967182791134222,
   1.7967500500343254,
   1.7967500615817924,
   1.7967182885896826,
   1.796718032905736,
   1.796754161756157,
   1.7967541676233194,
   1.796718037518229,
   1.7967180375182858,
   1.7967541676232879,
   1.7967541617562024,
   1.796718032905695,
   1.7967182885896158,
   1.7967500615816143,
   1.7967500500342184,
   1.7967182791133989,
   1.7967185392243321,
   1.7967459858197083,
   1.7967459802441113,
   1.7967185345474652
  ],
  "1": [
   1.7936714743266482,
   1.793644056871115,
   1.7936440567171261,
   1.7936714756324603,
   1.7936717195647882,
   1.7936399680788755,
   1.7936399674991215,
   1.7936717225049232,
   1.7936719623685067,
   1.7936358427041357,
   1.7936358422061556,
   1.793671963603006,
   1.7936719636029268,
   1.7936358422061476,
   1.7936358427041272,
   1.7936719623685131,
   1.79367172250404,
   1.7936399674995065,
   1.7936399680788566,
   1.7936717195648608,
   1.7936714756321417,
   1.7936440567171372,
   1.7936440568713652,
   1.7936714743265607
  ]
 },
 "2": {
  "0": [
   1.738095218047241,
   1.7380763258726053,
   1.7380914336427895,
   1.7380914347546113,
   1.738076328680107,
   1.7380952200981408,
   1.7380949895363684,
   1.7380694545884117,
   1.7380768466430403,
   1.7380768486446045,
   1.7380694611603786,
   1.7380949923608584,
   1.7380946005602906,
   1.7380617431078527,
   1.7380620414845351,
   1.7380620425442304,
   1.7380617464625634,
   1.738094601865322,
   1.7380946018654995,
   1.7380617464630308,
   1.7380620425444202,
   1.7380620414842058,
   1.7380617431080645,
   1.7380946005597933,
   1.7380949923609017,
   1.7380694611606382,
   1.738076848644619,
   1.7380768466426106,
   1.738069454588289,
   1.7380949895360986,
   1.7380952200984197,
   1.7380763286800427,
   1.7380914347549201,
   1.7380914336424826,
   1.7380763258723115,
   1.7380952180458862
  ],
  "1": [
   1.7401698915700015,
   1.7404118582079695,
   1.7406704960390005,
   1.740670503294699,
   1.7404118698183897,
   1.7401698974317414,
   1.7401766371727463,
   1.740422769666615,
   1.740677021831116,
   1.740677036125041,
   1.7404227941199102,
   1.7401766477975915,
   1.7401834825313531,
   1.7404333949537063,
   1.7406842558810989,
   1.7406842631797956,
   1.7404334071029732,
   1.740183487462916,
   1.740183487463011,
   1.740433407102951,
   1.7406842631799755,
   1.7406842558814113,
   1.7404333949532,
   1.7401834825313263,
   1.7401766477975105,
   1.7404227941201758,
   1.740677036129629,
   1.7406770218313796,
   1.7404227696663828,
   1.740176637172975,
   1.7401698974315538,
   1.7404118698186248,
   1.7406705032950838,
   1.7406704960391142,
   1.7404118582079784,
   1.74016989156987
  ]
 },
 "Z_a": [
  6,
  6,
  6,
  6,
  6,
  6,
  6,
  6,
  6,
  6,
  6,
  6,
  15,
  15,
  15,
  15,
  5,
  5,
  5,
  5,
  6,
  6,
  6,
  6,
  1,
  1,
  1,
  1
 ],
 "spos_ac": [
  [
   0.8699160744877641,
   0.5834161987086461,
   0.7463669200398202
  ],
  [
   0.7015352726879851,
   0.4880090784078269,
   0.246253587368464
  ],
  [
   0.2014849469550319,
   0.08329337259590185,
   0.3250448089018769
  ],
  [
   0.36992089165857833,
   0.9881320104187304,
   0.825158272176593
  ],
  [
   0.20151249694080317,
   0.4880123727199402,
   0.3250616513887663
  ],
  [
   0.36989329874058813,
   0.5834194930207328,
   0.825174984060093
  ],
  [
   0.8699436244735367,
   0.988135198832681,
   0.74638376252669
  ],
  [
   0.7015076797699924,
   0.08329656100983873,
   0.24627029925197835
  ],
  [
   0.5780630240442051,
   0.7857389495503777,
   0.832436528614425
  ],
  [
   0.9933475267784281,
   0.2856896047658299,
   0.3324182470292321
  ],
  [
   0.49336554738436394,
   0.28568962187818037,
   0.2389920428141474
  ],
  [
   0.07808104465014103,
   0.7857389666627534,
   0.7390103243993436
  ],
  [
   0.754224737683117,
   0.7856881534083234,
   0.05214363913549332
  ],
  [
   0.8172063592368138,
   0.2857403577876434,
   0.5521294922552344
  ],
  [
   0.31720383374545863,
   0.2857404180202441,
   0.01928493229307921
  ],
  [
   0.2542222121917596,
   0.7856882136409327,
   0.5192990791733408
  ],
  [
   0.9406631137702488,
   0.785767860668835,
   0.6142479410078823
  ],
  [
   0.6307746855411989,
   0.2856606995918082,
   0.1141852134496121
  ],
  [
   0.13076545765832873,
   0.285660710759749,
   0.45718063042071005
  ],
  [
   0.44065388588736404,
   0.7857678718367567,
   0.9572433579789548
  ],
  [
   0.9381991319443621,
   0.7857630996231021,
   0.29003180849006505
  ],
  [
   0.633221400408768,
   0.2856654776310827,
   0.7899652437121043
  ],
  [
   0.13322943948422294,
   0.28566547180545393,
   0.7835064675798511
  ],
  [
   0.4382071710197879,
   0.7857630937974978,
   0.28146332771646937
  ],
  [
   0.535714285714294,
   0.5357142857142884,
   0.5357142857142776
  ],
  [
   0.035714285714276,
   0.5357142857142809,
   0.03571428571428969
  ],
  [
   0.5357142857142945,
   0.035714285714275616,
   0.5357142857142763
  ],
  [
   0.03571428571428916,
   0.03571428571428573,
   0.03571428571427985
  ]
 ]
}