{
 "0": {
  "0": [
   0.5965936148409041,
   0.6156633011113355,
   0.6156632271634659,
   0.5965935567885495,
   0.6011070643175884,
   0.6182694320456373,
   0.6182692889876531,
   0.6011069545384372,
   0.6036416047675004,
   0.6181181282100794,
   0.6181180564297855,
   0.603641552150321,
   0.6036415521503795,
   0.6181180564297423,
   0.6181181282100289,
   0.6036416047674933,
   0.6011069545384555,
   0.6182692889877096,
   0.6182694320456962,
   0.6011070643176061,
   0.5965935567886028,
   0.6156632271634673,
   0.615663301111317,
   0.596593614840978
  ],
  "1": [
   2.941518389955554,
   2.9231183674902557,
   2.9231183774601153,
   2.941518399929176,
   2.937120502513676,
   2.920585694326983,
   2.9205857191147664,
   2.937120522623355,
   2.9347078028521136,
   2.920807521623828,
   2.9208075373329017,
   2.934707812858574,
   2.9347078128584854,
   2.92080753733292,
   2.920807521623838,
   2.9347078028520883,
   2.937120522623355,
   2.9205857191147357,
   2.920585694326944,
   2.937120502513632,
   2.9415183999291306,
   2.9231183774600327,
   2.9231183674902397,
   2.941518389955539
  ]
 },
 "1": {
  "0": [
   1.7967196896203463,
   1.796746916291523,
   1.79674694889946,
   1.796719707439083,
   1.796719407434123,
   1.7967509852638022,
   1.796751053839062,
   1.796719443189942,
   1.7967191478430298,
   1.7967551245652476,
   1.7967551593020827,
   1.7967191665364441,
   1.7967191665364477,
   1.7967551593019595,
   1.7967551245652897,
   1.7967191478430362,
   1.7967194431899276,
   1.7967510538390972,
   1.7967509852637809,
   1.7967194074341797,
   1.7967197074390289,
   1.7967469488995145,
   1.796746916291523,
   1.79671968962031
  ],
  "1": [
   1.793673305677661,
   1.7936460773332354,
   1.7936461005571267,
   1.7936733234854956,
   1.7936735523659373,
   1.7936419909293635,
   1.7936420383245657,
   1.7936735882750816,
   1.7936738124274612,
   1.7936378917471612,
   1.7936379157154578,
   1.7936738309752396,
   1.7936738309751388,
   1.7936379157154625,
   1.7936378917471827,
   1.793673812427401,
   1.7936735882750503,
   1.7936420383245724,
   1.7936419909293722,
   1.7936735523659435,
   1.7936733234853819,
   1.793646100557094,
   1.7936460773332685,
   1.7936733056776157
  ]
 },
 "2": {
  "0": [
   1.7956396050134882,
   1.7956805952878045,
   1.7956784221941284,
   1.7956784288626493,
   1.7956806063465827,
   1.7956396084320283,
   1.7956385115428972,
   1.7956637377420275,
   1.7956518266959844,
   1.7956518412993878,
   1.7956637603531707,
   1.7956385216113553,
   1.7956376159797451,
   1.7956458863378668,
   1.7956231812011436,
   1.795623189370103,
   1.7956458979827947,
   1.7956376207528897,
   1.7956376207531264,
   1.7956458979828884,
   1.795623189370154,
   1.795623181201289,
   1.7956458863378972,
   1.7956376159794916,
   1.7956385216111717,
   1.7956637603532724,
   1.7956518412992493,
   1.7956518266959955,
   1.7956637377421918,
   1.7956385115431006,
   1.7956396084321349,
   1.7956806063467246,
   1.7956784288626868,
   1.795678422194141,
   1.7956805952880261,
   1.795639605013508
  ],
  "1": [
   1.7953478311666873,
   1.7953750902341097,
   1.7953786854628107,
   1.7953786830366967,
   1.7953750850129186,
   1.7953478286357376,
   1.7953515004539058,
   1.7953750264182484,
   1.795380184740886,
   1.7953801799800777,
   1.7953750153198096,
   1.7953514965101223,
   1.7953544833094268,
   1.7953738014288447,
   1.7953807732026736,
   1.795380769861949,
   1.7953737957246887,
   1.7953544805233996,
   1.795354480523007,
   1.7953737957247788,
   1.795380769862072,
   1.7953807732026186,
   1.7953738014290914,
   1.795354483309484,
   1.7953514965099988,
   1.7953750153197514,
   1.7953801799801445,
   1.7953801847409563,
   1.7953750264184294,
   1.795351500453887,
   1.7953478286356932,
   1.7953750850130155,
   1.7953786830366842,
   1.795378685462951,
   1.7953750902343941,
   1.7953478311667503
  ]
 },
 "Z_a": [
  6,
  6,
  6,
  6,
  6,
  6,
  6,
  6,
  6,
  6,
  6,
  6,
  15,
  15,
  15,
  15,
  5,
  5,
  5,
  5,
  6,
  6,
  6,
  6,
  1,
  1,
  1,
  1
 ],
 "spos_ac": [
  [
   0.8699160744877641,
   0.5834161987086461,
   0.7463669200398202
  ],
  [
   0.7015352726879851,
   0.4880090784078269,
   0.246253587368464
  ],
  [
   0.2014849469550319,
   0.08329337259590185,
   0.3250448089018769
  ],
  [
   0.36992089165857833,
   0.9881320104187304,
   0.825158272176593
  ],
  [
   0.20151249694080317,
   0.4880123727199402,
   0.3250616513887663
  ],
  [
   0.36989329874058813,
   0.5834194930207328,
   0.825174984060093
  ],
  [
   0.8699436244735367,
   0.988135198832681,
   0.74638376252669
  ],
  [
   0.7015076797699924,
   0.08329656100983873,
   0.24627029925197835
  ],
  [
   0.5790190469887557,
   0.7857389495503777,
   0.832436528614425
  ],
  [
   0.9933475267784281,
   0.2856896047658299,
   0.3324182470292321
  ],
  [
   0.49336554738436394,
   0.28568962187818037,
   0.2389920428141474
  ],
  [
   0.07808104465014103,
   0.7857389666627534,
   0.7390103243993436
  ],
  [
   0.754224737683117,
   0.7856881534083234,
   0.05214363913549332
  ],
  [
   0.8172063592368138,
   0.2857403577876434,
   0.5521294922552344
  ],
  [
   0.31720383374545863,
   0.2857404180202441,
   0.01928493229307921
  ],
  [
   0.2542222121917596,
   0.7856882136409327,
   0.5192990791733408
  ],
  [
   0.9406631137702488,
   0.785767860668835,
   0.6142479410078823
  ],
  [
   0.6307746855411989,
   0.2856606995918082,
   0.1141852134496121
  ],
  [
   0.13076545765832873,
   0.285660710759749,
   0.45718063042071005
  ],
  [
   0.44065388588736404,
   0.7857678718367567,
   0.9572433579789548
  ],
  [
   0.9381991319443621,
   0.7857630996231021,
   0.29003180849006505
  ],
  [
   0.633221400408768,
   0.2856654776310827,
   0.7899652437121043
  ],
  [
   0.13322943948422294,
   0.28566547180545393,
   0.7813967629385008
  ],
  [
   0.4382071710197879,
   0.7857630937974978,
   0.28146332771646937
  ],
  [
   0.535714285714294,
   0.5357142857142884,
   0.5357142857142776
  ],
  [
   0.035714285714276,
   0.5357142857142809,
   0.03571428571428969
  ],
  [
   0.5357142857142945,
   0.035714285714275616,
   0.5357142857142763
  ],
  [
   0.03571428571428916,
   0.03571428571428573,
   0.03571428571427985
  ]
 ]
}