{
 "0": {
  "0": [
   0.08435462364384579,
   0.09316942383242398,
   0.09316877080262274,
   0.08435409590398653,
   0.0861711181648516,
   0.09462708022668419,
   0.09462636667009362,
   0.08617048241705544,
   0.08675293374307104,
   0.09444593387597036,
   0.09444604630031514,
   0.08675284075173925,
   0.08675284075234131,
   0.09444604630183817,
   0.09444593387700428,
   0.08675293374348782,
   0.08617048241711148,
   0.09462636667089104,
   0.09462708022752156,
   0.08617111816506373,
   0.08435409590396874,
   0.09316877080272017,
   0.09316942383279958,
   0.0843546236439438
  ],
  "1": [
   -2.782160182440927,
   -2.7911510608112122,
   -2.7911493756022603,
   -2.7821579141767745,
   -2.7842976417586063,
   -2.791951172231203,
   -2.7919475498565074,
   -2.784292702716123,
   -2.785522522112972,
   -2.7916800478368775,
   -2.7916780596903465,
   -2.785519778394174,
   -2.785519778394107,
   -2.7916780596906525,
   -2.7916800478372434,
   -2.785522522112445,
   -2.7842927027165167,
   -2.7919475498566073,
   -2.79195117223179,
   -2.784297641758827,
   -2.7821579141772124,
   -2.7911493756023398,
   -2.791151060811158,
   -2.782160182441165
  ]
 },
 "1": {
  "0": [
   -0.8968352198668016,
   -0.8968229930213953,
   -0.8968229106364323,
   -0.8968349270209741,
   -0.8968351347481701,
   -0.8968202169140252,
   -0.8968200142504846,
   -0.8968345880243362,
   -0.8968347905296755,
   -0.8968173407100731,
   -0.8968172088848739,
   -0.8968344985167659,
   -0.8968344985166063,
   -0.8968172088849266,
   -0.8968173407089768,
   -0.8968347905286412,
   -0.896834588023624,
   -0.8968200142497647,
   -0.896820216913577,
   -0.8968351347478309,
   -0.8968349270210858,
   -0.8968229106366886,
   -0.8968229930218289,
   -0.8968352198674964
  ],
  "1": [
   -1.795956725132127,
   -1.7959706190735492,
   -1.7959717809274882,
   -1.7959576306676004,
   -1.7959560819441398,
   -1.795971883547148,
   -1.7959742475517662,
   -1.795957877527062,
   -1.795956323993304,
   -1.795974363639854,
   -1.7959755616900046,
   -1.7959572518253692,
   -1.7959572518251417,
   -1.7959755616896609,
   -1.7959743636390708,
   -1.7959563239926273,
   -1.7959578775273266,
   -1.7959742475516085,
   -1.7959718835467535,
   -1.7959560819435052,
   -1.795957630668324,
   -1.7959717809279814,
   -1.7959706190748956,
   -1.7959567251329065
  ]
 },
 "2": {
  "0": [
   -2.962176788107241,
   -2.9606397652362566,
   -2.9599508377360677,
   -2.9599501307645895,
   -2.960638786610708,
   -2.962176459366846,
   -2.9636382584846905,
   -2.9623327680834586,
   -2.961723173639109,
   -2.9617217196009706,
   -2.962330762249105,
   -2.9636375818994125,
   -2.9651201666976674,
   -2.964058227957063,
   -2.963571414904535,
   -2.963570683538932,
   -2.9640572183383633,
   -2.965119832508954,
   -2.9651198325155046,
   -2.964057218345527,
   -2.9635706835455147,
   -2.963571414911024,
   -2.9640582279317624,
   -2.9651201666403706,
   -2.963637581843022,
   -2.962330762199,
   -2.96172171955124,
   -2.9617231736948018,
   -2.9623327681403357,
   -2.963638258484176,
   -2.9621764593463666,
   -2.9606387866256587,
   -2.959950130814158,
   -2.9599508377767894,
   -2.96063976524929,
   -2.9621767881207033
  ],
  "1": [
   0.284440504202406,
   0.2864277603444546,
   0.2858795206418138,
   0.2858793862349363,
   0.2864274707199646,
   0.28444035514450067,
   0.28523423367285866,
   0.28760485695258414,
   0.2871245575251605,
   0.28712431184473824,
   0.28760429364769174,
   0.2852339381198027,
   0.28603604522351883,
   0.2887949954296541,
   0.2884116944569659,
   0.2884115817729609,
   0.28879472163570485,
   0.2860358995565428,
   0.2860358995510574,
   0.2887947216299198,
   0.2884115817680395,
   0.288411694451161,
   0.2887949954495875,
   0.28603604527002113,
   0.28523393816507975,
   0.28760429368893253,
   0.28712431188375037,
   0.2871245574805164,
   0.28760485690632065,
   0.28523423367378015,
   0.28444035516133404,
   0.2864274707071455,
   0.28587938619615344,
   0.28587952060906147,
   0.28642776033383005,
   0.28444050419188127
  ]
 },
 "Z_a": [
  6,
  6,
  6,
  6,
  6,
  6,
  6,
  6,
  6,
  6,
  6,
  6,
  15,
  15,
  15,
  15,
  5,
  5,
  5,
  5,
  6,
  6,
  6,
  6,
  1,
  1,
  1,
  1
 ],
 "spos_ac": [
  [
   0.8699160744877641,
   0.5834161987086461,
   0.7463669200398202
  ],
  [
   0.7015352726879851,
   0.4880090784078269,
   0.246253587368464
  ],
  [
   0.2014849469550319,
   0.08329337259590185,
   0.3250448089018769
  ],
  [
   0.36992089165857833,
   0.9881320104187304,
   0.825158272176593
  ],
  [
   0.20151249694080317,
   0.4880123727199402,
   0.3250616513887663
  ],
  [
   0.36989329874058813,
   0.5834194930207328,
   0.825174984060093
  ],
  [
   0.8699436244735367,
   0.988135198832681,
   0.74638376252669
  ],
  [
   0.7015076797699924,
   0.08329656100983873,
   0.24627029925197835
  ],
  [
   0.5780630240442051,
   0.7857389495503777,
   0.832436528614425
  ],
  [
   0.9933475267784281,
   0.2856896047658299,
   0.3324182470292321
  ],
  [
   0.49336554738436394,
   0.28568962187818037,
   0.2389920428141474
  ],
  [
   0.07808104465014103,
   0.7857389666627534,
   0.7390103243993436
  ],
  [
   0.754224737683117,
   0.7856881534083234,
   0.05214363913549332
  ],
  [
   0.8172063592368138,
   0.2857403577876434,
   0.5521294922552344
  ],
  [
   0.31720383374545863,
   0.2857404180202441,
   0.01928493229307921
  ],
  [
   0.2542222121917596,
   0.7856882136409327,
   0.5192990791733408
  ],
  [
   0.9406631137702488,
   0.785767860668835,
   0.6142479410078823
  ],
  [
   0.6307746855411989,
   0.2856606995918082,
   0.1141852134496121
  ],
  [
   0.1317214806028794,
   0.285660710759749,
   0.45718063042071005
  ],
  [
   0.44065388588736404,
   0.7857678718367567,
   0.9572433579789548
  ],
  [
   0.9381991319443621,
   0.7857630996231021,
   0.29003180849006505
  ],
  [
   0.633221400408768,
   0.2856654776310827,
   0.7899652437121043
  ],
  [
   0.13322943948422294,
   0.28566547180545393,
   0.7813967629385008
  ],
  [
   0.4382071710197879,
   0.7857630937974978,
   0.28146332771646937
  ],
  [
   0.535714285714294,
   0.5357142857142884,
   0.5357142857142776
  ],
  [
   0.035714285714276,
   0.5357142857142809,
   0.03571428571428969
  ],
  [
   0.5357142857142945,
   0.035714285714275616,
   0.5357142857142763
  ],
  [
   0.03571428571428916,
   0.03571428571428573,
   0.03571428571427985
  ]
 ]
}