{
 "0": {
  "0": [
   0.6220223716898294,
   0.6404957592960593,
   0.6405375134769699,
   0.6220610403550634,
   0.6264140718310152,
   0.6430033301105015,
   0.643085426423396,
   0.6264919059527654,
   0.6288642741746366,
   0.6427983011765945,
   0.642838553235813,
   0.6289035184572356,
   0.6289035184573034,
   0.6428385532358386,
   0.6427983011765969,
   0.6288642741746209,
   0.6264919059527396,
   0.6430854264234185,
   0.643003330110562,
   0.6264140718309681,
   0.6220610403552549,
   0.6405375134770307,
   0.6404957592959666,
   0.6220223716897926
  ],
  "1": [
   2.9683033820633953,
   2.9498236374304354,
   2.949930448331146,
   2.9684049566814013,
   2.963840772539281,
   2.94724391653539,
   2.9474580478196213,
   2.9640393296545473,
   2.9614580090695553,
   2.9475253292649564,
   2.947632460033796,
   2.961554467349918,
   2.961554467349987,
   2.9476324600337835,
   2.947525329264938,
   2.961458009069538,
   2.9640393296545455,
   2.947458047819608,
   2.947243916535402,
   2.9638407725392786,
   2.9684049566813715,
   2.949930448331177,
   2.949823637430371,
   2.968303382063329
  ]
 },
 "1": {
  "0": [
   1.760649559648,
   1.7601098116842189,
   1.760092884587672,
   1.7606364122329552,
   1.7606546586614518,
   1.7601536666291049,
   1.7601195926647464,
   1.7606280943074675,
   1.7606466429987306,
   1.760180806497504,
   1.7601637714716643,
   1.7606333149343205,
   1.7606333149343536,
   1.7601637714716356,
   1.760180806497479,
   1.7606466429987941,
   1.7606280943073995,
   1.7601195926647317,
   1.7601536666291109,
   1.760654658661425,
   1.7606364122330618,
   1.7600928845876447,
   1.7601098116842,
   1.7606495596479448
  ],
  "1": [
   1.7031378806704007,
   1.7027964751372577,
   1.7027870848181326,
   1.7031349318089104,
   1.703134254073028,
   1.702799416896305,
   1.7027797864174112,
   1.7031282934020624,
   1.7031276179993946,
   1.7027934105602731,
   1.7027831293990172,
   1.7031245072688566,
   1.7031245072687802,
   1.702783129398984,
   1.7027934105602016,
   1.7031276179993762,
   1.7031282934019114,
   1.7027797864174734,
   1.7027994168964138,
   1.7031342540729266,
   1.7031349318088644,
   1.7027870848181685,
   1.7027964751373486,
   1.7031378806703572
  ]
 },
 "2": {
  "0": [
   1.7947422392508956,
   1.7947436181552034,
   1.7947531283873661,
   1.7947530715824227,
   1.7947447386568307,
   1.79474311531388,
   1.7947414144073486,
   1.794742815287233,
   1.7947531435799473,
   1.794753115248488,
   1.7947449992882312,
   1.7947431910609637,
   1.7947414661317236,
   1.7947431131154934,
   1.794753251423148,
   1.7947530994714052,
   1.794744143296362,
   1.7947423594279353,
   1.794742359428084,
   1.794744143296547,
   1.7947530994713075,
   1.7947532514232487,
   1.794743113115439,
   1.7947414661317018,
   1.7947431910609635,
   1.794744999288194,
   1.7947531152485152,
   1.7947531435800272,
   1.7947428152869624,
   1.7947414144074312,
   1.7947431153137636,
   1.7947447386568558,
   1.7947530715820745,
   1.7947531283874327,
   1.7947436181547134,
   1.7947422392508516
  ],
  "1": [
   1.7956436043754815,
   1.7956414168907133,
   1.7956350239255767,
   1.7956404169716509,
   1.79564938750269,
   1.7956465423366612,
   1.7956422963843375,
   1.79563731722398,
   1.7956318939090132,
   1.795643056035147,
   1.7956537345089743,
   1.7956482552500075,
   1.7956440126899857,
   1.7956414535344987,
   1.795634328429951,
   1.795640089698351,
   1.7956498634537095,
   1.7956469818152998,
   1.7956469818151393,
   1.7956498634536855,
   1.7956400896981863,
   1.795634328429929,
   1.7956414535344165,
   1.7956440126900937,
   1.7956482552500155,
   1.7956537345090815,
   1.795643056035453,
   1.79563189390912,
   1.795637317224067,
   1.7956422963845897,
   1.795646542336802,
   1.7956493875028434,
   1.7956404169718074,
   1.7956350239253576,
   1.7956414168906938,
   1.7956436043755963
  ]
 },
 "Z_a": [
  6,
  6,
  6,
  6,
  6,
  6,
  6,
  6,
  6,
  6,
  6,
  6,
  15,
  15,
  15,
  15,
  5,
  5,
  5,
  5,
  6,
  6,
  6,
  6,
  1,
  1,
  1,
  1
 ],
 "spos_ac": [
  [
   0.8699160744877641,
   0.5834161987086461,
   0.7463669200398202
  ],
  [
   0.7015352726879851,
   0.4880090784078269,
   0.246253587368464
  ],
  [
   0.2014849469550319,
   0.08329337259590185,
   0.3250448089018769
  ],
  [
   0.36992089165857833,
   0.9881320104187304,
   0.825158272176593
  ],
  [
   0.20151249694080317,
   0.4880123727199402,
   0.3250616513887663
  ],
  [
   0.36989329874058813,
   0.5834194930207328,
   0.825174984060093
  ],
  [
   0.8699436244735367,
   0.988135198832681,
   0.74638376252669
  ],
  [
   0.7015076797699924,
   0.08329656100983873,
   0.24627029925197835
  ],
  [
   0.5780630240442051,
   0.7857389495503777,
   0.832436528614425
  ],
  [
   0.9933475267784281,
   0.2856896047658299,
   0.3324182470292321
  ],
  [
   0.49336554738436394,
   0.28568962187818037,
   0.2389920428141474
  ],
  [
   0.07808104465014103,
   0.7857389666627534,
   0.7390103243993436
  ],
  [
   0.754224737683117,
   0.7856881534083234,
   0.05214363913549332
  ],
  [
   0.8172063592368138,
   0.2873797020499385,
   0.5521294922552344
  ],
  [
   0.31720383374545863,
   0.2857404180202441,
   0.01928493229307921
  ],
  [
   0.2542222121917596,
   0.7856882136409327,
   0.5192990791733408
  ],
  [
   0.9406631137702488,
   0.785767860668835,
   0.6142479410078823
  ],
  [
   0.6307746855411989,
   0.2856606995918082,
   0.1141852134496121
  ],
  [
   0.13076545765832873,
   0.285660710759749,
   0.45718063042071005
  ],
  [
   0.44065388588736404,
   0.7857678718367567,
   0.9572433579789548
  ],
  [
   0.9381991319443621,
   0.7857630996231021,
   0.29003180849006505
  ],
  [
   0.633221400408768,
   0.2856654776310827,
   0.7899652437121043
  ],
  [
   0.13322943948422294,
   0.28566547180545393,
   0.7813967629385008
  ],
  [
   0.4382071710197879,
   0.7857630937974978,
   0.28146332771646937
  ],
  [
   0.535714285714294,
   0.5357142857142884,
   0.5357142857142776
  ],
  [
   0.035714285714276,
   0.5357142857142809,
   0.03571428571428969
  ],
  [
   0.5357142857142945,
   0.035714285714275616,
   0.5357142857142763
  ],
  [
   0.03571428571428916,
   0.03571428571428573,
   0.03571428571427985
  ]
 ]
}