{
 "0": {
  "0": [
   0.6214094876714472,
   0.6398641833511423,
   0.6398714363719434,
   0.6214148256536558,
   0.6257720728943867,
   0.6423673686555281,
   0.642382438291139,
   0.6257842463661831,
   0.6281596195350527,
   0.6421245194704979,
   0.642132530735863,
   0.6281666775385434,
   0.6281666775384986,
   0.6421325307359294,
   0.6421245194704843,
   0.6281596195350131,
   0.6257842463661671,
   0.642382438291147,
   0.6423673686555361,
   0.6257720728942869,
   0.6214148256536454,
   0.6398714363719584,
   0.6398641833510939,
   0.621409487671494
  ],
  "1": [
   2.967731219630532,
   2.9492325604823146,
   2.9492398257993253,
   2.967736588439556,
   2.963267045674331,
   2.946680113901983,
   2.946695197202248,
   2.9632792981194984,
   2.960788535423882,
   2.94688949033348,
   2.9468975024441577,
   2.9607956426546447,
   2.9607956426546864,
   2.9468975024441857,
   2.9468894903335072,
   2.960788535423877,
   2.963279298119504,
   2.946695197202296,
   2.9466801139020453,
   2.9632670456741996,
   2.9677365884395313,
   2.949239825799285,
   2.949232560482357,
   2.967731219630703
  ]
 },
 "1": {
  "0": [
   1.7970513856376318,
   1.7971012658525707,
   1.797101792298264,
   1.7970518895984646,
   1.7970492622931409,
   1.7971031752082351,
   1.7971042742844974,
   1.7970502547714222,
   1.7970476632315526,
   1.7971056631431193,
   1.7971062163456757,
   1.797048142614701,
   1.797048142614694,
   1.797106216345758,
   1.7971056631431546,
   1.7970476632316283,
   1.7970502547713931,
   1.797104274284547,
   1.797103175208174,
   1.797049262293288,
   1.797051889598591,
   1.797101792298489,
   1.7971012658525116,
   1.7970513856376165
  ],
  "1": [
   1.7940031845581692,
   1.793998142943162,
   1.7939986754109518,
   1.7940036790017357,
   1.794001567977404,
   1.793991960422103,
   1.7939930713907406,
   1.7940025423622377,
   1.794000457579974,
   1.7939862894403824,
   1.7939868484746109,
   1.794000927945153,
   1.7940009279450175,
   1.7939868484746282,
   1.7939862894405436,
   1.794000457580043,
   1.7940025423622128,
   1.793993071390681,
   1.7939919604221302,
   1.7940015679773482,
   1.7940036790017009,
   1.7939986754111148,
   1.7939981429430012,
   1.794003184558278
  ]
 },
 "2": {
  "0": [
   1.7951147159505803,
   1.7951103195798064,
   1.7951185911486227,
   1.7951190514109172,
   1.795111158473608,
   1.79511511951086,
   1.7951150843143584,
   1.7951112627681363,
   1.7951211442252426,
   1.795122133164112,
   1.7951129924312481,
   1.7951157412873988,
   1.795115794366259,
   1.7951130441076735,
   1.795124352752756,
   1.7951248284066486,
   1.795113916100055,
   1.7951161616991127,
   1.7951161616992715,
   1.7951139161002803,
   1.7951248284062682,
   1.7951243527528686,
   1.7951130441076766,
   1.7951157943664773,
   1.795115741287573,
   1.7951129924312232,
   1.7951221331641665,
   1.7951211442253265,
   1.7951112627681687,
   1.7951150843143973,
   1.7951151195108714,
   1.7951111584732335,
   1.795119051411135,
   1.7951185911486427,
   1.795110319579838,
   1.7951147159504353
  ],
  "1": [
   1.7960607173630336,
   1.796056848105551,
   1.796049694919773,
   1.7960501636290567,
   1.7960577057253855,
   1.7960611305003347,
   1.7960616859542278,
   1.7960582635859574,
   1.796052145200352,
   1.7960531507910567,
   1.7960600304186374,
   1.7960623613003757,
   1.7960630407014881,
   1.796060559062831,
   1.7960552233119338,
   1.796055707087777,
   1.7960614492680778,
   1.7960634169421297,
   1.7960634169422345,
   1.796061449268709,
   1.7960557070876053,
   1.796055223312014,
   1.7960605590627576,
   1.7960630407016795,
   1.796062361300274,
   1.7960600304186922,
   1.7960531507906787,
   1.7960521452000977,
   1.7960582635862115,
   1.7960616859540288,
   1.7960611304999419,
   1.7960577057253029,
   1.7960501636292017,
   1.7960496949196507,
   1.796056848105435,
   1.7960607173629612
  ]
 },
 "Z_a": [
  6,
  6,
  6,
  6,
  6,
  6,
  6,
  6,
  6,
  6,
  6,
  6,
  15,
  15,
  15,
  15,
  5,
  5,
  5,
  5,
  6,
  6,
  6,
  6,
  1,
  1,
  1,
  1
 ],
 "spos_ac": [
  [
   0.8699160744877641,
   0.5834161987086461,
   0.7463669200398202
  ],
  [
   0.7015352726879851,
   0.4880090784078269,
   0.246253587368464
  ],
  [
   0.2014849469550319,
   0.08329337259590185,
   0.3250448089018769
  ],
  [
   0.36992089165857833,
   0.9881320104187304,
   0.825158272176593
  ],
  [
   0.20151249694080317,
   0.4880123727199402,
   0.3250616513887663
  ],
  [
   0.36989329874058813,
   0.5834194930207328,
   0.825174984060093
  ],
  [
   0.8699436244735367,
   0.988135198832681,
   0.74638376252669
  ],
  [
   0.7015076797699924,
   0.08329656100983873,
   0.24627029925197835
  ],
  [
   0.5780630240442051,
   0.7857389495503777,
   0.832436528614425
  ],
  [
   0.9933475267784281,
   0.2856896047658299,
   0.3324182470292321
  ],
  [
   0.49336554738436394,
   0.28568962187818037,
   0.2389920428141474
  ],
  [
   0.07808104465014103,
   0.7857389666627534,
   0.7390103243993436
  ],
  [
   0.754224737683117,
   0.7856881534083234,
   0.05214363913549332
  ],
  [
   0.8172063592368138,
   0.2857403577876434,
   0.5521294922552344
  ],
  [
   0.31720383374545863,
   0.2857404180202441,
   0.01928493229307921
  ],
  [
   0.2542222121917596,
   0.7856882136409327,
   0.5192990791733408
  ],
  [
   0.9406631137702488,
   0.785767860668835,
   0.6142479410078823
  ],
  [
   0.6307746855411989,
   0.2856606995918082,
   0.1141852134496121
  ],
  [
   0.13076545765832873,
   0.285660710759749,
   0.45718063042071005
  ],
  [
   0.44065388588736404,
   0.7857678718367567,
   0.9572433579789548
  ],
  [
   0.9381991319443621,
   0.7857630996231021,
   0.29003180849006505
  ],
  [
   0.633221400408768,
   0.2856654776310827,
   0.7899652437121043
  ],
  [
   0.13322943948422294,
   0.28566547180545393,
   0.7813967629385008
  ],
  [
   0.4382071710197879,
   0.7857630937974978,
   0.28146332771646937
  ],
  [
   0.535714285714294,
   0.5373536299765833,
   0.5357142857142776
  ],
  [
   0.035714285714276,
   0.5357142857142809,
   0.03571428571428969
  ],
  [
   0.5357142857142945,
   0.035714285714275616,
   0.5357142857142763
  ],
  [
   0.03571428571428916,
   0.03571428571428573,
   0.03571428571427985
  ]
 ]
}