{
 "0": {
  "0": [
   0.6001952643329448,
   0.6182224042385189,
   0.6182223957841174,
   0.6001952614376302,
   0.6046403053861825,
   0.620765451184338,
   0.6207654284972804,
   0.6046402961808939,
   0.6071067489988726,
   0.620553025013439,
   0.6205530099512787,
   0.6071067421506293,
   0.607106742151087,
   0.6205530099513697,
   0.6205530250137362,
   0.6071067489987777,
   0.604640296180786,
   0.6207654284973405,
   0.6207654511842079,
   0.6046403053861914,
   0.6001952614376952,
   0.618222395784138,
   0.6182224042385216,
   0.6001952643329289
  ],
  "1": [
   2.945815329313677,
   2.927249942860841,
   2.9272499427719523,
   2.945815327072323,
   2.9414205288366055,
   2.9247466305520913,
   2.9247466250153353,
   2.941420520329141,
   2.9390121212320452,
   2.9249966165528245,
   2.9249966104863256,
   2.939012115189607,
   2.9390121151898603,
   2.9249966104864726,
   2.9249966165527788,
   2.9390121212317317,
   2.9414205203291734,
   2.924746625015383,
   2.924746630552092,
   2.941420528836541,
   2.945815327072272,
   2.9272499427719154,
   2.927249942860829,
   2.945815329313703
  ]
 },
 "1": {
  "0": [
   1.7967190384974543,
   1.7967462150294191,
   1.7967461888027059,
   1.796719022561215,
   1.7967188086209305,
   1.796750283806781,
   1.7967502315970671,
   1.7967187763121346,
   1.79671856761923,
   1.7967543629194205,
   1.7967543359057006,
   1.7967185512565493,
   1.7967185512564912,
   1.796754335905929,
   1.79675436291934,
   1.796718567619394,
   1.796718776312154,
   1.7967502315970945,
   1.796750283806632,
   1.7967188086209005,
   1.7967190225610667,
   1.7967461888028256,
   1.7967462150292044,
   1.7967190384977016
  ],
  "1": [
   1.7936714895047108,
   1.793644005456474,
   1.7936440114421193,
   1.7936714885784375,
   1.7936717369633932,
   1.7936399331171968,
   1.7936399440669675,
   1.793671736824288,
   1.7936719796056204,
   1.7936358286836336,
   1.7936358332033475,
   1.793671979794562,
   1.7936719797944523,
   1.7936358332033975,
   1.7936358286836835,
   1.793671979605626,
   1.7936717368241348,
   1.7936399440670552,
   1.7936399331172261,
   1.7936717369633457,
   1.793671488578495,
   1.7936440114420746,
   1.7936440054566931,
   1.7936714895048131
  ]
 },
 "2": {
  "0": [
   1.7934377072434773,
   1.7935627163425891,
   1.7937155766274984,
   1.7937155787651218,
   1.7935627205043179,
   1.793437709408952,
   1.7934397864766725,
   1.7935743372927653,
   1.7937268588099207,
   1.7937268624843277,
   1.7935743473151573,
   1.7934397917948193,
   1.7934423122089507,
   1.79358655569829,
   1.7937387912578093,
   1.7937387921434556,
   1.7935865606285557,
   1.793442314295009,
   1.7934423142947862,
   1.7935865606284598,
   1.7937387921431158,
   1.7937387912575926,
   1.7935865556979815,
   1.7934423122065772,
   1.7934397917945495,
   1.793574347314822,
   1.7937268624835125,
   1.7937268588107134,
   1.7935743372934905,
   1.7934397864768914,
   1.7934377094095775,
   1.7935627205050098,
   1.793715578765937,
   1.7937155766283919,
   1.7935627163419834,
   1.7934377072430674
  ],
  "1": [
   1.7937696708055426,
   1.7937300352990087,
   1.7936839185203923,
   1.793683921113129,
   1.793730040427499,
   1.793769672926214,
   1.7937705955183152,
   1.7937281245783039,
   1.7936769317022325,
   1.7936769355362703,
   1.7937281360314112,
   1.7937706009992531,
   1.7937717967671845,
   1.79372631249826,
   1.7936698554654202,
   1.79366985726,
   1.7937263179983831,
   1.793771799147001,
   1.7937717991472635,
   1.7937263179977407,
   1.7936698572601828,
   1.793669855465443,
   1.7937263124981626,
   1.7937717967666964,
   1.7937706009988779,
   1.7937281360307582,
   1.7936769355349536,
   1.7936769317027639,
   1.793728124578134,
   1.7937705955187395,
   1.7937696729267598,
   1.7937300404286407,
   1.7936839211139517,
   1.7936839185211,
   1.7937300352987582,
   1.7937696708052333
  ]
 },
 "Z_a": [
  6,
  6,
  6,
  6,
  6,
  6,
  6,
  6,
  6,
  6,
  6,
  6,
  15,
  15,
  15,
  15,
  5,
  5,
  5,
  5,
  6,
  6,
  6,
  6,
  1,
  1,
  1,
  1
 ],
 "spos_ac": [
  [
   0.8699160744877641,
   0.5834161987086461,
   0.7463669200398202
  ],
  [
   0.7015352726879851,
   0.4880090784078269,
   0.246253587368464
  ],
  [
   0.2014849469550319,
   0.08329337259590185,
   0.3250448089018769
  ],
  [
   0.36992089165857833,
   0.9881320104187304,
   0.825158272176593
  ],
  [
   0.20151249694080317,
   0.4880123727199402,
   0.3250616513887663
  ],
  [
   0.36989329874058813,
   0.5834194930207328,
   0.825174984060093
  ],
  [
   0.8699436244735367,
   0.988135198832681,
   0.74638376252669
  ],
  [
   0.7015076797699924,
   0.08329656100983873,
   0.24627029925197835
  ],
  [
   0.5780630240442051,
   0.7857389495503777,
   0.832436528614425
  ],
  [
   0.9933475267784281,
   0.2856896047658299,
   0.3324182470292321
  ],
  [
   0.49336554738436394,
   0.28568962187818037,
   0.2389920428141474
  ],
  [
   0.07808104465014103,
   0.7857389666627534,
   0.7390103243993436
  ],
  [
   0.754224737683117,
   0.7856881534083234,
   0.05214363913549332
  ],
  [
   0.8172063592368138,
   0.2857403577876434,
   0.5521294922552344
  ],
  [
   0.31720383374545863,
   0.2857404180202441,
   0.01928493229307921
  ],
  [
   0.2542222121917596,
   0.7856882136409327,
   0.5192990791733408
  ],
  [
   0.9406631137702488,
   0.785767860668835,
   0.6142479410078823
  ],
  [
   0.6307746855411989,
   0.2856606995918082,
   0.1141852134496121
  ],
  [
   0.13076545765832873,
   0.285660710759749,
   0.45718063042071005
  ],
  [
   0.44065388588736404,
   0.7857678718367567,
   0.9572433579789548
  ],
  [
   0.9391551548889128,
   0.7857630996231021,
   0.29003180849006505
  ],
  [
   0.633221400408768,
   0.2856654776310827,
   0.7899652437121043
  ],
  [
   0.13322943948422294,
   0.28566547180545393,
   0.7813967629385008
  ],
  [
   0.4382071710197879,
   0.7857630937974978,
   0.28146332771646937
  ],
  [
   0.535714285714294,
   0.5357142857142884,
   0.5357142857142776
  ],
  [
   0.035714285714276,
   0.5357142857142809,
   0.03571428571428969
  ],
  [
   0.5357142857142945,
   0.035714285714275616,
   0.5357142857142763
  ],
  [
   0.03571428571428916,
   0.03571428571428573,
   0.03571428571427985
  ]
 ]
}