{
 "0": {
  "0": [
   0.6220378813554543,
   0.6405112601962454,
   0.6405156556306502,
   0.6220358815004269,
   0.6264541248407468,
   0.6430385564998342,
   0.6430447549726676,
   0.6264470252348285,
   0.6288865758480744,
   0.6428152405451248,
   0.6428167496841696,
   0.6288814247197809,
   0.6288814247198604,
   0.642816749684145,
   0.6428152405452038,
   0.62888657584825,
   0.6264470252350001,
   0.6430447549725409,
   0.6430385565000273,
   0.626454124840903,
   0.6220358815004019,
   0.6405156556306427,
   0.640511260196227,
   0.622037881355386
  ],
  "1": [
   2.968356863931874,
   2.9498805647322297,
   2.9498905079770954,
   2.9683652382452035,
   2.9639436216619512,
   2.9473523506065726,
   2.9473640723792944,
   2.9639530516257078,
   2.961516142513495,
   2.947584851200165,
   2.947585191093604,
   2.961515877852063,
   2.961515877852166,
   2.947585191093614,
   2.9475848512001948,
   2.9615161425135788,
   2.9639530516255967,
   2.947364072379326,
   2.9473523506065473,
   2.96394362166202,
   2.9683652382451062,
   2.949890507977115,
   2.9498805647323088,
   2.9683568639318483
  ]
 },
 "1": {
  "0": [
   1.8333029530702818,
   1.8335707649728448,
   1.8335563211301695,
   1.8332983355108352,
   1.8332979591149072,
   1.8335963114909757,
   1.8335675109569525,
   1.8332884199088184,
   1.8332882750991888,
   1.8336080142756759,
   1.8335937172144112,
   1.8332834524755444,
   1.8332834524754658,
   1.8335937172143006,
   1.8336080142757112,
   1.833288275099292,
   1.8332884199088206,
   1.833567510956925,
   1.8335963114909948,
   1.833297959115044,
   1.8332983355109367,
   1.8335563211302255,
   1.8335707649729407,
   1.8333029530703504
  ],
  "1": [
   1.830625181982806,
   1.831017327470785,
   1.8310144914795385,
   1.8306263286741438,
   1.8306273933093464,
   1.8310031703957348,
   1.8309975150228504,
   1.8306295225799438,
   1.8306306293756813,
   1.8309863617181343,
   1.8309835996664174,
   1.8306317887762562,
   1.8306317887763859,
   1.830983599666441,
   1.8309863617181537,
   1.830630629375667,
   1.8306295225799916,
   1.8309975150226707,
   1.8310031703957024,
   1.8306273933093917,
   1.8306263286741822,
   1.8310144914796105,
   1.8310173274707089,
   1.8306251819828088
  ]
 },
 "2": {
  "0": [
   1.7947418120604381,
   1.7947426899696526,
   1.7947509019454586,
   1.7947503021845908,
   1.794741077198147,
   1.794740716645331,
   1.7947419549012051,
   1.7947433821481547,
   1.794751076831375,
   1.7947505517619167,
   1.7947400893073637,
   1.7947399105554038,
   1.7947411522428762,
   1.7947424094710485,
   1.794751174061522,
   1.7947509016983372,
   1.794740737570263,
   1.794740018922364,
   1.794740018921916,
   1.7947407375702418,
   1.7947509016981509,
   1.7947511740615625,
   1.7947424094710487,
   1.7947411522431527,
   1.7947399105553095,
   1.7947400893074328,
   1.7947505517615512,
   1.7947510768320247,
   1.7947433821483751,
   1.794741954901374,
   1.7947407166448022,
   1.7947410771981394,
   1.794750302184665,
   1.7947509019453556,
   1.7947426899700536,
   1.7947418120606347
  ],
  "1": [
   1.7956911455602274,
   1.7956945203324526,
   1.795688831228377,
   1.7956853852355505,
   1.795690743500338,
   1.795689946948268,
   1.7956917391801792,
   1.7956965642013363,
   1.7956899721981687,
   1.7956840200411794,
   1.7956890226455047,
   1.7956897462096164,
   1.7956915759487664,
   1.7956949636980795,
   1.795688403073448,
   1.7956853081812438,
   1.7956909959978635,
   1.795690333350837,
   1.7956903333505683,
   1.795690995998038,
   1.7956853081813273,
   1.7956884030733509,
   1.7956949636981632,
   1.7956915759485603,
   1.7956897462098491,
   1.7956890226452982,
   1.795684020041545,
   1.7956899721982071,
   1.7956965642011593,
   1.7956917391798608,
   1.7956899469483583,
   1.7956907434999618,
   1.7956853852350438,
   1.7956888312285912,
   1.7956945203322043,
   1.7956911455604558
  ]
 },
 "Z_a": [
  6,
  6,
  6,
  6,
  6,
  6,
  6,
  6,
  6,
  6,
  6,
  6,
  15,
  15,
  15,
  15,
  5,
  5,
  5,
  5,
  6,
  6,
  6,
  6,
  1,
  1,
  1,
  1
 ],
 "spos_ac": [
  [
   0.8699160744877641,
   0.5834161987086461,
   0.7463669200398202
  ],
  [
   0.7015352726879851,
   0.4880090784078269,
   0.246253587368464
  ],
  [
   0.2014849469550319,
   0.08329337259590185,
   0.3250448089018769
  ],
  [
   0.36992089165857833,
   0.9881320104187304,
   0.825158272176593
  ],
  [
   0.20151249694080317,
   0.4880123727199402,
   0.3250616513887663
  ],
  [
   0.36989329874058813,
   0.5834194930207328,
   0.825174984060093
  ],
  [
   0.8699436244735367,
   0.988135198832681,
   0.74638376252669
  ],
  [
   0.7015076797699924,
   0.08329656100983873,
   0.24627029925197835
  ],
  [
   0.5780630240442051,
   0.7857389495503777,
   0.832436528614425
  ],
  [
   0.9933475267784281,
   0.2856896047658299,
   0.3324182470292321
  ],
  [
   0.49336554738436394,
   0.28568962187818037,
   0.2389920428141474
  ],
  [
   0.07808104465014103,
   0.7857389666627534,
   0.7390103243993436
  ],
  [
   0.754224737683117,
   0.7856881534083234,
   0.05214363913549332
  ],
  [
   0.8172063592368138,
   0.2857403577876434,
   0.5521294922552344
  ],
  [
   0.31720383374545863,
   0.2857404180202441,
   0.01928493229307921
  ],
  [
   0.2542222121917596,
   0.7856882136409327,
   0.5192990791733408
  ],
  [
   0.9406631137702488,
   0.785767860668835,
   0.6142479410078823
  ],
  [
   0.6307746855411989,
   0.2856606995918082,
   0.1141852134496121
  ],
  [
   0.13076545765832873,
   0.285660710759749,
   0.45718063042071005
  ],
  [
   0.44065388588736404,
   0.7857678718367567,
   0.9572433579789548
  ],
  [
   0.9381991319443621,
   0.7857630996231021,
   0.29003180849006505
  ],
  [
   0.633221400408768,
   0.2840261333687876,
   0.7899652437121043
  ],
  [
   0.13322943948422294,
   0.28566547180545393,
   0.7813967629385008
  ],
  [
   0.4382071710197879,
   0.7857630937974978,
   0.28146332771646937
  ],
  [
   0.535714285714294,
   0.5357142857142884,
   0.5357142857142776
  ],
  [
   0.035714285714276,
   0.5357142857142809,
   0.03571428571428969
  ],
  [
   0.5357142857142945,
   0.035714285714275616,
   0.5357142857142763
  ],
  [
   0.03571428571428916,
   0.03571428571428573,
   0.03571428571427985
  ]
 ]
}