{
 "0": {
  "0": [
   0.6220699003818442,
   0.6403883105577581,
   0.6403882901194848,
   0.6220698882943316,
   0.6265382555855304,
   0.6430908744451128,
   0.6430908275293385,
   0.626538228232177,
   0.6290181497621177,
   0.6430300370239055,
   0.6430300089796174,
   0.6290181340522154,
   0.6290181340523153,
   0.64303000897965,
   0.6430300370238395,
   0.6290181497621761,
   0.6265382282321428,
   0.6430908275292953,
   0.6430908744450635,
   0.6265382555854693,
   0.6220698882943987,
   0.6403882901194643,
   0.6403883105578012,
   0.6220699003818381
  ],
  "1": [
   2.9681599993437078,
   2.9497170752900574,
   2.949717112290163,
   2.968160027797396,
   2.9636990588391825,
   2.9471090795569985,
   2.947109153945512,
   2.963699114462397,
   2.961244892115724,
   2.9472549694055745,
   2.9472550061075653,
   2.961244918317749,
   2.9612449183176985,
   2.9472550061076683,
   2.9472549694057006,
   2.9612448921157166,
   2.9636991144625036,
   2.947109153945435,
   2.9471090795568653,
   2.9636990588391767,
   2.968160027797376,
   2.9497171122902888,
   2.949717075289972,
   2.9681599993437286
  ]
 },
 "1": {
  "0": [
   1.7967174352890176,
   1.7967452566586675,
   1.796745249891908,
   1.7967174277230356,
   1.796717229347903,
   1.7967493566699106,
   1.7967493430610462,
   1.7967172144626784,
   1.7967170205399197,
   1.7967534868325943,
   1.7967534802861718,
   1.7967170130211367,
   1.7967170130212364,
   1.7967534802861465,
   1.7967534868324384,
   1.796717020540001,
   1.7967172144626813,
   1.7967493430610761,
   1.796749356670028,
   1.7967172293478766,
   1.7967174277231004,
   1.7967452498918588,
   1.7967452566586173,
   1.7967174352890753
  ],
  "1": [
   1.7936723930420106,
   1.7936450785505051,
   1.793645099903829,
   1.7936724045610917,
   1.7936726346470666,
   1.7936410185856722,
   1.793641061635593,
   1.793672658097412,
   1.793672883558599,
   1.7936369433957544,
   1.7936369649365054,
   1.7936728953977714,
   1.793672895398065,
   1.793636964936638,
   1.7936369433956643,
   1.793672883558498,
   1.7936726580975433,
   1.7936410616358334,
   1.7936410185856346,
   1.7936726346470442,
   1.7936724045612693,
   1.7936450999038553,
   1.793645078550471,
   1.7936723930420548
  ]
 },
 "2": {
  "0": [
   1.8459474557561448,
   1.8458487711985287,
   1.8457638823544078,
   1.845763875777226,
   1.8458487621770512,
   1.8459474513942828,
   1.8459445769700986,
   1.845846827288768,
   1.8457594527296766,
   1.8457594399489874,
   1.8458468083037456,
   1.8459445690149865,
   1.8459415146987683,
   1.8458446834139715,
   1.8457551787320576,
   1.84575517216926,
   1.8458446740426115,
   1.845941510732131,
   1.8459415107320782,
   1.845844674042444,
   1.845755172169164,
   1.8457551787320705,
   1.8458446834139617,
   1.8459415146988678,
   1.845944569015088,
   1.8458468083037132,
   1.8457594399489734,
   1.8457594527297994,
   1.8458468272889195,
   1.845944576970074,
   1.8459474513943706,
   1.8458487621768451,
   1.8457638757771466,
   1.84576388235425,
   1.8458487711984497,
   1.8459474557561155
  ],
  "1": [
   1.9147521320577916,
   1.9151487387787804,
   1.915560015348732,
   1.915560020480151,
   1.9151487463492671,
   1.9147521350788987,
   1.9147521763891853,
   1.9151386132730752,
   1.9155389800480234,
   1.9155389907825104,
   1.9151386285313428,
   1.9147521817538788,
   1.9147521887891366,
   1.9151281112004814,
   1.9155170312111789,
   1.915517036767071,
   1.9151281189881548,
   1.914752191659941,
   1.9147521916599988,
   1.9151281189882439,
   1.9155170367668535,
   1.9155170312112124,
   1.9151281112005265,
   1.9147521887889187,
   1.914752181754194,
   1.915138628531665,
   1.9155389907828548,
   1.915538980048253,
   1.915138613272969,
   1.9147521763895496,
   1.91475213507887,
   1.9151487463493173,
   1.9155600204802854,
   1.9155600153484327,
   1.9151487387791644,
   1.9147521320576786
  ]
 },
 "Z_a": [
  6,
  6,
  6,
  6,
  6,
  6,
  6,
  6,
  6,
  6,
  6,
  6,
  15,
  15,
  15,
  15,
  5,
  5,
  5,
  5,
  6,
  6,
  6,
  6,
  1,
  1,
  1,
  1
 ],
 "spos_ac": [
  [
   0.8699160744877641,
   0.5834161987086461,
   0.7463669200398202
  ],
  [
   0.7015352726879851,
   0.4880090784078269,
   0.246253587368464
  ],
  [
   0.2014849469550319,
   0.08329337259590185,
   0.3250448089018769
  ],
  [
   0.36992089165857833,
   0.9881320104187304,
   0.825158272176593
  ],
  [
   0.20151249694080317,
   0.4880123727199402,
   0.3250616513887663
  ],
  [
   0.36989329874058813,
   0.5834194930207328,
   0.825174984060093
  ],
  [
   0.8699436244735367,
   0.988135198832681,
   0.74638376252669
  ],
  [
   0.7015076797699924,
   0.08329656100983873,
   0.24627029925197835
  ],
  [
   0.5780630240442051,
   0.7857389495503777,
   0.832436528614425
  ],
  [
   0.9933475267784281,
   0.2856896047658299,
   0.3324182470292321
  ],
  [
   0.49336554738436394,
   0.28568962187818037,
   0.2389920428141474
  ],
  [
   0.07808104465014103,
   0.7857389666627534,
   0.7390103243993436
  ],
  [
   0.754224737683117,
   0.7856881534083234,
   0.05214363913549332
  ],
  [
   0.8172063592368138,
   0.2857403577876434,
   0.5521294922552344
  ],
  [
   0.31720383374545863,
   0.2857404180202441,
   0.017175227651729002
  ],
  [
   0.2542222121917596,
   0.7856882136409327,
   0.5192990791733408
  ],
  [
   0.9406631137702488,
   0.785767860668835,
   0.6142479410078823
  ],
  [
   0.6307746855411989,
   0.2856606995918082,
   0.1141852134496121
  ],
  [
   0.13076545765832873,
   0.285660710759749,
   0.45718063042071005
  ],
  [
   0.44065388588736404,
   0.7857678718367567,
   0.9572433579789548
  ],
  [
   0.9381991319443621,
   0.7857630996231021,
   0.29003180849006505
  ],
  [
   0.633221400408768,
   0.2856654776310827,
   0.7899652437121043
  ],
  [
   0.13322943948422294,
   0.28566547180545393,
   0.7813967629385008
  ],
  [
   0.4382071710197879,
   0.7857630937974978,
   0.28146332771646937
  ],
  [
   0.535714285714294,
   0.5357142857142884,
   0.5357142857142776
  ],
  [
   0.035714285714276,
   0.5357142857142809,
   0.03571428571428969
  ],
  [
   0.5357142857142945,
   0.035714285714275616,
   0.5357142857142763
  ],
  [
   0.03571428571428916,
   0.03571428571428573,
   0.03571428571427985
  ]
 ]
}