{
 "0": {
  "0": [
   0.6220904803600519,
   0.6405711448165491,
   0.6404642202167198,
   0.621988785070889,
   0.6265534954419636,
   0.6431511175403093,
   0.6429367418777697,
   0.6263546962175999,
   0.6289366822571192,
   0.6428699681188288,
   0.6427627045348099,
   0.6288401024825054,
   0.6288401024824287,
   0.6427627045346976,
   0.6428699681187906,
   0.62893668225715,
   0.6263546962176151,
   0.6429367418778283,
   0.6431511175403631,
   0.6265534954420237,
   0.621988785070926,
   0.6404642202168461,
   0.6405711448166896,
   0.6220904803601424
  ],
  "1": [
   2.9683697566023866,
   2.9498966588456983,
   2.94985494193185,
   2.96833110705177,
   2.9639782973059794,
   2.9473893925834465,
   2.947307390261148,
   2.9639005207183367,
   2.9615285002477223,
   2.9475948995115653,
   2.9475547077239805,
   2.9614892967745847,
   2.961489296774544,
   2.947554707723969,
   2.9475948995115346,
   2.961528500247756,
   2.9639005207181857,
   2.947307390261204,
   2.947389392583371,
   2.9639782973060704,
   2.968331107051697,
   2.9498549419318594,
   2.9498966588458306,
   2.968369756602336
  ]
 },
 "1": {
  "0": [
   1.7061812481619316,
   1.7058875426485816,
   1.7058969024218742,
   1.7061841762577243,
   1.7061741222583673,
   1.705888416685177,
   1.7059079865125617,
   1.7061800410503494,
   1.7061698366419833,
   1.7058999757221187,
   1.7059102265607164,
   1.7061729265409655,
   1.7061729265410297,
   1.70591022656069,
   1.7058999757222124,
   1.7061698366419982,
   1.706180041050298,
   1.7059079865125695,
   1.7058884166851525,
   1.7061741222583358,
   1.7061841762576637,
   1.7058969024219508,
   1.7058875426486624,
   1.7061812481620116
  ],
  "1": [
   1.757592606945674,
   1.7569955591008588,
   1.7570124895114974,
   1.7576057583365938,
   1.7575848027322662,
   1.757014133472092,
   1.757048214175913,
   1.757611375870569,
   1.7575905324990553,
   1.757050110228971,
   1.7570671486862615,
   1.7576038651421901,
   1.7576038651422947,
   1.757067148686322,
   1.7570501102289509,
   1.7575905324991368,
   1.7576113758706071,
   1.75704821417587,
   1.7570141334720042,
   1.7575848027321392,
   1.757605758336524,
   1.7570124895113772,
   1.7569955591008426,
   1.7575926069457295
  ]
 },
 "2": {
  "0": [
   1.794700577189265,
   1.7947032932249378,
   1.7947101946364765,
   1.794704799121326,
   1.7946953185789865,
   1.7946976359599285,
   1.7947016894128438,
   1.7947071431629218,
   1.7947129089778113,
   1.7947017428974252,
   1.7946907173331481,
   1.7946957248009923,
   1.7946997775142746,
   1.7947027469813208,
   1.7947100493857404,
   1.7947042864281884,
   1.794694332972685,
   1.794696805411766,
   1.7946968054114774,
   1.7946943329723926,
   1.7947042864278342,
   1.7947100493856993,
   1.794702746981434,
   1.7946997775142968,
   1.794695724801148,
   1.7946907173332407,
   1.7947017428976075,
   1.7947129089777114,
   1.7947071431628518,
   1.7947016894126842,
   1.7946976359599127,
   1.7946953185789392,
   1.7947047991213956,
   1.7947101946363448,
   1.7947032932253861,
   1.7947005771897153
  ],
  "1": [
   1.7956896883744062,
   1.7956915864613203,
   1.7956843183261744,
   1.7956843865171692,
   1.7956904886796639,
   1.7956888255136167,
   1.795690334174128,
   1.795692288453471,
   1.795684232176962,
   1.7956842822790042,
   1.7956901501933324,
   1.7956885819982693,
   1.7956901181778828,
   1.7956919188668563,
   1.7956840589617855,
   1.7956842214871234,
   1.7956909115769493,
   1.7956892373934104,
   1.7956892373927773,
   1.7956909115762039,
   1.7956842214866608,
   1.7956840589610716,
   1.7956919188671046,
   1.7956901181780072,
   1.7956885819983495,
   1.7956901501937912,
   1.7956842822797356,
   1.7956842321765556,
   1.795692288453416,
   1.7956903341736672,
   1.7956888255136247,
   1.7956904886792173,
   1.795684386516836,
   1.7956843183254383,
   1.7956915864619103,
   1.7956896883753646
  ]
 },
 "Z_a": [
  6,
  6,
  6,
  6,
  6,
  6,
  6,
  6,
  6,
  6,
  6,
  6,
  15,
  15,
  15,
  15,
  5,
  5,
  5,
  5,
  6,
  6,
  6,
  6,
  1,
  1,
  1,
  1
 ],
 "spos_ac": [
  [
   0.8699160744877641,
   0.5834161987086461,
   0.7463669200398202
  ],
  [
   0.7015352726879851,
   0.4880090784078269,
   0.246253587368464
  ],
  [
   0.2014849469550319,
   0.08329337259590185,
   0.3250448089018769
  ],
  [
   0.36992089165857833,
   0.9881320104187304,
   0.825158272176593
  ],
  [
   0.20151249694080317,
   0.4880123727199402,
   0.3250616513887663
  ],
  [
   0.36989329874058813,
   0.5834194930207328,
   0.825174984060093
  ],
  [
   0.8699436244735367,
   0.988135198832681,
   0.74638376252669
  ],
  [
   0.7015076797699924,
   0.08329656100983873,
   0.24627029925197835
  ],
  [
   0.5780630240442051,
   0.7857389495503777,
   0.832436528614425
  ],
  [
   0.9933475267784281,
   0.2856896047658299,
   0.3324182470292321
  ],
  [
   0.49336554738436394,
   0.28568962187818037,
   0.2389920428141474
  ],
  [
   0.07808104465014103,
   0.7857389666627534,
   0.7390103243993436
  ],
  [
   0.754224737683117,
   0.7873274976706185,
   0.05214363913549332
  ],
  [
   0.8172063592368138,
   0.2857403577876434,
   0.5521294922552344
  ],
  [
   0.31720383374545863,
   0.2857404180202441,
   0.01928493229307921
  ],
  [
   0.2542222121917596,
   0.7856882136409327,
   0.5192990791733408
  ],
  [
   0.9406631137702488,
   0.785767860668835,
   0.6142479410078823
  ],
  [
   0.6307746855411989,
   0.2856606995918082,
   0.1141852134496121
  ],
  [
   0.13076545765832873,
   0.285660710759749,
   0.45718063042071005
  ],
  [
   0.44065388588736404,
   0.7857678718367567,
   0.9572433579789548
  ],
  [
   0.9381991319443621,
   0.7857630996231021,
   0.29003180849006505
  ],
  [
   0.633221400408768,
   0.2856654776310827,
   0.7899652437121043
  ],
  [
   0.13322943948422294,
   0.28566547180545393,
   0.7813967629385008
  ],
  [
   0.4382071710197879,
   0.7857630937974978,
   0.28146332771646937
  ],
  [
   0.535714285714294,
   0.5357142857142884,
   0.5357142857142776
  ],
  [
   0.035714285714276,
   0.5357142857142809,
   0.03571428571428969
  ],
  [
   0.5357142857142945,
   0.035714285714275616,
   0.5357142857142763
  ],
  [
   0.03571428571428916,
   0.03571428571428573,
   0.03571428571427985
  ]
 ]
}