{
 "0": {
  "0": [
   0.6228068187788942,
   0.6411675117177709,
   0.641167490727676,
   0.6228067935060521,
   0.6271932672775048,
   0.6436741545833459,
   0.6436741087528757,
   0.6271932128029629,
   0.6296045175910482,
   0.6434209467694346,
   0.6434209207026599,
   0.6296044869331143,
   0.6296044869331424,
   0.6434209207026598,
   0.6434209467694808,
   0.6296045175910667,
   0.6271932128029655,
   0.6436741087528053,
   0.6436741545833621,
   0.6271932672775938,
   0.6228067935059822,
   0.6411674907277088,
   0.6411675117177387,
   0.6228068187789008
  ],
  "1": [
   2.9688059984592026,
   2.9500852379996187,
   2.9500852511933204,
   2.968806007032168,
   2.964453172463687,
   2.94760621420999,
   2.9476062324719887,
   2.9644531836265293,
   2.962070494987011,
   2.947882732846191,
   2.947882736521716,
   2.96207049677917,
   2.9620704967792144,
   2.947882736521728,
   2.9478827328462045,
   2.9620704949870547,
   2.9644531836265258,
   2.9476062324718963,
   2.9476062142099964,
   2.9644531724636805,
   2.968806007032095,
   2.950085251193254,
   2.950085237999639,
   2.968805998459236
  ]
 },
 "1": {
  "0": [
   1.796719626455353,
   1.7967471363258032,
   1.796747143210073,
   1.7967196295698495,
   1.7967193802775105,
   1.7967512170298918,
   1.7967512309081812,
   1.7967193851978909,
   1.796719140441513,
   1.7967553415548936,
   1.7967553483845764,
   1.796719142690548,
   1.7967191426904887,
   1.7967553483844716,
   1.7967553415549735,
   1.7967191404414797,
   1.7967193851978698,
   1.7967512309081453,
   1.7967512170298883,
   1.7967193802775345,
   1.7967196295698327,
   1.7967471432099842,
   1.7967471363258332,
   1.7967196264553755
  ],
  "1": [
   1.7936716216589295,
   1.7936443113163987,
   1.7936442986472314,
   1.7936716186403556,
   1.79367189104141,
   1.7936402865347847,
   1.7936402605829094,
   1.7936718845695212,
   1.7936721521505608,
   1.7936362129352512,
   1.79363619986356,
   1.793672148429493,
   1.793672148429602,
   1.7936361998633807,
   1.7936362129352517,
   1.7936721521506545,
   1.7936718845695236,
   1.793640260582879,
   1.7936402865347225,
   1.7936718910413,
   1.7936716186404276,
   1.7936442986472791,
   1.7936443113164815,
   1.7936716216590842
  ]
 },
 "2": {
  "0": [
   1.8052368011852056,
   1.805260586401424,
   1.8053351488815412,
   1.8053351458577767,
   1.8052605825242258,
   1.8052367993356093,
   1.8052353253080398,
   1.8052667618238347,
   1.8053492476539499,
   1.8053492418448776,
   1.80526675354506,
   1.8052353219328894,
   1.805234019133742,
   1.8052725733621546,
   1.8053641526133226,
   1.8053641494311785,
   1.8052725690279372,
   1.805234017821861,
   1.8052340178217554,
   1.8052725690279914,
   1.8053641494312176,
   1.8053641526132935,
   1.8052725733622939,
   1.805234019133827,
   1.80523532193276,
   1.8052667535452096,
   1.8053492418450068,
   1.8053492476539652,
   1.8052667618238996,
   1.8052353253079527,
   1.8052367993355907,
   1.8052605825242323,
   1.8053351458578932,
   1.8053351488811462,
   1.8052605864013778,
   1.8052368011851045
  ],
  "1": [
   1.8065099182397075,
   1.8068393582191815,
   1.8072149111484463,
   1.8072149067140713,
   1.8068393510937824,
   1.8065099151948805,
   1.8065115288006062,
   1.8068446862881204,
   1.8072202664082115,
   1.8072202571423668,
   1.8068446718918316,
   1.8065115228790487,
   1.8065134329710564,
   1.8068498662700472,
   1.8072261838307457,
   1.8072261792285709,
   1.8068498592504585,
   1.806513430509539,
   1.8065134305095742,
   1.8068498592502453,
   1.8072261792286204,
   1.8072261838307149,
   1.8068498662700914,
   1.8065134329709642,
   1.8065115228793083,
   1.8068446718915274,
   1.807220257142314,
   1.8072202664082575,
   1.8068446862882561,
   1.8065115288004652,
   1.806509915194956,
   1.806839351093782,
   1.8072149067142877,
   1.8072149111484825,
   1.806839358219367,
   1.8065099182396733
  ]
 },
 "Z_a": [
  6,
  6,
  6,
  6,
  6,
  6,
  6,
  6,
  6,
  6,
  6,
  6,
  15,
  15,
  15,
  15,
  5,
  5,
  5,
  5,
  6,
  6,
  6,
  6,
  1,
  1,
  1,
  1
 ],
 "spos_ac": [
  [
   0.8699160744877641,
   0.5834161987086461,
   0.7463669200398202
  ],
  [
   0.7015352726879851,
   0.4880090784078269,
   0.246253587368464
  ],
  [
   0.2014849469550319,
   0.08329337259590185,
   0.3250448089018769
  ],
  [
   0.36992089165857833,
   0.9881320104187304,
   0.825158272176593
  ],
  [
   0.20151249694080317,
   0.4880123727199402,
   0.3250616513887663
  ],
  [
   0.36989329874058813,
   0.5834194930207328,
   0.825174984060093
  ],
  [
   0.8699436244735367,
   0.988135198832681,
   0.74638376252669
  ],
  [
   0.7015076797699924,
   0.08329656100983873,
   0.24627029925197835
  ],
  [
   0.5780630240442051,
   0.7857389495503777,
   0.832436528614425
  ],
  [
   0.9933475267784281,
   0.2856896047658299,
   0.3324182470292321
  ],
  [
   0.49336554738436394,
   0.28568962187818037,
   0.2389920428141474
  ],
  [
   0.07808104465014103,
   0.7857389666627534,
   0.7390103243993436
  ],
  [
   0.754224737683117,
   0.7856881534083234,
   0.05214363913549332
  ],
  [
   0.8172063592368138,
   0.2857403577876434,
   0.5521294922552344
  ],
  [
   0.31720383374545863,
   0.2857404180202441,
   0.01928493229307921
  ],
  [
   0.2542222121917596,
   0.7856882136409327,
   0.5192990791733408
  ],
  [
   0.9406631137702488,
   0.785767860668835,
   0.6142479410078823
  ],
  [
   0.6307746855411989,
   0.2856606995918082,
   0.11207550880826189
  ],
  [
   0.13076545765832873,
   0.285660710759749,
   0.45718063042071005
  ],
  [
   0.44065388588736404,
   0.7857678718367567,
   0.9572433579789548
  ],
  [
   0.9381991319443621,
   0.7857630996231021,
   0.29003180849006505
  ],
  [
   0.633221400408768,
   0.2856654776310827,
   0.7899652437121043
  ],
  [
   0.13322943948422294,
   0.28566547180545393,
   0.7813967629385008
  ],
  [
   0.4382071710197879,
   0.7857630937974978,
   0.28146332771646937
  ],
  [
   0.535714285714294,
   0.5357142857142884,
   0.5357142857142776
  ],
  [
   0.035714285714276,
   0.5357142857142809,
   0.03571428571428969
  ],
  [
   0.5357142857142945,
   0.035714285714275616,
   0.5357142857142763
  ],
  [
   0.03571428571428916,
   0.03571428571428573,
   0.03571428571427985
  ]
 ]
}