{
 "0": {
  "0": [
   0.6228314941708655,
   0.6412552193833676,
   0.6412747357546621,
   0.6228442348345323,
   0.6272369557713862,
   0.6438005207460532,
   0.643846629186647,
   0.6272625528687862,
   0.6296995147911417,
   0.6436480963624849,
   0.6436754667476362,
   0.629712577470683,
   0.6297125774707306,
   0.6436754667476047,
   0.6436480963624535,
   0.6296995147911421,
   0.627262552868813,
   0.6438466291866505,
   0.6438005207460132,
   0.6272369557714155,
   0.6228442348345541,
   0.6412747357546649,
   0.6412552193834148,
   0.6228314941708412
  ],
  "1": [
   2.9700143092499545,
   2.951410880731529,
   2.951384748077397,
   2.969983421205132,
   2.965631932261306,
   2.948868752646155,
   2.948816457069071,
   2.9655710288751256,
   2.963213418698952,
   2.9490579699641764,
   2.9490320151027856,
   2.9631831982672625,
   2.9631831982672554,
   2.9490320151027736,
   2.9490579699641852,
   2.9632134186989583,
   2.9655710288751163,
   2.948816457069035,
   2.94886875264613,
   2.9656319322613043,
   2.9699834212051663,
   2.951384748077461,
   2.951410880731557,
   2.9700143092499123
  ]
 },
 "1": {
  "0": [
   1.838173203810416,
   1.837679830052525,
   1.8376768870735298,
   1.8381719565518204,
   1.838173694504714,
   1.837702523501444,
   1.8376961311661169,
   1.8381711145238488,
   1.8381729577282333,
   1.8377220966310537,
   1.837718790177771,
   1.838171605322847,
   1.8381716053228478,
   1.8377187901777494,
   1.8377220966310495,
   1.8381729577281947,
   1.8381711145239796,
   1.837696131166065,
   1.8377025235013822,
   1.8381736945047353,
   1.8381719565518657,
   1.8376768870734836,
   1.8376798300525343,
   1.8381732038105036
  ],
  "1": [
   1.8382361951339767,
   1.8380779784550836,
   1.838077883046135,
   1.8382380953195228,
   1.8382387758558043,
   1.838071753729587,
   1.8380716382640427,
   1.8382423051227252,
   1.8382429874621302,
   1.8380653522056702,
   1.8380653101601712,
   1.8382447829012787,
   1.8382447829012676,
   1.8380653101601547,
   1.838065352205632,
   1.838242987462032,
   1.8382423051226346,
   1.8380716382640943,
   1.8380717537296174,
   1.8382387758557934,
   1.8382380953195627,
   1.8380778830461195,
   1.8380779784550354,
   1.8382361951339388
  ]
 },
 "2": {
  "0": [
   1.79379016356354,
   1.7938566958157185,
   1.7940480989526397,
   1.7940530904986658,
   1.7938627003638907,
   1.7937919806505305,
   1.793786334693541,
   1.7938507674590822,
   1.7940492462623332,
   1.7940593367608544,
   1.7938635244235586,
   1.793790354141705,
   1.793784672201531,
   1.7938512074530413,
   1.7940552808422985,
   1.7940603702038445,
   1.7938576799406674,
   1.79378662815825,
   1.7937866281581762,
   1.7938576799406605,
   1.7940603702038471,
   1.7940552808423342,
   1.7938512074530568,
   1.793784672201526,
   1.79379035414184,
   1.7938635244235976,
   1.794059336760743,
   1.7940492462623405,
   1.79385076745915,
   1.7937863346933711,
   1.7937919806505482,
   1.7938627003639287,
   1.7940530904986312,
   1.7940480989527092,
   1.793856695815577,
   1.7937901635634954
  ],
  "1": [
   1.796052071524019,
   1.7961040017093823,
   1.7961430180127806,
   1.7961415195341346,
   1.7961010633325727,
   1.7960506993407266,
   1.796047457656342,
   1.7961032124969998,
   1.7961458111578468,
   1.7961430013992052,
   1.7960974294421896,
   1.7960447202005483,
   1.7960416838009337,
   1.7960997404704766,
   1.796146909730132,
   1.7961452977394192,
   1.7960968194214713,
   1.7960403488599856,
   1.7960403488599452,
   1.7960968194215825,
   1.7961452977393317,
   1.796146909730009,
   1.79609974047046,
   1.7960416838009698,
   1.7960447202005205,
   1.7960974294421628,
   1.796143001399163,
   1.7961458111577318,
   1.7961032124969398,
   1.796047457656384,
   1.7960506993409322,
   1.796101063332705,
   1.7961415195340338,
   1.796143018012984,
   1.796104001709356,
   1.7960520715240818
  ]
 },
 "Z_a": [
  6,
  6,
  6,
  6,
  6,
  6,
  6,
  6,
  6,
  6,
  6,
  6,
  15,
  15,
  15,
  15,
  5,
  5,
  5,
  5,
  6,
  6,
  6,
  6,
  1,
  1,
  1,
  1
 ],
 "spos_ac": [
  [
   0.8699160744877641,
   0.5834161987086461,
   0.7463669200398202
  ],
  [
   0.7015352726879851,
   0.4880090784078269,
   0.246253587368464
  ],
  [
   0.2014849469550319,
   0.08329337259590185,
   0.3250448089018769
  ],
  [
   0.36992089165857833,
   0.9881320104187304,
   0.825158272176593
  ],
  [
   0.20151249694080317,
   0.48637302845764513,
   0.3250616513887663
  ],
  [
   0.36989329874058813,
   0.5834194930207328,
   0.825174984060093
  ],
  [
   0.8699436244735367,
   0.988135198832681,
   0.74638376252669
  ],
  [
   0.7015076797699924,
   0.08329656100983873,
   0.24627029925197835
  ],
  [
   0.5780630240442051,
   0.7857389495503777,
   0.832436528614425
  ],
  [
   0.9933475267784281,
   0.2856896047658299,
   0.3324182470292321
  ],
  [
   0.49336554738436394,
   0.28568962187818037,
   0.2389920428141474
  ],
  [
   0.07808104465014103,
   0.7857389666627534,
   0.7390103243993436
  ],
  [
   0.754224737683117,
   0.7856881534083234,
   0.05214363913549332
  ],
  [
   0.8172063592368138,
   0.2857403577876434,
   0.5521294922552344
  ],
  [
   0.31720383374545863,
   0.2857404180202441,
   0.01928493229307921
  ],
  [
   0.2542222121917596,
   0.7856882136409327,
   0.5192990791733408
  ],
  [
   0.9406631137702488,
   0.785767860668835,
   0.6142479410078823
  ],
  [
   0.6307746855411989,
   0.2856606995918082,
   0.1141852134496121
  ],
  [
   0.13076545765832873,
   0.285660710759749,
   0.45718063042071005
  ],
  [
   0.44065388588736404,
   0.7857678718367567,
   0.9572433579789548
  ],
  [
   0.9381991319443621,
   0.7857630996231021,
   0.29003180849006505
  ],
  [
   0.633221400408768,
   0.2856654776310827,
   0.7899652437121043
  ],
  [
   0.13322943948422294,
   0.28566547180545393,
   0.7813967629385008
  ],
  [
   0.4382071710197879,
   0.7857630937974978,
   0.28146332771646937
  ],
  [
   0.535714285714294,
   0.5357142857142884,
   0.5357142857142776
  ],
  [
   0.035714285714276,
   0.5357142857142809,
   0.03571428571428969
  ],
  [
   0.5357142857142945,
   0.035714285714275616,
   0.5357142857142763
  ],
  [
   0.03571428571428916,
   0.03571428571428573,
   0.03571428571427985
  ]
 ]
}