{
 "0": {
  "0": [
   0.5991975445660308,
   0.6176419111762762,
   0.6176802503636544,
   0.5992418155683765,
   0.6035908630498085,
   0.6202362313898457,
   0.6203101510357449,
   0.6036789604262578,
   0.6060434125268286,
   0.6201097555959566,
   0.6201451069080511,
   0.6060873513886312,
   0.6060873513887701,
   0.6201451069081219,
   0.6201097555959657,
   0.6060434125268507,
   0.6036789604262218,
   0.6203101510357929,
   0.6202362313899641,
   0.6035908630497623,
   0.5992418155684444,
   0.6176802503636842,
   0.6176419111762981,
   0.5991975445659546
  ],
  "1": [
   2.945758031536286,
   2.9270940130614895,
   2.927135036166492,
   2.94580144871395,
   2.9413412270980954,
   2.9246330076276923,
   2.924715771499881,
   2.941427294401809,
   2.9389512864366316,
   2.9249794780534697,
   2.9250212479494175,
   2.9389941439190705,
   2.9389941439191425,
   2.925021247949432,
   2.9249794780534653,
   2.938951286436715,
   2.9414272944019317,
   2.924715771499866,
   2.9246330076276297,
   2.9413412270980377,
   2.9458014487139135,
   2.9271350361664115,
   2.9270940130615557,
   2.9457580315362475
  ]
 },
 "1": {
  "0": [
   1.7953119043487904,
   1.7958007009436219,
   1.7958040420390382,
   1.7953137796142922,
   1.7953167869826907,
   1.7958056710276142,
   1.7958125187779321,
   1.7953204187657035,
   1.7953233737862178,
   1.7958141453955927,
   1.7958176717635983,
   1.795325111840204,
   1.7953251118401836,
   1.7958176717635226,
   1.7958141453956515,
   1.7953233737861516,
   1.7953204187656477,
   1.7958125187778582,
   1.7958056710275496,
   1.7953167869826492,
   1.795313779614338,
   1.7958040420389627,
   1.7958007009434012,
   1.7953119043488843
  ],
  "1": [
   1.7906060799781007,
   1.790371477515647,
   1.790361348651386,
   1.7906009302928185,
   1.7906061074331812,
   1.7903693283383768,
   1.7903495353188983,
   1.7905961807933457,
   1.7906014403492763,
   1.7903572518189652,
   1.7903470200961629,
   1.7905966678614953,
   1.7905966678614647,
   1.7903470200961704,
   1.7903572518190083,
   1.7906014403493473,
   1.790596180793346,
   1.7903495353189025,
   1.7903693283384974,
   1.7906061074330262,
   1.7906009302928214,
   1.7903613486513048,
   1.7903714775157162,
   1.7906060799780423
  ]
 },
 "2": {
  "0": [
   1.7977337963704012,
   1.797740829821973,
   1.7977220701475352,
   1.797724371338148,
   1.7977464248121233,
   1.7977368651586476,
   1.7977303715038837,
   1.7977330180697295,
   1.797713108939336,
   1.7977173428029594,
   1.7977445446078963,
   1.7977368180034987,
   1.7977303269178968,
   1.7977309214428727,
   1.7977064931615523,
   1.7977087118431647,
   1.797736872531158,
   1.7977333668383102,
   1.7977333668383353,
   1.7977368725313294,
   1.797708711843298,
   1.7977064931614886,
   1.7977309214429325,
   1.7977303269178304,
   1.7977368180033209,
   1.7977445446077163,
   1.7977173428030782,
   1.7977131089393372,
   1.7977330180694953,
   1.7977303715039614,
   1.797736865158413,
   1.7977464248120802,
   1.7977243713382745,
   1.7977220701476317,
   1.797740829822007,
   1.7977337963704225
  ],
  "1": [
   1.7975653466035448,
   1.79736284090554,
   1.7970978305453433,
   1.7971020324842877,
   1.7973704117388138,
   1.7975689288691952,
   1.7975631332847077,
   1.797369922898076,
   1.7971102338656462,
   1.7971186044494927,
   1.7973853008710694,
   1.7975704784459168,
   1.7975647910457415,
   1.7973849781542834,
   1.7971283025847737,
   1.7971323672189423,
   1.7973927861904375,
   1.7975685490704707,
   1.79756854907041,
   1.7973927861904757,
   1.7971323672189687,
   1.797128302584704,
   1.7973849781540587,
   1.7975647910454895,
   1.7975704784457462,
   1.7973853008710865,
   1.7971186044495606,
   1.7971102338655414,
   1.7973699228977642,
   1.7975631332847166,
   1.7975689288694536,
   1.7973704117390141,
   1.7971020324841283,
   1.7970978305448868,
   1.7973628409055065,
   1.797565346603542
  ]
 },
 "Z_a": [
  6,
  6,
  6,
  6,
  6,
  6,
  6,
  6,
  6,
  6,
  6,
  6,
  15,
  15,
  15,
  15,
  5,
  5,
  5,
  5,
  6,
  6,
  6,
  6,
  1,
  1,
  1,
  1
 ],
 "spos_ac": [
  [
   0.8699160744877641,
   0.5834161987086461,
   0.7463669200398202
  ],
  [
   0.7015352726879851,
   0.4880090784078269,
   0.246253587368464
  ],
  [
   0.2014849469550319,
   0.08329337259590185,
   0.3250448089018769
  ],
  [
   0.36992089165857833,
   0.9881320104187304,
   0.825158272176593
  ],
  [
   0.20246851988535383,
   0.4880123727199402,
   0.3250616513887663
  ],
  [
   0.36989329874058813,
   0.5834194930207328,
   0.825174984060093
  ],
  [
   0.8699436244735367,
   0.988135198832681,
   0.74638376252669
  ],
  [
   0.7015076797699924,
   0.08329656100983873,
   0.24627029925197835
  ],
  [
   0.5780630240442051,
   0.7857389495503777,
   0.832436528614425
  ],
  [
   0.9933475267784281,
   0.2856896047658299,
   0.3324182470292321
  ],
  [
   0.49336554738436394,
   0.28568962187818037,
   0.2389920428141474
  ],
  [
   0.07808104465014103,
   0.7857389666627534,
   0.7390103243993436
  ],
  [
   0.754224737683117,
   0.7856881534083234,
   0.05214363913549332
  ],
  [
   0.8172063592368138,
   0.2857403577876434,
   0.5521294922552344
  ],
  [
   0.31720383374545863,
   0.2857404180202441,
   0.01928493229307921
  ],
  [
   0.2542222121917596,
   0.7856882136409327,
   0.5192990791733408
  ],
  [
   0.9406631137702488,
   0.785767860668835,
   0.6142479410078823
  ],
  [
   0.6307746855411989,
   0.2856606995918082,
   0.1141852134496121
  ],
  [
   0.13076545765832873,
   0.285660710759749,
   0.45718063042071005
  ],
  [
   0.44065388588736404,
   0.7857678718367567,
   0.9572433579789548
  ],
  [
   0.9381991319443621,
   0.7857630996231021,
   0.29003180849006505
  ],
  [
   0.633221400408768,
   0.2856654776310827,
   0.7899652437121043
  ],
  [
   0.13322943948422294,
   0.28566547180545393,
   0.7813967629385008
  ],
  [
   0.4382071710197879,
   0.7857630937974978,
   0.28146332771646937
  ],
  [
   0.535714285714294,
   0.5357142857142884,
   0.5357142857142776
  ],
  [
   0.035714285714276,
   0.5357142857142809,
   0.03571428571428969
  ],
  [
   0.5357142857142945,
   0.035714285714275616,
   0.5357142857142763
  ],
  [
   0.03571428571428916,
   0.03571428571428573,
   0.03571428571427985
  ]
 ]
}