{
 "0": {
  "0": [
   0.621985144025023,
   0.6406220668610417,
   0.640622089884955,
   0.6219851584189854,
   0.6263474423874843,
   0.642977039798191,
   0.6429770919011674,
   0.6263474738727725,
   0.6287379580576143,
   0.6425877705873179,
   0.6425878006672092,
   0.6287379748456718,
   0.6287379748456606,
   0.6425878006672914,
   0.6425877705874231,
   0.6287379580576712,
   0.6263474738728094,
   0.6429770919010528,
   0.6429770397982351,
   0.6263474423874454,
   0.621985158418933,
   0.6406220898849425,
   0.6406220668609951,
   0.6219851440250532
  ],
  "1": [
   2.968543015130361,
   2.9500384354152187,
   2.9500383950832676,
   2.968542983324735,
   2.9641782433736332,
   2.9475920288203072,
   2.9475919480503356,
   2.964178181547275,
   2.9617667813773534,
   2.9478993349359928,
   2.947899295802533,
   2.961766753070871,
   2.961766753070914,
   2.9478992958025563,
   2.94789933493598,
   2.9617667813774,
   2.9641781815472052,
   2.9475919480503614,
   2.9475920288203454,
   2.964178243373638,
   2.968542983324705,
   2.950038395083247,
   2.9500384354152125,
   2.9685430151303938
  ]
 },
 "1": {
  "0": [
   1.7967212876629977,
   1.7967481180977123,
   1.7967481257412439,
   1.7967212965273875,
   1.796720979744811,
   1.7967521377621283,
   1.7967521535945494,
   1.7967209966917126,
   1.7967206844583272,
   1.7967562008249507,
   1.7967562088330389,
   1.7967206930291504,
   1.7967206930291026,
   1.7967562088329236,
   1.796756200825065,
   1.7967206844582133,
   1.7967209966918283,
   1.7967521535944007,
   1.7967521377619664,
   1.7967209797446142,
   1.7967212965274009,
   1.7967481257413371,
   1.796748118097768,
   1.796721287663122
  ],
  "1": [
   1.7936714826800044,
   1.7936441404112535,
   1.7936441183205776,
   1.7936714700287604,
   1.7936717544349134,
   1.7936400791990657,
   1.7936400341946355,
   1.7936717292313258,
   1.7936720085480624,
   1.793635959799258,
   1.7936359369153754,
   1.7936719958116834,
   1.7936719958116534,
   1.7936359369153168,
   1.7936359597992386,
   1.793672008547996,
   1.7936717292312931,
   1.7936400341946281,
   1.7936400791990765,
   1.793671754434961,
   1.7936714700287337,
   1.7936441183205583,
   1.7936441404112458,
   1.7936714826799376
  ]
 },
 "2": {
  "0": [
   1.743514106080471,
   1.7436108988426058,
   1.7437109572737195,
   1.7437109631051018,
   1.743610907219252,
   1.7435141102693423,
   1.7435162607408634,
   1.7436122244915633,
   1.7437153734033053,
   1.7437153851393439,
   1.7436122416960662,
   1.7435162684108394,
   1.7435185620869498,
   1.7436137273946688,
   1.7437196721289348,
   1.7437196783294184,
   1.7436137360250081,
   1.7435185659060466,
   1.7435185659060137,
   1.7436137360251682,
   1.743719678329174,
   1.7437196721287496,
   1.7436137273948686,
   1.743518562086655,
   1.7435162684109025,
   1.7436122416960669,
   1.7437153851393716,
   1.7437153734034272,
   1.7436122244916759,
   1.7435162607406107,
   1.7435141102690883,
   1.7436109072192092,
   1.743710963105158,
   1.7437109572738465,
   1.743610898842485,
   1.7435141060803452
  ],
  "1": [
   1.6765806474315754,
   1.6761855131269667,
   1.6757590961613806,
   1.6757590911872673,
   1.6761855050851793,
   1.676580644040828,
   1.6765811949435685,
   1.6761961269855532,
   1.675780164347876,
   1.6757801534505652,
   1.676196111239223,
   1.676581188776295,
   1.6765818043080662,
   1.6762071351329821,
   1.6758021031431303,
   1.675802097337676,
   1.6762071269352627,
   1.6765818010341573,
   1.6765818010339286,
   1.6762071269353611,
   1.6758020973376362,
   1.6758021031431527,
   1.676207135132971,
   1.676581804308028,
   1.6765811887763957,
   1.6761961112393111,
   1.6757801534505832,
   1.6757801643479322,
   1.676196126985648,
   1.6765811949437912,
   1.676580644040921,
   1.67618550508515,
   1.6757590911873357,
   1.6757590961614832,
   1.676185513127091,
   1.6765806474316904
  ]
 },
 "Z_a": [
  6,
  6,
  6,
  6,
  6,
  6,
  6,
  6,
  6,
  6,
  6,
  6,
  15,
  15,
  15,
  15,
  5,
  5,
  5,
  5,
  6,
  6,
  6,
  6,
  1,
  1,
  1,
  1
 ],
 "spos_ac": [
  [
   0.8699160744877641,
   0.5834161987086461,
   0.7463669200398202
  ],
  [
   0.7015352726879851,
   0.4880090784078269,
   0.246253587368464
  ],
  [
   0.2014849469550319,
   0.08329337259590185,
   0.3250448089018769
  ],
  [
   0.36992089165857833,
   0.9881320104187304,
   0.825158272176593
  ],
  [
   0.20151249694080317,
   0.4880123727199402,
   0.3250616513887663
  ],
  [
   0.36989329874058813,
   0.5834194930207328,
   0.825174984060093
  ],
  [
   0.8699436244735367,
   0.988135198832681,
   0.74638376252669
  ],
  [
   0.7015076797699924,
   0.08329656100983873,
   0.24627029925197835
  ],
  [
   0.5780630240442051,
   0.7857389495503777,
   0.832436528614425
  ],
  [
   0.9933475267784281,
   0.2856896047658299,
   0.3324182470292321
  ],
  [
   0.49336554738436394,
   0.28568962187818037,
   0.2389920428141474
  ],
  [
   0.07808104465014103,
   0.7857389666627534,
   0.7390103243993436
  ],
  [
   0.754224737683117,
   0.7856881534083234,
   0.05214363913549332
  ],
  [
   0.8172063592368138,
   0.2857403577876434,
   0.5521294922552344
  ],
  [
   0.31720383374545863,
   0.2857404180202441,
   0.02139463693442942
  ],
  [
   0.2542222121917596,
   0.7856882136409327,
   0.5192990791733408
  ],
  [
   0.9406631137702488,
   0.785767860668835,
   0.6142479410078823
  ],
  [
   0.6307746855411989,
   0.2856606995918082,
   0.1141852134496121
  ],
  [
   0.13076545765832873,
   0.285660710759749,
   0.45718063042071005
  ],
  [
   0.44065388588736404,
   0.7857678718367567,
   0.9572433579789548
  ],
  [
   0.9381991319443621,
   0.7857630996231021,
   0.29003180849006505
  ],
  [
   0.633221400408768,
   0.2856654776310827,
   0.7899652437121043
  ],
  [
   0.13322943948422294,
   0.28566547180545393,
   0.7813967629385008
  ],
  [
   0.4382071710197879,
   0.7857630937974978,
   0.28146332771646937
  ],
  [
   0.535714285714294,
   0.5357142857142884,
   0.5357142857142776
  ],
  [
   0.035714285714276,
   0.5357142857142809,
   0.03571428571428969
  ],
  [
   0.5357142857142945,
   0.035714285714275616,
   0.5357142857142763
  ],
  [
   0.03571428571428916,
   0.03571428571428573,
   0.03571428571427985
  ]
 ]
}