{
 "0": {
  "0": [
   0.5992418879782643,
   0.6176803049768028,
   0.6176419035964361,
   0.5991975547543726,
   0.6036792217231517,
   0.6203104595499879,
   0.6202364235720178,
   0.6035910001029299,
   0.606087686830415,
   0.6201455728410356,
   0.6201101678013436,
   0.6060436850063408,
   0.6060436850063774,
   0.6201101678014936,
   0.6201455728410811,
   0.6060876868303445,
   0.6035910001028532,
   0.6202364235719615,
   0.6203104595499586,
   0.6036792217232492,
   0.5991975547544245,
   0.6176419035964742,
   0.6176803049769262,
   0.5992418879783231
  ],
  "1": [
   2.9458008109037066,
   2.927134555611544,
   2.927093549295812,
   2.9457574035468665,
   2.9414266789515584,
   2.924715259596819,
   2.924632545456363,
   2.941340642032946,
   2.9389935551244726,
   2.9250207312958727,
   2.9249789976312224,
   2.938950720323834,
   2.938950720323787,
   2.924978997631187,
   2.925020731296036,
   2.938993555124365,
   2.9413406420330386,
   2.924632545456423,
   2.924715259596756,
   2.9414266789515824,
   2.9457574035469487,
   2.9270935492958787,
   2.927134555611502,
   2.945800810903755
  ]
 },
 "1": {
  "0": [
   1.7953138049839732,
   1.7958044827216546,
   1.795801148977178,
   1.7953119349808337,
   1.7953204307611599,
   1.7958129570290478,
   1.7958061261749299,
   1.7953168090416738,
   1.79532511358061,
   1.79581811631386,
   1.7958145988268963,
   1.7953233800758497,
   1.7953233800761692,
   1.7958145988271563,
   1.7958181163140274,
   1.7953251135806974,
   1.7953168090416671,
   1.7958061261748084,
   1.7958129570291608,
   1.7953204307612003,
   1.7953119349809241,
   1.7958011489771468,
   1.795804482721577,
   1.7953138049841666
  ],
  "1": [
   1.7906001414693344,
   1.7903609243256782,
   1.79037104776165,
   1.7906052908506074,
   1.7905953761958902,
   1.790349117418981,
   1.790368895886402,
   1.7906053049062212,
   1.7905958497746153,
   1.7903466022240528,
   1.7903568239966616,
   1.7906006234848142,
   1.7906006234846799,
   1.7903568239965968,
   1.7903466022240901,
   1.7905958497746437,
   1.790605304906414,
   1.7903688958866568,
   1.7903491174189994,
   1.7905953761961098,
   1.7906052908506545,
   1.7903710477618773,
   1.7903609243255905,
   1.7906001414690964
  ]
 },
 "2": {
  "0": [
   1.791712726991701,
   1.7917052543845435,
   1.791739561735604,
   1.791737262406353,
   1.7916996638587717,
   1.7917096599729272,
   1.791715559212209,
   1.7917125918779908,
   1.7917486277704877,
   1.7917443977409828,
   1.7917010722522861,
   1.7917091169962225,
   1.7917149782431991,
   1.791714194683874,
   1.7917553890671967,
   1.791753172166993,
   1.7917082463975322,
   1.7917119400362425,
   1.7917119400361379,
   1.7917082463973393,
   1.7917531721671156,
   1.7917553890670177,
   1.7917141946838404,
   1.7917149782432167,
   1.7917091169962365,
   1.7917010722523408,
   1.7917443977409362,
   1.7917486277705457,
   1.791712591878268,
   1.7917155592121927,
   1.7917096599729316,
   1.7916996638587122,
   1.7917372624062735,
   1.7917395617358671,
   1.7917052543841638,
   1.7917127269919473
  ],
  "1": [
   1.7937699051114993,
   1.793972535931363,
   1.7942216133213804,
   1.7942174168455773,
   1.7939649707271665,
   1.7937663268857569,
   1.7937727216193802,
   1.7939659296490473,
   1.794209105593422,
   1.7942007433891853,
   1.7939505664493522,
   1.7937653825063298,
   1.7937717044638903,
   1.7939513816735473,
   1.7941908987870285,
   1.794186838207692,
   1.793943579711983,
   1.7937679498006174,
   1.7937679498008243,
   1.793943579711246,
   1.7941868382070674,
   1.794190898786758,
   1.7939513816734918,
   1.7937717044642167,
   1.7937653825066389,
   1.7939505664490074,
   1.7942007433885643,
   1.7942091055935547,
   1.7939659296489279,
   1.7937727216195658,
   1.793766326885943,
   1.7939649707269176,
   1.794217416845315,
   1.7942216133210396,
   1.7939725359312346,
   1.7937699051115144
  ]
 },
 "Z_a": [
  6,
  6,
  6,
  6,
  6,
  6,
  6,
  6,
  6,
  6,
  6,
  6,
  15,
  15,
  15,
  15,
  5,
  5,
  5,
  5,
  6,
  6,
  6,
  6,
  1,
  1,
  1,
  1
 ],
 "spos_ac": [
  [
   0.8699160744877641,
   0.5834161987086461,
   0.7463669200398202
  ],
  [
   0.7024912956325358,
   0.4880090784078269,
   0.246253587368464
  ],
  [
   0.2014849469550319,
   0.08329337259590185,
   0.3250448089018769
  ],
  [
   0.36992089165857833,
   0.9881320104187304,
   0.825158272176593
  ],
  [
   0.20151249694080317,
   0.4880123727199402,
   0.3250616513887663
  ],
  [
   0.36989329874058813,
   0.5834194930207328,
   0.825174984060093
  ],
  [
   0.8699436244735367,
   0.988135198832681,
   0.74638376252669
  ],
  [
   0.7015076797699924,
   0.08329656100983873,
   0.24627029925197835
  ],
  [
   0.5780630240442051,
   0.7857389495503777,
   0.832436528614425
  ],
  [
   0.9933475267784281,
   0.2856896047658299,
   0.3324182470292321
  ],
  [
   0.49336554738436394,
   0.28568962187818037,
   0.2389920428141474
  ],
  [
   0.07808104465014103,
   0.7857389666627534,
   0.7390103243993436
  ],
  [
   0.754224737683117,
   0.7856881534083234,
   0.05214363913549332
  ],
  [
   0.8172063592368138,
   0.2857403577876434,
   0.5521294922552344
  ],
  [
   0.31720383374545863,
   0.2857404180202441,
   0.01928493229307921
  ],
  [
   0.2542222121917596,
   0.7856882136409327,
   0.5192990791733408
  ],
  [
   0.9406631137702488,
   0.785767860668835,
   0.6142479410078823
  ],
  [
   0.6307746855411989,
   0.2856606995918082,
   0.1141852134496121
  ],
  [
   0.13076545765832873,
   0.285660710759749,
   0.45718063042071005
  ],
  [
   0.44065388588736404,
   0.7857678718367567,
   0.9572433579789548
  ],
  [
   0.9381991319443621,
   0.7857630996231021,
   0.29003180849006505
  ],
  [
   0.633221400408768,
   0.2856654776310827,
   0.7899652437121043
  ],
  [
   0.13322943948422294,
   0.28566547180545393,
   0.7813967629385008
  ],
  [
   0.4382071710197879,
   0.7857630937974978,
   0.28146332771646937
  ],
  [
   0.535714285714294,
   0.5357142857142884,
   0.5357142857142776
  ],
  [
   0.035714285714276,
   0.5357142857142809,
   0.03571428571428969
  ],
  [
   0.5357142857142945,
   0.035714285714275616,
   0.5357142857142763
  ],
  [
   0.03571428571428916,
   0.03571428571428573,
   0.03571428571427985
  ]
 ]
}