{
 "0": {
  "0": [
   0.6221626346434969,
   0.6406338086791684,
   0.6406335079124894,
   0.6221648988663113,
   0.6265825574063553,
   0.6431681966236983,
   0.6431680608288936,
   0.6265871155105399,
   0.6290214918323979,
   0.6429464673134736,
   0.6429468215127833,
   0.6290238569807137,
   0.6290238569807074,
   0.6429468215128875,
   0.6429464673134963,
   0.6290214918323815,
   0.6265871155104272,
   0.6431680608288012,
   0.6431681966237061,
   0.6265825574062692,
   0.6221648988662051,
   0.6406335079124637,
   0.6406338086791915,
   0.6221626346433891
  ],
  "1": [
   2.9684845861894287,
   2.9500023494485155,
   2.9500020810474483,
   2.968486881555953,
   2.964077828054716,
   2.9474811258831832,
   2.947481052227123,
   2.9640824454932138,
   2.9616507413082944,
   2.9477116626074986,
   2.947712046052001,
   2.9616531321479274,
   2.9616531321478448,
   2.947712046051898,
   2.9477116626074658,
   2.961650741308314,
   2.9640824454932324,
   2.9474810522271295,
   2.947481125883176,
   2.9640778280547027,
   2.9684868815558327,
   2.9500020810474887,
   2.9500023494484626,
   2.9684845861894766
  ]
 },
 "1": {
  "0": [
   1.7961627673747653,
   1.7962302913777428,
   1.7962298609999245,
   1.7961631061366776,
   1.796162733365506,
   1.7962351536867576,
   1.79623433564652,
   1.7961634211415878,
   1.7961630171577456,
   1.796239629136741,
   1.796239187276842,
   1.7961633803659298,
   1.7961633803660246,
   1.7962391872771473,
   1.7962396291364493,
   1.796163017157806,
   1.7961634211416377,
   1.7962343356464106,
   1.796235153686745,
   1.7961627333654933,
   1.7961631061368553,
   1.7962298609999694,
   1.796230291378058,
   1.7961627673747338
  ],
  "1": [
   1.7931145070460308,
   1.7931280578914244,
   1.793127648841717,
   1.793114863976757,
   1.7931149810181077,
   1.7931247963456245,
   1.7931240213205168,
   1.7931157056355405,
   1.793115782463961,
   1.7931210978597276,
   1.7931206773076724,
   1.7931161640503257,
   1.7931161640503208,
   1.7931206773076869,
   1.7931210978597567,
   1.7931157824639132,
   1.793115705635673,
   1.7931240213205875,
   1.793124796345728,
   1.7931149810182554,
   1.7931148639768488,
   1.7931276488417824,
   1.7931280578913407,
   1.7931145070460557
  ]
 },
 "2": {
  "0": [
   1.792556421706194,
   1.7925620369493545,
   1.7925694485141888,
   1.7925695583759602,
   1.7925619959549863,
   1.7925564233458076,
   1.7925555420924237,
   1.7925606114866723,
   1.7925679347350727,
   1.7925681089911758,
   1.792560709189628,
   1.7925556104862086,
   1.792554658605095,
   1.7925591677905601,
   1.7925665192444837,
   1.7925665841431482,
   1.792559220314341,
   1.7925546478770358,
   1.792554647877008,
   1.7925592203145253,
   1.7925665841432037,
   1.7925665192449505,
   1.792559167790653,
   1.7925546586051506,
   1.7925556104867326,
   1.792560709189601,
   1.7925681089911512,
   1.7925679347359893,
   1.7925606114878587,
   1.792555542092641,
   1.7925564233458287,
   1.7925619959549492,
   1.7925695583758052,
   1.7925694485136852,
   1.792562036948751,
   1.7925564217057426
  ],
  "1": [
   1.7935005309968841,
   1.7935064349128516,
   1.7934982329787028,
   1.793498349323051,
   1.7935064194560513,
   1.793500550276875,
   1.793500220045076,
   1.7935054268545694,
   1.7934965570628287,
   1.7934967441708634,
   1.7935055764026822,
   1.7935003236400353,
   1.7934999579918054,
   1.7935044484128155,
   1.7934949470864079,
   1.793495018130152,
   1.793504526762351,
   1.7934999647825973,
   1.7934999647827148,
   1.7935045267625327,
   1.7934950181302465,
   1.7934949470865775,
   1.7935044484131113,
   1.7934999579920243,
   1.7935003236403426,
   1.7935055764028445,
   1.7934967441708785,
   1.7934965570635075,
   1.7935054268553627,
   1.7935002200451078,
   1.7935005502775285,
   1.7935064194556865,
   1.7934983493224745,
   1.7934982329783986,
   1.7935064349123935,
   1.7935005309968433
  ]
 },
 "Z_a": [
  6,
  6,
  6,
  6,
  6,
  6,
  6,
  6,
  6,
  6,
  6,
  6,
  15,
  15,
  15,
  15,
  5,
  5,
  5,
  5,
  6,
  6,
  6,
  6,
  1,
  1,
  1,
  1
 ],
 "spos_ac": [
  [
   0.8699160744877641,
   0.5834161987086461,
   0.7463669200398202
  ],
  [
   0.7015352726879851,
   0.4880090784078269,
   0.246253587368464
  ],
  [
   0.2014849469550319,
   0.08329337259590185,
   0.3250448089018769
  ],
  [
   0.36992089165857833,
   0.9881320104187304,
   0.825158272176593
  ],
  [
   0.20151249694080317,
   0.4880123727199402,
   0.3250616513887663
  ],
  [
   0.36989329874058813,
   0.5834194930207328,
   0.825174984060093
  ],
  [
   0.8699436244735367,
   0.988135198832681,
   0.74638376252669
  ],
  [
   0.7015076797699924,
   0.08329656100983873,
   0.24627029925197835
  ],
  [
   0.5780630240442051,
   0.7857389495503777,
   0.832436528614425
  ],
  [
   0.9933475267784281,
   0.2856896047658299,
   0.3324182470292321
  ],
  [
   0.49336554738436394,
   0.28568962187818037,
   0.2389920428141474
  ],
  [
   0.07808104465014103,
   0.7857389666627534,
   0.7390103243993436
  ],
  [
   0.754224737683117,
   0.7856881534083234,
   0.05214363913549332
  ],
  [
   0.8172063592368138,
   0.2857403577876434,
   0.5521294922552344
  ],
  [
   0.31720383374545863,
   0.2857404180202441,
   0.01928493229307921
  ],
  [
   0.2542222121917596,
   0.7856882136409327,
   0.5192990791733408
  ],
  [
   0.9406631137702488,
   0.785767860668835,
   0.6142479410078823
  ],
  [
   0.6307746855411989,
   0.2856606995918082,
   0.1141852134496121
  ],
  [
   0.13076545765832873,
   0.285660710759749,
   0.45718063042071005
  ],
  [
   0.44065388588736404,
   0.7857678718367567,
   0.9572433579789548
  ],
  [
   0.9381991319443621,
   0.7857630996231021,
   0.29003180849006505
  ],
  [
   0.633221400408768,
   0.2856654776310827,
   0.7899652437121043
  ],
  [
   0.13322943948422294,
   0.28566547180545393,
   0.7813967629385008
  ],
  [
   0.4382071710197879,
   0.7857630937974978,
   0.28146332771646937
  ],
  [
   0.535714285714294,
   0.5357142857142884,
   0.5336045810729273
  ],
  [
   0.035714285714276,
   0.5357142857142809,
   0.03571428571428969
  ],
  [
   0.5357142857142945,
   0.035714285714275616,
   0.5357142857142763
  ],
  [
   0.03571428571428916,
   0.03571428571428573,
   0.03571428571427985
  ]
 ]
}