{
 "0": {
  "0": [
   0.6445787559555768,
   0.6631443793985544,
   0.6631443810683106,
   0.6445787552635793,
   0.6489737753909571,
   0.6656480140299994,
   0.6656480119210402,
   0.648973769352329,
   0.6513825528867725,
   0.6653985118767959,
   0.665398506894496,
   0.6513825469982446,
   0.6513825469982096,
   0.665398506894485,
   0.6653985118768068,
   0.6513825528867778,
   0.6489737693523643,
   0.6656480119211143,
   0.665648014030032,
   0.6489737753909335,
   0.6445787552635385,
   0.6631443810684187,
   0.663144379398636,
   0.6445787559555205
  ],
  "1": [
   2.990198919833717,
   2.9721719921001264,
   2.9721719818274606,
   2.9901989153093034,
   2.985754048231236,
   2.9696293052509475,
   2.969629279000188,
   2.985754036353667,
   2.9832878978934,
   2.9698421741821983,
   2.969842157954434,
   2.983287890762276,
   2.9832878907623455,
   2.9698421579544347,
   2.969842174182231,
   2.9832878978933555,
   2.985754036353635,
   2.9696292790001544,
   2.9696293052509044,
   2.9857540482312843,
   2.9901989153092243,
   2.97217198182747,
   2.9721719921001086,
   2.9901989198337655
  ]
 },
 "1": {
  "0": [
   1.7967198378727407,
   1.7967473109537817,
   1.7967473178273765,
   1.7967198380948048,
   1.7967195890582424,
   1.7967513766010261,
   1.7967513898079548,
   1.7967195906977673,
   1.7967193458967479,
   1.7967554867835027,
   1.796755492788891,
   1.7967193470009712,
   1.796719347001077,
   1.796755492788969,
   1.7967554867835598,
   1.7967193458967516,
   1.796719590697868,
   1.7967513898079581,
   1.7967513766010892,
   1.7967195890582377,
   1.7967198380948552,
   1.7967473178273132,
   1.7967473109536891,
   1.7967198378727065
  ],
  "1": [
   1.7936723052045231,
   1.793645134131135,
   1.7936451070170627,
   1.793672288104847,
   1.7936725515508114,
   1.793641090996848,
   1.793641036542008,
   1.7936725174498753,
   1.7936727755818695,
   1.7936369852682241,
   1.7936369567758557,
   1.7936727583019811,
   1.793672758302053,
   1.793636956775881,
   1.7936369852682983,
   1.793672775581881,
   1.793672517449905,
   1.793641036541904,
   1.793641090996811,
   1.7936725515508847,
   1.7936722881047995,
   1.7936451070170132,
   1.7936451341312354,
   1.793672305204529
  ]
 },
 "2": {
  "0": [
   1.7928258351993245,
   1.7927858118427094,
   1.7927552295537679,
   1.7927552316809452,
   1.7927858168356727,
   1.7928258374058614,
   1.7928261673961476,
   1.7927834344469684,
   1.792748356491563,
   1.792748359829463,
   1.7927834451565958,
   1.7928261731037063,
   1.792826740254883,
   1.7927811314520334,
   1.79274143064743,
   1.792741432354955,
   1.7927811367372721,
   1.7928267427342768,
   1.7928267427343318,
   1.7927811367370512,
   1.79274143235538,
   1.7927414306474152,
   1.7927811314521769,
   1.792826740254747,
   1.7928261731036403,
   1.792783445156691,
   1.7927483598298106,
   1.7927483564913909,
   1.7927834344469606,
   1.7928261673960983,
   1.792825837406059,
   1.7927858168355386,
   1.7927552316811026,
   1.7927552295536506,
   1.7927858118426379,
   1.7928258351993802
  ],
  "1": [
   1.7943833482620137,
   1.7945087967643865,
   1.7946461947138506,
   1.7946461972944143,
   1.794508801039378,
   1.7943833503391036,
   1.7943860153844375,
   1.7945208850987593,
   1.7946573699557717,
   1.7946573740867398,
   1.7945208958173269,
   1.79438602046989,
   1.7943891618668473,
   1.7945335925314776,
   1.7946691576177836,
   1.7946691585726637,
   1.7945335976586674,
   1.7943891638399379,
   1.7943891638400016,
   1.7945335976588022,
   1.7946691585728367,
   1.7946691576177787,
   1.7945335925314445,
   1.794389161867139,
   1.7943860204699453,
   1.794520895817305,
   1.7946573740868843,
   1.794657369955725,
   1.7945208850987924,
   1.7943860153845097,
   1.7943833503390083,
   1.7945088010393395,
   1.7946461972942713,
   1.7946461947140522,
   1.79450879676466,
   1.7943833482619884
  ]
 },
 "Z_a": [
  6,
  6,
  6,
  6,
  6,
  6,
  6,
  6,
  6,
  6,
  6,
  6,
  15,
  15,
  15,
  15,
  5,
  5,
  5,
  5,
  6,
  6,
  6,
  6,
  1,
  1,
  1,
  1
 ],
 "spos_ac": [
  [
   0.8699160744877641,
   0.5834161987086461,
   0.7463669200398202
  ],
  [
   0.7015352726879851,
   0.4880090784078269,
   0.246253587368464
  ],
  [
   0.2014849469550319,
   0.08329337259590185,
   0.3250448089018769
  ],
  [
   0.36992089165857833,
   0.9881320104187304,
   0.825158272176593
  ],
  [
   0.20151249694080317,
   0.4880123727199402,
   0.3250616513887663
  ],
  [
   0.36989329874058813,
   0.5834194930207328,
   0.825174984060093
  ],
  [
   0.8699436244735367,
   0.988135198832681,
   0.74638376252669
  ],
  [
   0.7015076797699924,
   0.08329656100983873,
   0.24627029925197835
  ],
  [
   0.5780630240442051,
   0.7857389495503777,
   0.832436528614425
  ],
  [
   0.9933475267784281,
   0.2856896047658299,
   0.3324182470292321
  ],
  [
   0.49336554738436394,
   0.28568962187818037,
   0.2389920428141474
  ],
  [
   0.07808104465014103,
   0.7857389666627534,
   0.7390103243993436
  ],
  [
   0.754224737683117,
   0.7856881534083234,
   0.05214363913549332
  ],
  [
   0.8172063592368138,
   0.2857403577876434,
   0.5521294922552344
  ],
  [
   0.31720383374545863,
   0.2857404180202441,
   0.01928493229307921
  ],
  [
   0.2542222121917596,
   0.7856882136409327,
   0.5192990791733408
  ],
  [
   0.9406631137702488,
   0.785767860668835,
   0.6142479410078823
  ],
  [
   0.6307746855411989,
   0.2856606995918082,
   0.1141852134496121
  ],
  [
   0.13076545765832873,
   0.285660710759749,
   0.45718063042071005
  ],
  [
   0.44065388588736404,
   0.7857678718367567,
   0.9572433579789548
  ],
  [
   0.9381991319443621,
   0.7857630996231021,
   0.29003180849006505
  ],
  [
   0.6322653774642173,
   0.2856654776310827,
   0.7899652437121043
  ],
  [
   0.13322943948422294,
   0.28566547180545393,
   0.7813967629385008
  ],
  [
   0.4382071710197879,
   0.7857630937974978,
   0.28146332771646937
  ],
  [
   0.535714285714294,
   0.5357142857142884,
   0.5357142857142776
  ],
  [
   0.035714285714276,
   0.5357142857142809,
   0.03571428571428969
  ],
  [
   0.5357142857142945,
   0.035714285714275616,
   0.5357142857142763
  ],
  [
   0.03571428571428916,
   0.03571428571428573,
   0.03571428571427985
  ]
 ]
}