{
 "0": {
  "0": [
   0.6222331121972517,
   0.6406761755044301,
   0.6406762141311206,
   0.6222331421144249,
   0.6266941675665102,
   0.6432843984347679,
   0.6432844760025532,
   0.6266942255249096,
   0.6291486858308373,
   0.6431389249951028,
   0.6431389626747646,
   0.6291487121467088,
   0.6291487121467271,
   0.643138962674753,
   0.6431389249950922,
   0.6291486858308752,
   0.6266942255249932,
   0.6432844760026011,
   0.6432843984349498,
   0.626694167566508,
   0.6222331421145157,
   0.6406762141312113,
   0.6406761755043396,
   0.6222331121972444
  ],
  "1": [
   2.9683240723080284,
   2.9500060940237063,
   2.9500060718887995,
   2.968324058739032,
   2.963856150802954,
   2.9473039515131845,
   2.947303901280853,
   2.9638561211047554,
   2.9613768358637618,
   2.947365315133089,
   2.94736528604674,
   2.9613768200510777,
   2.961376820051025,
   2.947365286046766,
   2.94736531513306,
   2.9613768358638257,
   2.9638561211047016,
   2.947303901280818,
   2.9473039515132124,
   2.9638561508029464,
   2.968324058739033,
   2.9500060718888226,
   2.950006094023614,
   2.968324072308009
  ]
 },
 "1": {
  "0": [
   1.7967189232318974,
   1.7967462231680251,
   1.7967462454333898,
   1.796718935906874,
   1.796718669161899,
   1.796750259752372,
   1.7967503051061897,
   1.7967186944010947,
   1.7967184317122484,
   1.796754355846142,
   1.796754378894709,
   1.7967184444677073,
   1.7967184444677475,
   1.7967543788947968,
   1.7967543558461625,
   1.7967184317122606,
   1.7967186944010907,
   1.7967503051060385,
   1.7967502597524911,
   1.7967186691619914,
   1.7967189359069162,
   1.7967462454334495,
   1.7967462231680447,
   1.7967189232318868
  ],
  "1": [
   1.7936739006351186,
   1.7936460730017383,
   1.7936460653210435,
   1.7936738919230677,
   1.7936741140276635,
   1.7936419796238272,
   1.793641963705544,
   1.7936740973697105,
   1.7936743144867864,
   1.7936378410713723,
   1.793637833014821,
   1.793674306056798,
   1.7936743060567317,
   1.7936378330148548,
   1.793637841071474,
   1.7936743144867326,
   1.7936740973698126,
   1.7936419637053942,
   1.7936419796238607,
   1.7936741140276784,
   1.7936738919231496,
   1.7936460653212,
   1.7936460730017487,
   1.7936739006351803
  ]
 },
 "2": {
  "0": [
   1.9138044989205196,
   1.914199758817813,
   1.91462552353264,
   1.9146255282015885,
   1.91419976626323,
   1.9138045020353616,
   1.9138039565700822,
   1.9141891560566286,
   1.9146045792279338,
   1.9146045894768027,
   1.9141891705946883,
   1.913803962171572,
   1.9138033482565058,
   1.914178153928261,
   1.9145827585100983,
   1.9145827639820683,
   1.9141781615113054,
   1.913803351234998,
   1.9138033512347026,
   1.9141781615112288,
   1.9145827639823219,
   1.9145827585101804,
   1.9141781539282077,
   1.913803348256798,
   1.9138039621714193,
   1.9141891705949257,
   1.914604589476757,
   1.9146045792278226,
   1.9141891560567954,
   1.9138039565702012,
   1.9138045020355283,
   1.9141997662630366,
   1.9146255282012907,
   1.9146255235327343,
   1.9141997588179158,
   1.9138044989202059
  ],
  "1": [
   1.8468872537628973,
   1.8467888975213473,
   1.8466884638262568,
   1.8466884577051643,
   1.8467888886233599,
   1.8468872493109088,
   1.8468849781462278,
   1.8467874369395096,
   1.8466839335903344,
   1.8466839212817152,
   1.8467874186722324,
   1.8468849699529049,
   1.8468825532186353,
   1.8467857985805352,
   1.8466795222034575,
   1.8466795157156335,
   1.8467857894130773,
   1.846882549146812,
   1.846882549146807,
   1.846785789412961,
   1.846679515715483,
   1.8466795222036412,
   1.846785798580346,
   1.8468825532188384,
   1.846884969952958,
   1.8467874186719002,
   1.8466839212818766,
   1.8466839335902239,
   1.8467874369392765,
   1.8468849781465992,
   1.8468872493111148,
   1.8467888886233286,
   1.8466884577051297,
   1.8466884638262286,
   1.8467888975215232,
   1.8468872537628165
  ]
 },
 "Z_a": [
  6,
  6,
  6,
  6,
  6,
  6,
  6,
  6,
  6,
  6,
  6,
  6,
  15,
  15,
  15,
  15,
  5,
  5,
  5,
  5,
  6,
  6,
  6,
  6,
  1,
  1,
  1,
  1
 ],
 "spos_ac": [
  [
   0.8699160744877641,
   0.5834161987086461,
   0.7463669200398202
  ],
  [
   0.7015352726879851,
   0.4880090784078269,
   0.246253587368464
  ],
  [
   0.2014849469550319,
   0.08329337259590185,
   0.3250448089018769
  ],
  [
   0.36992089165857833,
   0.9881320104187304,
   0.825158272176593
  ],
  [
   0.20151249694080317,
   0.4880123727199402,
   0.3250616513887663
  ],
  [
   0.36989329874058813,
   0.5834194930207328,
   0.825174984060093
  ],
  [
   0.8699436244735367,
   0.988135198832681,
   0.74638376252669
  ],
  [
   0.7015076797699924,
   0.08329656100983873,
   0.24627029925197835
  ],
  [
   0.5780630240442051,
   0.7857389495503777,
   0.832436528614425
  ],
  [
   0.9933475267784281,
   0.2856896047658299,
   0.3324182470292321
  ],
  [
   0.49336554738436394,
   0.28568962187818037,
   0.2389920428141474
  ],
  [
   0.07808104465014103,
   0.7857389666627534,
   0.7390103243993436
  ],
  [
   0.754224737683117,
   0.7856881534083234,
   0.05214363913549332
  ],
  [
   0.8172063592368138,
   0.2857403577876434,
   0.5521294922552344
  ],
  [
   0.31720383374545863,
   0.2857404180202441,
   0.01928493229307921
  ],
  [
   0.2542222121917596,
   0.7856882136409327,
   0.5171893745319908
  ],
  [
   0.9406631137702488,
   0.785767860668835,
   0.6142479410078823
  ],
  [
   0.6307746855411989,
   0.2856606995918082,
   0.1141852134496121
  ],
  [
   0.13076545765832873,
   0.285660710759749,
   0.45718063042071005
  ],
  [
   0.44065388588736404,
   0.7857678718367567,
   0.9572433579789548
  ],
  [
   0.9381991319443621,
   0.7857630996231021,
   0.29003180849006505
  ],
  [
   0.633221400408768,
   0.2856654776310827,
   0.7899652437121043
  ],
  [
   0.13322943948422294,
   0.28566547180545393,
   0.7813967629385008
  ],
  [
   0.4382071710197879,
   0.7857630937974978,
   0.28146332771646937
  ],
  [
   0.535714285714294,
   0.5357142857142884,
   0.5357142857142776
  ],
  [
   0.035714285714276,
   0.5357142857142809,
   0.03571428571428969
  ],
  [
   0.5357142857142945,
   0.035714285714275616,
   0.5357142857142763
  ],
  [
   0.03571428571428916,
   0.03571428571428573,
   0.03571428571427985
  ]
 ]
}