{
 "0": {
  "0": [
   0.6231351761008662,
   0.6415123173478415,
   0.6415123339448857,
   0.6231351893203905,
   0.6276053072565836,
   0.644085955437748,
   0.6440859907901478,
   0.6276053368000105,
   0.6300880519365376,
   0.6439053289265486,
   0.643905347529291,
   0.6300880686347321,
   0.6300880686346999,
   0.6439053475292581,
   0.6439053289265333,
   0.6300880519364481,
   0.6276053368001498,
   0.6440859907899839,
   0.6440859554377126,
   0.6276053072565634,
   0.6231351893204201,
   0.6415123339449353,
   0.6415123173477149,
   0.6231351761009415
  ],
  "1": [
   2.968594650997964,
   2.9501885225098334,
   2.950188533717389,
   2.9685946642083874,
   2.964171485063434,
   2.947642668384827,
   2.9476426891641627,
   2.9641715137953453,
   2.961725022636217,
   2.947850347800771,
   2.947850357642681,
   2.9617250384733103,
   2.9617250384733116,
   2.947850357642711,
   2.947850347800772,
   2.9617250226363407,
   2.9641715137953906,
   2.9476426891640215,
   2.9476426683848103,
   2.9641714850634457,
   2.968594664208389,
   2.9501885337174953,
   2.950188522509851,
   2.968594650997991
  ]
 },
 "1": {
  "0": [
   1.7967185951754898,
   1.796745938822883,
   1.796745936132955,
   1.7967185928788774,
   1.7967183260684045,
   1.7967499990227886,
   1.7967499947558043,
   1.7967183207773325,
   1.7967180590104799,
   1.7967540929243335,
   1.796754090801903,
   1.7967180563534506,
   1.7967180563536573,
   1.7967540908017392,
   1.7967540929244148,
   1.7967180590105707,
   1.7967183207772974,
   1.7967499947554546,
   1.7967499990227784,
   1.7967183260681694,
   1.7967185928787779,
   1.796745936132758,
   1.7967459388229103,
   1.796718595175502
  ],
  "1": [
   1.7936715213141075,
   1.7936442646788595,
   1.7936442575703735,
   1.7936715156481644,
   1.7936718169022488,
   1.7936402438742263,
   1.7936402288536843,
   1.793671806208287,
   1.7936721020448243,
   1.7936361801683522,
   1.793636172590058,
   1.7936720968187678,
   1.7936720968188768,
   1.7936361725900147,
   1.7936361801683536,
   1.793672102044842,
   1.7936718062082575,
   1.793640228853741,
   1.793640243874321,
   1.7936718169025287,
   1.7936715156480916,
   1.7936442575703528,
   1.793644264678751,
   1.7936715213139987
  ]
 },
 "2": {
  "0": [
   1.7456023791658342,
   1.7456795550945017,
   1.745750182024597,
   1.745750186334239,
   1.7456795634294555,
   1.7456023828532634,
   1.745596887197103,
   1.7456695072425181,
   1.7457400879457718,
   1.7457400961532263,
   1.7456695232989334,
   1.7455968953356809,
   1.745591333931403,
   1.7456590117973207,
   1.7457293322315426,
   1.745729336374357,
   1.7456590200012199,
   1.745591338357474,
   1.7455913383574158,
   1.7456590200011866,
   1.7457293363744097,
   1.7457293322318181,
   1.745659011797639,
   1.745591333931263,
   1.7455968953358747,
   1.745669523298647,
   1.745740096153367,
   1.7457400879454423,
   1.7456695072426165,
   1.7455968871970289,
   1.7456023828532148,
   1.7456795634294515,
   1.745750186334241,
   1.7457501820243762,
   1.7456795550944335,
   1.7456023791659303
  ],
  "1": [
   1.746709568811161,
   1.7466856291440798,
   1.7466539541342743,
   1.7466539472184577,
   1.7466856158952653,
   1.746709562329114,
   1.7467110119321023,
   1.746691483868331,
   1.7466628200336434,
   1.7466628054608941,
   1.7466914562631433,
   1.7467109992682532,
   1.7467126728199145,
   1.7466974931390378,
   1.7466722337896767,
   1.7466722247902409,
   1.7466974789824037,
   1.7467126664027433,
   1.7467126664026356,
   1.7466974789823266,
   1.7466722247904531,
   1.7466722337896121,
   1.74669749313942,
   1.7467126728200018,
   1.7467109992677816,
   1.7466914562628684,
   1.746662805461183,
   1.7466628200338856,
   1.7466914838685763,
   1.7467110119320235,
   1.7467095623290871,
   1.7466856158951993,
   1.74665394721901,
   1.7466539541344104,
   1.7466856291441644,
   1.7467095688111713
  ]
 },
 "Z_a": [
  6,
  6,
  6,
  6,
  6,
  6,
  6,
  6,
  6,
  6,
  6,
  6,
  15,
  15,
  15,
  15,
  5,
  5,
  5,
  5,
  6,
  6,
  6,
  6,
  1,
  1,
  1,
  1
 ],
 "spos_ac": [
  [
   0.8699160744877641,
   0.5834161987086461,
   0.7463669200398202
  ],
  [
   0.7015352726879851,
   0.4880090784078269,
   0.246253587368464
  ],
  [
   0.2014849469550319,
   0.08329337259590185,
   0.3250448089018769
  ],
  [
   0.36992089165857833,
   0.9881320104187304,
   0.825158272176593
  ],
  [
   0.20151249694080317,
   0.4880123727199402,
   0.3250616513887663
  ],
  [
   0.36989329874058813,
   0.5834194930207328,
   0.825174984060093
  ],
  [
   0.8699436244735367,
   0.988135198832681,
   0.74638376252669
  ],
  [
   0.7015076797699924,
   0.08329656100983873,
   0.24627029925197835
  ],
  [
   0.5780630240442051,
   0.7857389495503777,
   0.8345462332557751
  ],
  [
   0.9933475267784281,
   0.2856896047658299,
   0.3324182470292321
  ],
  [
   0.49336554738436394,
   0.28568962187818037,
   0.2389920428141474
  ],
  [
   0.07808104465014103,
   0.7857389666627534,
   0.7390103243993436
  ],
  [
   0.754224737683117,
   0.7856881534083234,
   0.05214363913549332
  ],
  [
   0.8172063592368138,
   0.2857403577876434,
   0.5521294922552344
  ],
  [
   0.31720383374545863,
   0.2857404180202441,
   0.01928493229307921
  ],
  [
   0.2542222121917596,
   0.7856882136409327,
   0.5192990791733408
  ],
  [
   0.9406631137702488,
   0.785767860668835,
   0.6142479410078823
  ],
  [
   0.6307746855411989,
   0.2856606995918082,
   0.1141852134496121
  ],
  [
   0.13076545765832873,
   0.285660710759749,
   0.45718063042071005
  ],
  [
   0.44065388588736404,
   0.7857678718367567,
   0.9572433579789548
  ],
  [
   0.9381991319443621,
   0.7857630996231021,
   0.29003180849006505
  ],
  [
   0.633221400408768,
   0.2856654776310827,
   0.7899652437121043
  ],
  [
   0.13322943948422294,
   0.28566547180545393,
   0.7813967629385008
  ],
  [
   0.4382071710197879,
   0.7857630937974978,
   0.28146332771646937
  ],
  [
   0.535714285714294,
   0.5357142857142884,
   0.5357142857142776
  ],
  [
   0.035714285714276,
   0.5357142857142809,
   0.03571428571428969
  ],
  [
   0.5357142857142945,
   0.035714285714275616,
   0.5357142857142763
  ],
  [
   0.03571428571428916,
   0.03571428571428573,
   0.03571428571427985
  ]
 ]
}