{
 "0": {
  "0": [
   0.6180607925803479,
   0.6365856248902799,
   0.6365856363536848,
   0.6180607992210669,
   0.6224001805887253,
   0.6389964649506245,
   0.6389964800618801,
   0.622400193300218,
   0.6247523507606727,
   0.6386581065802551,
   0.638658110341605,
   0.6247523578136016,
   0.624752357813559,
   0.63865811034156,
   0.6386581065802085,
   0.6247523507607462,
   0.6224001933002371,
   0.638996480061911,
   0.6389964649506192,
   0.6224001805887553,
   0.6180607992210448,
   0.636585636353717,
   0.6365856248902195,
   0.6180607925803506
  ],
  "1": [
   2.9635694889534667,
   2.9451387058628518,
   2.9451387276432324,
   2.963569512600023,
   2.959053084406269,
   2.942570700704426,
   2.9425707364804157,
   2.9590531281521755,
   2.9565310137767056,
   2.942764013925606,
   2.9427640297681945,
   2.9565310357989083,
   2.956531035799003,
   2.942764029768175,
   2.942764013925653,
   2.956531013776715,
   2.959053128152143,
   2.942570736480471,
   2.9425707007043633,
   2.9590530844062615,
   2.9635695125999453,
   2.9451387276433207,
   2.9451387058629064,
   2.963569488953551
  ]
 },
 "1": {
  "0": [
   1.7967197726422546,
   1.7967469236343114,
   1.7967469099542515,
   1.7967197618227042,
   1.7967195250219807,
   1.796750986688684,
   1.7967509579408507,
   1.7967195027359186,
   1.796719270993864,
   1.7967550712829277,
   1.7967550570823065,
   1.7967192591145886,
   1.7967192591145569,
   1.796755057082248,
   1.7967550712828877,
   1.7967192709938655,
   1.796719502735947,
   1.796750957940974,
   1.796750986688746,
   1.796719525021995,
   1.7967197618226827,
   1.7967469099542537,
   1.7967469236342548,
   1.7967197726421749
  ],
  "1": [
   1.7936734759783828,
   1.7936461114385014,
   1.7936460739162003,
   1.7936734530924743,
   1.7936737539660763,
   1.7936420607204253,
   1.7936419833965722,
   1.793673708099918,
   1.793674004641041,
   1.7936379343494404,
   1.7936378955212258,
   1.7936739812321447,
   1.7936739812323512,
   1.7936378955211698,
   1.7936379343494164,
   1.7936740046410342,
   1.7936737080998588,
   1.7936419833966677,
   1.7936420607201264,
   1.7936737539661876,
   1.7936734530923948,
   1.7936460739160671,
   1.7936461114385238,
   1.793673475978238
  ]
 },
 "2": {
  "0": [
   1.7969570875017085,
   1.7968560809735736,
   1.7967192371839875,
   1.796719238455236,
   1.7968560870664807,
   1.7969570912337918,
   1.7969508847658255,
   1.7968523535605432,
   1.7967139516925308,
   1.7967139542408432,
   1.7968523654853226,
   1.796950892335578,
   1.7969451130998066,
   1.7968493369747585,
   1.796709427263462,
   1.7967094289555525,
   1.7968493429515249,
   1.796945116959045,
   1.7969451169588073,
   1.7968493429516048,
   1.7967094289555248,
   1.7967094272635502,
   1.7968493369747345,
   1.7969451130997351,
   1.796950892335682,
   1.7968523654852446,
   1.7967139542407657,
   1.7967139516925665,
   1.7968523535605783,
   1.796950884765846,
   1.7969570912338648,
   1.7968560870665589,
   1.7967192384557142,
   1.7967192371840737,
   1.79685608097348,
   1.7969570875017198
  ],
  "1": [
   1.7966473071581455,
   1.796429561395584,
   1.796177229155481,
   1.7961772323754532,
   1.7964295659925453,
   1.79664730888106,
   1.7966553283123723,
   1.7964588871724392,
   1.7962181678114024,
   1.796218173855889,
   1.7964588966480206,
   1.7966553312502056,
   1.7966637213052645,
   1.796489541634201,
   1.7962618373737842,
   1.7962618400152561,
   1.7964895456143624,
   1.7966637230089288,
   1.796663723008954,
   1.7964895456145804,
   1.796261840015404,
   1.7962618373737602,
   1.7964895416341795,
   1.7966637213050614,
   1.7966553312502223,
   1.7964588966482196,
   1.7962181738558305,
   1.796218167811371,
   1.7964588871723484,
   1.796655328312387,
   1.7966473088812787,
   1.7964295659925422,
   1.7961772323754885,
   1.7961772291556037,
   1.7964295613954548,
   1.796647307158153
  ]
 },
 "Z_a": [
  6,
  6,
  6,
  6,
  6,
  6,
  6,
  6,
  6,
  6,
  6,
  6,
  15,
  15,
  15,
  15,
  5,
  5,
  5,
  5,
  6,
  6,
  6,
  6,
  1,
  1,
  1,
  1
 ],
 "spos_ac": [
  [
   0.8699160744877641,
   0.5834161987086461,
   0.7463669200398202
  ],
  [
   0.7015352726879851,
   0.4880090784078269,
   0.246253587368464
  ],
  [
   0.2014849469550319,
   0.08329337259590185,
   0.3250448089018769
  ],
  [
   0.36992089165857833,
   0.9881320104187304,
   0.825158272176593
  ],
  [
   0.20151249694080317,
   0.4880123727199402,
   0.3250616513887663
  ],
  [
   0.36989329874058813,
   0.5834194930207328,
   0.825174984060093
  ],
  [
   0.8699436244735367,
   0.988135198832681,
   0.74638376252669
  ],
  [
   0.7015076797699924,
   0.08329656100983873,
   0.24627029925197835
  ],
  [
   0.5780630240442051,
   0.7857389495503777,
   0.832436528614425
  ],
  [
   0.9933475267784281,
   0.2856896047658299,
   0.3324182470292321
  ],
  [
   0.49336554738436394,
   0.28568962187818037,
   0.2389920428141474
  ],
  [
   0.07808104465014103,
   0.7857389666627534,
   0.7390103243993436
  ],
  [
   0.754224737683117,
   0.7856881534083234,
   0.05214363913549332
  ],
  [
   0.8172063592368138,
   0.2857403577876434,
   0.5521294922552344
  ],
  [
   0.31720383374545863,
   0.2857404180202441,
   0.01928493229307921
  ],
  [
   0.2542222121917596,
   0.7856882136409327,
   0.5192990791733408
  ],
  [
   0.9406631137702488,
   0.785767860668835,
   0.6142479410078823
  ],
  [
   0.6317307084857495,
   0.2856606995918082,
   0.1141852134496121
  ],
  [
   0.13076545765832873,
   0.285660710759749,
   0.45718063042071005
  ],
  [
   0.44065388588736404,
   0.7857678718367567,
   0.9572433579789548
  ],
  [
   0.9381991319443621,
   0.7857630996231021,
   0.29003180849006505
  ],
  [
   0.633221400408768,
   0.2856654776310827,
   0.7899652437121043
  ],
  [
   0.13322943948422294,
   0.28566547180545393,
   0.7813967629385008
  ],
  [
   0.4382071710197879,
   0.7857630937974978,
   0.28146332771646937
  ],
  [
   0.535714285714294,
   0.5357142857142884,
   0.5357142857142776
  ],
  [
   0.035714285714276,
   0.5357142857142809,
   0.03571428571428969
  ],
  [
   0.5357142857142945,
   0.035714285714275616,
   0.5357142857142763
  ],
  [
   0.03571428571428916,
   0.03571428571428573,
   0.03571428571427985
  ]
 ]
}