{
 "0": {
  "0": [
   0.6228444482033801,
   0.6412749967846851,
   0.6412554608031548,
   0.6228316897423777,
   0.6272627693539153,
   0.6438468774269327,
   0.6438007211213959,
   0.6272371402075936,
   0.6297128524027737,
   0.6436757512374411,
   0.643648349700639,
   0.6296997732041285,
   0.6296997732041889,
   0.6436483497006661,
   0.6436757512374056,
   0.6297128524027669,
   0.6272371402075115,
   0.6438007211214264,
   0.6438468774269049,
   0.6272627693538625,
   0.62283168974231,
   0.6412554608030284,
   0.6412749967847273,
   0.6228444482034265
  ],
  "1": [
   2.9699840998618647,
   2.9513855148831856,
   2.9514116092324,
   2.9700149390123904,
   2.9655718154384516,
   2.948817277183685,
   2.948869487440805,
   2.9656326196221494,
   2.963184011473344,
   2.9490328105325965,
   2.9490587193909876,
   2.96321418281105,
   2.9632141828110377,
   2.9490587193909814,
   2.9490328105325654,
   2.963184011473402,
   2.965632619622106,
   2.948869487440846,
   2.948817277183634,
   2.9655718154384525,
   2.970014939012461,
   2.9514116092324074,
   2.951385514883226,
   2.969984099861845
  ]
 },
 "1": {
  "0": [
   1.838171403600675,
   1.8376756899433893,
   1.8376786291289378,
   1.8381726482950294,
   1.8381705692406372,
   1.8376949598335925,
   1.8377013462818945,
   1.838173142054943,
   1.838171062482742,
   1.8377176422938069,
   1.837720947416134,
   1.8381724114297622,
   1.8381724114297324,
   1.8377209474161795,
   1.8377176422939419,
   1.8381710624826866,
   1.8381731420550218,
   1.8377013462818792,
   1.8376949598335195,
   1.8381705692406176,
   1.8381726482950655,
   1.8376786291289002,
   1.8376756899434223,
   1.8381714036005619
  ],
  "1": [
   1.8382407630248876,
   1.8380810026762564,
   1.8380810978791997,
   1.8382388591774652,
   1.8382449719030942,
   1.8380747481874016,
   1.8380748633306554,
   1.8382414377165932,
   1.8382474461617,
   1.8380684116818586,
   1.838068452251854,
   1.838245648179604,
   1.8382456481797054,
   1.8380684522518984,
   1.8380684116817965,
   1.838247446161788,
   1.8382414377166063,
   1.8380748633306874,
   1.8380747481873616,
   1.8382449719031124,
   1.8382388591773395,
   1.838081097879013,
   1.8380810026763532,
   1.8382407630248327
  ]
 },
 "2": {
  "0": [
   1.7956585686255897,
   1.7955917115822586,
   1.7954156088823165,
   1.7954106150091682,
   1.7955857072313275,
   1.7956567537303691,
   1.795661811992734,
   1.795597184573424,
   1.7954145747735244,
   1.795404481346128,
   1.7955844276093365,
   1.7956577963117704,
   1.7956628564852029,
   1.7955962657070141,
   1.7954086903742246,
   1.7954035989835833,
   1.795589794120483,
   1.7956609022808427,
   1.795660902280754,
   1.7955897941206238,
   1.795403598983705,
   1.7954086903741504,
   1.795596265707068,
   1.7956628564851727,
   1.7956577963116658,
   1.7955844276095003,
   1.7954044813459844,
   1.7954145747736043,
   1.7955971845734167,
   1.7956618119928425,
   1.7956567537304018,
   1.795585707231424,
   1.7954106150091054,
   1.795415608882264,
   1.7955917115818332,
   1.7956585686256707
  ],
  "1": [
   1.7952849121504,
   1.7952331895870515,
   1.7951784022636978,
   1.7951799049512178,
   1.795236135577656,
   1.7952862886279626,
   1.7952901163160637,
   1.7952344523015704,
   1.7951755137887577,
   1.7951783302596787,
   1.7952402517176307,
   1.7952928611898409,
   1.7952965181029157,
   1.7952384294959187,
   1.7951742859004776,
   1.7951759003425733,
   1.7952413584687952,
   1.795297856689454,
   1.7952978566894644,
   1.7952413584685953,
   1.7951759003425118,
   1.79517428590033,
   1.7952384294959014,
   1.795296518102942,
   1.7952928611898349,
   1.7952402517175508,
   1.7951783302595186,
   1.7951755137888445,
   1.7952344523016104,
   1.7952901163160304,
   1.7952862886278649,
   1.7952361355776736,
   1.7951799049509936,
   1.795178402263611,
   1.7952331895869778,
   1.7952849121506322
  ]
 },
 "Z_a": [
  6,
  6,
  6,
  6,
  6,
  6,
  6,
  6,
  6,
  6,
  6,
  6,
  15,
  15,
  15,
  15,
  5,
  5,
  5,
  5,
  6,
  6,
  6,
  6,
  1,
  1,
  1,
  1
 ],
 "spos_ac": [
  [
   0.8699160744877641,
   0.5834161987086461,
   0.7463669200398202
  ],
  [
   0.7015352726879851,
   0.48636973414553186,
   0.246253587368464
  ],
  [
   0.2014849469550319,
   0.08329337259590185,
   0.3250448089018769
  ],
  [
   0.36992089165857833,
   0.9881320104187304,
   0.825158272176593
  ],
  [
   0.20151249694080317,
   0.4880123727199402,
   0.3250616513887663
  ],
  [
   0.36989329874058813,
   0.5834194930207328,
   0.825174984060093
  ],
  [
   0.8699436244735367,
   0.988135198832681,
   0.74638376252669
  ],
  [
   0.7015076797699924,
   0.08329656100983873,
   0.24627029925197835
  ],
  [
   0.5780630240442051,
   0.7857389495503777,
   0.832436528614425
  ],
  [
   0.9933475267784281,
   0.2856896047658299,
   0.3324182470292321
  ],
  [
   0.49336554738436394,
   0.28568962187818037,
   0.2389920428141474
  ],
  [
   0.07808104465014103,
   0.7857389666627534,
   0.7390103243993436
  ],
  [
   0.754224737683117,
   0.7856881534083234,
   0.05214363913549332
  ],
  [
   0.8172063592368138,
   0.2857403577876434,
   0.5521294922552344
  ],
  [
   0.31720383374545863,
   0.2857404180202441,
   0.01928493229307921
  ],
  [
   0.2542222121917596,
   0.7856882136409327,
   0.5192990791733408
  ],
  [
   0.9406631137702488,
   0.785767860668835,
   0.6142479410078823
  ],
  [
   0.6307746855411989,
   0.2856606995918082,
   0.1141852134496121
  ],
  [
   0.13076545765832873,
   0.285660710759749,
   0.45718063042071005
  ],
  [
   0.44065388588736404,
   0.7857678718367567,
   0.9572433579789548
  ],
  [
   0.9381991319443621,
   0.7857630996231021,
   0.29003180849006505
  ],
  [
   0.633221400408768,
   0.2856654776310827,
   0.7899652437121043
  ],
  [
   0.13322943948422294,
   0.28566547180545393,
   0.7813967629385008
  ],
  [
   0.4382071710197879,
   0.7857630937974978,
   0.28146332771646937
  ],
  [
   0.535714285714294,
   0.5357142857142884,
   0.5357142857142776
  ],
  [
   0.035714285714276,
   0.5357142857142809,
   0.03571428571428969
  ],
  [
   0.5357142857142945,
   0.035714285714275616,
   0.5357142857142763
  ],
  [
   0.03571428571428916,
   0.03571428571428573,
   0.03571428571427985
  ]
 ]
}