{
 "0": {
  "0": [
   0.6220905002743404,
   0.6405704808177753,
   0.6404636699015934,
   0.6219889261266496,
   0.6265533794690606,
   0.6431505487923709,
   0.6429364169267485,
   0.6263548228035262,
   0.6289365704853872,
   0.6428696332868786,
   0.6427625018871619,
   0.6288401122286543,
   0.6288401122286802,
   0.642762501887164,
   0.6428696332869247,
   0.6289365704853939,
   0.6263548228034895,
   0.6429364169267838,
   0.6431505487923642,
   0.6265533794690713,
   0.6219889261265359,
   0.6404636699015865,
   0.6405704808177194,
   0.6220905002743622
  ],
  "1": [
   2.96837153098271,
   2.949898374987536,
   2.9498566208493715,
   2.9683328625984733,
   2.963980102843518,
   2.9473911528108765,
   2.947309056879466,
   2.9639022693132446,
   2.9615303304195013,
   2.9475966801184694,
   2.947556428214,
   2.961491086349223,
   2.9614910863493304,
   2.9475564282139395,
   2.947596680118406,
   2.9615303304194907,
   2.963902269313167,
   2.94730905687951,
   2.947391152810903,
   2.963980102843552,
   2.968332862598469,
   2.9498566208493275,
   2.9498983749875407,
   2.968371530982685
  ]
 },
 "1": {
  "0": [
   1.887253471702308,
   1.8875948833894225,
   1.8876042736572494,
   1.887256420685059,
   1.8872570983379398,
   1.8875919402923087,
   1.8876115705151486,
   1.8872630590083133,
   1.8872637340478904,
   1.8875979448380644,
   1.8876082258395086,
   1.8872668446389163,
   1.887266844638998,
   1.8876082258395372,
   1.887597944838079,
   1.8872637340478824,
   1.8872630590082609,
   1.8876115705151224,
   1.88759194029223,
   1.8872570983378951,
   1.8872564206850746,
   1.887604273657267,
   1.8875948833893885,
   1.8872534717022433
  ],
  "1": [
   1.8297418195008313,
   1.8302815514363737,
   1.8302984785727485,
   1.829754966682807,
   1.8297367198172385,
   1.8302376946548786,
   1.8302717686078247,
   1.8297632839995488,
   1.8297447345422557,
   1.8302105523247667,
   1.8302275873436546,
   1.8297580625890217,
   1.8297580625891896,
   1.8302275873436789,
   1.830210552324846,
   1.8297447345422593,
   1.8297632839995457,
   1.830271768607794,
   1.830237694654957,
   1.8297367198173977,
   1.8297549666828232,
   1.8302984785726377,
   1.8302815514363815,
   1.8297418195008497
  ]
 },
 "2": {
  "0": [
   1.7947478617807102,
   1.7947500380063999,
   1.7947564309963067,
   1.7947510380696912,
   1.7947420677003587,
   1.7947449239396764,
   1.7947491698869913,
   1.7947541353898844,
   1.7947595574177242,
   1.7947483956816623,
   1.7947377188498526,
   1.7947432113188955,
   1.7947474542595316,
   1.7947499973656729,
   1.794757119475484,
   1.794751358471536,
   1.7947415878422575,
   1.7947444852208487,
   1.7947444852209329,
   1.7947415878425277,
   1.7947513584715657,
   1.794757119475395,
   1.7947499973657288,
   1.7947474542596151,
   1.7947432113188861,
   1.7947377188496472,
   1.7947483956814636,
   1.7947595574176187,
   1.7947541353900378,
   1.794749169886821,
   1.7947449239397988,
   1.7947420677004153,
   1.7947510380700205,
   1.794756430996205,
   1.7947500380064052,
   1.7947478617806394
  ],
  "1": [
   1.7956494030702446,
   1.7956480246578739,
   1.795638500808573,
   1.7956385576205718,
   1.7956469043081285,
   1.795648527089767,
   1.7956502281853621,
   1.795648829319217,
   1.795638488143665,
   1.7956385165626338,
   1.7956466456087876,
   1.7956484517260651,
   1.7956501768676476,
   1.795648533358422,
   1.7956383831841118,
   1.795638535185638,
   1.7956475032965038,
   1.7956492836255693,
   1.7956492836256734,
   1.7956475032964403,
   1.7956385351858468,
   1.7956383831841718,
   1.7956485333584828,
   1.7956501768677111,
   1.795648451726264,
   1.7956466456087794,
   1.795638516562402,
   1.7956384881436338,
   1.7956488293193476,
   1.7956502281853248,
   1.7956485270900058,
   1.7956469043080545,
   1.7956385576206702,
   1.7956385008087514,
   1.7956480246578106,
   1.7956494030703931
  ]
 },
 "Z_a": [
  6,
  6,
  6,
  6,
  6,
  6,
  6,
  6,
  6,
  6,
  6,
  6,
  15,
  15,
  15,
  15,
  5,
  5,
  5,
  5,
  6,
  6,
  6,
  6,
  1,
  1,
  1,
  1
 ],
 "spos_ac": [
  [
   0.8699160744877641,
   0.5834161987086461,
   0.7463669200398202
  ],
  [
   0.7015352726879851,
   0.4880090784078269,
   0.246253587368464
  ],
  [
   0.2014849469550319,
   0.08329337259590185,
   0.3250448089018769
  ],
  [
   0.36992089165857833,
   0.9881320104187304,
   0.825158272176593
  ],
  [
   0.20151249694080317,
   0.4880123727199402,
   0.3250616513887663
  ],
  [
   0.36989329874058813,
   0.5834194930207328,
   0.825174984060093
  ],
  [
   0.8699436244735367,
   0.988135198832681,
   0.74638376252669
  ],
  [
   0.7015076797699924,
   0.08329656100983873,
   0.24627029925197835
  ],
  [
   0.5780630240442051,
   0.7857389495503777,
   0.832436528614425
  ],
  [
   0.9933475267784281,
   0.2856896047658299,
   0.3324182470292321
  ],
  [
   0.49336554738436394,
   0.28568962187818037,
   0.2389920428141474
  ],
  [
   0.07808104465014103,
   0.7857389666627534,
   0.7390103243993436
  ],
  [
   0.754224737683117,
   0.7856881534083234,
   0.05214363913549332
  ],
  [
   0.8172063592368138,
   0.2857403577876434,
   0.5521294922552344
  ],
  [
   0.31720383374545863,
   0.2857404180202441,
   0.01928493229307921
  ],
  [
   0.2542222121917596,
   0.7840488693786375,
   0.5192990791733408
  ],
  [
   0.9406631137702488,
   0.785767860668835,
   0.6142479410078823
  ],
  [
   0.6307746855411989,
   0.2856606995918082,
   0.1141852134496121
  ],
  [
   0.13076545765832873,
   0.285660710759749,
   0.45718063042071005
  ],
  [
   0.44065388588736404,
   0.7857678718367567,
   0.9572433579789548
  ],
  [
   0.9381991319443621,
   0.7857630996231021,
   0.29003180849006505
  ],
  [
   0.633221400408768,
   0.2856654776310827,
   0.7899652437121043
  ],
  [
   0.13322943948422294,
   0.28566547180545393,
   0.7813967629385008
  ],
  [
   0.4382071710197879,
   0.7857630937974978,
   0.28146332771646937
  ],
  [
   0.535714285714294,
   0.5357142857142884,
   0.5357142857142776
  ],
  [
   0.035714285714276,
   0.5357142857142809,
   0.03571428571428969
  ],
  [
   0.5357142857142945,
   0.035714285714275616,
   0.5357142857142763
  ],
  [
   0.03571428571428916,
   0.03571428571428573,
   0.03571428571427985
  ]
 ]
}