{
 "0": {
  "0": [
   0.6222904203883324,
   0.6408388675819224,
   0.64083885679617,
   0.6222904075081575,
   0.6266948277887743,
   0.6433494163403018,
   0.6433493964694705,
   0.62669479961013,
   0.6291153611691817,
   0.6431057439850124,
   0.6431057346471802,
   0.6291153455616694,
   0.6291153455616859,
   0.6431057346472185,
   0.6431057439849837,
   0.6291153611691842,
   0.6266947996100555,
   0.6433493964694307,
   0.6433494163403044,
   0.6266948277888019,
   0.6222904075082013,
   0.6408388567961948,
   0.6408388675819193,
   0.6222904203883581
  ],
  "1": [
   2.969474548367253,
   2.9508942366592885,
   2.950894220295243,
   2.9694745352521696,
   2.9651188208876302,
   2.9484131906254336,
   2.9484131556415796,
   2.965118791586641,
   2.962736198707021,
   2.948685769617686,
   2.948685751201303,
   2.9627361821913434,
   2.962736182191287,
   2.948685751201399,
   2.9486857696177657,
   2.9627361987069993,
   2.9651187915866735,
   2.9484131556415982,
   2.948413190625606,
   2.9651188208877004,
   2.9694745352521967,
   2.950894220295263,
   2.9508942366591664,
   2.9694745483671574
  ]
 },
 "1": {
  "0": [
   1.7967189122764957,
   1.7967463081962236,
   1.7967463153049257,
   1.7967189180242542,
   1.7967186896475302,
   1.796750400922931,
   1.7967504159828933,
   1.7967187004052003,
   1.796718476260663,
   1.7967545386374217,
   1.796754546257989,
   1.796718481520432,
   1.7967184815203991,
   1.7967545462580172,
   1.7967545386374348,
   1.796718476260822,
   1.7967187004051985,
   1.7967504159827183,
   1.7967504009229724,
   1.7967186896475227,
   1.7967189180241376,
   1.7967463153049856,
   1.7967463081961375,
   1.7967189122765626
  ],
  "1": [
   1.793671181706637,
   1.79364386631346,
   1.7936438685678944,
   1.7936711836158739,
   1.793671423030505,
   1.7936398037724037,
   1.7936398070912907,
   1.7936714275264285,
   1.7936716624109075,
   1.7936357056190475,
   1.7936357073143085,
   1.7936716646893163,
   1.7936716646893636,
   1.7936357073142943,
   1.7936357056189605,
   1.7936716624108593,
   1.7936714275262922,
   1.7936398070911923,
   1.7936398037723054,
   1.7936714230305164,
   1.793671183615903,
   1.7936438685679454,
   1.7936438663134227,
   1.793671181706601
  ]
 },
 "2": {
  "0": [
   1.8436962317883743,
   1.8437200111787049,
   1.8437513694715557,
   1.8437513765024076,
   1.843720024536943,
   1.8436962382988906,
   1.8436946300714847,
   1.8437139773873865,
   1.843742359606502,
   1.8437423744254353,
   1.8437140052998608,
   1.8436946428214847,
   1.8436928115102784,
   1.8437077913130882,
   1.8437327850536163,
   1.843732794161983,
   1.8437078056194773,
   1.8436928179701437,
   1.8436928179700962,
   1.8437078056194358,
   1.8437327941619415,
   1.843732785053666,
   1.8437077913130449,
   1.843692811510272,
   1.843694642821484,
   1.8437140052998795,
   1.8437423744254882,
   1.843742359606524,
   1.8437139773873674,
   1.8436946300711854,
   1.8436962382989952,
   1.8437200245369967,
   1.843751376502479,
   1.8437513694719612,
   1.843720011178755,
   1.8436962317883845
  ],
  "1": [
   1.8448234686014353,
   1.844745226207245,
   1.8446730440867882,
   1.8446730398599236,
   1.8447452179762136,
   1.8448234649772617,
   1.8448290048548586,
   1.8447553656897635,
   1.8446831628729974,
   1.844683154823366,
   1.8447553499372336,
   1.8448289968330476,
   1.8448346263585427,
   1.8447659421943126,
   1.8446939388665702,
   1.8446939347803868,
   1.8447659341545195,
   1.8448346220485106,
   1.844834622048417,
   1.8447659341545526,
   1.8446939347802178,
   1.8446939388668409,
   1.844765942194308,
   1.8448346263585165,
   1.844828996833082,
   1.8447553499369163,
   1.8446831548235767,
   1.8446831628729703,
   1.844755365689788,
   1.8448290048548643,
   1.84482346497756,
   1.8447452179762116,
   1.84467303985998,
   1.8446730440868162,
   1.8447452262071464,
   1.8448234686014788
  ]
 },
 "Z_a": [
  6,
  6,
  6,
  6,
  6,
  6,
  6,
  6,
  6,
  6,
  6,
  6,
  15,
  15,
  15,
  15,
  5,
  5,
  5,
  5,
  6,
  6,
  6,
  6,
  1,
  1,
  1,
  1
 ],
 "spos_ac": [
  [
   0.8699160744877641,
   0.5834161987086461,
   0.7463669200398202
  ],
  [
   0.7015352726879851,
   0.4880090784078269,
   0.246253587368464
  ],
  [
   0.2014849469550319,
   0.08329337259590185,
   0.3250448089018769
  ],
  [
   0.36992089165857833,
   0.9881320104187304,
   0.825158272176593
  ],
  [
   0.20151249694080317,
   0.4880123727199402,
   0.3250616513887663
  ],
  [
   0.36989329874058813,
   0.5834194930207328,
   0.825174984060093
  ],
  [
   0.8699436244735367,
   0.988135198832681,
   0.74638376252669
  ],
  [
   0.7015076797699924,
   0.08329656100983873,
   0.24627029925197835
  ],
  [
   0.5780630240442051,
   0.7857389495503777,
   0.832436528614425
  ],
  [
   0.9933475267784281,
   0.2856896047658299,
   0.3303085423878819
  ],
  [
   0.49336554738436394,
   0.28568962187818037,
   0.2389920428141474
  ],
  [
   0.07808104465014103,
   0.7857389666627534,
   0.7390103243993436
  ],
  [
   0.754224737683117,
   0.7856881534083234,
   0.05214363913549332
  ],
  [
   0.8172063592368138,
   0.2857403577876434,
   0.5521294922552344
  ],
  [
   0.31720383374545863,
   0.2857404180202441,
   0.01928493229307921
  ],
  [
   0.2542222121917596,
   0.7856882136409327,
   0.5192990791733408
  ],
  [
   0.9406631137702488,
   0.785767860668835,
   0.6142479410078823
  ],
  [
   0.6307746855411989,
   0.2856606995918082,
   0.1141852134496121
  ],
  [
   0.13076545765832873,
   0.285660710759749,
   0.45718063042071005
  ],
  [
   0.44065388588736404,
   0.7857678718367567,
   0.9572433579789548
  ],
  [
   0.9381991319443621,
   0.7857630996231021,
   0.29003180849006505
  ],
  [
   0.633221400408768,
   0.2856654776310827,
   0.7899652437121043
  ],
  [
   0.13322943948422294,
   0.28566547180545393,
   0.7813967629385008
  ],
  [
   0.4382071710197879,
   0.7857630937974978,
   0.28146332771646937
  ],
  [
   0.535714285714294,
   0.5357142857142884,
   0.5357142857142776
  ],
  [
   0.035714285714276,
   0.5357142857142809,
   0.03571428571428969
  ],
  [
   0.5357142857142945,
   0.035714285714275616,
   0.5357142857142763
  ],
  [
   0.03571428571428916,
   0.03571428571428573,
   0.03571428571427985
  ]
 ]
}