{
 "0": {
  "0": [
   0.5994351776249831,
   0.6177261618766805,
   0.617766799227521,
   0.5994781722938134,
   0.6038434507670426,
   0.6203188796388353,
   0.6204010961879479,
   0.6039288976532013,
   0.6063171274070855,
   0.6202103634772907,
   0.6202519638767959,
   0.6063598069598904,
   0.6063598069598046,
   0.620251963876811,
   0.6202103634772491,
   0.606317127407003,
   0.6039288976532287,
   0.6204010961879624,
   0.6203188796387715,
   0.6038434507669934,
   0.599478172293794,
   0.6177667992275151,
   0.6177261618767032,
   0.5994351776249703
  ],
  "1": [
   2.9455216488113636,
   2.927012826570785,
   2.9270502632562576,
   2.945564896058799,
   2.941088489656823,
   2.9245502730112385,
   2.924622450269798,
   2.941174577871584,
   2.9386737714534714,
   2.9248736311674306,
   2.924908143037987,
   2.938716712510841,
   2.9387167125107796,
   2.9249081430379698,
   2.924873631167428,
   2.9386737714534896,
   2.941174577871613,
   2.924622450269729,
   2.9245502730112136,
   2.941088489656841,
   2.9455648960588054,
   2.9270502632562194,
   2.927012826570816,
   2.9455216488112788
  ]
 },
 "1": {
  "0": [
   1.7997529976880926,
   1.799990482509103,
   1.799980459917068,
   1.799747925164978,
   1.7997576714478773,
   1.8000021246585876,
   1.7999824826745565,
   1.7997479030623147,
   1.7997571760728903,
   1.8000045470006796,
   1.7999943572299522,
   1.7997525029480128,
   1.799752502948026,
   1.7999943572299433,
   1.8000045470006534,
   1.7997571760728492,
   1.7997479030623469,
   1.799982482674575,
   1.8000021246586415,
   1.799757671447847,
   1.7997479251650499,
   1.7999804599170934,
   1.7999904825090698,
   1.799752997688031
  ],
  "1": [
   1.7950715823609638,
   1.7945901138801303,
   1.7945936086657448,
   1.7950734362917409,
   1.7950647837121034,
   1.7945816911502255,
   1.794588822913149,
   1.7950684824667429,
   1.7950599276197927,
   1.7945767811898659,
   1.7945804050627305,
   1.7950617176280041,
   1.795061717628009,
   1.7945804050627887,
   1.7945767811898543,
   1.795059927619818,
   1.7950684824666374,
   1.794588822913165,
   1.7945816911501518,
   1.7950647837120493,
   1.7950734362917526,
   1.7945936086657606,
   1.7945901138800648,
   1.7950715823609262
  ]
 },
 "2": {
  "0": [
   1.7928187160277882,
   1.7930160758815212,
   1.7932830739365295,
   1.7932872553277495,
   1.7930236393942216,
   1.7928223649230663,
   1.7928173052772691,
   1.793001305120646,
   1.793266646060688,
   1.7932749704619853,
   1.7930167688482255,
   1.7928247290649384,
   1.7928193700414554,
   1.792993993807064,
   1.7932530423921393,
   1.7932570859169712,
   1.7930018376478805,
   1.7928231710526934,
   1.7928231710526754,
   1.793001837647909,
   1.7932570859169932,
   1.7932530423921724,
   1.7929939938070287,
   1.7928193700415727,
   1.792824729064985,
   1.793016768848194,
   1.7932749704620274,
   1.793266646060677,
   1.7930013051205909,
   1.7928173052773821,
   1.7928223649230228,
   1.7930236393942092,
   1.793287255327669,
   1.793283073936627,
   1.793016075881547,
   1.7928187160275126
  ],
  "1": [
   1.7926940385541292,
   1.7926821307186254,
   1.7927032278412105,
   1.792705489522628,
   1.7926876219351373,
   1.792697026698518,
   1.7926939778719295,
   1.792683882424669,
   1.7927100762145542,
   1.7927142496282065,
   1.7926952152468043,
   1.7927003017953511,
   1.7926973601824951,
   1.7926913236576911,
   1.792718496928457,
   1.7927206945487464,
   1.7926971555232492,
   1.7927003340707464,
   1.792700334070753,
   1.7926971555233686,
   1.792720694548642,
   1.7927184969284415,
   1.792691323657683,
   1.7926973601824792,
   1.7927003017954224,
   1.792695215246733,
   1.7927142496281818,
   1.7927100762147823,
   1.7926838824247542,
   1.7926939778719722,
   1.7926970266986466,
   1.7926876219350893,
   1.7927054895226986,
   1.7927032278413033,
   1.792682130718569,
   1.7926940385542414
  ]
 },
 "Z_a": [
  6,
  6,
  6,
  6,
  6,
  6,
  6,
  6,
  6,
  6,
  6,
  6,
  15,
  15,
  15,
  15,
  5,
  5,
  5,
  5,
  6,
  6,
  6,
  6,
  1,
  1,
  1,
  1
 ],
 "spos_ac": [
  [
   0.8699160744877641,
   0.5834161987086461,
   0.7463669200398202
  ],
  [
   0.7015352726879851,
   0.4880090784078269,
   0.246253587368464
  ],
  [
   0.2014849469550319,
   0.08329337259590185,
   0.3250448089018769
  ],
  [
   0.370876914603129,
   0.9881320104187304,
   0.825158272176593
  ],
  [
   0.20151249694080317,
   0.4880123727199402,
   0.3250616513887663
  ],
  [
   0.36989329874058813,
   0.5834194930207328,
   0.825174984060093
  ],
  [
   0.8699436244735367,
   0.988135198832681,
   0.74638376252669
  ],
  [
   0.7015076797699924,
   0.08329656100983873,
   0.24627029925197835
  ],
  [
   0.5780630240442051,
   0.7857389495503777,
   0.832436528614425
  ],
  [
   0.9933475267784281,
   0.2856896047658299,
   0.3324182470292321
  ],
  [
   0.49336554738436394,
   0.28568962187818037,
   0.2389920428141474
  ],
  [
   0.07808104465014103,
   0.7857389666627534,
   0.7390103243993436
  ],
  [
   0.754224737683117,
   0.7856881534083234,
   0.05214363913549332
  ],
  [
   0.8172063592368138,
   0.2857403577876434,
   0.5521294922552344
  ],
  [
   0.31720383374545863,
   0.2857404180202441,
   0.01928493229307921
  ],
  [
   0.2542222121917596,
   0.7856882136409327,
   0.5192990791733408
  ],
  [
   0.9406631137702488,
   0.785767860668835,
   0.6142479410078823
  ],
  [
   0.6307746855411989,
   0.2856606995918082,
   0.1141852134496121
  ],
  [
   0.13076545765832873,
   0.285660710759749,
   0.45718063042071005
  ],
  [
   0.44065388588736404,
   0.7857678718367567,
   0.9572433579789548
  ],
  [
   0.9381991319443621,
   0.7857630996231021,
   0.29003180849006505
  ],
  [
   0.633221400408768,
   0.2856654776310827,
   0.7899652437121043
  ],
  [
   0.13322943948422294,
   0.28566547180545393,
   0.7813967629385008
  ],
  [
   0.4382071710197879,
   0.7857630937974978,
   0.28146332771646937
  ],
  [
   0.535714285714294,
   0.5357142857142884,
   0.5357142857142776
  ],
  [
   0.035714285714276,
   0.5357142857142809,
   0.03571428571428969
  ],
  [
   0.5357142857142945,
   0.035714285714275616,
   0.5357142857142763
  ],
  [
   0.03571428571428916,
   0.03571428571428573,
   0.03571428571427985
  ]
 ]
}