{
 "0": {
  "0": [
   0.6219608111139752,
   0.6404389414246535,
   0.6404342013309949,
   0.6219613448693746,
   0.6263723290880999,
   0.6429687103783557,
   0.6429577118628925,
   0.6263735197514121,
   0.6288058745848432,
   0.6427394177643464,
   0.6427329787349225,
   0.6288065078109518,
   0.6288065078109554,
   0.6427329787348781,
   0.6427394177645221,
   0.6288058745848745,
   0.626373519751376,
   0.6429577118630677,
   0.6429687103781724,
   0.6263723290881221,
   0.6219613448694572,
   0.6404342013308064,
   0.6404389414249297,
   0.6219608111140553
  ],
  "1": [
   2.9682829402865325,
   2.949807602120737,
   2.949802879898584,
   2.9682835346364844,
   2.963867484064826,
   2.947281661928092,
   2.9472707029382104,
   2.9638687941871886,
   2.9614348165974493,
   2.947504586700366,
   2.9474981692856153,
   2.961435512077767,
   2.961435512077646,
   2.9474981692855597,
   2.9475045867003784,
   2.9614348165974063,
   2.963868794187159,
   2.9472707029382454,
   2.9472816619281352,
   2.9638674840647923,
   2.9682835346364658,
   2.949802879898576,
   2.9498076021208273,
   2.968282940286641
  ]
 },
 "1": {
  "0": [
   1.7958796667330459,
   1.7958895668901487,
   1.795890010113469,
   1.7958796158848656,
   1.79587902316828,
   1.7958937067109184,
   1.7958945540766111,
   1.79587893130304,
   1.795878363992681,
   1.7958983330615488,
   1.7958987393098955,
   1.795878353641155,
   1.7958783536410625,
   1.795898739309839,
   1.7958983330614582,
   1.7958783639925033,
   1.795878931303091,
   1.7958945540769318,
   1.7958937067109149,
   1.7958790231680803,
   1.795879615884774,
   1.7958900101135387,
   1.7958895668902994,
   1.7958796667330226
  ],
  "1": [
   1.7928339090945364,
   1.7927887904276205,
   1.7927892485571109,
   1.7928338307139817,
   1.792833784743837,
   1.7927847942055757,
   1.7927856698232054,
   1.7928336374207199,
   1.792833608116932,
   1.7927812244183452,
   1.7927816448500506,
   1.792833569850653,
   1.7928335698506466,
   1.7927816448498866,
   1.7927812244184331,
   1.7928336081167344,
   1.7928336374210336,
   1.7927856698230922,
   1.7927847942055815,
   1.7928337847439737,
   1.7928338307140232,
   1.7927892485571748,
   1.7927887904276365,
   1.7928339090948668
  ]
 },
 "2": {
  "0": [
   1.794804062732726,
   1.7948233699571667,
   1.7948563283518835,
   1.7948557371997,
   1.79482260163088,
   1.7948038708963938,
   1.7948035674388563,
   1.794822669855716,
   1.7948570477693229,
   1.7948558917545063,
   1.7948211110320103,
   1.7948030105038564,
   1.794802736775333,
   1.7948211061096728,
   1.7948569708735853,
   1.794856435259217,
   1.7948203426640843,
   1.7948024668319937,
   1.7948024668318614,
   1.794820342664351,
   1.7948564352594842,
   1.7948569708737616,
   1.7948211061096773,
   1.7948027367750354,
   1.7948030105035013,
   1.7948211110321635,
   1.7948558917546913,
   1.7948570477691073,
   1.794822669855528,
   1.794803567438637,
   1.794803870896567,
   1.794822601631179,
   1.7948557371999185,
   1.7948563283513639,
   1.7948233699574156,
   1.7948040627332467
  ],
  "1": [
   1.7957489369274406,
   1.795768752100522,
   1.7957863345573746,
   1.7957857488756046,
   1.7957680028844372,
   1.7957487580809834,
   1.7957489835563696,
   1.7957684989014682,
   1.7957869536956852,
   1.7957858081677907,
   1.7957669781567234,
   1.7957484523793525,
   1.7957487422448564,
   1.7957674235820087,
   1.7957867454512606,
   1.7957862153941981,
   1.795766679138543,
   1.795748485203467,
   1.7957484852036905,
   1.7957666791382285,
   1.79578621539424,
   1.795786745451541,
   1.795767423582096,
   1.7957487422448284,
   1.7957484523796041,
   1.79576697815693,
   1.79578580816787,
   1.7957869536955586,
   1.7957684989014644,
   1.7957489835561833,
   1.7957487580812446,
   1.7957680028843155,
   1.7957857488754823,
   1.7957863345576368,
   1.795768752100657,
   1.7957489369275919
  ]
 },
 "Z_a": [
  6,
  6,
  6,
  6,
  6,
  6,
  6,
  6,
  6,
  6,
  6,
  6,
  15,
  15,
  15,
  15,
  5,
  5,
  5,
  5,
  6,
  6,
  6,
  6,
  1,
  1,
  1,
  1
 ],
 "spos_ac": [
  [
   0.8699160744877641,
   0.5834161987086461,
   0.7463669200398202
  ],
  [
   0.7015352726879851,
   0.4880090784078269,
   0.246253587368464
  ],
  [
   0.2014849469550319,
   0.08329337259590185,
   0.3250448089018769
  ],
  [
   0.36992089165857833,
   0.9881320104187304,
   0.825158272176593
  ],
  [
   0.20151249694080317,
   0.4880123727199402,
   0.3250616513887663
  ],
  [
   0.36989329874058813,
   0.5834194930207328,
   0.825174984060093
  ],
  [
   0.8699436244735367,
   0.988135198832681,
   0.74638376252669
  ],
  [
   0.7015076797699924,
   0.08329656100983873,
   0.24627029925197835
  ],
  [
   0.5780630240442051,
   0.7857389495503777,
   0.832436528614425
  ],
  [
   0.9933475267784281,
   0.2856896047658299,
   0.3324182470292321
  ],
  [
   0.49336554738436394,
   0.28568962187818037,
   0.2389920428141474
  ],
  [
   0.07808104465014103,
   0.7857389666627534,
   0.7390103243993436
  ],
  [
   0.754224737683117,
   0.7856881534083234,
   0.05214363913549332
  ],
  [
   0.8172063592368138,
   0.2857403577876434,
   0.5521294922552344
  ],
  [
   0.31720383374545863,
   0.2857404180202441,
   0.01928493229307921
  ],
  [
   0.2542222121917596,
   0.7856882136409327,
   0.5192990791733408
  ],
  [
   0.9406631137702488,
   0.785767860668835,
   0.6142479410078823
  ],
  [
   0.6307746855411989,
   0.2856606995918082,
   0.1141852134496121
  ],
  [
   0.13076545765832873,
   0.285660710759749,
   0.45718063042071005
  ],
  [
   0.44065388588736404,
   0.7857678718367567,
   0.9572433579789548
  ],
  [
   0.9381991319443621,
   0.7857630996231021,
   0.29003180849006505
  ],
  [
   0.633221400408768,
   0.2856654776310827,
   0.7899652437121043
  ],
  [
   0.13322943948422294,
   0.28566547180545393,
   0.7813967629385008
  ],
  [
   0.4382071710197879,
   0.7857630937974978,
   0.28146332771646937
  ],
  [
   0.535714285714294,
   0.5357142857142884,
   0.5357142857142776
  ],
  [
   0.035714285714276,
   0.5357142857142809,
   0.03571428571428969
  ],
  [
   0.5347582627697438,
   0.035714285714275616,
   0.5357142857142763
  ],
  [
   0.03571428571428916,
   0.03571428571428573,
   0.03571428571427985
  ]
 ]
}