{
 "0": {
  "0": [
   0.6221625880295685,
   0.6406337830321553,
   0.6406334794261945,
   0.6221648505124701,
   0.6265825132596594,
   0.6431681579342803,
   0.6431680170599196,
   0.6265870677188602,
   0.6290214482325718,
   0.6429464091503697,
   0.6429467612220872,
   0.6290238114727983,
   0.6290238114728687,
   0.6429467612220219,
   0.6429464091503518,
   0.6290214482325444,
   0.6265870677187222,
   0.6431680170600352,
   0.6431681579340988,
   0.6265825132596519,
   0.6221648505124684,
   0.6406334794262285,
   0.6406337830323067,
   0.6221625880296161
  ],
  "1": [
   2.9684845531690884,
   2.950002333341691,
   2.950002061989775,
   2.968486846726356,
   2.964077800102644,
   2.9474810984062656,
   2.9474810194606644,
   2.964082413730477,
   2.961650716622523,
   2.947711618159635,
   2.9477119993585856,
   2.961653105448731,
   2.961653105448826,
   2.947711999358503,
   2.9477116181594667,
   2.9616507166225325,
   2.964082413730519,
   2.947481019460744,
   2.9474810984062776,
   2.9640778001027166,
   2.968486846726538,
   2.950002061989806,
   2.9500023333417325,
   2.9684845531689943
  ]
 },
 "1": {
  "0": [
   1.7972756627398274,
   1.7972633880291495,
   1.797262955677182,
   1.7972760023224075,
   1.7972748349745509,
   1.797267032586098,
   1.797266210124785,
   1.7972755245566117,
   1.7972743730872558,
   1.797270370454879,
   1.7972699264657948,
   1.7972747369069968,
   1.7972747369069335,
   1.7972699264657441,
   1.7972703704549446,
   1.79727437308741,
   1.7972755245563519,
   1.7972662101246017,
   1.797267032586497,
   1.7972748349746,
   1.7972760023224432,
   1.7972629556775206,
   1.7972633880291395,
   1.797275662739668
  ],
  "1": [
   1.7942290860567802,
   1.7941614692950907,
   1.7941610583274838,
   1.7942294438536404,
   1.7942287580286647,
   1.794156973001555,
   1.7941561936728287,
   1.7942294845443,
   1.7942288049515924,
   1.7941521185289813,
   1.7941516959073345,
   1.7942291871899665,
   1.7942291871899427,
   1.7941516959072614,
   1.7941521185289941,
   1.79422880495157,
   1.7942294845446118,
   1.7941561936727433,
   1.7941569730017155,
   1.7942287580288292,
   1.7942294438538127,
   1.7941610583275545,
   1.7941614692949175,
   1.7942290860566648
  ]
 },
 "2": {
  "0": [
   1.7968910678127066,
   1.7968851572176046,
   1.7968931987275354,
   1.7968933080214264,
   1.7968851148134193,
   1.7968910688554103,
   1.7968912837959774,
   1.796885969397006,
   1.7968947513782647,
   1.796894923617732,
   1.796886064455685,
   1.7968913516501652,
   1.7968916150717271,
   1.796886960525468,
   1.796896416304786,
   1.7968964804763528,
   1.7968870119788871,
   1.7968916041736496,
   1.796891604173906,
   1.7968870119790339,
   1.7968964804763439,
   1.7968964163037973,
   1.7968869605252438,
   1.796891615071172,
   1.7968913516499614,
   1.796886064456445,
   1.7968949236179044,
   1.7968947513776954,
   1.7968859693968795,
   1.79689128379584,
   1.7968910688554065,
   1.7968851148137452,
   1.7968933080211587,
   1.7968931987271002,
   1.7968851572178948,
   1.7968910678128496
  ],
  "1": [
   1.7978362134845982,
   1.7978306291907966,
   1.7978230471163272,
   1.7978231628967842,
   1.7978306123115988,
   1.7978362321576007,
   1.797837027376322,
   1.7978319428411043,
   1.7978245489268494,
   1.7978247340158702,
   1.7978320897228008,
   1.7978371304206857,
   1.7978380082729497,
   1.7978334840098986,
   1.7978261339874768,
   1.7978262043026965,
   1.7978335612743137,
   1.797838014886936,
   1.7978380148868538,
   1.7978335612743501,
   1.7978262043030793,
   1.7978261339867045,
   1.7978334840097716,
   1.7978380082730687,
   1.7978371304199077,
   1.7978320897224496,
   1.797824734015588,
   1.7978245489269167,
   1.7978319428410516,
   1.7978370273757012,
   1.7978362321581443,
   1.7978306123117538,
   1.797823162896558,
   1.7978230471164296,
   1.7978306291906083,
   1.7978362134845733
  ]
 },
 "Z_a": [
  6,
  6,
  6,
  6,
  6,
  6,
  6,
  6,
  6,
  6,
  6,
  6,
  15,
  15,
  15,
  15,
  5,
  5,
  5,
  5,
  6,
  6,
  6,
  6,
  1,
  1,
  1,
  1
 ],
 "spos_ac": [
  [
   0.8699160744877641,
   0.5834161987086461,
   0.7463669200398202
  ],
  [
   0.7015352726879851,
   0.4880090784078269,
   0.246253587368464
  ],
  [
   0.2014849469550319,
   0.08329337259590185,
   0.3250448089018769
  ],
  [
   0.36992089165857833,
   0.9881320104187304,
   0.825158272176593
  ],
  [
   0.20151249694080317,
   0.4880123727199402,
   0.3250616513887663
  ],
  [
   0.36989329874058813,
   0.5834194930207328,
   0.825174984060093
  ],
  [
   0.8699436244735367,
   0.988135198832681,
   0.74638376252669
  ],
  [
   0.7015076797699924,
   0.08329656100983873,
   0.24627029925197835
  ],
  [
   0.5780630240442051,
   0.7857389495503777,
   0.832436528614425
  ],
  [
   0.9933475267784281,
   0.2856896047658299,
   0.3324182470292321
  ],
  [
   0.49336554738436394,
   0.28568962187818037,
   0.2389920428141474
  ],
  [
   0.07808104465014103,
   0.7857389666627534,
   0.7390103243993436
  ],
  [
   0.754224737683117,
   0.7856881534083234,
   0.05214363913549332
  ],
  [
   0.8172063592368138,
   0.2857403577876434,
   0.5521294922552344
  ],
  [
   0.31720383374545863,
   0.2857404180202441,
   0.01928493229307921
  ],
  [
   0.2542222121917596,
   0.7856882136409327,
   0.5192990791733408
  ],
  [
   0.9406631137702488,
   0.785767860668835,
   0.6142479410078823
  ],
  [
   0.6307746855411989,
   0.2856606995918082,
   0.1141852134496121
  ],
  [
   0.13076545765832873,
   0.285660710759749,
   0.45718063042071005
  ],
  [
   0.44065388588736404,
   0.7857678718367567,
   0.9572433579789548
  ],
  [
   0.9381991319443621,
   0.7857630996231021,
   0.29003180849006505
  ],
  [
   0.633221400408768,
   0.2856654776310827,
   0.7899652437121043
  ],
  [
   0.13322943948422294,
   0.28566547180545393,
   0.7813967629385008
  ],
  [
   0.4382071710197879,
   0.7857630937974978,
   0.28146332771646937
  ],
  [
   0.535714285714294,
   0.5357142857142884,
   0.5357142857142776
  ],
  [
   0.035714285714276,
   0.5357142857142809,
   0.03571428571428969
  ],
  [
   0.5357142857142945,
   0.035714285714275616,
   0.5357142857142763
  ],
  [
   0.03571428571428916,
   0.03571428571428573,
   0.03782399035563006
  ]
 ]
}