{
 "0": {
  "0": [
   0.6220407348823911,
   0.6405145178873813,
   0.640529083411889,
   0.6220506157080831,
   0.6264470950648873,
   0.6430339764170563,
   0.6430647171879048,
   0.6264700842677889,
   0.6288846717615827,
   0.6428146406286037,
   0.6428312265580368,
   0.6288976372685255,
   0.6288976372684791,
   0.6428312265580303,
   0.6428146406287786,
   0.6288846717613261,
   0.6264700842679373,
   0.6430647171880239,
   0.6430339764170544,
   0.6264470950648562,
   0.6220506157079215,
   0.6405290834117595,
   0.6405145178872745,
   0.6220407348825656
  ],
  "1": [
   2.968367162572108,
   2.949888135022797,
   2.9498981870774506,
   2.968377601241479,
   2.96394828289882,
   2.9473558937216477,
   2.9473768119606687,
   2.963972205029161,
   2.961522073425222,
   2.947588193853004,
   2.9475990397657297,
   2.9615348598631415,
   2.9615348598630784,
   2.9475990397656666,
   2.9475881938529422,
   2.9615220734251277,
   2.9639722050292097,
   2.9473768119606163,
   2.9473558937216233,
   2.9639482828988695,
   2.9683776012412295,
   2.949898187077423,
   2.949888135022858,
   2.9683671625720733
  ]
 },
 "1": {
  "0": [
   1.8338918663627761,
   1.833805304865518,
   1.8338248990050439,
   1.8339039245445754,
   1.83388513663179,
   1.833814207469691,
   1.833853983464768,
   1.8339093226186383,
   1.8338903921182892,
   1.833843171341723,
   1.8338632535940478,
   1.8339025502754247,
   1.83390255027569,
   1.8338632535939885,
   1.8338431713418688,
   1.833890392118397,
   1.8339093226187537,
   1.8338539834647156,
   1.8338142074694535,
   1.833885136631818,
   1.8339039245444926,
   1.8338248990051376,
   1.83380530486566,
   1.8338918663628094
  ],
  "1": [
   1.831204064587193,
   1.8313008975659428,
   1.8312947942125224,
   1.8311963641445994,
   1.8312109140142476,
   1.8312998687889337,
   1.8312874842670508,
   1.8311956869081962,
   1.8312101603147308,
   1.8312923752360049,
   1.831286502090954,
   1.8312023453100332,
   1.8312023453099469,
   1.8312865020907743,
   1.831292375236073,
   1.8312101603146413,
   1.831195686908174,
   1.8312874842668119,
   1.8312998687889317,
   1.8312109140141613,
   1.831196364144755,
   1.8312947942125255,
   1.8313008975660692,
   1.8312040645874499
  ]
 },
 "2": {
  "0": [
   1.7947149814681491,
   1.7947159684133658,
   1.7947190581819996,
   1.794714937489812,
   1.7947049787941292,
   1.7947084456508997,
   1.794718093969178,
   1.7947212790167615,
   1.7947213257992027,
   1.794712866702679,
   1.7946992571457299,
   1.7947047407889498,
   1.7947142924796509,
   1.7947155842675704,
   1.7947193750143067,
   1.794715048364032,
   1.7947045293039094,
   1.7947078944332273,
   1.7947078944328152,
   1.7947045293038761,
   1.7947150483638328,
   1.7947193750140409,
   1.7947155842678735,
   1.7947142924797448,
   1.7947047407892542,
   1.7946992571457,
   1.7947128667024905,
   1.7947213257990906,
   1.7947212790166276,
   1.7947180939689948,
   1.7947084456509212,
   1.7947049787939728,
   1.7947149374895333,
   1.794719058182144,
   1.7947159684136078,
   1.7947149814679735
  ],
  "1": [
   1.7956600853857896,
   1.7956624249397097,
   1.7956532226632391,
   1.7956480357970603,
   1.7956552831747,
   1.7956583011351201,
   1.795661491202734,
   1.7956660661497958,
   1.795656008188459,
   1.7956448690805182,
   1.7956520437137105,
   1.7956576575184653,
   1.7956608162954573,
   1.795662796240267,
   1.795652997132698,
   1.7956474592563159,
   1.795655753809956,
   1.7956591150318009,
   1.7956591150317074,
   1.7956557538102151,
   1.7956474592567913,
   1.7956529971322335,
   1.7956627962404308,
   1.7956608162954213,
   1.795657657518299,
   1.7956520437139794,
   1.7956448690804288,
   1.79565600818826,
   1.7956660661496464,
   1.795661491202804,
   1.7956583011352052,
   1.795655283174513,
   1.7956480357961617,
   1.7956532226620479,
   1.7956624249393385,
   1.795660085385428
  ]
 },
 "Z_a": [
  6,
  6,
  6,
  6,
  6,
  6,
  6,
  6,
  6,
  6,
  6,
  6,
  15,
  15,
  15,
  15,
  5,
  5,
  5,
  5,
  6,
  6,
  6,
  6,
  1,
  1,
  1,
  1
 ],
 "spos_ac": [
  [
   0.8699160744877641,
   0.5834161987086461,
   0.7463669200398202
  ],
  [
   0.7015352726879851,
   0.4880090784078269,
   0.246253587368464
  ],
  [
   0.2014849469550319,
   0.08329337259590185,
   0.3250448089018769
  ],
  [
   0.36992089165857833,
   0.9881320104187304,
   0.825158272176593
  ],
  [
   0.20151249694080317,
   0.4880123727199402,
   0.3250616513887663
  ],
  [
   0.36989329874058813,
   0.5834194930207328,
   0.825174984060093
  ],
  [
   0.8699436244735367,
   0.988135198832681,
   0.74638376252669
  ],
  [
   0.7015076797699924,
   0.08329656100983873,
   0.24627029925197835
  ],
  [
   0.5780630240442051,
   0.7857389495503777,
   0.832436528614425
  ],
  [
   0.9933475267784281,
   0.2856896047658299,
   0.3324182470292321
  ],
  [
   0.49336554738436394,
   0.28405027761588525,
   0.2389920428141474
  ],
  [
   0.07808104465014103,
   0.7857389666627534,
   0.7390103243993436
  ],
  [
   0.754224737683117,
   0.7856881534083234,
   0.05214363913549332
  ],
  [
   0.8172063592368138,
   0.2857403577876434,
   0.5521294922552344
  ],
  [
   0.31720383374545863,
   0.2857404180202441,
   0.01928493229307921
  ],
  [
   0.2542222121917596,
   0.7856882136409327,
   0.5192990791733408
  ],
  [
   0.9406631137702488,
   0.785767860668835,
   0.6142479410078823
  ],
  [
   0.6307746855411989,
   0.2856606995918082,
   0.1141852134496121
  ],
  [
   0.13076545765832873,
   0.285660710759749,
   0.45718063042071005
  ],
  [
   0.44065388588736404,
   0.7857678718367567,
   0.9572433579789548
  ],
  [
   0.9381991319443621,
   0.7857630996231021,
   0.29003180849006505
  ],
  [
   0.633221400408768,
   0.2856654776310827,
   0.7899652437121043
  ],
  [
   0.13322943948422294,
   0.28566547180545393,
   0.7813967629385008
  ],
  [
   0.4382071710197879,
   0.7857630937974978,
   0.28146332771646937
  ],
  [
   0.535714285714294,
   0.5357142857142884,
   0.5357142857142776
  ],
  [
   0.035714285714276,
   0.5357142857142809,
   0.03571428571428969
  ],
  [
   0.5357142857142945,
   0.035714285714275616,
   0.5357142857142763
  ],
  [
   0.03571428571428916,
   0.03571428571428573,
   0.03571428571427985
  ]
 ]
}