{
 "0": {
  "0": [
   0.6219093001788428,
   0.6403917741566911,
   0.6403920425853158,
   0.621907004850846,
   0.626316343773454,
   0.6429133466421869,
   0.6429134203634855,
   0.6263117264136133,
   0.6287438677259153,
   0.642683304134037,
   0.6426829207279589,
   0.628741476923762,
   0.6287414769237263,
   0.6426829207279513,
   0.6426833041341237,
   0.6287438677258266,
   0.6263117264135922,
   0.6429134203637358,
   0.6429133466422398,
   0.626316343773406,
   0.6219070048508496,
   0.6403920425853422,
   0.6403917741567622,
   0.6219093001788136
  ],
  "1": [
   2.9682312520251166,
   2.9497603287767724,
   2.9497606295111605,
   2.9682289877639825,
   2.9638116115259616,
   2.9472262889761196,
   2.947226424707125,
   2.9638070533442242,
   2.9613731111747943,
   2.9474485109855824,
   2.9474481567450472,
   2.9613707459868914,
   2.9613707459869634,
   2.9474481567450805,
   2.9474485109856263,
   2.961373111174412,
   2.963807053343878,
   2.9472264247067264,
   2.94722628897578,
   2.9638116115257205,
   2.9682289877637364,
   2.9497606295110197,
   2.9497603287765624,
   2.96823125202495
  ]
 },
 "1": {
  "0": [
   1.7972768205202323,
   1.7972632645873445,
   1.7972636736484082,
   1.7972764636224898,
   1.7972763463741805,
   1.7972665251817441,
   1.7972673002013415,
   1.7972756217866726,
   1.7972755443911814,
   1.7972702227007042,
   1.7972706432510508,
   1.7972751628254577,
   1.7972751628253687,
   1.7972706432510492,
   1.7972702227007331,
   1.7972755443912087,
   1.797275621786805,
   1.797267300201361,
   1.7972665251817486,
   1.7972763463740888,
   1.7972764636223557,
   1.7972636736483063,
   1.7972632645874569,
   1.7972768205203031
  ],
  "1": [
   1.7942285598649759,
   1.7941610315489822,
   1.7941614619185493,
   1.7942282210707545,
   1.7942285936299425,
   1.7941561682698826,
   1.7941569863163107,
   1.7942279058245816,
   1.7942283092199314,
   1.7941516918243097,
   1.7941521336847017,
   1.7942279459912052,
   1.7942279459911559,
   1.7941521336847166,
   1.7941516918242955,
   1.7942283092199813,
   1.7942279058245607,
   1.7941569863162674,
   1.7941561682699303,
   1.7942285936298896,
   1.7942282210706049,
   1.794161461918524,
   1.7941610315489671,
   1.7942285598648546
  ]
 },
 "2": {
  "0": [
   1.7968910606563506,
   1.7968851562991388,
   1.7968933613661238,
   1.7968932450101207,
   1.7968851717321592,
   1.7968910413658123,
   1.7968913717384862,
   1.7968861638015572,
   1.7968950362618497,
   1.796894849133314,
   1.7968860142013547,
   1.7968912681122724,
   1.7968916337793572,
   1.7968871416090162,
   1.7968966452730075,
   1.7968965742166068,
   1.7968870632341039,
   1.7968916269704203,
   1.7968916269704094,
   1.7968870632342844,
   1.796896574216471,
   1.7968966452727488,
   1.7968871416089294,
   1.7968916337791545,
   1.7968912681120779,
   1.7968860142013379,
   1.796894849133172,
   1.7968950362618439,
   1.79688616380163,
   1.79689137173843,
   1.7968910413658519,
   1.7968851717322554,
   1.7968932450101833,
   1.796893361366224,
   1.7968851562989259,
   1.7968910606560538
  ],
  "1": [
   1.7978352312932313,
   1.7978296181795934,
   1.797822205113426,
   1.7978220952651591,
   1.7978296591952956,
   1.7978352296664784,
   1.7978361111150576,
   1.7978310442123668,
   1.797823719533834,
   1.7978235452999674,
   1.7978309465644202,
   1.797836042759259,
   1.7978369947685506,
   1.797832488565657,
   1.7978251358898507,
   1.7978250710039838,
   1.7978324360664186,
   1.7978370055160222,
   1.7978370055161983,
   1.7978324360662112,
   1.7978250710029946,
   1.7978251358889386,
   1.7978324885642432,
   1.7978369947673614,
   1.7978360427585551,
   1.797830946564272,
   1.797823545299773,
   1.7978237195339795,
   1.797831044212461,
   1.7978361111147478,
   1.7978352296660935,
   1.7978296591954552,
   1.7978220952659554,
   1.797822205114024,
   1.797829618178288,
   1.7978352312918655
  ]
 },
 "Z_a": [
  6,
  6,
  6,
  6,
  6,
  6,
  6,
  6,
  6,
  6,
  6,
  6,
  15,
  15,
  15,
  15,
  5,
  5,
  5,
  5,
  6,
  6,
  6,
  6,
  1,
  1,
  1,
  1
 ],
 "spos_ac": [
  [
   0.8699160744877641,
   0.5834161987086461,
   0.7463669200398202
  ],
  [
   0.7015352726879851,
   0.4880090784078269,
   0.246253587368464
  ],
  [
   0.2014849469550319,
   0.08329337259590185,
   0.3250448089018769
  ],
  [
   0.36992089165857833,
   0.9881320104187304,
   0.825158272176593
  ],
  [
   0.20151249694080317,
   0.4880123727199402,
   0.3250616513887663
  ],
  [
   0.36989329874058813,
   0.5834194930207328,
   0.825174984060093
  ],
  [
   0.8699436244735367,
   0.988135198832681,
   0.74638376252669
  ],
  [
   0.7015076797699924,
   0.08329656100983873,
   0.24627029925197835
  ],
  [
   0.5780630240442051,
   0.7857389495503777,
   0.832436528614425
  ],
  [
   0.9933475267784281,
   0.2856896047658299,
   0.3324182470292321
  ],
  [
   0.49336554738436394,
   0.28568962187818037,
   0.2389920428141474
  ],
  [
   0.07808104465014103,
   0.7857389666627534,
   0.7390103243993436
  ],
  [
   0.754224737683117,
   0.7856881534083234,
   0.05214363913549332
  ],
  [
   0.8172063592368138,
   0.2857403577876434,
   0.5521294922552344
  ],
  [
   0.31720383374545863,
   0.2857404180202441,
   0.01928493229307921
  ],
  [
   0.2542222121917596,
   0.7856882136409327,
   0.5192990791733408
  ],
  [
   0.9406631137702488,
   0.785767860668835,
   0.6142479410078823
  ],
  [
   0.6307746855411989,
   0.2856606995918082,
   0.1141852134496121
  ],
  [
   0.13076545765832873,
   0.285660710759749,
   0.45718063042071005
  ],
  [
   0.44065388588736404,
   0.7857678718367567,
   0.9572433579789548
  ],
  [
   0.9381991319443621,
   0.7857630996231021,
   0.29003180849006505
  ],
  [
   0.633221400408768,
   0.2856654776310827,
   0.7899652437121043
  ],
  [
   0.13322943948422294,
   0.28566547180545393,
   0.7813967629385008
  ],
  [
   0.4382071710197879,
   0.7857630937974978,
   0.28146332771646937
  ],
  [
   0.535714285714294,
   0.5357142857142884,
   0.5378239903556277
  ],
  [
   0.035714285714276,
   0.5357142857142809,
   0.03571428571428969
  ],
  [
   0.5357142857142945,
   0.035714285714275616,
   0.5357142857142763
  ],
  [
   0.03571428571428916,
   0.03571428571428573,
   0.03571428571427985
  ]
 ]
}