{
 "0": {
  "0": [
   0.5994738572447195,
   0.6178653183995667,
   0.6178653203330863,
   0.5994738566434644,
   0.6039060423946365,
   0.6204173920838995,
   0.6204173906505163,
   0.6039060365605785,
   0.6063638584744107,
   0.6202145850799826,
   0.6202145805692412,
   0.6063638527162902,
   0.6063638527163671,
   0.6202145805691216,
   0.6202145850800509,
   0.6063638584745131,
   0.6039060365604557,
   0.6204173906504389,
   0.6204173920837014,
   0.6039060423945817,
   0.5994738566434101,
   0.6178653203331256,
   0.6178653183995569,
   0.5994738572447259
  ],
  "1": [
   2.946548605023665,
   2.927615282565921,
   2.9276152715752644,
   2.946548600089721,
   2.942165170916611,
   2.925099756666291,
   2.9250997288651126,
   2.942165158325991,
   2.939763031357947,
   2.925336036917668,
   2.9253360198657026,
   2.9397630239705426,
   2.939763023970651,
   2.9253360198656644,
   2.9253360369177828,
   2.939763031358009,
   2.9421651583259276,
   2.9250997288651006,
   2.925099756666338,
   2.9421651709166325,
   2.946548600089747,
   2.9276152715752475,
   2.927615282565836,
   2.9465486050236622
  ]
 },
 "1": {
  "0": [
   1.7967188822514153,
   1.7967460470210166,
   1.7967460540861033,
   1.7967188825213793,
   1.7967186165566944,
   1.7967500960944514,
   1.7967501097087037,
   1.796718618202593,
   1.7967183560272653,
   1.7967541868824461,
   1.7967541930983155,
   1.7967183571184737,
   1.7967183571187177,
   1.7967541930983204,
   1.7967541868824648,
   1.7967183560273357,
   1.7967186182024462,
   1.7967501097085787,
   1.796750096094564,
   1.7967186165567337,
   1.7967188825212979,
   1.7967460540861975,
   1.7967460470209853,
   1.79671888225101
  ],
  "1": [
   1.7936716339675896,
   1.7936441499597726,
   1.793644122279797,
   1.7936716167165971,
   1.7936719179396867,
   1.7936400970451019,
   1.7936400415341598,
   1.7936718835011094,
   1.7936721805742362,
   1.7936359805158621,
   1.7936359514973248,
   1.7936721631988508,
   1.7936721631986234,
   1.7936359514973064,
   1.7936359805158395,
   1.7936721805741227,
   1.7936718835009102,
   1.793640041534169,
   1.7936400970450481,
   1.7936719179393712,
   1.7936716167164681,
   1.7936441222797024,
   1.79364414995977,
   1.7936716339676273
  ]
 },
 "2": {
  "0": [
   1.7927291193757928,
   1.7926895903756082,
   1.7926595235552325,
   1.7926595257802886,
   1.792689595614256,
   1.7927291217473569,
   1.7927294207835125,
   1.7926870168710842,
   1.7926523685773579,
   1.7926523722829315,
   1.792687027906089,
   1.792729426711991,
   1.7927299806403931,
   1.7926845597104224,
   1.7926452541426587,
   1.7926452559956463,
   1.792684565149393,
   1.7927299831522654,
   1.7927299831523722,
   1.7926845651494003,
   1.7926452559956454,
   1.7926452541426885,
   1.7926845597102588,
   1.7927299806403838,
   1.7927294267122162,
   1.7926870279064424,
   1.7926523722831105,
   1.7926523685774216,
   1.7926870168709277,
   1.7927294207838285,
   1.7927291217473673,
   1.792689595614045,
   1.7926595257801152,
   1.7926595235550824,
   1.7926895903755145,
   1.792729119375656
  ],
  "1": [
   1.7943708438271584,
   1.7944968274526973,
   1.794633252592506,
   1.7946332554509274,
   1.7944968322739312,
   1.7943708461074666,
   1.7943737618144577,
   1.794509508923731,
   1.794645041083192,
   1.7946450458014869,
   1.7945095206413433,
   1.7943737673702178,
   1.7943771928387084,
   1.7945228023349584,
   1.7946575125931508,
   1.7946575137729344,
   1.7945228079386795,
   1.7943771949922176,
   1.7943771949921143,
   1.7945228079385833,
   1.7946575137729923,
   1.7946575125931774,
   1.7945228023353075,
   1.794377192838885,
   1.794373767370227,
   1.794509520641111,
   1.7946450458015357,
   1.7946450410829233,
   1.794509508923348,
   1.794373761814555,
   1.794370846107525,
   1.7944968322740373,
   1.794633255450881,
   1.7946332525925535,
   1.7944968274524988,
   1.7943708438268495
  ]
 },
 "Z_a": [
  6,
  6,
  6,
  6,
  6,
  6,
  6,
  6,
  6,
  6,
  6,
  6,
  15,
  15,
  15,
  15,
  5,
  5,
  5,
  5,
  6,
  6,
  6,
  6,
  1,
  1,
  1,
  1
 ],
 "spos_ac": [
  [
   0.8699160744877641,
   0.5834161987086461,
   0.7463669200398202
  ],
  [
   0.7015352726879851,
   0.4880090784078269,
   0.246253587368464
  ],
  [
   0.2014849469550319,
   0.08329337259590185,
   0.3250448089018769
  ],
  [
   0.36992089165857833,
   0.9881320104187304,
   0.825158272176593
  ],
  [
   0.20151249694080317,
   0.4880123727199402,
   0.3250616513887663
  ],
  [
   0.36989329874058813,
   0.5834194930207328,
   0.825174984060093
  ],
  [
   0.8699436244735367,
   0.988135198832681,
   0.74638376252669
  ],
  [
   0.7015076797699924,
   0.08329656100983873,
   0.24627029925197835
  ],
  [
   0.5780630240442051,
   0.7857389495503777,
   0.832436528614425
  ],
  [
   0.9933475267784281,
   0.2856896047658299,
   0.3324182470292321
  ],
  [
   0.49336554738436394,
   0.28568962187818037,
   0.2389920428141474
  ],
  [
   0.07808104465014103,
   0.7857389666627534,
   0.7390103243993436
  ],
  [
   0.754224737683117,
   0.7856881534083234,
   0.05214363913549332
  ],
  [
   0.8172063592368138,
   0.2857403577876434,
   0.5521294922552344
  ],
  [
   0.31720383374545863,
   0.2857404180202441,
   0.01928493229307921
  ],
  [
   0.2542222121917596,
   0.7856882136409327,
   0.5192990791733408
  ],
  [
   0.9406631137702488,
   0.785767860668835,
   0.6142479410078823
  ],
  [
   0.6307746855411989,
   0.2856606995918082,
   0.1141852134496121
  ],
  [
   0.13076545765832873,
   0.285660710759749,
   0.45718063042071005
  ],
  [
   0.44065388588736404,
   0.7857678718367567,
   0.9572433579789548
  ],
  [
   0.9381991319443621,
   0.7857630996231021,
   0.29003180849006505
  ],
  [
   0.633221400408768,
   0.2856654776310827,
   0.7899652437121043
  ],
  [
   0.13418546242877363,
   0.28566547180545393,
   0.7813967629385008
  ],
  [
   0.4382071710197879,
   0.7857630937974978,
   0.28146332771646937
  ],
  [
   0.535714285714294,
   0.5357142857142884,
   0.5357142857142776
  ],
  [
   0.035714285714276,
   0.5357142857142809,
   0.03571428571428969
  ],
  [
   0.5357142857142945,
   0.035714285714275616,
   0.5357142857142763
  ],
  [
   0.03571428571428916,
   0.03571428571428573,
   0.03571428571427985
  ]
 ]
}