{
 "0": {
  "0": [
   0.4257143960858359,
   0.45201761764561393,
   0.4519752902399105,
   0.4256745545891405,
   0.4307203375955074,
   0.45530164616398316,
   0.4552069359251565,
   0.43062972458147475,
   0.43278078248719737,
   0.45553681481720937,
   0.4554820435304001,
   0.43272739242751374,
   0.43272739242752395,
   0.4554820435303937,
   0.45553681481727215,
   0.432780782487255,
   0.43062972458146764,
   0.45520693592516387,
   0.45530164616400853,
   0.43072033759549705,
   0.4256745545891874,
   0.4519752902398652,
   0.45201761764559867,
   0.4257143960858106
  ],
  "1": [
   -3.116488339545675,
   -3.1426635009000865,
   -3.1426511330444247,
   -3.11647426575126,
   -3.1215733219858066,
   -3.1460051177576953,
   -3.1459896756388055,
   -3.1215549552696245,
   -3.1237787666409202,
   -3.1463557955812798,
   -3.1463547728867534,
   -3.123776175755508,
   -3.1237761757555034,
   -3.146354772886706,
   -3.1463557955812655,
   -3.1237787666409247,
   -3.1215549552696373,
   -3.1459896756388033,
   -3.1460051177575976,
   -3.1215733219858484,
   -3.1164742657512448,
   -3.142651133044458,
   -3.142663500900058,
   -3.1164883395456924
  ]
 },
 "1": {
  "0": [
   1.7956919129420548,
   1.7956169065599124,
   1.7956153917434359,
   1.7956897431721852,
   1.7956937382891558,
   1.7956158484756433,
   1.7956131129993733,
   1.7956905214470762,
   1.7956947271924586,
   1.7956132928799033,
   1.7956117243974408,
   1.7956928504020595,
   1.7956928504022927,
   1.795611724397499,
   1.7956132928799742,
   1.7956947271923025,
   1.7956905214471333,
   1.7956131129993407,
   1.795615848475565,
   1.795693738289246,
   1.7956897431722856,
   1.795615391743527,
   1.7956169065600445,
   1.7956919129419495
  ],
  "1": [
   1.7942807743363154,
   1.7945469123202553,
   1.7945500772820664,
   1.7942847552748107,
   1.7942800179152858,
   1.794543584536437,
   1.7945495421095043,
   1.7942879355648722,
   1.7942834655338995,
   1.7945430741181991,
   1.7945461243058212,
   1.7942875755385064,
   1.7942875755384575,
   1.794546124305816,
   1.7945430741181294,
   1.7942834655338904,
   1.7942879355649348,
   1.794549542109427,
   1.7945435845364648,
   1.794280017915203,
   1.7942847552747174,
   1.7945500772820269,
   1.794546912320223,
   1.7942807743361853
  ]
 },
 "2": {
  "0": [
   1.7446957420775673,
   1.7449654910655306,
   1.7453525450774525,
   1.745357388049462,
   1.7449764570844346,
   1.7447019357235598,
   1.7446862177223683,
   1.7449529616808732,
   1.7453456884848475,
   1.7453540196390822,
   1.744975077988055,
   1.744697917683706,
   1.7446825175769116,
   1.7449512386007697,
   1.7453421232366566,
   1.7453467087966898,
   1.744961535166127,
   1.7446883430193982,
   1.7446883430193856,
   1.7449615351663665,
   1.7453467087966656,
   1.745342123236701,
   1.7449512386004782,
   1.7446825175771987,
   1.7446979176838773,
   1.7449750779880813,
   1.745354019638871,
   1.74534568848474,
   1.7449529616809172,
   1.7446862177226374,
   1.7447019357236537,
   1.744976457084594,
   1.7453573880494382,
   1.7453525450779594,
   1.7449654910654528,
   1.7446957420777467
  ],
  "1": [
   1.7454502510664736,
   1.7455179249795112,
   1.745552044209113,
   1.745555888080038,
   1.7455271014131404,
   1.7454554985300805,
   1.745446965357566,
   1.7455246856620126,
   1.7455686036022686,
   1.7455763858918727,
   1.745543619255565,
   1.7454569194364742,
   1.745448669442821,
   1.745541399262854,
   1.7455894207945728,
   1.7455933385673437,
   1.745550941290399,
   1.745453861356603,
   1.7454538613564552,
   1.7455509412906103,
   1.7455933385673092,
   1.7455894207946199,
   1.7455413992628739,
   1.7454486694430766,
   1.7454569194364438,
   1.7455436192556308,
   1.7455763858918916,
   1.7455686036022617,
   1.745524685662084,
   1.7454469653576477,
   1.7454554985300466,
   1.7455271014131226,
   1.7455558880802116,
   1.7455520442090255,
   1.7455179249794164,
   1.7454502510665835
  ]
 },
 "Z_a": [
  6,
  6,
  6,
  6,
  6,
  6,
  6,
  6,
  6,
  6,
  6,
  6,
  15,
  15,
  15,
  15,
  5,
  5,
  5,
  5,
  6,
  6,
  6,
  6,
  1,
  1,
  1,
  1
 ],
 "spos_ac": [
  [
   0.8725128084067603,
   0.5788645778567383,
   0.7607852372240973
  ],
  [
   0.6989122595554291,
   0.49256570608147227,
   0.25861128824110036
  ],
  [
   0.1989276738411305,
   0.0788410079528084,
   0.3128048493613723
  ],
  [
   0.3725033193337612,
   0.9925875502319049,
   0.8128078762166158
  ],
  [
   0.19892315481892786,
   0.4925571973920667,
   0.3128095295014451
  ],
  [
   0.3725074913454074,
   0.5788707762015073,
   0.8128138723644123
  ],
  [
   0.8725083672045058,
   0.9925945643649999,
   0.7586200136795407
  ],
  [
   0.6989163708218085,
   0.0788329025331262,
   0.258617445035979
  ],
  [
   0.5869574404745392,
   0.785733213864936,
   0.8141947923225966
  ],
  [
   0.9844738548770624,
   0.28569479089678523,
   0.3141670627049546
  ],
  [
   0.48446621187346156,
   0.2856953447836929,
   0.25722661237410804
  ],
  [
   0.08695932495749685,
   0.7857337901375745,
   0.7572503293842963
  ],
  [
   0.7572873889231736,
   0.7857037867987287,
   0.0655779736977574
  ],
  [
   0.8141437830365986,
   0.2857251698928161,
   0.5655656404057552
  ],
  [
   0.31413797887295575,
   0.28572480994138116,
   0.005842576354452304
  ],
  [
   0.2572882060344878,
   0.7857033852619727,
   0.505862054265574
  ],
  [
   0.945917374111562,
   0.7857327710064538,
   0.623668130617417
  ],
  [
   0.625510019452445,
   0.28569609289739906,
   0.12366181764942931
  ],
  [
   0.1255137031658538,
   0.2856958939300236,
   0.44776170401137905
  ],
  [
   0.44591512356601026,
   0.7857323774291809,
   0.9477693797909105
  ],
  [
   0.9457825044015014,
   0.7857296659261728,
   0.2926395243483615
  ],
  [
   0.6256478260488969,
   0.285699229366726,
   0.7926348311164438
  ],
  [
   0.12565145318032864,
   0.2856989861185145,
   0.7787901610753399
  ],
  [
   0.4457734873395187,
   0.7857292616016965,
   0.2787953687655959
  ],
  [
   0.535706429654041,
   0.5357133582413821,
   0.5357232333547415
  ],
  [
   0.035725009034503756,
   0.535716295501715,
   0.03572275492730475
  ],
  [
   0.5357063424692164,
   0.035715179656577514,
   0.53572324432194
  ],
  [
   0.03572509537821409,
   0.03571231375223229,
   0.03572277273107491
  ]
 ]
}