{
 "0": {
  "0": [
   0.40168297582232304,
   0.427558638382329,
   0.4274971663140627,
   0.4016179262022612,
   0.4068050514992855,
   0.43110191361738365,
   0.43097878864513994,
   0.4066790545521557,
   0.4089669841579576,
   0.4315964234612683,
   0.43153430392614955,
   0.40890579920601894,
   0.4089057992060632,
   0.43153430392616793,
   0.43159642346127364,
   0.40896698415792715,
   0.40667905455220466,
   0.43097878864514333,
   0.43110191361744166,
   0.40680505149924767,
   0.40161792620220377,
   0.42749716631408263,
   0.42755863838229713,
   0.4016829758224209
  ],
  "1": [
   -3.14149714672549,
   -3.1676913910992694,
   -3.1677481970951806,
   -3.1415643315062094,
   -3.146577104296364,
   -3.1709748389273265,
   -3.1710798144797705,
   -3.146711356831674,
   -3.148831765169505,
   -3.17131768569363,
   -3.1713646398371655,
   -3.1488987796480736,
   -3.148898779648054,
   -3.1713646398371313,
   -3.171317685693683,
   -3.148831765169597,
   -3.146711356831782,
   -3.1710798144797594,
   -3.1709748389273247,
   -3.146577104296316,
   -3.1415643315062214,
   -3.167748197095261,
   -3.1676913910992246,
   -3.1414971467254413
  ]
 },
 "1": {
  "0": [
   1.7924707677558862,
   1.7921362792691682,
   1.7921503275325013,
   1.7924794452471668,
   1.7924573025450101,
   1.7921278126787799,
   1.792156004452146,
   1.7924753819620063,
   1.7924530778821213,
   1.7921332403493977,
   1.7921473362150846,
   1.7924619755832119,
   1.7924619755832105,
   1.7921473362151332,
   1.7921332403493913,
   1.7924530778820038,
   1.7924753819619546,
   1.7921560044521685,
   1.7921278126786675,
   1.7924573025448016,
   1.792479445247053,
   1.7921503275322443,
   1.7921362792690072,
   1.7924707677560852
  ],
  "1": [
   1.793512832108594,
   1.7941073877506302,
   1.7941029104163912,
   1.7935103655413032,
   1.793526974656945,
   1.7941128310505763,
   1.7941044881097625,
   1.7935221208770638,
   1.7935383790732418,
   1.7941146078439887,
   1.7941105688414132,
   1.7935360807749796,
   1.7935360807751362,
   1.79411056884129,
   1.7941146078439985,
   1.793538379073251,
   1.7935221208770942,
   1.7941044881096937,
   1.7941128310507075,
   1.793526974657126,
   1.793510365541465,
   1.7941029104163184,
   1.794107387750624,
   1.793512832108465
  ]
 },
 "2": {
  "0": [
   1.794249905405725,
   1.794563266116283,
   1.7949683504655223,
   1.794961431560701,
   1.7945500225301194,
   1.7942435157515995,
   1.7942536531321454,
   1.7945594125595554,
   1.7949620743193329,
   1.7949479106700474,
   1.7945326789422873,
   1.7942412872039895,
   1.7942513995224918,
   1.794541741336737,
   1.794947887251426,
   1.7949402340817575,
   1.794528409647539,
   1.7942449256035846,
   1.7942449256037607,
   1.7945284096476644,
   1.7949402340816711,
   1.7949478872516023,
   1.7945417413366624,
   1.7942513995223948,
   1.7942412872041047,
   1.7945326789426892,
   1.7949479106704356,
   1.7949620743195327,
   1.7945594125593318,
   1.7942536531322593,
   1.7942435157514476,
   1.7945500225297877,
   1.7949614315605842,
   1.7949683504651897,
   1.794563266116419,
   1.794249905405873
  ],
  "1": [
   1.7935771178306232,
   1.7935560583706374,
   1.7935966967725274,
   1.7935914650086782,
   1.7935428664648188,
   1.7935699833914815,
   1.7935808862059992,
   1.793565685190898,
   1.793606378447245,
   1.7935956664975001,
   1.793539497690926,
   1.7935663519809595,
   1.7935769962834893,
   1.793561943078279,
   1.7936109257027748,
   1.7936054804903458,
   1.7935490709969184,
   1.7935699984996807,
   1.793569998499876,
   1.7935490709969168,
   1.7936054804903085,
   1.7936109257028607,
   1.7935619430782834,
   1.7935769962831989,
   1.7935663519807283,
   1.7935394976903796,
   1.7935956664969877,
   1.7936063784473444,
   1.793565685190871,
   1.7935808862065736,
   1.793569983392368,
   1.7935428664654964,
   1.7935914650092692,
   1.793596696772968,
   1.793556058370972,
   1.7935771178304325
  ]
 },
 "Z_a": [
  6,
  6,
  6,
  6,
  6,
  6,
  6,
  6,
  6,
  6,
  6,
  6,
  15,
  15,
  15,
  15,
  5,
  5,
  5,
  5,
  6,
  6,
  6,
  6,
  1,
  1,
  1,
  1
 ],
 "spos_ac": [
  [
   0.8725128062271633,
   0.5788645782361553,
   0.7586151613801033
  ],
  [
   0.6989122595554291,
   0.49256570608147227,
   0.25861128824110036
  ],
  [
   0.1989276738411305,
   0.0788410079528084,
   0.3128048493613723
  ],
  [
   0.3725033193337612,
   0.9925875502319049,
   0.8128078762166158
  ],
  [
   0.19892315481892786,
   0.4925571973920667,
   0.3128095295014451
  ],
  [
   0.3735033985417559,
   0.5788707670638412,
   0.8128138770700662
  ],
  [
   0.8725083672045058,
   0.9925945643649999,
   0.7586200136795407
  ],
  [
   0.6989163708218085,
   0.0788329025331262,
   0.258617445035979
  ],
  [
   0.5869574404745392,
   0.785733213864936,
   0.8141947923225966
  ],
  [
   0.9844738548770624,
   0.28569479089678523,
   0.3141670627049546
  ],
  [
   0.48446621187346156,
   0.2856953447836929,
   0.25722661237410804
  ],
  [
   0.08695932495749685,
   0.7857337901375745,
   0.7572503293842963
  ],
  [
   0.7572873889231736,
   0.7857037867987287,
   0.0655779736977574
  ],
  [
   0.8141437830365986,
   0.2857251698928161,
   0.5655656404057552
  ],
  [
   0.31413797887295575,
   0.28572480994138116,
   0.005842576354452304
  ],
  [
   0.2572882060344878,
   0.7857033852619727,
   0.505862054265574
  ],
  [
   0.945917374111562,
   0.7857327710064538,
   0.623668130617417
  ],
  [
   0.625510019452445,
   0.28569609289739906,
   0.12366181764942931
  ],
  [
   0.1255137031658538,
   0.2856958939300236,
   0.44776170401137905
  ],
  [
   0.44591512356601026,
   0.7857323774291809,
   0.9477693797909105
  ],
  [
   0.9457825044015014,
   0.7857296659261728,
   0.2926395243483615
  ],
  [
   0.6256478260488969,
   0.285699229366726,
   0.7926348311164438
  ],
  [
   0.12565145318032864,
   0.2856989861185145,
   0.7787901610753399
  ],
  [
   0.4457734873395187,
   0.7857292616016965,
   0.2787953687655959
  ],
  [
   0.535706429654041,
   0.5357133582413821,
   0.5357232333547415
  ],
  [
   0.035725009034503756,
   0.535716295501715,
   0.03572275492730475
  ],
  [
   0.5357063424692164,
   0.035715179656577514,
   0.53572324432194
  ],
  [
   0.03572509537821409,
   0.03571231375223229,
   0.03572277273107491
  ]
 ]
}