{
 "0": {
  "0": [
   0.42517632600452504,
   0.4513022316042174,
   0.45128681249752683,
   0.425160660416847,
   0.43027631818777223,
   0.4547168610104001,
   0.4546849295103562,
   0.4302415108695917,
   0.4324552724133209,
   0.45511637248384185,
   0.45510012475985046,
   0.43243620188957155,
   0.4324362018894661,
   0.4551001247598992,
   0.4551163724837662,
   0.4324552724134057,
   0.430241510869576,
   0.454684929510438,
   0.4547168610104829,
   0.4302763181878659,
   0.42516066041681555,
   0.451286812497447,
   0.451302231604244,
   0.42517632600465083
  ],
  "1": [
   -3.117754258225757,
   -3.143869962447142,
   -3.143894138812887,
   -3.117769958702044,
   -3.1228354395006375,
   -3.14726395887407,
   -3.14731367934363,
   -3.1228709466792175,
   -3.125029744025719,
   -3.147683170418047,
   -3.147709898771965,
   -3.1250508554280305,
   -3.125050855428156,
   -3.1477098987718883,
   -3.1476831704180057,
   -3.12502974402572,
   -3.1228709466791917,
   -3.147313679343525,
   -3.147263958873979,
   -3.122835439500558,
   -3.1177699587020737,
   -3.143894138812898,
   -3.1438699624471,
   -3.117754258225707
  ]
 },
 "1": {
  "0": [
   1.7570483130373136,
   1.7568762766315993,
   1.756884561798809,
   1.7570572959334725,
   1.7570392926088574,
   1.7568799091893328,
   1.7568960979286308,
   1.7570569818974864,
   1.7570384451860614,
   1.75689156088532,
   1.7568991084693533,
   1.7570475714165557,
   1.7570475714164782,
   1.756899108469453,
   1.7568915608855267,
   1.7570384451860857,
   1.7570569818973638,
   1.7568960979286399,
   1.7568799091894707,
   1.7570392926090193,
   1.7570572959336876,
   1.756884561798652,
   1.7568762766316857,
   1.7570483130373753
  ],
  "1": [
   1.7561273500511905,
   1.756289762182414,
   1.7562674518237367,
   1.7561181795037033,
   1.756111370393458,
   1.7562758966184322,
   1.7562305048134201,
   1.756093199289829,
   1.7560867639400266,
   1.7562387710306202,
   1.7562157220112333,
   1.7560774964531038,
   1.7560774964530417,
   1.7562157220113621,
   1.7562387710303833,
   1.7560867639398883,
   1.7560931992896862,
   1.7562305048134816,
   1.7562758966184464,
   1.7561113703934248,
   1.7561181795039567,
   1.7562674518237886,
   1.75628976218233,
   1.7561273500513288
  ]
 },
 "2": {
  "0": [
   1.7958171279701998,
   1.795814549571649,
   1.7958153644954087,
   1.7958208986506172,
   1.7958208613883926,
   1.795818162356072,
   1.7958162506976985,
   1.7958113923603232,
   1.7958125235121827,
   1.795823948800691,
   1.795823763946973,
   1.7958182649816496,
   1.7958163296910332,
   1.7958142972292355,
   1.7958153360139024,
   1.7958213093764006,
   1.7958204786346117,
   1.7958173736257361,
   1.7958173736256708,
   1.7958204786346874,
   1.795821309376168,
   1.7958153360139664,
   1.7958142972291358,
   1.7958163296910659,
   1.795818264981497,
   1.7958237639471843,
   1.7958239488006267,
   1.7958125235121838,
   1.7958113923603574,
   1.7958162506973936,
   1.7958181623561296,
   1.795820861388492,
   1.7958208986504152,
   1.7958153644950878,
   1.7958145495717996,
   1.795817127970139
  ],
  "1": [
   1.7968071866389541,
   1.7968076995965694,
   1.796815186620928,
   1.7968186210449726,
   1.7968199251711563,
   1.7968156359103267,
   1.7968030792552256,
   1.796801567193289,
   1.7968139341879121,
   1.7968205042934473,
   1.796826671669969,
   1.7968198551123302,
   1.7968073959650102,
   1.7968082282291586,
   1.7968158999600896,
   1.796819196471028,
   1.796820695574206,
   1.7968155828686538,
   1.7968155828684147,
   1.7968206955740995,
   1.7968191964705877,
   1.7968158999604926,
   1.796808228229189,
   1.7968073959648232,
   1.7968198551124115,
   1.7968266716696484,
   1.7968205042931873,
   1.7968139341879081,
   1.7968015671930555,
   1.7968030792553413,
   1.7968156359105407,
   1.7968199251711265,
   1.7968186210450032,
   1.7968151866210254,
   1.7968076995967084,
   1.7968071866390298
  ]
 },
 "Z_a": [
  6,
  6,
  6,
  6,
  6,
  6,
  6,
  6,
  6,
  6,
  6,
  6,
  15,
  15,
  15,
  15,
  5,
  5,
  5,
  5,
  6,
  6,
  6,
  6,
  1,
  1,
  1,
  1
 ],
 "spos_ac": [
  [
   0.8725128062271633,
   0.5788645782361553,
   0.7586151613801033
  ],
  [
   0.6989122595554291,
   0.49256570608147227,
   0.25861128824110036
  ],
  [
   0.1989276738411305,
   0.0788410079528084,
   0.3128048493613723
  ],
  [
   0.3725033193337612,
   0.9925875502319049,
   0.8128078762166158
  ],
  [
   0.19892315481892786,
   0.4925571973920667,
   0.3128095295014451
  ],
  [
   0.3725074913454074,
   0.5788707762015073,
   0.8128138723644123
  ],
  [
   0.8725083672045058,
   0.9925945643649999,
   0.7586200136795407
  ],
  [
   0.6989163708218085,
   0.0788329025331262,
   0.258617445035979
  ],
  [
   0.5869574351136215,
   0.7874207335758576,
   0.8141947918341018
  ],
  [
   0.9844738548770624,
   0.28569479089678523,
   0.3141670627049546
  ],
  [
   0.48446621187346156,
   0.2856953447836929,
   0.25722661237410804
  ],
  [
   0.08695932495749685,
   0.7857337901375745,
   0.7572503293842963
  ],
  [
   0.7572873889231736,
   0.7857037867987287,
   0.0655779736977574
  ],
  [
   0.8141437830365986,
   0.2857251698928161,
   0.5655656404057552
  ],
  [
   0.31413797887295575,
   0.28572480994138116,
   0.005842576354452304
  ],
  [
   0.2572882060344878,
   0.7857033852619727,
   0.505862054265574
  ],
  [
   0.945917374111562,
   0.7857327710064538,
   0.623668130617417
  ],
  [
   0.625510019452445,
   0.28569609289739906,
   0.12366181764942931
  ],
  [
   0.1255137031658538,
   0.2856958939300236,
   0.44776170401137905
  ],
  [
   0.44591512356601026,
   0.7857323774291809,
   0.9477693797909105
  ],
  [
   0.9457825044015014,
   0.7857296659261728,
   0.2926395243483615
  ],
  [
   0.6256478260488969,
   0.285699229366726,
   0.7926348311164438
  ],
  [
   0.12565145318032864,
   0.2856989861185145,
   0.7787901610753399
  ],
  [
   0.4457734873395187,
   0.7857292616016965,
   0.2787953687655959
  ],
  [
   0.535706429654041,
   0.5357133582413821,
   0.5357232333547415
  ],
  [
   0.035725009034503756,
   0.535716295501715,
   0.03572275492730475
  ],
  [
   0.5357063424692164,
   0.035715179656577514,
   0.53572324432194
  ],
  [
   0.03572509537821409,
   0.03571231375223229,
   0.03572277273107491
  ]
 ]
}