{
 "0": {
  "0": [
   0.4251552277716025,
   0.45150312722925706,
   0.4515030919611963,
   0.42515519318006684,
   0.43017439857970075,
   0.45465267108515417,
   0.45465261056210304,
   0.4301742891748662,
   0.43229296870586104,
   0.454812098868709,
   0.45481207530791473,
   0.43229294099575094,
   0.43229294099577603,
   0.4548120753079226,
   0.4548120988686372,
   0.4322929687059563,
   0.43017428917470346,
   0.45465261056214995,
   0.4546526710850188,
   0.43017439857969203,
   0.4251551931801252,
   0.4515030919612394,
   0.45150312722902075,
   0.4251552277714578
  ],
  "1": [
   -3.1174713012463675,
   -3.143651347586224,
   -3.143651275136617,
   -3.1174712299610134,
   -3.1225158624335645,
   -3.1469723209536897,
   -3.1469721724802806,
   -3.1225156600760022,
   -3.1246986505300574,
   -3.1472958906100885,
   -3.147295818065353,
   -3.1246985666565408,
   -3.1246985666565927,
   -3.147295818065298,
   -3.1472958906101467,
   -3.1246986505300254,
   -3.1225156600760275,
   -3.1469721724802313,
   -3.146972320953966,
   -3.122515862433472,
   -3.1174712299610627,
   -3.1436512751366297,
   -3.1436513475862697,
   -3.1174713012463693
  ]
 },
 "1": {
  "0": [
   1.795821642909421,
   1.795812830751439,
   1.7958128087298557,
   1.7958216197840027,
   1.7958218592339776,
   1.795815431194752,
   1.7958153921409432,
   1.795821817980693,
   1.7958217714822295,
   1.7958180941378663,
   1.7958178835909628,
   1.7958218457555057,
   1.7958218457556754,
   1.7958178835913041,
   1.7958180941378739,
   1.7958217714822085,
   1.7958218179808396,
   1.7958153921411544,
   1.795815431194691,
   1.7958218592338993,
   1.7958216197839996,
   1.7958128087300391,
   1.7958128307517451,
   1.7958216429093443
  ],
  "1": [
   1.7945699493914686,
   1.7945786333275033,
   1.7945786664544414,
   1.7945699755932532,
   1.794569707553087,
   1.794575999994371,
   1.794576063175334,
   1.7945697526767328,
   1.7945697781444896,
   1.7945733149831322,
   1.7945735420737248,
   1.7945697072292897,
   1.7945697072293167,
   1.794573542073768,
   1.7945733149832648,
   1.7945697781444943,
   1.7945697526764983,
   1.7945760631755228,
   1.7945759999943167,
   1.7945697075532483,
   1.7945699755933353,
   1.7945786664544674,
   1.794578633327462,
   1.7945699493914862
  ]
 },
 "2": {
  "0": [
   1.847906977286973,
   1.8477740187357938,
   1.8476534401410027,
   1.8476534417983137,
   1.8477740220723913,
   1.847906979652032,
   1.8478989453918708,
   1.8477698770586968,
   1.8476472605138747,
   1.8476472623424731,
   1.8477698801005824,
   1.8478989560718855,
   1.8478909920127593,
   1.847765705141972,
   1.8476413614406926,
   1.8476413627114299,
   1.8477656076054405,
   1.847890994032456,
   1.8478909940323531,
   1.8477656076053695,
   1.8476413627112382,
   1.847641361440491,
   1.8477657051416476,
   1.8478909920128426,
   1.8478989560722643,
   1.8477698801005178,
   1.8476472623426012,
   1.8476472605135736,
   1.8477698770585866,
   1.8478989453919203,
   1.8479069796518401,
   1.8477740220726029,
   1.8476534417983328,
   1.8476534401406992,
   1.8477740187356642,
   1.8479069772866745
  ],
  "1": [
   1.9194785366274991,
   1.9200221761105691,
   1.9205869117805718,
   1.920586907053113,
   1.9200221765151784,
   1.9194785356654698,
   1.9194794578826593,
   1.9200114532870938,
   1.920564855265583,
   1.9205648590580005,
   1.9200114498967131,
   1.9194794577157062,
   1.9194801533982322,
   1.9200001282245942,
   1.920541980903213,
   1.9205419825328058,
   1.9200002382195405,
   1.9194801528532646,
   1.9194801528535896,
   1.9200002382194177,
   1.9205419825328431,
   1.9205419809034068,
   1.9200001282246273,
   1.9194801533982067,
   1.9194794577155292,
   1.9200114498969165,
   1.9205648590578293,
   1.9205648552654695,
   1.9200114532872832,
   1.9194794578831746,
   1.9194785356652297,
   1.9200221765155439,
   1.9205869070531407,
   1.9205869117808743,
   1.9200221761101774,
   1.9194785366276896
  ]
 },
 "Z_a": [
  6,
  6,
  6,
  6,
  6,
  6,
  6,
  6,
  6,
  6,
  6,
  6,
  15,
  15,
  15,
  15,
  5,
  5,
  5,
  5,
  6,
  6,
  6,
  6,
  1,
  1,
  1,
  1
 ],
 "spos_ac": [
  [
   0.8725128062271633,
   0.5788645782361553,
   0.7586151613801033
  ],
  [
   0.6989122595554291,
   0.49256570608147227,
   0.25861128824110036
  ],
  [
   0.1989276738411305,
   0.0788410079528084,
   0.3128048493613723
  ],
  [
   0.3725033193337612,
   0.9925875502319049,
   0.8128078762166158
  ],
  [
   0.19892315481892786,
   0.4925571973920667,
   0.3128095295014451
  ],
  [
   0.3725074913454074,
   0.5788707762015073,
   0.8128138723644123
  ],
  [
   0.8725083672045058,
   0.9925945643649999,
   0.7586200136795407
  ],
  [
   0.6989163708218085,
   0.0788329025331262,
   0.258617445035979
  ],
  [
   0.5869574404745392,
   0.785733213864936,
   0.8141947923225966
  ],
  [
   0.9844738548770624,
   0.28569479089678523,
   0.3141670627049546
  ],
  [
   0.48446621187346156,
   0.2856953447836929,
   0.25722661237410804
  ],
  [
   0.08695932495749685,
   0.7857337901375745,
   0.7572503293842963
  ],
  [
   0.7572873889231736,
   0.7857037867987287,
   0.0655779736977574
  ],
  [
   0.8141437808570017,
   0.28572517027223315,
   0.5633955645617612
  ],
  [
   0.31413797887295575,
   0.28572480994138116,
   0.005842576354452304
  ],
  [
   0.2572882060344878,
   0.7857033852619727,
   0.505862054265574
  ],
  [
   0.945917374111562,
   0.7857327710064538,
   0.623668130617417
  ],
  [
   0.625510019452445,
   0.28569609289739906,
   0.12366181764942931
  ],
  [
   0.1255137031658538,
   0.2856958939300236,
   0.44776170401137905
  ],
  [
   0.44591512356601026,
   0.7857323774291809,
   0.9477693797909105
  ],
  [
   0.9457825044015014,
   0.7857296659261728,
   0.2926395243483615
  ],
  [
   0.6256478260488969,
   0.285699229366726,
   0.7926348311164438
  ],
  [
   0.12565145318032864,
   0.2856989861185145,
   0.7787901610753399
  ],
  [
   0.4457734873395187,
   0.7857292616016965,
   0.2787953687655959
  ],
  [
   0.535706429654041,
   0.5357133582413821,
   0.5357232333547415
  ],
  [
   0.035725009034503756,
   0.535716295501715,
   0.03572275492730475
  ],
  [
   0.5357063424692164,
   0.035715179656577514,
   0.53572324432194
  ],
  [
   0.03572509537821409,
   0.03571231375223229,
   0.03572277273107491
  ]
 ]
}