{
 "0": {
  "0": [
   0.42515813287591075,
   0.45128328832620174,
   0.45127945313359524,
   0.42515978855457187,
   0.4302503473656403,
   0.45469894430854113,
   0.45468944071677553,
   0.4302543038597614,
   0.4324373541743046,
   0.455111178592461,
   0.4551051104882474,
   0.432439619992988,
   0.4324396199930404,
   0.45510511048829533,
   0.4551111785924894,
   0.43243735417426876,
   0.43025430385979274,
   0.4546894407167902,
   0.4546989443084325,
   0.43025034736567075,
   0.42515978855451575,
   0.45127945313350215,
   0.45128328832628467,
   0.4251581328758533
  ],
  "1": [
   -3.117777880162658,
   -3.1438959934485307,
   -3.143899823306513,
   -3.11777626554482,
   -3.122870346892995,
   -3.147295299651326,
   -3.1473048081274024,
   -3.1228663677307242,
   -3.125060413721374,
   -3.1477001377088913,
   -3.14770622554607,
   -3.1250581833847986,
   -3.1250581833847964,
   -3.1477062255461243,
   -3.147700137708861,
   -3.1250604137214557,
   -3.1228663677307766,
   -3.147304808127293,
   -3.147295299651353,
   -3.122870346892949,
   -3.117776265544917,
   -3.1438998233064135,
   -3.143895993448514,
   -3.1177778801626896
  ]
 },
 "1": {
  "0": [
   1.796632585619882,
   1.796606413783256,
   1.796606315771137,
   1.7966320404697103,
   1.7966328945522891,
   1.7966086590171808,
   1.7966084819085477,
   1.7966317997307393,
   1.7966323210882362,
   1.7966108669056982,
   1.7966105914265738,
   1.7966318254144007,
   1.7966318254144518,
   1.796610591426739,
   1.7966108669055574,
   1.7966323210881865,
   1.7966317997306904,
   1.796608481908493,
   1.79660865901723,
   1.7966328945521743,
   1.7966320404697003,
   1.7966063157709142,
   1.7966064137831992,
   1.7966325856197802
  ],
  "1": [
   1.7953840823699496,
   1.7953749770203908,
   1.7953748805784913,
   1.7953836037293438,
   1.7953838915229385,
   1.79537201236582,
   1.7953718362372126,
   1.7953829302140845,
   1.795383460732964,
   1.7953688431071917,
   1.7953689536051216,
   1.7953828442131112,
   1.7953828442131607,
   1.7953689536052324,
   1.795368843107384,
   1.7953834607331423,
   1.7953829302141882,
   1.7953718362373317,
   1.7953720123660108,
   1.7953838915228932,
   1.79538360372949,
   1.7953748805785914,
   1.7953749770201757,
   1.79538408236996
  ]
 },
 "2": {
  "0": [
   1.7959146884514126,
   1.7959473469253706,
   1.795992848560586,
   1.7959922072654355,
   1.7959465453609376,
   1.7959143817347185,
   1.795912009655771,
   1.7959467397298774,
   1.7959964936553936,
   1.7959952177389922,
   1.7959451753057503,
   1.7959114972613688,
   1.795909070383144,
   1.7959451482562987,
   1.7959993411158255,
   1.7959987006586922,
   1.7959442661202814,
   1.7959088489155142,
   1.7959088489156714,
   1.7959442661202851,
   1.7959987006583793,
   1.7959993411160615,
   1.795945148256422,
   1.7959090703832685,
   1.7959114972615426,
   1.795945175305822,
   1.795995217739152,
   1.7959964936553667,
   1.795946739730002,
   1.7959120096558292,
   1.7959143817350876,
   1.7959465453609529,
   1.7959922072655903,
   1.7959928485606607,
   1.795947346925559,
   1.795914688451198
  ],
  "1": [
   1.7969044683461806,
   1.7969387419129828,
   1.7969856328554743,
   1.7969849913008964,
   1.7969379186671794,
   1.7969041418422358,
   1.7969022459670332,
   1.7969386644510337,
   1.7969896030360915,
   1.7969883284609662,
   1.7969370562518514,
   1.7969016961581332,
   1.7968997299871847,
   1.7969375931279807,
   1.7969927875005929,
   1.7969921465982064,
   1.7969369063619718,
   1.796899490236597,
   1.7968994902364415,
   1.7969369063616436,
   1.7969921465983902,
   1.7969927875008016,
   1.7969375931282854,
   1.7968997299873701,
   1.7969016961579216,
   1.7969370562517957,
   1.796988328461189,
   1.7969896030360741,
   1.7969386644507355,
   1.7969022459669173,
   1.79690414184209,
   1.7969379186670469,
   1.7969849913006817,
   1.796985632855255,
   1.7969387419130112,
   1.7969044683461435
  ]
 },
 "Z_a": [
  6,
  6,
  6,
  6,
  6,
  6,
  6,
  6,
  6,
  6,
  6,
  6,
  15,
  15,
  15,
  15,
  5,
  5,
  5,
  5,
  6,
  6,
  6,
  6,
  1,
  1,
  1,
  1
 ],
 "spos_ac": [
  [
   0.8725128062271633,
   0.5788645782361553,
   0.7586151613801033
  ],
  [
   0.6989122595554291,
   0.49256570608147227,
   0.25861128824110036
  ],
  [
   0.1989276738411305,
   0.0788410079528084,
   0.3128048493613723
  ],
  [
   0.3725033193337612,
   0.9925875502319049,
   0.8128078762166158
  ],
  [
   0.19892315481892786,
   0.4925571973920667,
   0.3128095295014451
  ],
  [
   0.3725074913454074,
   0.5788707762015073,
   0.8128138723644123
  ],
  [
   0.8725083672045058,
   0.9925945643649999,
   0.7586200136795407
  ],
  [
   0.6989163708218085,
   0.0788329025331262,
   0.258617445035979
  ],
  [
   0.5869574404745392,
   0.785733213864936,
   0.8141947923225966
  ],
  [
   0.9844738548770624,
   0.28569479089678523,
   0.3141670627049546
  ],
  [
   0.48446621187346156,
   0.2856953447836929,
   0.25722661237410804
  ],
  [
   0.08695932495749685,
   0.7857337901375745,
   0.7572503293842963
  ],
  [
   0.7572873889231736,
   0.7857037867987287,
   0.0655779736977574
  ],
  [
   0.8141437830365986,
   0.2857251698928161,
   0.5655656404057552
  ],
  [
   0.31413797887295575,
   0.28572480994138116,
   0.005842576354452304
  ],
  [
   0.2572882060344878,
   0.7857033852619727,
   0.505862054265574
  ],
  [
   0.945917374111562,
   0.7857327710064538,
   0.623668130617417
  ],
  [
   0.625510019452445,
   0.28569609289739906,
   0.12366181764942931
  ],
  [
   0.1255137031658538,
   0.2856958939300236,
   0.44776170401137905
  ],
  [
   0.44591512356601026,
   0.7857323774291809,
   0.9477693797909105
  ],
  [
   0.9457825044015014,
   0.7857296659261728,
   0.2926395243483615
  ],
  [
   0.6256478260488969,
   0.285699229366726,
   0.7926348311164438
  ],
  [
   0.12565145318032864,
   0.2856989861185145,
   0.7787901610753399
  ],
  [
   0.4457734873395187,
   0.7857292616016965,
   0.2787953687655959
  ],
  [
   0.535706429654041,
   0.5357133582413821,
   0.5357232333547415
  ],
  [
   0.035725009034503756,
   0.535716295501715,
   0.03572275492730475
  ],
  [
   0.5357063424692164,
   0.035715179656577514,
   0.53572324432194
  ],
  [
   0.03672100257456268,
   0.035712304614566266,
   0.0357227774367289
  ]
 ]
}