{
 "0": {
  "0": [
   0.4802484170306363,
   0.5060377450032706,
   0.5060376963772234,
   0.4802483641179263,
   0.48543839546474304,
   0.5096635869094345,
   0.5096634875916302,
   0.48543824243000083,
   0.4877454512290748,
   0.5103100550382608,
   0.5103100132446172,
   0.48774539537819733,
   0.4877453953781378,
   0.5103100132444885,
   0.5103100550382211,
   0.48774545122907487,
   0.48543824242999173,
   0.5096634875916972,
   0.5096635869094508,
   0.4854383954647506,
   0.48024836411795085,
   0.5060376963772552,
   0.5060377450031839,
   0.4802484170306499
  ],
  "1": [
   -3.0951542385457094,
   -3.1213550592718775,
   -3.1213550320181676,
   -3.095154209484277,
   -3.1003784290305134,
   -3.1245997967638495,
   -3.1245997306467075,
   -3.100378302937403,
   -3.1026954474402517,
   -3.1248449281480326,
   -3.124844893541171,
   -3.1026953991290696,
   -3.1026953991290664,
   -3.124844893541218,
   -3.1248449281480046,
   -3.1026954474402206,
   -3.1003783029374055,
   -3.1245997306467292,
   -3.1245997967638206,
   -3.100378429030473,
   -3.0951542094842983,
   -3.121355032018132,
   -3.121355059271955,
   -3.0951542385455877
  ]
 },
 "1": {
  "0": [
   1.79582034447817,
   1.7958116788576775,
   1.7958116626784029,
   1.7958203403701203,
   1.795820582888504,
   1.79581428481413,
   1.7958142494618812,
   1.7958205573885402,
   1.79582051735413,
   1.7958169535519537,
   1.7958167448456832,
   1.7958205999131645,
   1.795820599913179,
   1.7958167448456572,
   1.7958169535517887,
   1.7958205173541042,
   1.7958205573884627,
   1.7958142494618492,
   1.7958142848141303,
   1.7958205828886107,
   1.7958203403700352,
   1.7958116626783092,
   1.7958116788576557,
   1.7958203444782457
  ],
  "1": [
   1.7945701001808883,
   1.794578787614545,
   1.794578795393984,
   1.794570105380921,
   1.794569855468338,
   1.7945761729638583,
   1.7945761866900791,
   1.7945698719352225,
   1.794569908928651,
   1.7945734828887494,
   1.7945736827070238,
   1.7945698200176916,
   1.794569820017572,
   1.794573682707026,
   1.7945734828885902,
   1.7945699089286624,
   1.7945698719353729,
   1.7945761866899947,
   1.7945761729640914,
   1.7945698554683547,
   1.7945701053807923,
   1.7945787953941932,
   1.7945787876147001,
   1.794570100180989
  ]
 },
 "2": {
  "0": [
   1.7966433901234646,
   1.7968905375036128,
   1.7972327901701228,
   1.797232794219061,
   1.796890536219767,
   1.796643390242161,
   1.7966340127901965,
   1.7968845561480637,
   1.797234959562504,
   1.7972349561045746,
   1.7968845430453533,
   1.7966340116197586,
   1.796624344704279,
   1.7968781917996732,
   1.7972366612754556,
   1.7972366599826055,
   1.7968780815774545,
   1.7966243446285595,
   1.796624344628289,
   1.7968780815776657,
   1.7972366599825318,
   1.7972366612755306,
   1.7968781917997023,
   1.7966243447043233,
   1.7966340116196269,
   1.7968845430452622,
   1.797234956104733,
   1.797234959562599,
   1.7968845561482107,
   1.7966340127902298,
   1.7966433902421428,
   1.7968905362197043,
   1.7972327942189565,
   1.7972327901697625,
   1.7968905375036126,
   1.796643390123363
  ],
  "1": [
   1.7960913486873666,
   1.7958160125788662,
   1.7955392212780354,
   1.795539218139681,
   1.795816004552754,
   1.796091343317882,
   1.796081417805171,
   1.7958175660494404,
   1.795537190215189,
   1.7955371860353195,
   1.7958175583530658,
   1.7960814042736606,
   1.7960714079235354,
   1.795818833817913,
   1.7955347387374372,
   1.795534736156518,
   1.7958189384445546,
   1.796071403041193,
   1.796071403041169,
   1.7958189384445222,
   1.7955347361563172,
   1.7955347387372553,
   1.795818833817757,
   1.7960714079237494,
   1.7960814042738442,
   1.7958175583530898,
   1.7955371860353635,
   1.7955371902153954,
   1.795817566049164,
   1.796081417805125,
   1.79609134331798,
   1.7958160045529488,
   1.7955392181400476,
   1.7955392212781325,
   1.7958160125787808,
   1.7960913486874566
  ]
 },
 "Z_a": [
  6,
  6,
  6,
  6,
  6,
  6,
  6,
  6,
  6,
  6,
  6,
  6,
  15,
  15,
  15,
  15,
  5,
  5,
  5,
  5,
  6,
  6,
  6,
  6,
  1,
  1,
  1,
  1
 ],
 "spos_ac": [
  [
   0.8725128062271633,
   0.5788645782361553,
   0.7586151613801033
  ],
  [
   0.6989122595554291,
   0.49256570608147227,
   0.25861128824110036
  ],
  [
   0.1989276738411305,
   0.0788410079528084,
   0.3128048493613723
  ],
  [
   0.3725033193337612,
   0.9925875502319049,
   0.8128078762166158
  ],
  [
   0.19892315481892786,
   0.4925571973920667,
   0.3128095295014451
  ],
  [
   0.3725074913454074,
   0.5788707762015073,
   0.8128138723644123
  ],
  [
   0.8725083672045058,
   0.9925945643649999,
   0.7586200136795407
  ],
  [
   0.6989163708218085,
   0.0788329025331262,
   0.258617445035979
  ],
  [
   0.5869574404745392,
   0.785733213864936,
   0.8141947923225966
  ],
  [
   0.9844738548770624,
   0.28569479089678523,
   0.3141670627049546
  ],
  [
   0.48446621187346156,
   0.2856953447836929,
   0.25722661237410804
  ],
  [
   0.08695932495749685,
   0.7857337901375745,
   0.7572503293842963
  ],
  [
   0.7572873889231736,
   0.7857037867987287,
   0.0655779736977574
  ],
  [
   0.8141437830365986,
   0.2857251698928161,
   0.5655656404057552
  ],
  [
   0.31413797887295575,
   0.28572480994138116,
   0.005842576354452304
  ],
  [
   0.2562922988381393,
   0.7857033943996388,
   0.50586204955992
  ],
  [
   0.945917374111562,
   0.7857327710064538,
   0.623668130617417
  ],
  [
   0.625510019452445,
   0.28569609289739906,
   0.12366181764942931
  ],
  [
   0.1255137031658538,
   0.2856958939300236,
   0.44776170401137905
  ],
  [
   0.44591512356601026,
   0.7857323774291809,
   0.9477693797909105
  ],
  [
   0.9457825044015014,
   0.7857296659261728,
   0.2926395243483615
  ],
  [
   0.6256478260488969,
   0.285699229366726,
   0.7926348311164438
  ],
  [
   0.12565145318032864,
   0.2856989861185145,
   0.7787901610753399
  ],
  [
   0.4457734873395187,
   0.7857292616016965,
   0.2787953687655959
  ],
  [
   0.535706429654041,
   0.5357133582413821,
   0.5357232333547415
  ],
  [
   0.035725009034503756,
   0.535716295501715,
   0.03572275492730475
  ],
  [
   0.5357063424692164,
   0.035715179656577514,
   0.53572324432194
  ],
  [
   0.03572509537821409,
   0.03571231375223229,
   0.03572277273107491
  ]
 ]
}