{
 "0": {
  "0": [
   0.4486842000446245,
   0.4750565515388915,
   0.47511852059661974,
   0.4487497993133327,
   0.4537439823502489,
   0.47832518308299726,
   0.47844874285294137,
   0.4538704400309292,
   0.4559558099471241,
   0.4786443159659061,
   0.47870637031780006,
   0.4560169218980996,
   0.4560169218982124,
   0.4787063703177985,
   0.47864431596592183,
   0.4559558099471746,
   0.4538704400309034,
   0.47844874285302,
   0.4783251830829981,
   0.45374398235030616,
   0.44874979931328784,
   0.47511852059652265,
   0.4750565515389332,
   0.4486842000446242
  ],
  "1": [
   -3.094008668217872,
   -3.1200537693860504,
   -3.11999558973789,
   -3.0939398932692685,
   -3.099113847137066,
   -3.123588453186309,
   -3.123480911191417,
   -3.098976442310972,
   -3.1012358504598625,
   -3.1240646891470347,
   -3.1240165824561763,
   -3.1011673607533097,
   -3.1011673607533154,
   -3.1240165824562114,
   -3.1240646891470263,
   -3.101235850459831,
   -3.098976442310954,
   -3.123480911191235,
   -3.12358845318637,
   -3.099113847137135,
   -3.093939893268975,
   -3.119995589737923,
   -3.1200537693860393,
   -3.09400866821765
  ]
 },
 "1": {
  "0": [
   1.799217580051515,
   1.7995397954049843,
   1.7995255956456317,
   1.7992088460164892,
   1.7992316167241829,
   1.7995537948011593,
   1.7995253460395524,
   1.7992134262696367,
   1.7992357855847763,
   1.7995539904533138,
   1.7995393317122803,
   1.7992270303497864,
   1.799227030349873,
   1.799539331712168,
   1.7995539904535196,
   1.7992357855848289,
   1.799213426269751,
   1.7995253460393885,
   1.7995537948010627,
   1.7992316167242302,
   1.7992088460167275,
   1.7995255956453857,
   1.7995397954052321,
   1.7992175800514996
  ],
  "1": [
   1.795630749761455,
   1.7950413888466645,
   1.7950457526737746,
   1.7956331998496164,
   1.7956162686100012,
   1.795030472521463,
   1.7950385344719852,
   1.7956210940412927,
   1.7956051008186635,
   1.795022937508644,
   1.7950271856938143,
   1.79560721821122,
   1.7956072182113207,
   1.795027185693598,
   1.7950229375085505,
   1.7956051008186131,
   1.795621094041443,
   1.7950385344720563,
   1.7950304725215194,
   1.7956162686101749,
   1.7956331998496602,
   1.7950457526736712,
   1.7950413888466075,
   1.7956307497615034
  ]
 },
 "2": {
  "0": [
   1.7973559987586225,
   1.7970372702820594,
   1.796627425930692,
   1.7966344056294754,
   1.797050486195992,
   1.7973623583642893,
   1.7973517756752473,
   1.7970408263962445,
   1.79663351931158,
   1.7966477265105547,
   1.7970675280932114,
   1.7973640339559254,
   1.7973534715495283,
   1.7970582354140552,
   1.7966475684005756,
   1.796655270928463,
   1.7970713346295664,
   1.7973598813788974,
   1.7973598813792608,
   1.7970713346295684,
   1.7966552709284942,
   1.7966475684009218,
   1.7970582354142262,
   1.797353471549272,
   1.7973640339557393,
   1.7970675280931239,
   1.796647726510555,
   1.7966335193115033,
   1.7970408263962183,
   1.7973517756751636,
   1.7973623583641778,
   1.797050486195612,
   1.7966344056294652,
   1.7966274259305572,
   1.7970372702823065,
   1.7973559987587568
  ],
  "1": [
   1.8000632891556039,
   1.8000836453555498,
   1.8000452191034821,
   1.8000505408819931,
   1.8000970580400306,
   1.8000705353808546,
   1.8000595804018689,
   1.8000744640942894,
   1.8000359299049833,
   1.8000468729151466,
   1.8001011578039843,
   1.8000743543586246,
   1.800063684303377,
   1.800078862816931,
   1.8000318990849196,
   1.8000374636779621,
   1.800092203750896,
   1.8000708025478576,
   1.8000708025477734,
   1.8000922037508298,
   1.8000374636780003,
   1.8000318990846236,
   1.8000788628174729,
   1.800063684303089,
   1.8000743543582685,
   1.800101157804021,
   1.80004687291514,
   1.8000359299051343,
   1.8000744640943358,
   1.8000595804022785,
   1.8000705353813389,
   1.8000970580401587,
   1.8000505408820193,
   1.8000452191033298,
   1.8000836453555094,
   1.8000632891556463
  ]
 },
 "Z_a": [
  6,
  6,
  6,
  6,
  6,
  6,
  6,
  6,
  6,
  6,
  6,
  6,
  15,
  15,
  15,
  15,
  5,
  5,
  5,
  5,
  6,
  6,
  6,
  6,
  1,
  1,
  1,
  1
 ],
 "spos_ac": [
  [
   0.8725128062271633,
   0.5788645782361553,
   0.7586151613801033
  ],
  [
   0.6989122595554291,
   0.49256570608147227,
   0.25861128824110036
  ],
  [
   0.1989276738411305,
   0.0788410079528084,
   0.3128048493613723
  ],
  [
   0.3725033193337612,
   0.9925875502319049,
   0.8128078762166158
  ],
  [
   0.19892315481892786,
   0.4925571973920667,
   0.3128095295014451
  ],
  [
   0.3715115841490588,
   0.5788707853391732,
   0.8128138676587582
  ],
  [
   0.8725083672045058,
   0.9925945643649999,
   0.7586200136795407
  ],
  [
   0.6989163708218085,
   0.0788329025331262,
   0.258617445035979
  ],
  [
   0.5869574404745392,
   0.785733213864936,
   0.8141947923225966
  ],
  [
   0.9844738548770624,
   0.28569479089678523,
   0.3141670627049546
  ],
  [
   0.48446621187346156,
   0.2856953447836929,
   0.25722661237410804
  ],
  [
   0.08695932495749685,
   0.7857337901375745,
   0.7572503293842963
  ],
  [
   0.7572873889231736,
   0.7857037867987287,
   0.0655779736977574
  ],
  [
   0.8141437830365986,
   0.2857251698928161,
   0.5655656404057552
  ],
  [
   0.31413797887295575,
   0.28572480994138116,
   0.005842576354452304
  ],
  [
   0.2572882060344878,
   0.7857033852619727,
   0.505862054265574
  ],
  [
   0.945917374111562,
   0.7857327710064538,
   0.623668130617417
  ],
  [
   0.625510019452445,
   0.28569609289739906,
   0.12366181764942931
  ],
  [
   0.1255137031658538,
   0.2856958939300236,
   0.44776170401137905
  ],
  [
   0.44591512356601026,
   0.7857323774291809,
   0.9477693797909105
  ],
  [
   0.9457825044015014,
   0.7857296659261728,
   0.2926395243483615
  ],
  [
   0.6256478260488969,
   0.285699229366726,
   0.7926348311164438
  ],
  [
   0.12565145318032864,
   0.2856989861185145,
   0.7787901610753399
  ],
  [
   0.4457734873395187,
   0.7857292616016965,
   0.2787953687655959
  ],
  [
   0.535706429654041,
   0.5357133582413821,
   0.5357232333547415
  ],
  [
   0.035725009034503756,
   0.535716295501715,
   0.03572275492730475
  ],
  [
   0.5357063424692164,
   0.035715179656577514,
   0.53572324432194
  ],
  [
   0.03572509537821409,
   0.03571231375223229,
   0.03572277273107491
  ]
 ]
}