{
 "0": {
  "0": [
   0.42581514753747024,
   0.45194632716198824,
   0.45193648571560985,
   0.4258080066079784,
   0.4309612485249929,
   0.455371645278411,
   0.45535130415274166,
   0.4309446608465874,
   0.4331941632989789,
   0.45578693228490474,
   0.4557763361200652,
   0.43318422962494896,
   0.43318422962493247,
   0.4557763361200674,
   0.45578693228490125,
   0.43319416329894517,
   0.43094466084657324,
   0.45535130415276776,
   0.4553716452784202,
   0.43096124852497586,
   0.4258080066080204,
   0.4519364857156292,
   0.4519463271619604,
   0.42581514753745525
  ],
  "1": [
   -3.1171218972867942,
   -3.143233840323225,
   -3.143243610488302,
   -3.1171289198910297,
   -3.1221601313319645,
   -3.1466233813703273,
   -3.1466436057733165,
   -3.1221763419510675,
   -3.1243038294370082,
   -3.147025106176479,
   -3.147035669085477,
   -3.124313595445455,
   -3.124313595445494,
   -3.1470356690854246,
   -3.1470251061764585,
   -3.1243038294370473,
   -3.1221763419510595,
   -3.1466436057733245,
   -3.1466233813703037,
   -3.1221601313318867,
   -3.1171289198910195,
   -3.1432436104883488,
   -3.1432338403232283,
   -3.1171218972868373
  ]
 },
 "1": {
  "0": [
   1.7955477437105236,
   1.7955228618221315,
   1.795521837799452,
   1.7955468855055177,
   1.795550962369588,
   1.7955291252848513,
   1.7955269253921347,
   1.79554925881276,
   1.7955530247824445,
   1.7955343630257912,
   1.7955330201038968,
   1.795552282075043,
   1.795552282074943,
   1.795533020103851,
   1.7955343630258254,
   1.7955530247823555,
   1.795549258812755,
   1.7955269253921506,
   1.7955291252847865,
   1.795550962369506,
   1.7955468855054493,
   1.795521837799529,
   1.7955228618221404,
   1.7955477437105103
  ],
  "1": [
   1.7942956852016947,
   1.7942877090281764,
   1.7942867193475787,
   1.794294831639665,
   1.794298408371022,
   1.7942887560799647,
   1.794286625030205,
   1.7942967135831827,
   1.7943005557422584,
   1.7942886440295578,
   1.7942877214172719,
   1.7942996299274985,
   1.7942996299274396,
   1.7942877214172661,
   1.794288644029531,
   1.7943005557421718,
   1.7942967135832273,
   1.7942866250301606,
   1.7942887560798348,
   1.7942984083710591,
   1.7942948316397669,
   1.7942867193476186,
   1.794287709028274,
   1.7942956852019358
  ]
 },
 "2": {
  "0": [
   1.795380292628884,
   1.7953890566196076,
   1.7953918906124593,
   1.7953915469665849,
   1.7953884180146802,
   1.7953799487366937,
   1.7953808758406806,
   1.7953874231091393,
   1.7953877217463272,
   1.7953870109045746,
   1.7953862920946502,
   1.7953803065902458,
   1.795381114420568,
   1.795385282497571,
   1.7953830979069263,
   1.7953827990028597,
   1.7953846120509833,
   1.795380872014556,
   1.795380872014446,
   1.7953846120511956,
   1.7953827990027595,
   1.795383097906719,
   1.7953852824976066,
   1.7953811144204233,
   1.7953803065902854,
   1.795386292094421,
   1.7953870109045893,
   1.795387721746381,
   1.79538742310925,
   1.7953808758408099,
   1.7953799487368425,
   1.795388418014719,
   1.7953915469665882,
   1.795391890612477,
   1.7953890566194821,
   1.795380292628888
  ],
  "1": [
   1.7963731349792214,
   1.7963839443481155,
   1.796388654847668,
   1.7963883227388997,
   1.7963833290977052,
   1.796372801249723,
   1.7963741326703124,
   1.7963828280318266,
   1.7963848369151194,
   1.7963841500068038,
   1.7963817419783425,
   1.7963735856366183,
   1.7963747825048009,
   1.7963812414691007,
   1.7963805885069144,
   1.796380300364307,
   1.7963808101998284,
   1.796374551094921,
   1.7963745510949274,
   1.79638081019987,
   1.79638030036417,
   1.7963805885068989,
   1.7963812414689264,
   1.7963747825048784,
   1.7963735856367284,
   1.7963817419781822,
   1.7963841500067275,
   1.7963848369150492,
   1.7963828280315672,
   1.7963741326700533,
   1.7963728012496214,
   1.7963833290978612,
   1.7963883227387705,
   1.7963886548475354,
   1.796383944348247,
   1.796373134979465
  ]
 },
 "Z_a": [
  6,
  6,
  6,
  6,
  6,
  6,
  6,
  6,
  6,
  6,
  6,
  6,
  15,
  15,
  15,
  15,
  5,
  5,
  5,
  5,
  6,
  6,
  6,
  6,
  1,
  1,
  1,
  1
 ],
 "spos_ac": [
  [
   0.8725128062271633,
   0.5788645782361553,
   0.7586151613801033
  ],
  [
   0.6989122595554291,
   0.49256570608147227,
   0.25861128824110036
  ],
  [
   0.1989276738411305,
   0.0788410079528084,
   0.3128048493613723
  ],
  [
   0.3725033193337612,
   0.9925875502319049,
   0.8128078762166158
  ],
  [
   0.19892315481892786,
   0.4925571973920667,
   0.3128095295014451
  ],
  [
   0.3725074913454074,
   0.5788707762015073,
   0.8128138723644123
  ],
  [
   0.8725083672045058,
   0.9925945643649999,
   0.7586200136795407
  ],
  [
   0.6989163708218085,
   0.0788329025331262,
   0.258617445035979
  ],
  [
   0.5869574404745392,
   0.785733213864936,
   0.8141947923225966
  ],
  [
   0.9844738548770624,
   0.28569479089678523,
   0.3141670627049546
  ],
  [
   0.48446621187346156,
   0.2856953447836929,
   0.25722661237410804
  ],
  [
   0.08695932495749685,
   0.7857337901375745,
   0.7572503293842963
  ],
  [
   0.7572873889231736,
   0.7857037867987287,
   0.0655779736977574
  ],
  [
   0.8141437830365986,
   0.2857251698928161,
   0.5655656404057552
  ],
  [
   0.31413797887295575,
   0.28572480994138116,
   0.005842576354452304
  ],
  [
   0.2572882060344878,
   0.7857033852619727,
   0.505862054265574
  ],
  [
   0.945917374111562,
   0.7857327710064538,
   0.623668130617417
  ],
  [
   0.625510019452445,
   0.28569609289739906,
   0.12366181764942931
  ],
  [
   0.1255137031658538,
   0.2856958939300236,
   0.44776170401137905
  ],
  [
   0.44591512356601026,
   0.7857323774291809,
   0.9477693797909105
  ],
  [
   0.9457825044015014,
   0.7857296659261728,
   0.2926395243483615
  ],
  [
   0.6256478260488969,
   0.285699229366726,
   0.7926348311164438
  ],
  [
   0.12565145318032864,
   0.2856989861185145,
   0.7787901610753399
  ],
  [
   0.4457734873395187,
   0.7857292616016965,
   0.2787953687655959
  ],
  [
   0.5357064350149585,
   0.5340258385304606,
   0.5357232338432362
  ],
  [
   0.035725009034503756,
   0.535716295501715,
   0.03572275492730475
  ],
  [
   0.5357063424692164,
   0.035715179656577514,
   0.53572324432194
  ],
  [
   0.03572509537821409,
   0.03571231375223229,
   0.03572277273107491
  ]
 ]
}