{
 "0": {
  "0": [
   0.4301125641981851,
   0.4561215843161386,
   0.4561215454754995,
   0.4301125164754893,
   0.4353555813642259,
   0.4595538427626003,
   0.45955377433355504,
   0.43535545016240856,
   0.4376757730285716,
   0.459979415775093,
   0.45997938258985893,
   0.4376757545763113,
   0.437675754576391,
   0.45997938258986193,
   0.4599794157751672,
   0.4376757730285522,
   0.4353554501623992,
   0.45955377433357925,
   0.4595538427626317,
   0.4353555813642538,
   0.4301125164754346,
   0.45612154547541517,
   0.4561215843160388,
   0.43011256419817134
  ],
  "1": [
   -3.113661562051875,
   -3.13983857787001,
   -3.1398385474593424,
   -3.113661534032341,
   -3.1187001440466413,
   -3.143135074968912,
   -3.1431350188215945,
   -3.118700028947849,
   -3.1208267924921387,
   -3.143436842493574,
   -3.143436827504852,
   -3.120826744454563,
   -3.120826744454474,
   -3.143436827504783,
   -3.1434368424935006,
   -3.1208267924921604,
   -3.1187000289477966,
   -3.143135018821532,
   -3.1431350749689204,
   -3.1187001440466084,
   -3.113661534032501,
   -3.1398385474594153,
   -3.1398385778700066,
   -3.1136615620518824
  ]
 },
 "1": {
  "0": [
   1.7958207774217225,
   1.7958122623879553,
   1.795812229816466,
   1.7958207317178037,
   1.795821011671993,
   1.7958148869438708,
   1.7958148216448304,
   1.795820969420105,
   1.7958209565746028,
   1.7958175743988323,
   1.795817344860538,
   1.7958210272246207,
   1.7958210272242636,
   1.7958173448605395,
   1.7958175743988738,
   1.7958209565748238,
   1.7958209694200922,
   1.7958148216448127,
   1.795814886943449,
   1.795821011672082,
   1.7958207317176578,
   1.795812229816504,
   1.7958122623879271,
   1.7958207774216413
  ],
  "1": [
   1.7945703175770034,
   1.7945789319589016,
   1.7945789498454854,
   1.7945703213218536,
   1.7945700683826158,
   1.7945763269935928,
   1.7945763554739642,
   1.7945701100112985,
   1.7945701326468073,
   1.7945736619946617,
   1.7945738647456995,
   1.79457005652304,
   1.7945700565227856,
   1.7945738647457083,
   1.7945736619946917,
   1.7945701326467942,
   1.7945701100112548,
   1.7945763554739356,
   1.7945763269936674,
   1.79457006838287,
   1.794570321322048,
   1.7945789498451687,
   1.7945789319585865,
   1.7945703175771688
  ]
 },
 "2": {
  "0": [
   1.7967601269235802,
   1.7965234178300409,
   1.7962658072062085,
   1.7962658159254428,
   1.7965234212974397,
   1.7967601300168359,
   1.7967687313769882,
   1.7965501297461215,
   1.7962944014907263,
   1.7962944013538145,
   1.7965501441633207,
   1.796768732496549,
   1.7967776483517468,
   1.7965783082592945,
   1.796324948577437,
   1.7963249487338508,
   1.796578210804804,
   1.7967776513080989,
   1.7967776513081057,
   1.7965782108048811,
   1.7963249487340889,
   1.7963249485775088,
   1.7965783082593916,
   1.7967776483520437,
   1.7967687324965012,
   1.7965501441632947,
   1.7962944013537618,
   1.7962944014905569,
   1.7965501297458257,
   1.7967687313771072,
   1.796760130016625,
   1.7965234212975723,
   1.7962658159253762,
   1.7962658072061313,
   1.7965234178301384,
   1.7967601269235285
  ],
  "1": [
   1.7994041366882483,
   1.7992579134101574,
   1.7990249526055724,
   1.7990249678378694,
   1.7992579170321688,
   1.799404137673113,
   1.7994006925072186,
   1.7992548849498917,
   1.7990153969276954,
   1.7990154017817461,
   1.7992549193815708,
   1.7994006805903289,
   1.7993973216247314,
   1.7992525254433185,
   1.7990060553454497,
   1.7990060572113495,
   1.799252654857872,
   1.7993973227621451,
   1.7993973227622337,
   1.7992526548577052,
   1.799006057210933,
   1.7990060553452107,
   1.7992525254428868,
   1.799397321624578,
   1.7994006805901306,
   1.7992549193812504,
   1.7990154017817206,
   1.799015396927887,
   1.7992548849499266,
   1.79940069250709,
   1.799404137672845,
   1.7992579170323617,
   1.7990249678381227,
   1.799024952605432,
   1.799257913410042,
   1.799404136688215
  ]
 },
 "Z_a": [
  6,
  6,
  6,
  6,
  6,
  6,
  6,
  6,
  6,
  6,
  6,
  6,
  15,
  15,
  15,
  15,
  5,
  5,
  5,
  5,
  6,
  6,
  6,
  6,
  1,
  1,
  1,
  1
 ],
 "spos_ac": [
  [
   0.8725128062271633,
   0.5788645782361553,
   0.7586151613801033
  ],
  [
   0.6989122595554291,
   0.49256570608147227,
   0.25861128824110036
  ],
  [
   0.1989276738411305,
   0.0788410079528084,
   0.3128048493613723
  ],
  [
   0.3725033193337612,
   0.9925875502319049,
   0.8128078762166158
  ],
  [
   0.19892315481892786,
   0.4925571973920667,
   0.3128095295014451
  ],
  [
   0.3725074913454074,
   0.5788707762015073,
   0.8128138723644123
  ],
  [
   0.8725083672045058,
   0.9925945643649999,
   0.7586200136795407
  ],
  [
   0.6989163708218085,
   0.0788329025331262,
   0.258617445035979
  ],
  [
   0.5869574404745392,
   0.785733213864936,
   0.8141947923225966
  ],
  [
   0.9844738548770624,
   0.28569479089678523,
   0.3141670627049546
  ],
  [
   0.48446621187346156,
   0.2856953447836929,
   0.25722661237410804
  ],
  [
   0.08695932495749685,
   0.7857337901375745,
   0.7572503293842963
  ],
  [
   0.7572873889231736,
   0.7857037867987287,
   0.0655779736977574
  ],
  [
   0.8141437830365986,
   0.2857251698928161,
   0.5655656404057552
  ],
  [
   0.31413797887295575,
   0.28572480994138116,
   0.005842576354452304
  ],
  [
   0.2572882060344878,
   0.7857033852619727,
   0.505862054265574
  ],
  [
   0.9449214669152133,
   0.7857327801441197,
   0.623668125911763
  ],
  [
   0.625510019452445,
   0.28569609289739906,
   0.12366181764942931
  ],
  [
   0.1255137031658538,
   0.2856958939300236,
   0.44776170401137905
  ],
  [
   0.44591512356601026,
   0.7857323774291809,
   0.9477693797909105
  ],
  [
   0.9457825044015014,
   0.7857296659261728,
   0.2926395243483615
  ],
  [
   0.6256478260488969,
   0.285699229366726,
   0.7926348311164438
  ],
  [
   0.12565145318032864,
   0.2856989861185145,
   0.7787901610753399
  ],
  [
   0.4457734873395187,
   0.7857292616016965,
   0.2787953687655959
  ],
  [
   0.535706429654041,
   0.5357133582413821,
   0.5357232333547415
  ],
  [
   0.035725009034503756,
   0.535716295501715,
   0.03572275492730475
  ],
  [
   0.5357063424692164,
   0.035715179656577514,
   0.53572324432194
  ],
  [
   0.03572509537821409,
   0.03571231375223229,
   0.03572277273107491
  ]
 ]
}