{
 "0": {
  "0": [
   0.44778335995253493,
   0.4738278634411528,
   0.47382783508062626,
   0.44778332657859055,
   0.4527428842966564,
   0.47739779798464843,
   0.47739775571137477,
   0.4527427858632243,
   0.45480235256281454,
   0.47796923055948015,
   0.47796922190405033,
   0.4548023313754016,
   0.4548023313754443,
   0.47796922190408364,
   0.47796923055952734,
   0.45480235256278206,
   0.45274278586318284,
   0.4773977557114712,
   0.47739779798458737,
   0.45274288429665716,
   0.44778332657861875,
   0.47382783508057563,
   0.4738278634411725,
   0.4477833599525221
  ],
  "1": [
   -3.0626832515832287,
   -3.0891376984618852,
   -3.0891376948912463,
   -3.0626832451549646,
   -3.0676797579203727,
   -3.0923292973427805,
   -3.0923292947488776,
   -3.0676796925176713,
   -3.069751070352821,
   -3.0925020715175946,
   -3.0925020731317194,
   -3.069751059870511,
   -3.0697510598704976,
   -3.092502073131766,
   -3.0925020715175613,
   -3.0697510703528295,
   -3.067679692517617,
   -3.092329294748801,
   -3.092329297342845,
   -3.067679757920472,
   -3.062683245154968,
   -3.0891376948911717,
   -3.0891376984619896,
   -3.0626832515832803
  ]
 },
 "1": {
  "0": [
   1.7958208414861272,
   1.7958123206301475,
   1.7958122883518854,
   1.795820817473882,
   1.7958210830597436,
   1.7958149350494161,
   1.79581486954162,
   1.795821041845387,
   1.7958210182020495,
   1.7958176009133728,
   1.7958173756544047,
   1.7958210878631564,
   1.7958210878633127,
   1.7958173756545128,
   1.79581760091352,
   1.7958210182020478,
   1.79582104184545,
   1.795814869541654,
   1.795814935049413,
   1.7958210830598922,
   1.7958208174738164,
   1.7958122883518688,
   1.7958123206301677,
   1.7958208414859163
  ],
  "1": [
   1.794569580713394,
   1.7945781138215342,
   1.7945781377039678,
   1.794569606183652,
   1.7945693322467944,
   1.79457549103854,
   1.7945755348938683,
   1.7945693648658771,
   1.7945693847997157,
   1.7945728041229358,
   1.7945730206143315,
   1.7945693088496801,
   1.7945693088496433,
   1.7945730206144437,
   1.7945728041228848,
   1.794569384799566,
   1.7945693648659478,
   1.7945755348937222,
   1.7945754910386553,
   1.794569332246873,
   1.794569606183484,
   1.7945781377041725,
   1.7945781138215433,
   1.7945695807133133
  ]
 },
 "2": {
  "0": [
   1.795079037635824,
   1.794806267089738,
   1.7945308104555742,
   1.7945308082730749,
   1.7948062642258413,
   1.7950790369241016,
   1.7950683061780832,
   1.7948069952847456,
   1.7945284159307293,
   1.7945284120240674,
   1.7948069986539357,
   1.7950683011044049,
   1.7950574983593905,
   1.7948074053964314,
   1.7945255594870173,
   1.7945255578297568,
   1.7948072985980223,
   1.795057497697212,
   1.7950574976972296,
   1.7948072985979726,
   1.7945255578296173,
   1.7945255594869503,
   1.7948074053966674,
   1.7950574983595584,
   1.795068301104551,
   1.7948069986540633,
   1.7945284120239002,
   1.7945284159307995,
   1.7948069952846968,
   1.7950683061781567,
   1.7950790369239291,
   1.7948062642258724,
   1.7945308082733065,
   1.7945308104556619,
   1.7948062670898473,
   1.7950790376357735
  ],
  "1": [
   1.7976514056146926,
   1.7979044595748754,
   1.7982470503451717,
   1.798247053991019,
   1.7979044530229504,
   1.7976514010546443,
   1.7976424058305331,
   1.797899282519936,
   1.7982500552036755,
   1.7982500512942206,
   1.7978992580369852,
   1.7976423963604802,
   1.7976330945706416,
   1.797893739781587,
   1.7982526434886905,
   1.7982526411837727,
   1.7978938409514047,
   1.7976330902591602,
   1.7976330902592592,
   1.7978938409515102,
   1.7982526411835247,
   1.798252643488743,
   1.797893739781521,
   1.7976330945707806,
   1.7976423963604529,
   1.7978992580371864,
   1.7982500512943476,
   1.7982500552035263,
   1.7978992825202187,
   1.7976424058304334,
   1.797651401054636,
   1.7979044530229147,
   1.7982470539909152,
   1.7982470503452688,
   1.797904459574958,
   1.7976514056145647
  ]
 },
 "Z_a": [
  6,
  6,
  6,
  6,
  6,
  6,
  6,
  6,
  6,
  6,
  6,
  6,
  15,
  15,
  15,
  15,
  5,
  5,
  5,
  5,
  6,
  6,
  6,
  6,
  1,
  1,
  1,
  1
 ],
 "spos_ac": [
  [
   0.8725128062271633,
   0.5788645782361553,
   0.7586151613801033
  ],
  [
   0.6989122595554291,
   0.49256570608147227,
   0.25861128824110036
  ],
  [
   0.1989276738411305,
   0.0788410079528084,
   0.3128048493613723
  ],
  [
   0.3725033193337612,
   0.9925875502319049,
   0.8128078762166158
  ],
  [
   0.19892315481892786,
   0.4925571973920667,
   0.3128095295014451
  ],
  [
   0.3725074913454074,
   0.5788707762015073,
   0.8128138723644123
  ],
  [
   0.8725083672045058,
   0.9925945643649999,
   0.7586200136795407
  ],
  [
   0.6989163708218085,
   0.0788329025331262,
   0.258617445035979
  ],
  [
   0.5869574404745392,
   0.785733213864936,
   0.8141947923225966
  ],
  [
   0.9844738548770624,
   0.28569479089678523,
   0.3141670627049546
  ],
  [
   0.48446621187346156,
   0.2856953447836929,
   0.25722661237410804
  ],
  [
   0.08695932495749685,
   0.7857337901375745,
   0.7572503293842963
  ],
  [
   0.7572873889231736,
   0.7857037867987287,
   0.0655779736977574
  ],
  [
   0.8131478758402501,
   0.2857251790304821,
   0.5655656357001012
  ],
  [
   0.31413797887295575,
   0.28572480994138116,
   0.005842576354452304
  ],
  [
   0.2572882060344878,
   0.7857033852619727,
   0.505862054265574
  ],
  [
   0.945917374111562,
   0.7857327710064538,
   0.623668130617417
  ],
  [
   0.625510019452445,
   0.28569609289739906,
   0.12366181764942931
  ],
  [
   0.1255137031658538,
   0.2856958939300236,
   0.44776170401137905
  ],
  [
   0.44591512356601026,
   0.7857323774291809,
   0.9477693797909105
  ],
  [
   0.9457825044015014,
   0.7857296659261728,
   0.2926395243483615
  ],
  [
   0.6256478260488969,
   0.285699229366726,
   0.7926348311164438
  ],
  [
   0.12565145318032864,
   0.2856989861185145,
   0.7787901610753399
  ],
  [
   0.4457734873395187,
   0.7857292616016965,
   0.2787953687655959
  ],
  [
   0.535706429654041,
   0.5357133582413821,
   0.5357232333547415
  ],
  [
   0.035725009034503756,
   0.535716295501715,
   0.03572275492730475
  ],
  [
   0.5357063424692164,
   0.035715179656577514,
   0.53572324432194
  ],
  [
   0.03572509537821409,
   0.03571231375223229,
   0.03572277273107491
  ]
 ]
}