{
 "0": {
  "0": [
   0.4239434791396665,
   0.4501998739943907,
   0.45019983214212833,
   0.4239434376357939,
   0.4289334277938532,
   0.4535473956059823,
   0.4535473061236118,
   0.4289332933377346,
   0.4310367895909528,
   0.45389300028517127,
   0.45389296501525106,
   0.43103674164853195,
   0.43103674164855377,
   0.4538929650152087,
   0.4538930002853244,
   0.431036789590878,
   0.42893329333761787,
   0.45354730612369665,
   0.45354739560604895,
   0.4289334277938582,
   0.4239434376359222,
   0.4501998321421301,
   0.45019987399442324,
   0.42394347913968433
  ],
  "1": [
   -3.117775104041088,
   -3.1439916947304782,
   -3.1439916788935753,
   -3.117775085959028,
   -3.1228537814657864,
   -3.1473720533298337,
   -3.147372023323723,
   -3.122853692284611,
   -3.125022873227925,
   -3.1477559943228157,
   -3.1477559826350197,
   -3.1250228480218465,
   -3.125022848021808,
   -3.147755982634958,
   -3.147755994322848,
   -3.1250228732279868,
   -3.1228536922847367,
   -3.1473720233236504,
   -3.1473720533297724,
   -3.122853781465842,
   -3.1177750859590416,
   -3.1439916788937303,
   -3.1439916947305755,
   -3.1177751040410944
  ]
 },
 "1": {
  "0": [
   1.795821224850648,
   1.795812596633076,
   1.7958125707116441,
   1.7958212077917628,
   1.7958214807602086,
   1.7958152166524348,
   1.7958151571804575,
   1.7958214418336789,
   1.7958214232474499,
   1.7958178782571905,
   1.7958176617796076,
   1.795821502254833,
   1.795821502254813,
   1.7958176617796886,
   1.7958178782573,
   1.7958214232475476,
   1.795821441833763,
   1.7958151571804455,
   1.795815216652521,
   1.7958214807601625,
   1.795821207791686,
   1.7958125707115637,
   1.7958125966329899,
   1.7958212248505303
  ],
  "1": [
   1.7945703793251346,
   1.794578925499891,
   1.7945789462467798,
   1.7945703943599196,
   1.7945701206689983,
   1.7945762953511741,
   1.7945763396049967,
   1.7945701497500552,
   1.7945701611640261,
   1.7945736026347618,
   1.7945738144196637,
   1.7945700822176047,
   1.7945700822176753,
   1.794573814419604,
   1.7945736026347965,
   1.7945701611641347,
   1.7945701497501292,
   1.79457633960496,
   1.7945762953511952,
   1.794570120669036,
   1.7945703943594646,
   1.7945789462467938,
   1.794578925499942,
   1.794570379325315
  ]
 },
 "2": {
  "0": [
   1.84668110938541,
   1.8466745887818263,
   1.8467181634327055,
   1.8467181603066396,
   1.846674583798201,
   1.8466811081326713,
   1.8466853438380948,
   1.8466859536937708,
   1.8467288010723197,
   1.8467287931997118,
   1.84668593760289,
   1.846685340111652,
   1.8466896294343584,
   1.8466973242876916,
   1.846739785695623,
   1.846739782075673,
   1.8466971841728377,
   1.8466896277035476,
   1.846689627703726,
   1.846697184172959,
   1.8467397820757445,
   1.8467397856955114,
   1.846697324287878,
   1.8466896294344692,
   1.8466853401117194,
   1.8466859376029114,
   1.846728793199772,
   1.8467288010725524,
   1.8466859536937694,
   1.846685343837868,
   1.8466811081325376,
   1.846674583798175,
   1.8467181603064862,
   1.8467181634328393,
   1.8466745887817007,
   1.8466811093854931
  ],
  "1": [
   1.8476254378148544,
   1.8476971332973329,
   1.8477621205549484,
   1.8477621189976874,
   1.847697135008732,
   1.8476254371343328,
   1.8476194579991707,
   1.8476917598377218,
   1.8477585827032572,
   1.84775858821763,
   1.8476917737145462,
   1.8476194503399774,
   1.8476133804713357,
   1.8476863058366904,
   1.8477545325451956,
   1.847754534609189,
   1.8476863720918695,
   1.847613379775914,
   1.8476133797756102,
   1.8476863720916064,
   1.8477545346095936,
   1.8477545325450542,
   1.8476863058357211,
   1.8476133804716541,
   1.8476194503397305,
   1.8476917737150267,
   1.84775858821782,
   1.8477585827032734,
   1.8476917598374987,
   1.8476194579988163,
   1.847625437134202,
   1.8476971350084017,
   1.8477621189975026,
   1.8477621205550248,
   1.8476971332975256,
   1.8476254378145511
  ]
 },
 "Z_a": [
  6,
  6,
  6,
  6,
  6,
  6,
  6,
  6,
  6,
  6,
  6,
  6,
  15,
  15,
  15,
  15,
  5,
  5,
  5,
  5,
  6,
  6,
  6,
  6,
  1,
  1,
  1,
  1
 ],
 "spos_ac": [
  [
   0.8725128062271633,
   0.5788645782361553,
   0.7586151613801033
  ],
  [
   0.6989122595554291,
   0.49256570608147227,
   0.25861128824110036
  ],
  [
   0.1989276738411305,
   0.0788410079528084,
   0.3128048493613723
  ],
  [
   0.3725033193337612,
   0.9925875502319049,
   0.8128078762166158
  ],
  [
   0.19892315481892786,
   0.4925571973920667,
   0.3128095295014451
  ],
  [
   0.3725074913454074,
   0.5788707762015073,
   0.8128138723644123
  ],
  [
   0.8725083672045058,
   0.9925945643649999,
   0.7586200136795407
  ],
  [
   0.6989163708218085,
   0.0788329025331262,
   0.258617445035979
  ],
  [
   0.5869574382949423,
   0.7857332142443532,
   0.8120247164786027
  ],
  [
   0.9844738548770624,
   0.28569479089678523,
   0.3141670627049546
  ],
  [
   0.48446621187346156,
   0.2856953447836929,
   0.25722661237410804
  ],
  [
   0.08695932495749685,
   0.7857337901375745,
   0.7572503293842963
  ],
  [
   0.7572873889231736,
   0.7857037867987287,
   0.0655779736977574
  ],
  [
   0.8141437830365986,
   0.2857251698928161,
   0.5655656404057552
  ],
  [
   0.31413797887295575,
   0.28572480994138116,
   0.005842576354452304
  ],
  [
   0.2572882060344878,
   0.7857033852619727,
   0.505862054265574
  ],
  [
   0.945917374111562,
   0.7857327710064538,
   0.623668130617417
  ],
  [
   0.625510019452445,
   0.28569609289739906,
   0.12366181764942931
  ],
  [
   0.1255137031658538,
   0.2856958939300236,
   0.44776170401137905
  ],
  [
   0.44591512356601026,
   0.7857323774291809,
   0.9477693797909105
  ],
  [
   0.9457825044015014,
   0.7857296659261728,
   0.2926395243483615
  ],
  [
   0.6256478260488969,
   0.285699229366726,
   0.7926348311164438
  ],
  [
   0.12565145318032864,
   0.2856989861185145,
   0.7787901610753399
  ],
  [
   0.4457734873395187,
   0.7857292616016965,
   0.2787953687655959
  ],
  [
   0.535706429654041,
   0.5357133582413821,
   0.5357232333547415
  ],
  [
   0.035725009034503756,
   0.535716295501715,
   0.03572275492730475
  ],
  [
   0.5357063424692164,
   0.035715179656577514,
   0.53572324432194
  ],
  [
   0.03572509537821409,
   0.03571231375223229,
   0.03572277273107491
  ]
 ]
}