{
 "0": {
  "0": [
   0.4013718651966128,
   0.4274298853137822,
   0.42748801832661537,
   0.4014405918275386,
   0.4064087519060608,
   0.4309153551634892,
   0.43102280753744954,
   0.40654596651540165,
   0.4085998467253895,
   0.43145106970469577,
   0.43149914747160417,
   0.4086682809315696,
   0.40866828093158697,
   0.43149914747160456,
   0.431451069704672,
   0.40859984672531807,
   0.40654596651537755,
   0.4310228075373656,
   0.4309153551634871,
   0.4064087519060656,
   0.4014405918274794,
   0.42748801832659916,
   0.4274298853136285,
   0.40137186519656115
  ],
  "1": [
   -3.1413176752638248,
   -3.167684092531544,
   -3.1676220666095465,
   -3.141252012005869,
   -3.146438093190098,
   -3.1710141896683215,
   -3.1708905226298154,
   -3.1463114130150784,
   -3.1485842261473866,
   -3.171271693220315,
   -3.171209597801866,
   -3.148523046658516,
   -3.1485230466585628,
   -3.1712095978018726,
   -3.171271693220289,
   -3.1485842261473898,
   -3.146311413015101,
   -3.1708905226298456,
   -3.1710141896682997,
   -3.146438093190073,
   -3.141252012005834,
   -3.1676220666095602,
   -3.1676840925315783,
   -3.141317675263845
  ]
 },
 "1": {
  "0": [
   1.7947579875030615,
   1.7953454388684131,
   1.7953497620047256,
   1.7947604099496273,
   1.7947701074622322,
   1.795352677936163,
   1.7953606595854328,
   1.7947748782982245,
   1.794783873589868,
   1.7953642081877244,
   1.7953680372392253,
   1.7947861519967703,
   1.7947861519967545,
   1.7953680372391914,
   1.7953642081876704,
   1.794783873589907,
   1.7947748782982798,
   1.7953606595855982,
   1.7953526779362095,
   1.7947701074621976,
   1.794760409949541,
   1.7953497620046854,
   1.7953454388687122,
   1.7947579875030935
  ],
  "1": [
   1.7911827335135784,
   1.7908660215421794,
   1.7908518655305994,
   1.7911740327936168,
   1.791178139474686,
   1.7908662475035941,
   1.7908378855467153,
   1.7911600157447796,
   1.791164645320668,
   1.7908520873494538,
   1.7908378610954578,
   1.7911557411409111,
   1.7911557411407948,
   1.7908378610954399,
   1.7908520873495575,
   1.7911646453207009,
   1.791160015744749,
   1.7908378855465714,
   1.7908662475035595,
   1.7911781394747655,
   1.791174032793763,
   1.7908518655305088,
   1.7908660215422025,
   1.7911827335133574
  ]
 },
 "2": {
  "0": [
   1.7990718533730055,
   1.7990904143178716,
   1.7990503538445817,
   1.7990556751607478,
   1.7991038304949407,
   1.7990791031827216,
   1.7990677491013787,
   1.7990807305008936,
   1.7990407405115505,
   1.7990516818222284,
   1.7991074320022085,
   1.7990825296288084,
   1.7990714760453275,
   1.7990846178295734,
   1.799036374103773,
   1.7990419386158083,
   1.7990977377166386,
   1.7990785974468781,
   1.799078597447022,
   1.7990977377165136,
   1.7990419386159493,
   1.79903637410399,
   1.799084617829615,
   1.799071476045525,
   1.7990825296288315,
   1.7991074320020874,
   1.799051681822546,
   1.7990407405115665,
   1.7990807305008527,
   1.7990677491016538,
   1.7990791031827051,
   1.7991038304944222,
   1.799055675160772,
   1.799050353844454,
   1.7990904143178108,
   1.7990718533727017
  ],
  "1": [
   1.7983462838127675,
   1.7980293155970208,
   1.7976211401606772,
   1.797628119850709,
   1.798042527100021,
   1.7983526390471887,
   1.7983424568900885,
   1.7980333753595483,
   1.7976275607458503,
   1.7976417688889863,
   1.7980600672249514,
   1.798354707421607,
   1.7983445300162926,
   1.798051296097425,
   1.797641948514478,
   1.7976496506604525,
   1.798064588172052,
   1.7983509357723761,
   1.7983509357723417,
   1.7980645881720287,
   1.7976496506604642,
   1.7976419485144404,
   1.7980512960974238,
   1.7983445300162815,
   1.7983547074216746,
   1.7980600672250127,
   1.797641768888971,
   1.797627560745938,
   1.79803337535967,
   1.7983424568903965,
   1.7983526390471027,
   1.7980425270999305,
   1.7976281198506492,
   1.797621140160684,
   1.7980293155969274,
   1.7983462838126203
  ]
 },
 "Z_a": [
  6,
  6,
  6,
  6,
  6,
  6,
  6,
  6,
  6,
  6,
  6,
  6,
  15,
  15,
  15,
  15,
  5,
  5,
  5,
  5,
  6,
  6,
  6,
  6,
  1,
  1,
  1,
  1
 ],
 "spos_ac": [
  [
   0.8725128062271633,
   0.5788645782361553,
   0.7586151613801033
  ],
  [
   0.6989122595554291,
   0.49256570608147227,
   0.25861128824110036
  ],
  [
   0.1989276738411305,
   0.0788410079528084,
   0.3128048493613723
  ],
  [
   0.3725033193337612,
   0.9925875502319049,
   0.8128078762166158
  ],
  [
   0.19991906201527646,
   0.49255718825440065,
   0.3128095342070991
  ],
  [
   0.3725074913454074,
   0.5788707762015073,
   0.8128138723644123
  ],
  [
   0.8725083672045058,
   0.9925945643649999,
   0.7586200136795407
  ],
  [
   0.6989163708218085,
   0.0788329025331262,
   0.258617445035979
  ],
  [
   0.5869574404745392,
   0.785733213864936,
   0.8141947923225966
  ],
  [
   0.9844738548770624,
   0.28569479089678523,
   0.3141670627049546
  ],
  [
   0.48446621187346156,
   0.2856953447836929,
   0.25722661237410804
  ],
  [
   0.08695932495749685,
   0.7857337901375745,
   0.7572503293842963
  ],
  [
   0.7572873889231736,
   0.7857037867987287,
   0.0655779736977574
  ],
  [
   0.8141437830365986,
   0.2857251698928161,
   0.5655656404057552
  ],
  [
   0.31413797887295575,
   0.28572480994138116,
   0.005842576354452304
  ],
  [
   0.2572882060344878,
   0.7857033852619727,
   0.505862054265574
  ],
  [
   0.945917374111562,
   0.7857327710064538,
   0.623668130617417
  ],
  [
   0.625510019452445,
   0.28569609289739906,
   0.12366181764942931
  ],
  [
   0.1255137031658538,
   0.2856958939300236,
   0.44776170401137905
  ],
  [
   0.44591512356601026,
   0.7857323774291809,
   0.9477693797909105
  ],
  [
   0.9457825044015014,
   0.7857296659261728,
   0.2926395243483615
  ],
  [
   0.6256478260488969,
   0.285699229366726,
   0.7926348311164438
  ],
  [
   0.12565145318032864,
   0.2856989861185145,
   0.7787901610753399
  ],
  [
   0.4457734873395187,
   0.7857292616016965,
   0.2787953687655959
  ],
  [
   0.535706429654041,
   0.5357133582413821,
   0.5357232333547415
  ],
  [
   0.035725009034503756,
   0.535716295501715,
   0.03572275492730475
  ],
  [
   0.5357063424692164,
   0.035715179656577514,
   0.53572324432194
  ],
  [
   0.03572509537821409,
   0.03571231375223229,
   0.03572277273107491
  ]
 ]
}