{
 "0": {
  "0": [
   0.40144057016563245,
   0.4274879785457376,
   0.42742977956286266,
   0.40137177574062805,
   0.4065460514292594,
   0.4310228072713922,
   0.43091522556324646,
   0.40640860943435286,
   0.4086682970553918,
   0.43149911158879617,
   0.4314509843183316,
   0.4085997907422694,
   0.4085997907422495,
   0.43145098431827894,
   0.4314991115887319,
   0.40866829705550617,
   0.40640860943427365,
   0.4309152255633038,
   0.43102280727138426,
   0.40654605142929423,
   0.4013717757407718,
   0.4274297795629166,
   0.427487978545705,
   0.4014405701656812
  ],
  "1": [
   -3.141252509584942,
   -3.1676224300568148,
   -3.1676844187283706,
   -3.141318122449379,
   -3.1463119944244315,
   -3.17089091700614,
   -3.1710145189099626,
   -3.146438482904704,
   -3.148523591520584,
   -3.171209989814874,
   -3.1712720666370062,
   -3.148584720080429,
   -3.148584720080374,
   -3.171272066637036,
   -3.171209989814896,
   -3.1485235915205863,
   -3.1464384829047525,
   -3.171014518909854,
   -3.1708909170062363,
   -3.1463119944243716,
   -3.1413181224492055,
   -3.16768441872849,
   -3.1676224300567233,
   -3.1412525095848594
  ]
 },
 "1": {
  "0": [
   1.7947606649413534,
   1.7953499495007874,
   1.795345588021498,
   1.7947582151149277,
   1.794775149934885,
   1.795360864159179,
   1.7953528070611742,
   1.79477032629755,
   1.7947863226192926,
   1.7953683992428129,
   1.795364153234337,
   1.7947842062429813,
   1.794784206242947,
   1.7953641532344575,
   1.795368399242806,
   1.7947863226194005,
   1.7947703262974872,
   1.7953528070612066,
   1.7953608641591507,
   1.794775149934864,
   1.7947582151151362,
   1.7953455880216207,
   1.7953499495007486,
   1.7947606649414274
  ],
  "1": [
   1.7911739896020518,
   1.7908518080730005,
   1.7908660069061972,
   1.791182723269502,
   1.7911599573270445,
   1.790837813430581,
   1.7908662616513293,
   1.7911781470329682,
   1.791155791695686,
   1.7908376225350526,
   1.7908522799060616,
   1.7911645470942907,
   1.791164547094205,
   1.790852279905845,
   1.790837622535184,
   1.791155791695756,
   1.7911781470327817,
   1.7908662616514361,
   1.7908378134305099,
   1.791159957327096,
   1.7911827232696103,
   1.790866006906369,
   1.7908518080727487,
   1.7911739896019365
  ]
 },
 "2": {
  "0": [
   1.7925446924617319,
   1.792523684069346,
   1.7925622238929597,
   1.792556897085603,
   1.7925102629401928,
   1.7925374423518379,
   1.7925482245478876,
   1.792533022555934,
   1.7925716672414387,
   1.7925607154698397,
   1.7925063134125938,
   1.7925334425158157,
   1.7925439367794183,
   1.7925287868054167,
   1.7925758566323577,
   1.7925702874930072,
   1.79251543755583,
   1.7925368149331964,
   1.792536814933535,
   1.7925154375557353,
   1.7925702874932972,
   1.7925758566322614,
   1.792528786805933,
   1.792543936779224,
   1.792533442515783,
   1.792506313413003,
   1.7925607154700363,
   1.7925716672408014,
   1.7925330225557397,
   1.792548224547847,
   1.7925374423521376,
   1.792510262940062,
   1.7925568970854466,
   1.7925622238930283,
   1.7925236840689465,
   1.792544692461356
  ],
  "1": [
   1.795251622164083,
   1.7955696420102703,
   1.7959794791185517,
   1.7959724955434304,
   1.7955564172071108,
   1.7952452578800873,
   1.795255676114443,
   1.7955662556471177,
   1.795973551081787,
   1.7959593364808886,
   1.7955395374160135,
   1.795243407564888,
   1.7952538016687705,
   1.795549022324479,
   1.7959596732956526,
   1.7959519671128144,
   1.795535913810458,
   1.795247386967646,
   1.7952473869673484,
   1.7955359138104479,
   1.7959519671127147,
   1.7959596732955967,
   1.7955490223245953,
   1.7952538016686765,
   1.7952434075649901,
   1.7955395374159806,
   1.7959593364806994,
   1.795973551081966,
   1.7955662556472256,
   1.7952556761141663,
   1.7952452578798912,
   1.7955564172068121,
   1.7959724955431904,
   1.7959794791186028,
   1.7955696420107836,
   1.7952516221639185
  ]
 },
 "Z_a": [
  6,
  6,
  6,
  6,
  6,
  6,
  6,
  6,
  6,
  6,
  6,
  6,
  15,
  15,
  15,
  15,
  5,
  5,
  5,
  5,
  6,
  6,
  6,
  6,
  1,
  1,
  1,
  1
 ],
 "spos_ac": [
  [
   0.8725128062271633,
   0.5788645782361553,
   0.7586151613801033
  ],
  [
   0.6999081667517777,
   0.49256569694380614,
   0.25861129294675433
  ],
  [
   0.1989276738411305,
   0.0788410079528084,
   0.3128048493613723
  ],
  [
   0.3725033193337612,
   0.9925875502319049,
   0.8128078762166158
  ],
  [
   0.19892315481892786,
   0.4925571973920667,
   0.3128095295014451
  ],
  [
   0.3725074913454074,
   0.5788707762015073,
   0.8128138723644123
  ],
  [
   0.8725083672045058,
   0.9925945643649999,
   0.7586200136795407
  ],
  [
   0.6989163708218085,
   0.0788329025331262,
   0.258617445035979
  ],
  [
   0.5869574404745392,
   0.785733213864936,
   0.8141947923225966
  ],
  [
   0.9844738548770624,
   0.28569479089678523,
   0.3141670627049546
  ],
  [
   0.48446621187346156,
   0.2856953447836929,
   0.25722661237410804
  ],
  [
   0.08695932495749685,
   0.7857337901375745,
   0.7572503293842963
  ],
  [
   0.7572873889231736,
   0.7857037867987287,
   0.0655779736977574
  ],
  [
   0.8141437830365986,
   0.2857251698928161,
   0.5655656404057552
  ],
  [
   0.31413797887295575,
   0.28572480994138116,
   0.005842576354452304
  ],
  [
   0.2572882060344878,
   0.7857033852619727,
   0.505862054265574
  ],
  [
   0.945917374111562,
   0.7857327710064538,
   0.623668130617417
  ],
  [
   0.625510019452445,
   0.28569609289739906,
   0.12366181764942931
  ],
  [
   0.1255137031658538,
   0.2856958939300236,
   0.44776170401137905
  ],
  [
   0.44591512356601026,
   0.7857323774291809,
   0.9477693797909105
  ],
  [
   0.9457825044015014,
   0.7857296659261728,
   0.2926395243483615
  ],
  [
   0.6256478260488969,
   0.285699229366726,
   0.7926348311164438
  ],
  [
   0.12565145318032864,
   0.2856989861185145,
   0.7787901610753399
  ],
  [
   0.4457734873395187,
   0.7857292616016965,
   0.2787953687655959
  ],
  [
   0.535706429654041,
   0.5357133582413821,
   0.5357232333547415
  ],
  [
   0.035725009034503756,
   0.535716295501715,
   0.03572275492730475
  ],
  [
   0.5357063424692164,
   0.035715179656577514,
   0.53572324432194
  ],
  [
   0.03572509537821409,
   0.03571231375223229,
   0.03572277273107491
  ]
 ]
}