{
 "0": {
  "0": [
   0.42513982854880916,
   0.4511271765330896,
   0.45112713407127975,
   0.4251397871479235,
   0.4302192540412281,
   0.4545230336395064,
   0.4545229522154986,
   0.43021912555846836,
   0.4323845190398703,
   0.4549032890169802,
   0.454903255013251,
   0.4323844785594774,
   0.4323844785593752,
   0.4549032550132563,
   0.45490328901695853,
   0.4323845190399146,
   0.4302191255585935,
   0.45452295221561295,
   0.4545230336396013,
   0.4302192540411231,
   0.4251397871480824,
   0.4511271340712859,
   0.451127176533071,
   0.42513982854886795
  ],
  "1": [
   -3.118812469145962,
   -3.144942257359872,
   -3.1449422296424023,
   -3.1188124389635483,
   -3.1239050484315762,
   -3.148351769632379,
   -3.14835171723764,
   -3.1239049427721852,
   -3.126101942312762,
   -3.148761458026775,
   -3.1487614378967894,
   -3.1261019091832614,
   -3.126101909183265,
   -3.148761437896808,
   -3.148761458026733,
   -3.1261019423127236,
   -3.1239049427721577,
   -3.1483517172376168,
   -3.1483517696323706,
   -3.12390504843156,
   -3.118812438963532,
   -3.144942229642427,
   -3.144942257359841,
   -3.1188124691459254
  ]
 },
 "1": {
  "0": [
   1.7958209008829178,
   1.7958121826021245,
   1.7958121640390667,
   1.795820884873541,
   1.7958211412427203,
   1.795814774929497,
   1.7958147457562956,
   1.7958211091483929,
   1.795821071889798,
   1.7958174434380203,
   1.7958172299847956,
   1.795821156789182,
   1.7958211567889333,
   1.7958172299848643,
   1.7958174434382552,
   1.7958210718897374,
   1.795821109148382,
   1.795814745756279,
   1.7958147749295368,
   1.7958211412426655,
   1.7958208848736563,
   1.7958121640390323,
   1.7958121826021696,
   1.7958209008831658
  ],
  "1": [
   1.7945699397206683,
   1.7945785801070775,
   1.7945785982200395,
   1.7945699546387728,
   1.7945696971602916,
   1.794575967709658,
   1.7945759979874107,
   1.7945697259343145,
   1.794569751446565,
   1.794573291909057,
   1.7945735071244826,
   1.7945696708024819,
   1.7945696708025825,
   1.7945735071245783,
   1.7945732919089565,
   1.794569751446563,
   1.7945697259342772,
   1.7945759979875386,
   1.7945759677095785,
   1.7945696971603744,
   1.7945699546387406,
   1.794578598220059,
   1.7945785801071186,
   1.7945699397207715
  ]
 },
 "2": {
  "0": [
   1.7388161194374925,
   1.7391925210277752,
   1.739625451229308,
   1.7396254529252755,
   1.739192523477799,
   1.7388161220219012,
   1.7388183611679746,
   1.739195465317738,
   1.7396195404695474,
   1.7396195407591544,
   1.7391954494820572,
   1.7388183623933833,
   1.7388201847814182,
   1.739198786868851,
   1.7396133032565544,
   1.7396133038167307,
   1.7391987197791805,
   1.7388201871078384,
   1.7388201871079647,
   1.7391987197792138,
   1.739613303817144,
   1.7396133032565237,
   1.7391987868683227,
   1.7388201847815166,
   1.7388183623933893,
   1.7391954494819153,
   1.739619540758942,
   1.7396195404700139,
   1.7391954653178336,
   1.7388183611680494,
   1.7388161220219,
   1.7391925234776262,
   1.7396254529255628,
   1.739625451229205,
   1.7391925210274661,
   1.7388161194375997
  ],
  "1": [
   1.7387234758907733,
   1.7386896885003686,
   1.7386960719753088,
   1.7386960673866079,
   1.7386896835151664,
   1.7387234720827955,
   1.7387226817725971,
   1.7386786189541765,
   1.7386741642523293,
   1.7386741622198327,
   1.7386785977467358,
   1.7387226770683304,
   1.7387215108724177,
   1.7386673959391228,
   1.7386516951969326,
   1.738651693724587,
   1.7386674912432267,
   1.7387215071442979,
   1.7387215071446032,
   1.7386674912429358,
   1.7386516937246304,
   1.7386516951969064,
   1.738667395939123,
   1.7387215108722305,
   1.7387226770681607,
   1.7386785977466677,
   1.7386741622195165,
   1.73867416425215,
   1.7386786189540928,
   1.7387226817726873,
   1.738723472082923,
   1.7386896835151215,
   1.7386960673865104,
   1.7386960719754418,
   1.7386896885003127,
   1.7387234758904195
  ]
 },
 "Z_a": [
  6,
  6,
  6,
  6,
  6,
  6,
  6,
  6,
  6,
  6,
  6,
  6,
  15,
  15,
  15,
  15,
  5,
  5,
  5,
  5,
  6,
  6,
  6,
  6,
  1,
  1,
  1,
  1
 ],
 "spos_ac": [
  [
   0.8725128062271633,
   0.5788645782361553,
   0.7586151613801033
  ],
  [
   0.6989122595554291,
   0.49256570608147227,
   0.25861128824110036
  ],
  [
   0.1989276738411305,
   0.0788410079528084,
   0.3128048493613723
  ],
  [
   0.3725033193337612,
   0.9925875502319049,
   0.8128078762166158
  ],
  [
   0.19892315481892786,
   0.4925571973920667,
   0.3128095295014451
  ],
  [
   0.3725074913454074,
   0.5788707762015073,
   0.8128138723644123
  ],
  [
   0.8725083672045058,
   0.9925945643649999,
   0.7586200136795407
  ],
  [
   0.6989163708218085,
   0.0788329025331262,
   0.258617445035979
  ],
  [
   0.5869574404745392,
   0.785733213864936,
   0.8141947923225966
  ],
  [
   0.9844738548770624,
   0.28569479089678523,
   0.3141670627049546
  ],
  [
   0.48446621187346156,
   0.2856953447836929,
   0.25722661237410804
  ],
  [
   0.08695932495749685,
   0.7857337901375745,
   0.7572503293842963
  ],
  [
   0.7572873889231736,
   0.7857037867987287,
   0.0655779736977574
  ],
  [
   0.8141437830365986,
   0.2857251698928161,
   0.5655656404057552
  ],
  [
   0.31413797887295575,
   0.28572480994138116,
   0.005842576354452304
  ],
  [
   0.2572882060344878,
   0.7857033852619727,
   0.505862054265574
  ],
  [
   0.945917374111562,
   0.7857327710064538,
   0.623668130617417
  ],
  [
   0.625510019452445,
   0.28569609289739906,
   0.12366181764942931
  ],
  [
   0.1255137031658538,
   0.2856958939300236,
   0.44776170401137905
  ],
  [
   0.44591512356601026,
   0.7857323774291809,
   0.9477693797909105
  ],
  [
   0.9457825065810983,
   0.7857296655467557,
   0.2948096001923554
  ],
  [
   0.6256478260488969,
   0.285699229366726,
   0.7926348311164438
  ],
  [
   0.12565145318032864,
   0.2856989861185145,
   0.7787901610753399
  ],
  [
   0.4457734873395187,
   0.7857292616016965,
   0.2787953687655959
  ],
  [
   0.535706429654041,
   0.5357133582413821,
   0.5357232333547415
  ],
  [
   0.035725009034503756,
   0.535716295501715,
   0.03572275492730475
  ],
  [
   0.5357063424692164,
   0.035715179656577514,
   0.53572324432194
  ],
  [
   0.03572509537821409,
   0.03571231375223229,
   0.03572277273107491
  ]
 ]
}