{
 "0": {
  "0": [
   0.4514965130191706,
   0.47694634162167204,
   0.4769463039529556,
   0.4514964714756519,
   0.45647657204845327,
   0.48028979464888205,
   0.48028973059900604,
   0.4564764337668041,
   0.4585535320571259,
   0.4806286851721215,
   0.4806286603893471,
   0.45855349103232707,
   0.4585534910322209,
   0.48062866038931845,
   0.4806286851721393,
   0.458553532057011,
   0.45647643376655855,
   0.48028973059924035,
   0.4802897946501945,
   0.45647657204872255,
   0.4514964714751971,
   0.4769463039530186,
   0.47694634162148064,
   0.4514965130187244
  ],
  "1": [
   -3.090101056498967,
   -3.116298179661565,
   -3.116298151892309,
   -3.090101020923508,
   -3.095223281679036,
   -3.1196896743006817,
   -3.1196896221399757,
   -3.095223160402352,
   -3.0974515149122204,
   -3.120081259923823,
   -3.1200812459124836,
   -3.097451476548684,
   -3.0974514765486956,
   -3.120081245912409,
   -3.1200812599238295,
   -3.0974515149121196,
   -3.0952231604024028,
   -3.119689622140066,
   -3.119689674300671,
   -3.0952232816789773,
   -3.090101020923461,
   -3.1162981518923325,
   -3.1162981796615927,
   -3.0901010564989533
  ]
 },
 "1": {
  "0": [
   1.7958208364870432,
   1.795812193631185,
   1.7958121710565953,
   1.7958208077692495,
   1.795821079764537,
   1.7958147979539385,
   1.7958147484154785,
   1.7958210407158879,
   1.7958210191495916,
   1.7958174447508548,
   1.795817235551609,
   1.79582110332546,
   1.7958211033256741,
   1.7958172355517563,
   1.7958174447505135,
   1.7958210191498611,
   1.7958210407162973,
   1.795814748415661,
   1.7958147979538417,
   1.7958210797650984,
   1.795820807769489,
   1.795812171056061,
   1.7958121936314468,
   1.7958208364872836
  ],
  "1": [
   1.794569770204886,
   1.7945783502485473,
   1.7945783595917595,
   1.7945697737082678,
   1.7945695228310854,
   1.7945757512651248,
   1.7945757619249374,
   1.7945695483784838,
   1.7945695878087302,
   1.7945730816092527,
   1.794573279464183,
   1.7945695005110534,
   1.794569500511027,
   1.7945732794640163,
   1.794573081609444,
   1.79456958780882,
   1.794569548378538,
   1.794575761924975,
   1.7945757512651306,
   1.794569522831048,
   1.7945697737082644,
   1.7945783595916411,
   1.7945783502485224,
   1.7945697702049335
  ]
 },
 "2": {
  "0": [
   1.7947225346269373,
   1.7947716271812797,
   1.79492513687685,
   1.7949251690355046,
   1.7947716198580959,
   1.794722532603546,
   1.7947301507724673,
   1.794785900938091,
   1.7949382058720722,
   1.7949381931675485,
   1.7947859023878188,
   1.7947301330746108,
   1.7947372923011438,
   1.7948011538619593,
   1.794951798833683,
   1.7949517926900231,
   1.7948010155015781,
   1.7947372902358685,
   1.7947372902362664,
   1.7948010154993344,
   1.7949517926895413,
   1.7949517988337451,
   1.7948011538578714,
   1.794737292301231,
   1.7947301330746348,
   1.7947859023891197,
   1.7949381931675976,
   1.7949382058716021,
   1.794785900937658,
   1.7947301507726887,
   1.794722532603503,
   1.7947716198578363,
   1.7949251690354022,
   1.7949251368770702,
   1.7947716271815988,
   1.794722534627025
  ],
  "1": [
   1.7975186702381694,
   1.7974788074412966,
   1.7974746825154304,
   1.797474661263706,
   1.7974788050839965,
   1.7975186680989665,
   1.7975216781494676,
   1.7974805754872676,
   1.7974662018977703,
   1.7974662010813145,
   1.7974806019445064,
   1.7975216631802167,
   1.7975250933261098,
   1.797483071153135,
   1.7974577429723593,
   1.7974577422802078,
   1.7974831382230796,
   1.7975250916356154,
   1.7975250916355467,
   1.7974831382229417,
   1.7974577422803046,
   1.797457742972318,
   1.7974830711529681,
   1.7975250933260505,
   1.7975216631802289,
   1.797480601944319,
   1.7974662010813256,
   1.7974662018977539,
   1.7974805754871224,
   1.797521678149613,
   1.7975186680990547,
   1.797478805083794,
   1.7974746612638701,
   1.7974746825155172,
   1.7974788074414352,
   1.7975186702380743
  ]
 },
 "Z_a": [
  6,
  6,
  6,
  6,
  6,
  6,
  6,
  6,
  6,
  6,
  6,
  6,
  15,
  15,
  15,
  15,
  5,
  5,
  5,
  5,
  6,
  6,
  6,
  6,
  1,
  1,
  1,
  1
 ],
 "spos_ac": [
  [
   0.8725128062271633,
   0.5788645782361553,
   0.7586151613801033
  ],
  [
   0.6989122595554291,
   0.49256570608147227,
   0.25861128824110036
  ],
  [
   0.1989276738411305,
   0.0788410079528084,
   0.3128048493613723
  ],
  [
   0.3725033193337612,
   0.9925875502319049,
   0.8128078762166158
  ],
  [
   0.19892315481892786,
   0.4925571973920667,
   0.3128095295014451
  ],
  [
   0.3725074913454074,
   0.5788707762015073,
   0.8128138723644123
  ],
  [
   0.8725083672045058,
   0.9925945643649999,
   0.7586200136795407
  ],
  [
   0.6989163708218085,
   0.0788329025331262,
   0.258617445035979
  ],
  [
   0.5859615332781907,
   0.7857332230026022,
   0.8141947876169426
  ],
  [
   0.9844738548770624,
   0.28569479089678523,
   0.3141670627049546
  ],
  [
   0.48446621187346156,
   0.2856953447836929,
   0.25722661237410804
  ],
  [
   0.08695932495749685,
   0.7857337901375745,
   0.7572503293842963
  ],
  [
   0.7572873889231736,
   0.7857037867987287,
   0.0655779736977574
  ],
  [
   0.8141437830365986,
   0.2857251698928161,
   0.5655656404057552
  ],
  [
   0.31413797887295575,
   0.28572480994138116,
   0.005842576354452304
  ],
  [
   0.2572882060344878,
   0.7857033852619727,
   0.505862054265574
  ],
  [
   0.945917374111562,
   0.7857327710064538,
   0.623668130617417
  ],
  [
   0.625510019452445,
   0.28569609289739906,
   0.12366181764942931
  ],
  [
   0.1255137031658538,
   0.2856958939300236,
   0.44776170401137905
  ],
  [
   0.44591512356601026,
   0.7857323774291809,
   0.9477693797909105
  ],
  [
   0.9457825044015014,
   0.7857296659261728,
   0.2926395243483615
  ],
  [
   0.6256478260488969,
   0.285699229366726,
   0.7926348311164438
  ],
  [
   0.12565145318032864,
   0.2856989861185145,
   0.7787901610753399
  ],
  [
   0.4457734873395187,
   0.7857292616016965,
   0.2787953687655959
  ],
  [
   0.535706429654041,
   0.5357133582413821,
   0.5357232333547415
  ],
  [
   0.035725009034503756,
   0.535716295501715,
   0.03572275492730475
  ],
  [
   0.5357063424692164,
   0.035715179656577514,
   0.53572324432194
  ],
  [
   0.03572509537821409,
   0.03571231375223229,
   0.03572277273107491
  ]
 ]
}