{
 "0": {
  "0": [
   0.4249032396949858,
   0.45108573231373245,
   0.4510857522060756,
   0.4249032515420592,
   0.42994808253309014,
   0.4544067291643009,
   0.45440677734439167,
   0.42994806615848935,
   0.4321312017264194,
   0.45473035436773124,
   0.454730386803585,
   0.43213121912318714,
   0.43213121912323155,
   0.45473038680356237,
   0.45473035436768994,
   0.43213120172622843,
   0.4299480661584872,
   0.4544067773443037,
   0.4544067291642847,
   0.4299480825331247,
   0.4249032515422097,
   0.4510857522060871,
   0.4510857323137274,
   0.42490323969494803
  ],
  "1": [
   -3.1177235001212202,
   -3.1440690300491214,
   -3.144069012058935,
   -3.117723474813824,
   -3.1227423230174383,
   -3.147218432339746,
   -3.147218390826577,
   -3.122742215050289,
   -3.12486057850712,
   -3.147377781382345,
   -3.147377764176483,
   -3.1248605395606464,
   -3.1248605395606646,
   -3.1473777641765026,
   -3.1473777813823123,
   -3.1248605785070622,
   -3.12274221505044,
   -3.147218390826592,
   -3.147218432339731,
   -3.1227423230173725,
   -3.117723474813847,
   -3.1440690120588792,
   -3.1440690300491685,
   -3.1177235001211243
  ]
 },
 "1": {
  "0": [
   1.7958212974479522,
   1.7958125883589593,
   1.7958125814022805,
   1.7958212942918363,
   1.7958215345595108,
   1.7958152109788974,
   1.795815194915778,
   1.7958215216555113,
   1.7958214717406296,
   1.7958179045064497,
   1.7958177054679456,
   1.7958215593392939,
   1.7958215593394837,
   1.795817705467828,
   1.7958179045063796,
   1.7958214717407373,
   1.7958215216554103,
   1.7958151949159011,
   1.7958152109790486,
   1.7958215345596151,
   1.7958212942918688,
   1.7958125814022015,
   1.7958125883589942,
   1.7958212974476904
  ],
  "1": [
   1.7945696715981119,
   1.7945784546203503,
   1.7945784727788987,
   1.7945696779327402,
   1.7945694591128734,
   1.794575852068765,
   1.794575892453784,
   1.7945694761044524,
   1.794569542370504,
   1.79457319107841,
   1.7945733989661232,
   1.7945694540040065,
   1.7945694540041954,
   1.7945733989662453,
   1.7945731910785314,
   1.794569542370468,
   1.7945694761042783,
   1.794575892453946,
   1.7945758520686794,
   1.7945694591127501,
   1.7945696779326983,
   1.794578472779168,
   1.7945784546203687,
   1.7945696715981279
  ]
 },
 "2": {
  "0": [
   1.918488090293488,
   1.9190300790765256,
   1.919593316718475,
   1.919593312517411,
   1.9190300845902746,
   1.9184880939653866,
   1.918488619174365,
   1.9190188548003202,
   1.9195709364952132,
   1.9195709404807682,
   1.919018862635804,
   1.918488627261161,
   1.918488941406793,
   1.919007020872942,
   1.9195477272033932,
   1.9195477297163994,
   1.9190069196313424,
   1.9184889450647693,
   1.9184889450645555,
   1.9190069196312505,
   1.9195477297166714,
   1.9195477272032306,
   1.9190070208731012,
   1.9184889414068218,
   1.9184886272610644,
   1.9190188626358502,
   1.9195709404811505,
   1.9195709364951081,
   1.9190188548003464,
   1.9184886191745465,
   1.918488093965419,
   1.919030084590532,
   1.9195933125173492,
   1.9195933167185675,
   1.9190300790762198,
   1.9184880902935346
  ],
  "1": [
   1.8488979117339959,
   1.84876673469025,
   1.8486478634365129,
   1.8486478645416917,
   1.8487667329446629,
   1.84889790951703,
   1.8488902763528805,
   1.8487631004000722,
   1.8486420180809744,
   1.848642019686984,
   1.848763092260572,
   1.8488902788655939,
   1.848882700337737,
   1.8487594430611836,
   1.8486364643645683,
   1.8486364647310545,
   1.8487595384538587,
   1.8488826981973387,
   1.848882698197363,
   1.84875953845413,
   1.8486364647308422,
   1.8486364643641884,
   1.848759443061133,
   1.8488827003377106,
   1.8488902788657533,
   1.8487630922603822,
   1.8486420196870916,
   1.8486420180808252,
   1.8487631004002991,
   1.8488902763527937,
   1.8488979095172322,
   1.8487667329447435,
   1.8486478645419873,
   1.8486478634364645,
   1.8487667346904875,
   1.8488979117338193
  ]
 },
 "Z_a": [
  6,
  6,
  6,
  6,
  6,
  6,
  6,
  6,
  6,
  6,
  6,
  6,
  15,
  15,
  15,
  15,
  5,
  5,
  5,
  5,
  6,
  6,
  6,
  6,
  1,
  1,
  1,
  1
 ],
 "spos_ac": [
  [
   0.8725128062271633,
   0.5788645782361553,
   0.7586151613801033
  ],
  [
   0.6989122595554291,
   0.49256570608147227,
   0.25861128824110036
  ],
  [
   0.1989276738411305,
   0.0788410079528084,
   0.3128048493613723
  ],
  [
   0.3725033193337612,
   0.9925875502319049,
   0.8128078762166158
  ],
  [
   0.19892315481892786,
   0.4925571973920667,
   0.3128095295014451
  ],
  [
   0.3725074913454074,
   0.5788707762015073,
   0.8128138723644123
  ],
  [
   0.8725083672045058,
   0.9925945643649999,
   0.7586200136795407
  ],
  [
   0.6989163708218085,
   0.0788329025331262,
   0.258617445035979
  ],
  [
   0.5869574404745392,
   0.785733213864936,
   0.8141947923225966
  ],
  [
   0.9844738548770624,
   0.28569479089678523,
   0.3141670627049546
  ],
  [
   0.48446621187346156,
   0.2856953447836929,
   0.25722661237410804
  ],
  [
   0.08695932495749685,
   0.7857337901375745,
   0.7572503293842963
  ],
  [
   0.7572873867435767,
   0.7857037871781457,
   0.0634078978537635
  ],
  [
   0.8141437830365986,
   0.2857251698928161,
   0.5655656404057552
  ],
  [
   0.31413797887295575,
   0.28572480994138116,
   0.005842576354452304
  ],
  [
   0.2572882060344878,
   0.7857033852619727,
   0.505862054265574
  ],
  [
   0.945917374111562,
   0.7857327710064538,
   0.623668130617417
  ],
  [
   0.625510019452445,
   0.28569609289739906,
   0.12366181764942931
  ],
  [
   0.1255137031658538,
   0.2856958939300236,
   0.44776170401137905
  ],
  [
   0.44591512356601026,
   0.7857323774291809,
   0.9477693797909105
  ],
  [
   0.9457825044015014,
   0.7857296659261728,
   0.2926395243483615
  ],
  [
   0.6256478260488969,
   0.285699229366726,
   0.7926348311164438
  ],
  [
   0.12565145318032864,
   0.2856989861185145,
   0.7787901610753399
  ],
  [
   0.4457734873395187,
   0.7857292616016965,
   0.2787953687655959
  ],
  [
   0.535706429654041,
   0.5357133582413821,
   0.5357232333547415
  ],
  [
   0.035725009034503756,
   0.535716295501715,
   0.03572275492730475
  ],
  [
   0.5357063424692164,
   0.035715179656577514,
   0.53572324432194
  ],
  [
   0.03572509537821409,
   0.03571231375223229,
   0.03572277273107491
  ]
 ]
}