{
 "0": {
  "0": [
   0.401617984121421,
   0.4274972710603436,
   0.42755867279559545,
   0.40168295230665646,
   0.4066791718424018,
   0.4309789331358696,
   0.4311019240436131,
   0.4068049087637722,
   0.4089057938091751,
   0.4315344030135713,
   0.4315964675172857,
   0.40896689683245707,
   0.4089668968324086,
   0.4315964675172261,
   0.43153440301356,
   0.4089057938092363,
   0.4068049087637831,
   0.4311019240434722,
   0.4309789331359194,
   0.40667917184247354,
   0.4016829523064838,
   0.42755867279562504,
   0.42749727106031415,
   0.4016179841213451
  ],
  "1": [
   -3.141564372596253,
   -3.1677482496600713,
   -3.167691412170242,
   -3.1414971431810907,
   -3.146711533162018,
   -3.1710799103574177,
   -3.1709748666885607,
   -3.146577081674896,
   -3.1488989305006685,
   -3.1713647449123616,
   -3.17131775785731,
   -3.148831859497612,
   -3.148831859497614,
   -3.1713177578573077,
   -3.171364744912412,
   -3.148898930500611,
   -3.146577081674849,
   -3.1709748666886326,
   -3.1710799103573586,
   -3.146711533162079,
   -3.141497143181144,
   -3.167691412170276,
   -3.167748249659916,
   -3.141564372596313
  ]
 },
 "1": {
  "0": [
   1.7924797341979213,
   1.792150704352281,
   1.7921366203573668,
   1.7924710293415456,
   1.79247568590431,
   1.7921563975987287,
   1.7921281352339782,
   1.7924575537762142,
   1.7924621718199683,
   1.7921479020334128,
   1.7921333890496873,
   1.7924534403467265,
   1.79245344034655,
   1.7921333890497129,
   1.792147902033478,
   1.7924621718198956,
   1.792457553776039,
   1.7921281352337939,
   1.7921563975985302,
   1.7924756859044841,
   1.7924710293414892,
   1.7921366203575309,
   1.79215070435204,
   1.79247973419797
  ],
  "1": [
   1.7935102083558465,
   1.7941026706973076,
   1.7941071865832088,
   1.793512703582563,
   1.7935219557733648,
   1.794104229139973,
   1.794112649421874,
   1.7935268667382405,
   1.7935360268905256,
   1.7941101441977265,
   1.7941146158902617,
   1.7935381681851852,
   1.7935381681851237,
   1.79411461589034,
   1.7941101441978935,
   1.7935360268904668,
   1.7935268667380786,
   1.794112649422064,
   1.7941042291400509,
   1.7935219557734905,
   1.7935127035823664,
   1.7941071865831988,
   1.79410267069725,
   1.7935102083557106
  ]
 },
 "2": {
  "0": [
   1.797366515235524,
   1.7970508715520708,
   1.7966444024693222,
   1.7966513199282215,
   1.7970641176229218,
   1.797372907783362,
   1.79736219746952,
   1.7970543826329077,
   1.7966505127211765,
   1.7966646746101493,
   1.7970811226259977,
   1.797374568255421,
   1.7973638948965316,
   1.7970717156357001,
   1.7966645312809184,
   1.7966721841245306,
   1.7970848114223643,
   1.7973703716876939,
   1.7973703716876672,
   1.7970848114227889,
   1.796672184124472,
   1.7966645312810294,
   1.7970717156358786,
   1.7973638948963666,
   1.7973745682555982,
   1.7970811226260344,
   1.7966646746103945,
   1.796650512721,
   1.797054382632822,
   1.7973621974697092,
   1.797372907783271,
   1.7970641176230524,
   1.7966513199283651,
   1.7966444024691748,
   1.7970508715520732,
   1.7973665152356175
  ],
  "1": [
   1.8000204816905756,
   1.8000425458165146,
   1.800003539204139,
   1.8000087679753372,
   1.800055727229159,
   1.8000276078129556,
   1.800016939403855,
   1.8000335776462502,
   1.7999943329288675,
   1.8000050403303807,
   1.8000597428765914,
   1.8000314579280947,
   1.8000210293511982,
   1.8000379939026094,
   1.7999902787672013,
   1.7999957209673536,
   1.80005106623077,
   1.8000280194862492,
   1.800028019486064,
   1.8000510662310816,
   1.7999957209674782,
   1.799990278767175,
   1.8000379939026327,
   1.8000210293509977,
   1.8000314579279764,
   1.800059742876196,
   1.8000050403301195,
   1.7999943329285955,
   1.8000335776464265,
   1.800016939404148,
   1.800027607812764,
   1.800055727229086,
   1.80000876797467,
   1.8000035392043612,
   1.8000425458163458,
   1.800020481690419
  ]
 },
 "Z_a": [
  6,
  6,
  6,
  6,
  6,
  6,
  6,
  6,
  6,
  6,
  6,
  6,
  15,
  15,
  15,
  15,
  5,
  5,
  5,
  5,
  6,
  6,
  6,
  6,
  1,
  1,
  1,
  1
 ],
 "spos_ac": [
  [
   0.8735087134235119,
   0.5788645690984893,
   0.7586151660857573
  ],
  [
   0.6989122595554291,
   0.49256570608147227,
   0.25861128824110036
  ],
  [
   0.1989276738411305,
   0.0788410079528084,
   0.3128048493613723
  ],
  [
   0.3725033193337612,
   0.9925875502319049,
   0.8128078762166158
  ],
  [
   0.19892315481892786,
   0.4925571973920667,
   0.3128095295014451
  ],
  [
   0.3725074913454074,
   0.5788707762015073,
   0.8128138723644123
  ],
  [
   0.8725083672045058,
   0.9925945643649999,
   0.7586200136795407
  ],
  [
   0.6989163708218085,
   0.0788329025331262,
   0.258617445035979
  ],
  [
   0.5869574404745392,
   0.785733213864936,
   0.8141947923225966
  ],
  [
   0.9844738548770624,
   0.28569479089678523,
   0.3141670627049546
  ],
  [
   0.48446621187346156,
   0.2856953447836929,
   0.25722661237410804
  ],
  [
   0.08695932495749685,
   0.7857337901375745,
   0.7572503293842963
  ],
  [
   0.7572873889231736,
   0.7857037867987287,
   0.0655779736977574
  ],
  [
   0.8141437830365986,
   0.2857251698928161,
   0.5655656404057552
  ],
  [
   0.31413797887295575,
   0.28572480994138116,
   0.005842576354452304
  ],
  [
   0.2572882060344878,
   0.7857033852619727,
   0.505862054265574
  ],
  [
   0.945917374111562,
   0.7857327710064538,
   0.623668130617417
  ],
  [
   0.625510019452445,
   0.28569609289739906,
   0.12366181764942931
  ],
  [
   0.1255137031658538,
   0.2856958939300236,
   0.44776170401137905
  ],
  [
   0.44591512356601026,
   0.7857323774291809,
   0.9477693797909105
  ],
  [
   0.9457825044015014,
   0.7857296659261728,
   0.2926395243483615
  ],
  [
   0.6256478260488969,
   0.285699229366726,
   0.7926348311164438
  ],
  [
   0.12565145318032864,
   0.2856989861185145,
   0.7787901610753399
  ],
  [
   0.4457734873395187,
   0.7857292616016965,
   0.2787953687655959
  ],
  [
   0.535706429654041,
   0.5357133582413821,
   0.5357232333547415
  ],
  [
   0.035725009034503756,
   0.535716295501715,
   0.03572275492730475
  ],
  [
   0.5357063424692164,
   0.035715179656577514,
   0.53572324432194
  ],
  [
   0.03572509537821409,
   0.03571231375223229,
   0.03572277273107491
  ]
 ]
}