{
 "0": {
  "0": [
   0.4252080680088817,
   0.45133393423898294,
   0.4513300497169905,
   0.42520962067136175,
   0.43029857009196115,
   0.45473910778867527,
   0.454729491371012,
   0.4303023271199413,
   0.43249058780801974,
   0.4551405967430792,
   0.45513446650004336,
   0.4324927489114229,
   0.4324927489114709,
   0.45513446650037853,
   0.45514059674317175,
   0.43249058780823924,
   0.43030232711995253,
   0.4547294913708811,
   0.45473910778843035,
   0.4302985700918318,
   0.42520962067136325,
   0.45133004971695717,
   0.4513339342391203,
   0.42520806800873256
  ],
  "1": [
   -3.1177280533462333,
   -3.1438454153013806,
   -3.143849198379731,
   -3.1177263398058415,
   -3.122822324139095,
   -3.147255263264963,
   -3.1472646670448596,
   -3.1228181509801214,
   -3.1250072806735414,
   -3.1476707961256256,
   -3.1476768245266324,
   -3.125004950685933,
   -3.125004950686476,
   -3.147676824526645,
   -3.147670796125721,
   -3.1250072806738656,
   -3.1228181509798025,
   -3.1472646670450044,
   -3.1472552632650292,
   -3.1228223241392774,
   -3.1177263398057105,
   -3.1438491983796975,
   -3.1438454153013287,
   -3.117728053346464
  ]
 },
 "1": {
  "0": [
   1.7950077532643054,
   1.7950164560821138,
   1.795016318952731,
   1.7950072443975533,
   1.7950084407899942,
   1.795019519897034,
   1.7950192633862645,
   1.795007419664204,
   1.7950084149926786,
   1.7950225768220651,
   1.7950222603469226,
   1.79500795707045,
   1.7950079570706714,
   1.7950222603471053,
   1.7950225768218964,
   1.7950084149927383,
   1.795007419664308,
   1.7950192633865236,
   1.795019519896833,
   1.7950084407900089,
   1.7950072443975935,
   1.795016318952704,
   1.795016456081739,
   1.7950077532642628
  ],
  "1": [
   1.7937592731255183,
   1.793784968111876,
   1.7937849099112793,
   1.793758757042717,
   1.7937594985580507,
   1.7937827820948942,
   1.7937826837297373,
   1.793758461159884,
   1.7937595775323552,
   1.7937805010215506,
   1.793780649337219,
   1.7937589241078848,
   1.7937589241078085,
   1.7937806493373434,
   1.7937805010214023,
   1.793759577532546,
   1.7937584611599078,
   1.7937826837300326,
   1.793782782094709,
   1.7937594985581138,
   1.7937587570428635,
   1.7937849099114982,
   1.7937849681122702,
   1.7937592731257808
  ]
 },
 "2": {
  "0": [
   1.7959136753174763,
   1.7959462588844428,
   1.7959915779746332,
   1.7959909372339895,
   1.79594544120469,
   1.7959133536695897,
   1.7959110560969431,
   1.7959456814977577,
   1.7959952275833557,
   1.795993953770089,
   1.7959440854594566,
   1.795910514907413,
   1.7959081623125055,
   1.7959441033433943,
   1.7959980810932323,
   1.7959974413309832,
   1.7959432111513312,
   1.7959079269944844,
   1.7959079269943363,
   1.7959432111512814,
   1.7959974413312343,
   1.795998081093009,
   1.7959441033431731,
   1.795908162312856,
   1.7959105149074166,
   1.7959440854593047,
   1.795993953770279,
   1.7959952275827968,
   1.7959456814981065,
   1.7959110560963931,
   1.7959133536696805,
   1.7959454412047033,
   1.7959909372335758,
   1.7959915779749074,
   1.7959462588838273,
   1.7959136753172766
  ],
  "1": [
   1.7969055007008259,
   1.7969398688170657,
   1.7969869610859361,
   1.7969863195090798,
   1.7969390624840142,
   1.7969051894861745,
   1.7969032193328396,
   1.7969397614730163,
   1.7969909269175008,
   1.7969896512808765,
   1.7969381865118097,
   1.7969026988861734,
   1.7969006587747984,
   1.7969386776577299,
   1.7969941063633403,
   1.79699346522756,
   1.796938012680343,
   1.796900433250778,
   1.7969004332506544,
   1.7969380126805483,
   1.7969934652273833,
   1.7969941063631456,
   1.7969386776575622,
   1.7969006587743042,
   1.796902698885844,
   1.7969381865116967,
   1.7969896512809174,
   1.7969909269177289,
   1.7969397614727955,
   1.7969032193326602,
   1.7969051894861474,
   1.7969390624840726,
   1.7969863195087414,
   1.7969869610858207,
   1.7969398688173643,
   1.7969055007009147
  ]
 },
 "Z_a": [
  6,
  6,
  6,
  6,
  6,
  6,
  6,
  6,
  6,
  6,
  6,
  6,
  15,
  15,
  15,
  15,
  5,
  5,
  5,
  5,
  6,
  6,
  6,
  6,
  1,
  1,
  1,
  1
 ],
 "spos_ac": [
  [
   0.8725128062271633,
   0.5788645782361553,
   0.7586151613801033
  ],
  [
   0.6989122595554291,
   0.49256570608147227,
   0.25861128824110036
  ],
  [
   0.1989276738411305,
   0.0788410079528084,
   0.3128048493613723
  ],
  [
   0.3725033193337612,
   0.9925875502319049,
   0.8128078762166158
  ],
  [
   0.19892315481892786,
   0.4925571973920667,
   0.3128095295014451
  ],
  [
   0.3725074913454074,
   0.5788707762015073,
   0.8128138723644123
  ],
  [
   0.8725083672045058,
   0.9925945643649999,
   0.7586200136795407
  ],
  [
   0.6989163708218085,
   0.0788329025331262,
   0.258617445035979
  ],
  [
   0.5869574404745392,
   0.785733213864936,
   0.8141947923225966
  ],
  [
   0.9844738548770624,
   0.28569479089678523,
   0.3141670627049546
  ],
  [
   0.48446621187346156,
   0.2856953447836929,
   0.25722661237410804
  ],
  [
   0.08695932495749685,
   0.7857337901375745,
   0.7572503293842963
  ],
  [
   0.7572873889231736,
   0.7857037867987287,
   0.0655779736977574
  ],
  [
   0.8141437830365986,
   0.2857251698928161,
   0.5655656404057552
  ],
  [
   0.31413797887295575,
   0.28572480994138116,
   0.005842576354452304
  ],
  [
   0.2572882060344878,
   0.7857033852619727,
   0.505862054265574
  ],
  [
   0.945917374111562,
   0.7857327710064538,
   0.623668130617417
  ],
  [
   0.625510019452445,
   0.28569609289739906,
   0.12366181764942931
  ],
  [
   0.1255137031658538,
   0.2856958939300236,
   0.44776170401137905
  ],
  [
   0.44591512356601026,
   0.7857323774291809,
   0.9477693797909105
  ],
  [
   0.9457825044015014,
   0.7857296659261728,
   0.2926395243483615
  ],
  [
   0.6256478260488969,
   0.285699229366726,
   0.7926348311164438
  ],
  [
   0.12565145318032864,
   0.2856989861185145,
   0.7787901610753399
  ],
  [
   0.4457734873395187,
   0.7857292616016965,
   0.2787953687655959
  ],
  [
   0.535706429654041,
   0.5357133582413821,
   0.5357232333547415
  ],
  [
   0.035725009034503756,
   0.535716295501715,
   0.03572275492730475
  ],
  [
   0.534710435272868,
   0.03571518879424354,
   0.535723239616286
  ],
  [
   0.03572509537821409,
   0.03571231375223229,
   0.03572277273107491
  ]
 ]
}