{
 "0": {
  "0": [
   0.4246529338549812,
   0.450599924290877,
   0.4506408126350732,
   0.4246915172865276,
   0.4298305310789748,
   0.4541292148444579,
   0.4542205596003185,
   0.4299177885569589,
   0.43214373950853574,
   0.4547070320456351,
   0.45475969989274717,
   0.43219490170465724,
   0.4321949017047009,
   0.45475969989262993,
   0.4547070320454669,
   0.43214373950846213,
   0.42991778855691076,
   0.45422055960038976,
   0.4541292148444423,
   0.4298305310790339,
   0.42469151728648674,
   0.45064081263495614,
   0.45059992429100365,
   0.4246529338551214
  ],
  "1": [
   -3.119001921190573,
   -3.1450669242507496,
   -3.14507962455913,
   -3.119016429110705,
   -3.1241021496061117,
   -3.1485409670051285,
   -3.1485573386490797,
   -3.1241212387416364,
   -3.126275474293614,
   -3.1490094995648383,
   -3.1490112122753935,
   -3.126278456888969,
   -3.1262784568889455,
   -3.1490112122754077,
   -3.14900949956479,
   -3.126275474293602,
   -3.1241212387416786,
   -3.148557338649036,
   -3.148540967005046,
   -3.124102149606198,
   -3.119016429110772,
   -3.145079624559165,
   -3.1450669242509206,
   -3.1190019211905855
  ]
 },
 "1": {
  "0": [
   1.7956343839593816,
   1.7955698130311808,
   1.7955716779758113,
   1.7956367133945772,
   1.7956353748075091,
   1.7955675739878671,
   1.795571050539761,
   1.7956389065391407,
   1.7956379601764847,
   1.7955667747492943,
   1.7955683476700464,
   1.7956401877488501,
   1.7956401877487347,
   1.7955683476699331,
   1.7955667747492927,
   1.7956379601764092,
   1.7956389065392602,
   1.795571050539804,
   1.7955675739879047,
   1.7956353748075813,
   1.7956367133946245,
   1.7955716779758075,
   1.7955698130311075,
   1.795634383959322
  ],
  "1": [
   1.7942754060286619,
   1.794545844282958,
   1.7945424349247547,
   1.794271466274238,
   1.79427889455015,
   1.794545546669643,
   1.7945391260216557,
   1.7942710503479349,
   1.7942789609606784,
   1.794541957105711,
   1.7945390748533754,
   1.7942747014073683,
   1.7942747014073748,
   1.794539074853467,
   1.7945419571057326,
   1.7942789609607102,
   1.7942710503479378,
   1.7945391260216867,
   1.7945455466695752,
   1.7942788945502137,
   1.794271466274264,
   1.7945424349247414,
   1.7945458442829598,
   1.7942754060289943
  ]
 },
 "2": {
  "0": [
   1.7447034793309526,
   1.744972263716046,
   1.7453440260929989,
   1.7453390168498284,
   1.7449612433660828,
   1.7446973072228165,
   1.7446997898576098,
   1.744971541804469,
   1.745341614615531,
   1.7453330301654228,
   1.744949335371061,
   1.7446881329126627,
   1.7446905600807994,
   1.744958774947389,
   1.7453352006305654,
   1.7453304999411614,
   1.744948181850031,
   1.7446847487285833,
   1.7446847487284483,
   1.744948181849696,
   1.7453304999408574,
   1.7453352006305989,
   1.7449587749476674,
   1.7446905600806524,
   1.7446881329128634,
   1.7449493353707635,
   1.7453330301657581,
   1.7453416146153795,
   1.7449715418045522,
   1.7446997898574426,
   1.7446973072230243,
   1.744961243366263,
   1.745339016849726,
   1.7453440260931,
   1.7449722637159524,
   1.7447034793308194
  ],
  "1": [
   1.745486783783581,
   1.7455635026442045,
   1.7455992119574522,
   1.7455954086253467,
   1.7455543728088778,
   1.7454815608923786,
   1.7454880006847273,
   1.7455796180034675,
   1.745619111918306,
   1.7456113974912548,
   1.7455607924787289,
   1.7454781240903607,
   1.7454848257546791,
   1.7455864467177642,
   1.7456354740898654,
   1.7456316153747045,
   1.7455771759811738,
   1.7454796631518492,
   1.7454796631519574,
   1.7455771759810974,
   1.745631615374824,
   1.7456354740899342,
   1.7455864467178979,
   1.7454848257547242,
   1.7454781240903376,
   1.7455607924788346,
   1.7456113974914351,
   1.74561911191823,
   1.7455796180035599,
   1.745488000684476,
   1.7454815608925833,
   1.7455543728089749,
   1.7455954086252694,
   1.7455992119572965,
   1.745563502644285,
   1.7454867837835542
  ]
 },
 "Z_a": [
  6,
  6,
  6,
  6,
  6,
  6,
  6,
  6,
  6,
  6,
  6,
  6,
  15,
  15,
  15,
  15,
  5,
  5,
  5,
  5,
  6,
  6,
  6,
  6,
  1,
  1,
  1,
  1
 ],
 "spos_ac": [
  [
   0.8725128062271633,
   0.5788645782361553,
   0.7586151613801033
  ],
  [
   0.6989122595554291,
   0.49256570608147227,
   0.25861128824110036
  ],
  [
   0.1989276738411305,
   0.0788410079528084,
   0.3128048493613723
  ],
  [
   0.37250332151335813,
   0.9925875498524879,
   0.8149779520606096
  ],
  [
   0.19892315481892786,
   0.4925571973920667,
   0.3128095295014451
  ],
  [
   0.3725074913454074,
   0.5788707762015073,
   0.8128138723644123
  ],
  [
   0.8725083672045058,
   0.9925945643649999,
   0.7586200136795407
  ],
  [
   0.6989163708218085,
   0.0788329025331262,
   0.258617445035979
  ],
  [
   0.5869574404745392,
   0.785733213864936,
   0.8141947923225966
  ],
  [
   0.9844738548770624,
   0.28569479089678523,
   0.3141670627049546
  ],
  [
   0.48446621187346156,
   0.2856953447836929,
   0.25722661237410804
  ],
  [
   0.08695932495749685,
   0.7857337901375745,
   0.7572503293842963
  ],
  [
   0.7572873889231736,
   0.7857037867987287,
   0.0655779736977574
  ],
  [
   0.8141437830365986,
   0.2857251698928161,
   0.5655656404057552
  ],
  [
   0.31413797887295575,
   0.28572480994138116,
   0.005842576354452304
  ],
  [
   0.2572882060344878,
   0.7857033852619727,
   0.505862054265574
  ],
  [
   0.945917374111562,
   0.7857327710064538,
   0.623668130617417
  ],
  [
   0.625510019452445,
   0.28569609289739906,
   0.12366181764942931
  ],
  [
   0.1255137031658538,
   0.2856958939300236,
   0.44776170401137905
  ],
  [
   0.44591512356601026,
   0.7857323774291809,
   0.9477693797909105
  ],
  [
   0.9457825044015014,
   0.7857296659261728,
   0.2926395243483615
  ],
  [
   0.6256478260488969,
   0.285699229366726,
   0.7926348311164438
  ],
  [
   0.12565145318032864,
   0.2856989861185145,
   0.7787901610753399
  ],
  [
   0.4457734873395187,
   0.7857292616016965,
   0.2787953687655959
  ],
  [
   0.535706429654041,
   0.5357133582413821,
   0.5357232333547415
  ],
  [
   0.035725009034503756,
   0.535716295501715,
   0.03572275492730475
  ],
  [
   0.5357063424692164,
   0.035715179656577514,
   0.53572324432194
  ],
  [
   0.03572509537821409,
   0.03571231375223229,
   0.03572277273107491
  ]
 ]
}