{
 "0": {
  "0": [
   0.4264104897651602,
   0.4524075141978959,
   0.45240747198199643,
   0.4264104480367686,
   0.43160407684364843,
   0.4558733588524176,
   0.45587326827807234,
   0.4316039375660165,
   0.4338764331680301,
   0.45634280191598253,
   0.4563427665243844,
   0.43387638508215437,
   0.4338763850820357,
   0.45634276652447225,
   0.4563428019159703,
   0.4338764331679121,
   0.4316039375662409,
   0.45587326827807595,
   0.4558733588522815,
   0.4316040768437902,
   0.4264104480366804,
   0.45240747198203973,
   0.4524075141977304,
   0.4264104897650959
  ],
  "1": [
   -3.1177499616242783,
   -3.14377598818619,
   -3.1437759726712424,
   -3.1177499437401095,
   -3.1228562864659737,
   -3.1472114267363316,
   -3.1472114016081423,
   -3.122856206402072,
   -3.125064956173006,
   -3.147645786547718,
   -3.147645775119326,
   -3.125064931352954,
   -3.1250649313527874,
   -3.147645775119334,
   -3.1476457865474528,
   -3.125064956173003,
   -3.1228562064021075,
   -3.1472114016082258,
   -3.1472114267362246,
   -3.1228562864660288,
   -3.1177499437402654,
   -3.1437759726710066,
   -3.1437759881863268,
   -3.117749961624351
  ]
 },
 "1": {
  "0": [
   1.7958208123930233,
   1.7958122190542176,
   1.7958121932275657,
   1.795820795393417,
   1.7958210505231842,
   1.7958148427453906,
   1.7958147834364035,
   1.795821011763194,
   1.7958209801682286,
   1.795817520060952,
   1.7958173031408617,
   1.7958210526753395,
   1.7958210526755052,
   1.795817303141043,
   1.795817520060057,
   1.7958209801685452,
   1.7958210117635127,
   1.7958147834364586,
   1.7958148427454002,
   1.7958210505230203,
   1.7958207953935976,
   1.7958121932278939,
   1.7958122190539034,
   1.795820812393418
  ],
  "1": [
   1.794570171947407,
   1.7945788219170968,
   1.7945788429122924,
   1.7945701870352824,
   1.7945699442846594,
   1.79457621869085,
   1.7945762636123563,
   1.794569973614653,
   1.7945700243186289,
   1.794573553934806,
   1.7945737744004344,
   1.794569942369437,
   1.794569942369433,
   1.7945737744006574,
   1.7945735539351093,
   1.7945700243186795,
   1.7945699736146221,
   1.7945762636122127,
   1.794576218690994,
   1.7945699442846994,
   1.7945701870352004,
   1.79457884291226,
   1.7945788219170646,
   1.79457017194753
  ]
 },
 "2": {
  "0": [
   1.8466358155422615,
   1.8466311676688616,
   1.846677518009879,
   1.8466775146824765,
   1.8466311623072005,
   1.8466358141842962,
   1.8466397625599544,
   1.8466423307912532,
   1.8466881588800121,
   1.8466881504764077,
   1.8466423126057632,
   1.846639758722203,
   1.8466437135267062,
   1.8466534809539248,
   1.846699138144587,
   1.846699134269528,
   1.8466533892333719,
   1.846643711674607,
   1.8466437116746746,
   1.8466533892334251,
   1.8466991342697954,
   1.8466991381439137,
   1.8466534809535067,
   1.8466437135266738,
   1.8466397587225334,
   1.8466423126057387,
   1.846688150476669,
   1.8466881588801696,
   1.8466423307910227,
   1.8466397625601818,
   1.846635814184325,
   1.8466311623072267,
   1.846677514682044,
   1.8466775180100985,
   1.846631167668752,
   1.8466358155419909
  ],
  "1": [
   1.8476165229198693,
   1.8476886034339952,
   1.8477542519070638,
   1.847754250388707,
   1.8476886048994174,
   1.8476165221028942,
   1.8476109695207188,
   1.8476834736081633,
   1.8477506925203708,
   1.8477506978020666,
   1.8476834857510884,
   1.8476109616677423,
   1.847605313979795,
   1.847678276077751,
   1.8477466519615728,
   1.8477466539041862,
   1.847678376720969,
   1.8476053131096828,
   1.8476053131092818,
   1.8476783767208595,
   1.8477466539041902,
   1.8477466519615988,
   1.8476782760783395,
   1.847605313979869,
   1.8476109616674972,
   1.8476834857509676,
   1.8477506978021216,
   1.8477506925201093,
   1.8476834736082082,
   1.8476109695205825,
   1.847616522102175,
   1.8476886048993788,
   1.8477542503894717,
   1.847754251907112,
   1.8476886034337454,
   1.8476165229199593
  ]
 },
 "Z_a": [
  6,
  6,
  6,
  6,
  6,
  6,
  6,
  6,
  6,
  6,
  6,
  6,
  15,
  15,
  15,
  15,
  5,
  5,
  5,
  5,
  6,
  6,
  6,
  6,
  1,
  1,
  1,
  1
 ],
 "spos_ac": [
  [
   0.8725128062271633,
   0.5788645782361553,
   0.7586151613801033
  ],
  [
   0.6989122595554291,
   0.49256570608147227,
   0.25861128824110036
  ],
  [
   0.1989276738411305,
   0.0788410079528084,
   0.3128048493613723
  ],
  [
   0.3725033193337612,
   0.9925875502319049,
   0.8128078762166158
  ],
  [
   0.19892315481892786,
   0.4925571973920667,
   0.3128095295014451
  ],
  [
   0.3725074913454074,
   0.5788707762015073,
   0.8128138723644123
  ],
  [
   0.8725083672045058,
   0.9925945643649999,
   0.7586200136795407
  ],
  [
   0.6989163708218085,
   0.0788329025331262,
   0.258617445035979
  ],
  [
   0.5869574404745392,
   0.785733213864936,
   0.8141947923225966
  ],
  [
   0.9844738548770624,
   0.28569479089678523,
   0.3141670627049546
  ],
  [
   0.48446621187346156,
   0.2856953447836929,
   0.25722661237410804
  ],
  [
   0.08695932277789989,
   0.7857337905169917,
   0.7550802535403024
  ],
  [
   0.7572873889231736,
   0.7857037867987287,
   0.0655779736977574
  ],
  [
   0.8141437830365986,
   0.2857251698928161,
   0.5655656404057552
  ],
  [
   0.31413797887295575,
   0.28572480994138116,
   0.005842576354452304
  ],
  [
   0.2572882060344878,
   0.7857033852619727,
   0.505862054265574
  ],
  [
   0.945917374111562,
   0.7857327710064538,
   0.623668130617417
  ],
  [
   0.625510019452445,
   0.28569609289739906,
   0.12366181764942931
  ],
  [
   0.1255137031658538,
   0.2856958939300236,
   0.44776170401137905
  ],
  [
   0.44591512356601026,
   0.7857323774291809,
   0.9477693797909105
  ],
  [
   0.9457825044015014,
   0.7857296659261728,
   0.2926395243483615
  ],
  [
   0.6256478260488969,
   0.285699229366726,
   0.7926348311164438
  ],
  [
   0.12565145318032864,
   0.2856989861185145,
   0.7787901610753399
  ],
  [
   0.4457734873395187,
   0.7857292616016965,
   0.2787953687655959
  ],
  [
   0.535706429654041,
   0.5357133582413821,
   0.5357232333547415
  ],
  [
   0.035725009034503756,
   0.535716295501715,
   0.03572275492730475
  ],
  [
   0.5357063424692164,
   0.035715179656577514,
   0.53572324432194
  ],
  [
   0.03572509537821409,
   0.03571231375223229,
   0.03572277273107491
  ]
 ]
}