{
 "0": {
  "0": [
   0.4270372136512449,
   0.45299598593259666,
   0.4530254739230407,
   0.4270738737066937,
   0.43212500908059126,
   0.456336235368525,
   0.45639637983012693,
   0.43219744983859815,
   0.43437091787682164,
   0.4567198554747842,
   0.4567500243549684,
   0.4344074090267303,
   0.43440740902679426,
   0.4567500243550196,
   0.45671985547480165,
   0.4343709178767676,
   0.43219744983863617,
   0.4563963798301666,
   0.4563362353684459,
   0.4321250090804078,
   0.42707387370677136,
   0.4530254739230201,
   0.45299598593255297,
   0.42703721365115027
  ],
  "1": [
   -3.117087623827458,
   -3.1432633247262847,
   -3.143285603751308,
   -3.1170969976107186,
   -3.122149554642728,
   -3.14657510309627,
   -3.1466262652070007,
   -3.1221639312717797,
   -3.1242711819636395,
   -3.1468646680083547,
   -3.146894473677569,
   -3.1242754426498864,
   -3.124275442649883,
   -3.1468944736774973,
   -3.1468646680083694,
   -3.1242711819635782,
   -3.12216393127186,
   -3.1466262652070274,
   -3.1465751030963847,
   -3.122149554642715,
   -3.1170969976105822,
   -3.1432856037512313,
   -3.143263324726315,
   -3.1170876238274556
  ]
 },
 "1": {
  "0": [
   1.842132694592316,
   1.8419502621813542,
   1.8419560839499542,
   1.8421330738093256,
   1.8421344600288982,
   1.8419501258861515,
   1.8419620784189916,
   1.8421350413774529,
   1.8421358703997606,
   1.8419562723719116,
   1.841962105109383,
   1.842136289872463,
   1.8421362898723672,
   1.8419621051091954,
   1.8419562723719243,
   1.8421358703994453,
   1.8421350413777,
   1.8419620784191166,
   1.8419501258863051,
   1.842134460028716,
   1.8421330738096109,
   1.8419560839502338,
   1.841950262181561,
   1.842132694592361
  ],
  "1": [
   1.8368459151709113,
   1.8362406100445332,
   1.8362383805649798,
   1.8368393717091671,
   1.836851096089042,
   1.8362663531954426,
   1.836262371445584,
   1.836838362804875,
   1.8368502482317275,
   1.8362905509849965,
   1.836288922040801,
   1.8368441184742157,
   1.8368441184740416,
   1.836288922040939,
   1.8362905509849847,
   1.836850248231703,
   1.836838362804802,
   1.8362623714456243,
   1.8362663531956966,
   1.8368510960888753,
   1.8368393717092735,
   1.8362383805651357,
   1.8362406100445439,
   1.8368459151709853
  ]
 },
 "2": {
  "0": [
   1.7950165153903364,
   1.795028148547942,
   1.7950695721700678,
   1.7950726727008497,
   1.7950350530925065,
   1.7950199342545126,
   1.7950224197294349,
   1.7950279082961889,
   1.7950661582150573,
   1.7950726803663988,
   1.7950415670822755,
   1.7950294871785422,
   1.7950321726318617,
   1.7950345163184953,
   1.7950664972173738,
   1.7950698028297425,
   1.7950412639610134,
   1.7950358099486885,
   1.7950358099483938,
   1.7950412639616147,
   1.7950698028299916,
   1.7950664972175188,
   1.7950345163185237,
   1.795032172631696,
   1.7950294871784716,
   1.795041567081798,
   1.795072680366005,
   1.795066158214793,
   1.7950279082962028,
   1.7950224197294558,
   1.7950199342546374,
   1.7950350530925339,
   1.795072672701218,
   1.795069572169829,
   1.7950281485479067,
   1.7950165153904765
  ],
  "1": [
   1.7981481979821485,
   1.7980241097731589,
   1.797685574415834,
   1.7976752319771507,
   1.7980088875135325,
   1.7981422718491902,
   1.798156740823431,
   1.7980368719857622,
   1.7976849624257956,
   1.7976641772323603,
   1.7980056557578465,
   1.7981445890419818,
   1.798159274032203,
   1.7980349809420386,
   1.7976739517079967,
   1.7976633484700282,
   1.7980190920698367,
   1.7981532550959676,
   1.7981532550957944,
   1.7980190920695354,
   1.7976633484703142,
   1.797673951707928,
   1.7980349809420857,
   1.7981592740319199,
   1.798144589041993,
   1.7980056557574553,
   1.7976641772327575,
   1.7976849624260742,
   1.7980368719858166,
   1.7981567408237895,
   1.7981422718491553,
   1.7980088875135898,
   1.797675231977251,
   1.7976855744156748,
   1.7980241097735046,
   1.7981481979823297
  ]
 },
 "Z_a": [
  6,
  6,
  6,
  6,
  6,
  6,
  6,
  6,
  6,
  6,
  6,
  6,
  15,
  15,
  15,
  15,
  5,
  5,
  5,
  5,
  6,
  6,
  6,
  6,
  1,
  1,
  1,
  1
 ],
 "spos_ac": [
  [
   0.8725128062271633,
   0.5788645782361553,
   0.7586151613801033
  ],
  [
   0.6989122595554291,
   0.49256570608147227,
   0.25861128824110036
  ],
  [
   0.1989276738411305,
   0.0788410079528084,
   0.3128048493613723
  ],
  [
   0.3725033193337612,
   0.9925875502319049,
   0.8128078762166158
  ],
  [
   0.19892315481892786,
   0.4925571973920667,
   0.3128095295014451
  ],
  [
   0.37250749670632505,
   0.5771832564905858,
   0.8128138728529071
  ],
  [
   0.8725083672045058,
   0.9925945643649999,
   0.7586200136795407
  ],
  [
   0.6989163708218085,
   0.0788329025331262,
   0.258617445035979
  ],
  [
   0.5869574404745392,
   0.785733213864936,
   0.8141947923225966
  ],
  [
   0.9844738548770624,
   0.28569479089678523,
   0.3141670627049546
  ],
  [
   0.48446621187346156,
   0.2856953447836929,
   0.25722661237410804
  ],
  [
   0.08695932495749685,
   0.7857337901375745,
   0.7572503293842963
  ],
  [
   0.7572873889231736,
   0.7857037867987287,
   0.0655779736977574
  ],
  [
   0.8141437830365986,
   0.2857251698928161,
   0.5655656404057552
  ],
  [
   0.31413797887295575,
   0.28572480994138116,
   0.005842576354452304
  ],
  [
   0.2572882060344878,
   0.7857033852619727,
   0.505862054265574
  ],
  [
   0.945917374111562,
   0.7857327710064538,
   0.623668130617417
  ],
  [
   0.625510019452445,
   0.28569609289739906,
   0.12366181764942931
  ],
  [
   0.1255137031658538,
   0.2856958939300236,
   0.44776170401137905
  ],
  [
   0.44591512356601026,
   0.7857323774291809,
   0.9477693797909105
  ],
  [
   0.9457825044015014,
   0.7857296659261728,
   0.2926395243483615
  ],
  [
   0.6256478260488969,
   0.285699229366726,
   0.7926348311164438
  ],
  [
   0.12565145318032864,
   0.2856989861185145,
   0.7787901610753399
  ],
  [
   0.4457734873395187,
   0.7857292616016965,
   0.2787953687655959
  ],
  [
   0.535706429654041,
   0.5357133582413821,
   0.5357232333547415
  ],
  [
   0.035725009034503756,
   0.535716295501715,
   0.03572275492730475
  ],
  [
   0.5357063424692164,
   0.035715179656577514,
   0.53572324432194
  ],
  [
   0.03572509537821409,
   0.03571231375223229,
   0.03572277273107491
  ]
 ]
}