{
 "0": {
  "0": [
   0.42514004014922047,
   0.4511272644136079,
   0.45112723039498015,
   0.4251399993224428,
   0.43021946933067745,
   0.4545230969917618,
   0.4545230237085275,
   0.43021934032580306,
   0.4323847287480997,
   0.454903328542038,
   0.4549033006771217,
   0.43238468426923743,
   0.43238468426927934,
   0.45490330067705675,
   0.4549033285419722,
   0.4323847287480933,
   0.43021934032578546,
   0.45452302370889375,
   0.45452309699173243,
   0.4302194693305796,
   0.42513999932226004,
   0.45112723039494124,
   0.45112726441345785,
   0.425140040149065
  ],
  "1": [
   -3.118812554638119,
   -3.144942343307672,
   -3.1449423409845267,
   -3.1188125466512586,
   -3.123905124854684,
   -3.148351820523954,
   -3.1483518163707487,
   -3.1239050552434664,
   -3.1261020104484603,
   -3.148761488769814,
   -3.148761488512737,
   -3.1261019944949484,
   -3.126101994495097,
   -3.1487614885128807,
   -3.14876148876992,
   -3.1261020104484887,
   -3.1239050552435903,
   -3.1483518163708397,
   -3.148351820524043,
   -3.1239051248546583,
   -3.11881254665123,
   -3.1449423409845716,
   -3.144942343307532,
   -3.118812554638087
  ]
 },
 "1": {
  "0": [
   1.7958208945450884,
   1.7958121772614275,
   1.7958121562319398,
   1.7958208802160174,
   1.7958211326347109,
   1.7958147772519548,
   1.795814729080627,
   1.7958211056762827,
   1.7958210715988787,
   1.79581744029291,
   1.795817220625364,
   1.7958211495313747,
   1.795821149531716,
   1.7958172206252137,
   1.7958174402928548,
   1.7958210715989311,
   1.7958211056760809,
   1.7958147290804771,
   1.7958147772519295,
   1.7958211326346405,
   1.7958208802154485,
   1.7958121562320526,
   1.795812177261466,
   1.7958208945450198
  ],
  "1": [
   1.7945699334996195,
   1.7945785754371577,
   1.7945785978823534,
   1.7945699468936682,
   1.7945696904549884,
   1.794575954849434,
   1.7945760056833686,
   1.7945697185625178,
   1.7945697498169197,
   1.7945732847311124,
   1.7945735061659187,
   1.7945696633107855,
   1.794569663310929,
   1.79457350616598,
   1.7945732847312243,
   1.7945697498167104,
   1.7945697185625284,
   1.7945760056831728,
   1.7945759548495053,
   1.7945696904549602,
   1.7945699468936778,
   1.794578597882453,
   1.7945785754369112,
   1.794569933499564
  ]
 },
 "2": {
  "0": [
   1.8528009149367595,
   1.8524220534838913,
   1.85198749429587,
   1.8519874902205877,
   1.8524220508090599,
   1.8528009140036916,
   1.8527981182309543,
   1.8524187754967656,
   1.851993243565506,
   1.8519932388234353,
   1.8524187925537754,
   1.852798118944472,
   1.8527957524425815,
   1.8524151223940992,
   1.8519993152146481,
   1.851999313069372,
   1.8524150377707798,
   1.8527957515026425,
   1.8527957515025943,
   1.8524150377705726,
   1.8519993130695456,
   1.8519993152148142,
   1.8524151223944583,
   1.8527957524429286,
   1.8527981189443037,
   1.8524187925539615,
   1.8519932388236433,
   1.8519932435654982,
   1.8524187754965236,
   1.852798118230764,
   1.8528009140033983,
   1.8524220508091198,
   1.851987490220443,
   1.8519874942960854,
   1.8524220534836107,
   1.8528009149369171
  ],
  "1": [
   1.8548758584351517,
   1.8549107287561715,
   1.854906004881562,
   1.8549060058912066,
   1.8549107231205262,
   1.8548758546062012,
   1.8548768791768544,
   1.8549224660609942,
   1.854928402647251,
   1.8549283995160712,
   1.8549224656775338,
   1.8548768692911701,
   1.854878252088156,
   1.8549343737211619,
   1.8549513785191964,
   1.8549513764706633,
   1.8549344863604251,
   1.8548782487798905,
   1.8548782487797322,
   1.854934486360186,
   1.8549513764707368,
   1.8549513785191762,
   1.8549343737212713,
   1.8548782520880214,
   1.854876869291019,
   1.854922465677353,
   1.8549283995162393,
   1.8549284026476633,
   1.8549224660613217,
   1.8548768791768924,
   1.8548758546055821,
   1.8549107231206527,
   1.854906005891032,
   1.8549060048815447,
   1.854910728756202,
   1.8548758584361869
  ]
 },
 "Z_a": [
  6,
  6,
  6,
  6,
  6,
  6,
  6,
  6,
  6,
  6,
  6,
  6,
  15,
  15,
  15,
  15,
  5,
  5,
  5,
  5,
  6,
  6,
  6,
  6,
  1,
  1,
  1,
  1
 ],
 "spos_ac": [
  [
   0.8725128062271633,
   0.5788645782361553,
   0.7586151613801033
  ],
  [
   0.6989122595554291,
   0.49256570608147227,
   0.25861128824110036
  ],
  [
   0.1989276738411305,
   0.0788410079528084,
   0.3128048493613723
  ],
  [
   0.3725033193337612,
   0.9925875502319049,
   0.8128078762166158
  ],
  [
   0.19892315481892786,
   0.4925571973920667,
   0.3128095295014451
  ],
  [
   0.3725074913454074,
   0.5788707762015073,
   0.8128138723644123
  ],
  [
   0.8725083672045058,
   0.9925945643649999,
   0.7586200136795407
  ],
  [
   0.6989163708218085,
   0.0788329025331262,
   0.258617445035979
  ],
  [
   0.5869574404745392,
   0.785733213864936,
   0.8141947923225966
  ],
  [
   0.9844738548770624,
   0.28569479089678523,
   0.3141670627049546
  ],
  [
   0.48446621187346156,
   0.2856953447836929,
   0.25722661237410804
  ],
  [
   0.08695932495749685,
   0.7857337901375745,
   0.7572503293842963
  ],
  [
   0.7572873889231736,
   0.7857037867987287,
   0.0655779736977574
  ],
  [
   0.8141437830365986,
   0.2857251698928161,
   0.5655656404057552
  ],
  [
   0.31413797887295575,
   0.28572480994138116,
   0.005842576354452304
  ],
  [
   0.2572882060344878,
   0.7857033852619727,
   0.505862054265574
  ],
  [
   0.945917374111562,
   0.7857327710064538,
   0.623668130617417
  ],
  [
   0.625510019452445,
   0.28569609289739906,
   0.12366181764942931
  ],
  [
   0.1255137031658538,
   0.2856958939300236,
   0.44776170401137905
  ],
  [
   0.44591512356601026,
   0.7857323774291809,
   0.9477693797909105
  ],
  [
   0.9457825044015014,
   0.7857296659261728,
   0.2926395243483615
  ],
  [
   0.6256478260488969,
   0.285699229366726,
   0.7926348311164438
  ],
  [
   0.12565145318032864,
   0.2856989861185145,
   0.7787901610753399
  ],
  [
   0.4457734851599217,
   0.7857292619811136,
   0.27662529292160204
  ],
  [
   0.535706429654041,
   0.5357133582413821,
   0.5357232333547415
  ],
  [
   0.035725009034503756,
   0.535716295501715,
   0.03572275492730475
  ],
  [
   0.5357063424692164,
   0.035715179656577514,
   0.53572324432194
  ],
  [
   0.03572509537821409,
   0.03571231375223229,
   0.03572277273107491
  ]
 ]
}