{
 "0": {
  "0": [
   0.4802479470401051,
   0.5060372936327503,
   0.5060372671021622,
   0.48024791868573086,
   0.4854379356649862,
   0.5096631750105703,
   0.5096631289744343,
   0.48543783249631245,
   0.4877450154628492,
   0.5103097119678355,
   0.5103096937608492,
   0.4877449877881701,
   0.48774498778825276,
   0.5103096937609528,
   0.5103097119678511,
   0.4877450154628427,
   0.48543783249624395,
   0.5096631289744034,
   0.5096631750106777,
   0.48543793566488125,
   0.4802479186857371,
   0.506037267102225,
   0.5060372936326776,
   0.48024794704012347
  ],
  "1": [
   -3.0951545715804647,
   -3.1213553861353978,
   -3.121355382111328,
   -3.0951545613834632,
   -3.1003787962634086,
   -3.1246001377613664,
   -3.124600137542139,
   -3.100378746211457,
   -3.1026959261656257,
   -3.124845324932243,
   -3.1248453377953638,
   -3.1026959237274876,
   -3.1026959237274365,
   -3.1248453377954295,
   -3.124845324932168,
   -3.102695926165455,
   -3.1003787462115846,
   -3.124600137542335,
   -3.124600137761519,
   -3.1003787962634566,
   -3.09515456138344,
   -3.1213553821112714,
   -3.1213553861353085,
   -3.0951545715805433
  ]
 },
 "1": {
  "0": [
   1.7958203574849732,
   1.7958116861773616,
   1.795811662865203,
   1.7958203313706085,
   1.7958205887389145,
   1.7958142918233775,
   1.7958142500529939,
   1.795820555402208,
   1.7958205230850257,
   1.7958169611925852,
   1.7958167449550337,
   1.7958205983764808,
   1.7958205983765347,
   1.7958167449551437,
   1.7958169611924748,
   1.7958205230850135,
   1.7958205554023128,
   1.7958142500530248,
   1.7958142918236204,
   1.7958205887391718,
   1.795820331370859,
   1.7958116628652392,
   1.7958116861775586,
   1.7958203574849327
  ],
  "1": [
   1.7945700828092468,
   1.7945787662035322,
   1.7945787991000002,
   1.7945701060156838,
   1.7945698346794619,
   1.7945761367730355,
   1.7945762044112827,
   1.7945698752742123,
   1.7945698899222045,
   1.7945734532040047,
   1.7945736857978691,
   1.7945698196241389,
   1.7945698196243203,
   1.7945736857977712,
   1.7945734532038702,
   1.7945698899221882,
   1.7945698752740378,
   1.7945762044110525,
   1.794576136773369,
   1.7945698346793801,
   1.794570106015667,
   1.7945787991002136,
   1.7945787662034542,
   1.7945700828091917
  ]
 },
 "2": {
  "0": [
   1.7949737172183406,
   1.7947241859263496,
   1.794380526796528,
   1.7943805205645986,
   1.7947241871798134,
   1.7949737187842876,
   1.794982522957472,
   1.7947298153984725,
   1.7943781767162497,
   1.794378176088748,
   1.794729830101351,
   1.7949825261288015,
   1.7949916322310606,
   1.7947358298942322,
   1.7943762896821613,
   1.7943762895675943,
   1.794735731086988,
   1.7949916337284217,
   1.79499163372834,
   1.7947357310870433,
   1.7943762895674986,
   1.7943762896824313,
   1.7947358298943163,
   1.7949916322311068,
   1.7949825261292052,
   1.794729830101562,
   1.794378176088557,
   1.7943781767160747,
   1.7947298153986893,
   1.7949825229576273,
   1.794973718784096,
   1.7947241871793715,
   1.7943805205643826,
   1.794380526796351,
   1.7947241859259249,
   1.7949737172188442
  ],
  "1": [
   1.7975070477876602,
   1.7977833958221272,
   1.7980618162227826,
   1.7980618160900015,
   1.7977833936644558,
   1.7975070456854583,
   1.7975172012333442,
   1.7977824953644488,
   1.798064308048119,
   1.7980643076401839,
   1.79778248236987,
   1.7975172005197255,
   1.7975274078088617,
   1.7977818964386405,
   1.7980672386097627,
   1.7980672379586642,
   1.7977820034438676,
   1.7975274058333437,
   1.797527405833161,
   1.797782003444351,
   1.7980672379588576,
   1.7980672386097376,
   1.7977818964388412,
   1.7975274078092796,
   1.7975172005197984,
   1.7977824823697066,
   1.7980643076399694,
   1.7980643080481031,
   1.7977824953647121,
   1.7975172012333087,
   1.79750704568546,
   1.7977833936643026,
   1.7980618160898376,
   1.798061816222841,
   1.797783395822366,
   1.7975070477877344
  ]
 },
 "Z_a": [
  6,
  6,
  6,
  6,
  6,
  6,
  6,
  6,
  6,
  6,
  6,
  6,
  15,
  15,
  15,
  15,
  5,
  5,
  5,
  5,
  6,
  6,
  6,
  6,
  1,
  1,
  1,
  1
 ],
 "spos_ac": [
  [
   0.8725128062271633,
   0.5788645782361553,
   0.7586151613801033
  ],
  [
   0.6989122595554291,
   0.49256570608147227,
   0.25861128824110036
  ],
  [
   0.1989276738411305,
   0.0788410079528084,
   0.3128048493613723
  ],
  [
   0.3725033193337612,
   0.9925875502319049,
   0.8128078762166158
  ],
  [
   0.19892315481892786,
   0.4925571973920667,
   0.3128095295014451
  ],
  [
   0.3725074913454074,
   0.5788707762015073,
   0.8128138723644123
  ],
  [
   0.8725083672045058,
   0.9925945643649999,
   0.7586200136795407
  ],
  [
   0.6989163708218085,
   0.0788329025331262,
   0.258617445035979
  ],
  [
   0.5869574404745392,
   0.785733213864936,
   0.8141947923225966
  ],
  [
   0.9844738548770624,
   0.28569479089678523,
   0.3141670627049546
  ],
  [
   0.48446621187346156,
   0.2856953447836929,
   0.25722661237410804
  ],
  [
   0.08695932495749685,
   0.7857337901375745,
   0.7572503293842963
  ],
  [
   0.756291481726825,
   0.7857037959363946,
   0.0655779689921034
  ],
  [
   0.8141437830365986,
   0.2857251698928161,
   0.5655656404057552
  ],
  [
   0.31413797887295575,
   0.28572480994138116,
   0.005842576354452304
  ],
  [
   0.2572882060344878,
   0.7857033852619727,
   0.505862054265574
  ],
  [
   0.945917374111562,
   0.7857327710064538,
   0.623668130617417
  ],
  [
   0.625510019452445,
   0.28569609289739906,
   0.12366181764942931
  ],
  [
   0.1255137031658538,
   0.2856958939300236,
   0.44776170401137905
  ],
  [
   0.44591512356601026,
   0.7857323774291809,
   0.9477693797909105
  ],
  [
   0.9457825044015014,
   0.7857296659261728,
   0.2926395243483615
  ],
  [
   0.6256478260488969,
   0.285699229366726,
   0.7926348311164438
  ],
  [
   0.12565145318032864,
   0.2856989861185145,
   0.7787901610753399
  ],
  [
   0.4457734873395187,
   0.7857292616016965,
   0.2787953687655959
  ],
  [
   0.535706429654041,
   0.5357133582413821,
   0.5357232333547415
  ],
  [
   0.035725009034503756,
   0.535716295501715,
   0.03572275492730475
  ],
  [
   0.5357063424692164,
   0.035715179656577514,
   0.53572324432194
  ],
  [
   0.03572509537821409,
   0.03571231375223229,
   0.03572277273107491
  ]
 ]
}