{
 "0": {
  "0": [
   0.4253224649948659,
   0.45143555263733676,
   0.4514346362279623,
   0.4253253111044673,
   0.43042162417322527,
   0.4548502201436721,
   0.454848958003048,
   0.43042729148786624,
   0.43261603802232074,
   0.4552620144124383,
   0.45526200971440456,
   0.43261903955865244,
   0.43261903955868547,
   0.45526200971433955,
   0.4552620144124588,
   0.4326160380223352,
   0.4304272914878534,
   0.4548489580031232,
   0.4548502201436735,
   0.4304216241732698,
   0.42532531110442606,
   0.4514346362279231,
   0.4514355526373012,
   0.42532246499505794
  ],
  "1": [
   -3.1176139429715013,
   -3.1437441246477027,
   -3.1437449239724518,
   -3.117610950685172,
   -3.1226991186729487,
   -3.147144341748146,
   -3.1471453793395034,
   -3.12269305413381,
   -3.124881371121971,
   -3.147549508597084,
   -3.147549417993661,
   -3.1248782199862677,
   -3.1248782199861442,
   -3.1475494179936048,
   -3.147549508597161,
   -3.1248813711220618,
   -3.1226930541337734,
   -3.147145379339436,
   -3.1471443417480995,
   -3.1226991186728563,
   -3.1176109506850826,
   -3.1437449239724717,
   -3.14374412464774,
   -3.1176139429713636
  ]
 },
 "1": {
  "0": [
   1.7963434562559326,
   1.7962912385980971,
   1.7962896395811008,
   1.7963432095718277,
   1.7963433128767559,
   1.7962942965913564,
   1.796291086684159,
   1.796342823698759,
   1.796342658154233,
   1.7962958840661385,
   1.796294054966468,
   1.796342521753333,
   1.7963425217534426,
   1.7962940549665807,
   1.7962958840662644,
   1.7963426581542474,
   1.796342823698736,
   1.796291086684122,
   1.7962942965914641,
   1.7963433128768609,
   1.796343209571709,
   1.796289639580949,
   1.7962912385981582,
   1.7963434562560119
  ],
  "1": [
   1.7950940015028176,
   1.7950579030512246,
   1.7950563917750575,
   1.7950938254995792,
   1.7950933380777374,
   1.7950556881263315,
   1.7950526534267985,
   1.7950929901988721,
   1.795092809731919,
   1.7950519225778396,
   1.7950505674446375,
   1.7950925562534188,
   1.7950925562534585,
   1.7950505674444246,
   1.7950519225778783,
   1.7950928097322219,
   1.795092990198809,
   1.7950526534265965,
   1.7950556881263153,
   1.7950933380778655,
   1.7950938254999624,
   1.7950563917749665,
   1.7950579030512022,
   1.795094001503385
  ]
 },
 "2": {
  "0": [
   1.7978855631258122,
   1.797878576262784,
   1.7978848210111307,
   1.7978849426559305,
   1.7978784400218277,
   1.7978854398393682,
   1.7978858759881675,
   1.7978795852084406,
   1.7978860662516207,
   1.7978861179893704,
   1.797879255069127,
   1.7978854111794786,
   1.7978858017331558,
   1.7978805083417915,
   1.7978872856433028,
   1.79788729682925,
   1.7978802130974518,
   1.7978856793442866,
   1.797885679345393,
   1.7978802130983316,
   1.7978872968290385,
   1.797887285642524,
   1.7978805083414762,
   1.7978858017323092,
   1.7978854111791578,
   1.7978792550682638,
   1.79788611798847,
   1.7978860662531426,
   1.797879585209603,
   1.7978858759882634,
   1.7978854398393134,
   1.7978784400215264,
   1.7978849426563965,
   1.797884821011644,
   1.7978785762642127,
   1.7978855631270698
  ],
  "1": [
   1.7988771503041943,
   1.7988718236142862,
   1.7988796253405923,
   1.798879755140789,
   1.7988717206525344,
   1.798877049159523,
   1.7988778573690556,
   1.798873368953076,
   1.7988812684938584,
   1.7988813366768417,
   1.7988731052533686,
   1.798877438504567,
   1.7988781849286772,
   1.7988748753536192,
   1.7988829085229054,
   1.7988829259160553,
   1.7988748305617475,
   1.7988780856402637,
   1.7988780856412148,
   1.798874830562753,
   1.7988829259157468,
   1.7988829085221318,
   1.79887487535257,
   1.798878184927168,
   1.7988774385040063,
   1.7988731052523905,
   1.7988813366761516,
   1.798881268495145,
   1.7988733689540646,
   1.7988778573691773,
   1.7988770491593797,
   1.7988717206522369,
   1.7988797551406632,
   1.7988796253409427,
   1.7988718236157464,
   1.7988771503055703
  ]
 },
 "Z_a": [
  6,
  6,
  6,
  6,
  6,
  6,
  6,
  6,
  6,
  6,
  6,
  6,
  15,
  15,
  15,
  15,
  5,
  5,
  5,
  5,
  6,
  6,
  6,
  6,
  1,
  1,
  1,
  1
 ],
 "spos_ac": [
  [
   0.8725128062271633,
   0.5788645782361553,
   0.7586151613801033
  ],
  [
   0.6989122595554291,
   0.49256570608147227,
   0.25861128824110036
  ],
  [
   0.1989276738411305,
   0.0788410079528084,
   0.3128048493613723
  ],
  [
   0.3725033193337612,
   0.9925875502319049,
   0.8128078762166158
  ],
  [
   0.19892315481892786,
   0.4925571973920667,
   0.3128095295014451
  ],
  [
   0.3725074913454074,
   0.5788707762015073,
   0.8128138723644123
  ],
  [
   0.8725083672045058,
   0.9925945643649999,
   0.7586200136795407
  ],
  [
   0.6989163708218085,
   0.0788329025331262,
   0.258617445035979
  ],
  [
   0.5869574404745392,
   0.785733213864936,
   0.8141947923225966
  ],
  [
   0.9844738548770624,
   0.28569479089678523,
   0.3141670627049546
  ],
  [
   0.48446621187346156,
   0.2856953447836929,
   0.25722661237410804
  ],
  [
   0.08695932495749685,
   0.7857337901375745,
   0.7572503293842963
  ],
  [
   0.7572873889231736,
   0.7857037867987287,
   0.0655779736977574
  ],
  [
   0.8141437830365986,
   0.2857251698928161,
   0.5655656404057552
  ],
  [
   0.31413797887295575,
   0.28572480994138116,
   0.005842576354452304
  ],
  [
   0.2572882060344878,
   0.7857033852619727,
   0.505862054265574
  ],
  [
   0.945917374111562,
   0.7857327710064538,
   0.623668130617417
  ],
  [
   0.625510019452445,
   0.28569609289739906,
   0.12366181764942931
  ],
  [
   0.1255137031658538,
   0.2856958939300236,
   0.44776170401137905
  ],
  [
   0.44591512356601026,
   0.7857323774291809,
   0.9477693797909105
  ],
  [
   0.9457825044015014,
   0.7857296659261728,
   0.2926395243483615
  ],
  [
   0.6256478260488969,
   0.285699229366726,
   0.7926348311164438
  ],
  [
   0.12565145318032864,
   0.2856989861185145,
   0.7787901610753399
  ],
  [
   0.4457734873395187,
   0.7857292616016965,
   0.2787953687655959
  ],
  [
   0.535706429654041,
   0.5357133582413821,
   0.5357232333547415
  ],
  [
   0.035725009034503756,
   0.535716295501715,
   0.03572275492730475
  ],
  [
   0.5357063424692164,
   0.035715179656577514,
   0.53572324432194
  ],
  [
   0.03572509755781105,
   0.035712313372815226,
   0.03789284857506882
  ]
 ]
}