{
 "0": {
  "0": [
   0.4233540239178202,
   0.4496421528575447,
   0.44961271348338183,
   0.4233174879749102,
   0.42844884105899095,
   0.45311360961592284,
   0.4530536910414173,
   0.42837685614424065,
   0.4305786495599297,
   0.45354414032357393,
   0.4535142264999023,
   0.430542601657563,
   0.43054260165761044,
   0.45351422650010625,
   0.4535441403235027,
   0.43057864955983305,
   0.4283768561441741,
   0.45305369104157994,
   0.45311360961594876,
   0.4284488410589644,
   0.4233174879750463,
   0.44961271348329507,
   0.44964215285748166,
   0.4233540239177424
  ],
  "1": [
   -3.118442901383199,
   -3.1445150997481757,
   -3.1444945718865083,
   -3.118434686154666,
   -3.1235617143276664,
   -3.1480109224293713,
   -3.1479634685791695,
   -3.1235492604674153,
   -3.125811426978271,
   -3.148529694453737,
   -3.148501849832481,
   -3.125807945777573,
   -3.1258079457775425,
   -3.1485018498324058,
   -3.148529694453718,
   -3.1258114269783874,
   -3.1235492604673847,
   -3.1479634685792073,
   -3.1480109224292816,
   -3.1235617143277463,
   -3.1184346861547505,
   -3.144494571886525,
   -3.1445150997481592,
   -3.1184429013832102
  ]
 },
 "1": {
  "0": [
   1.8420430408202868,
   1.8418781054503481,
   1.841872616900711,
   1.842042805680891,
   1.84204483351377,
   1.841883518551993,
   1.8418722416896636,
   1.8420445175452183,
   1.8420459134131153,
   1.8418834972578986,
   1.841877614550729,
   1.8420458365648273,
   1.8420458365649088,
   1.8418776145509057,
   1.8418834972576799,
   1.8420459134129268,
   1.8420445175449325,
   1.8418722416895366,
   1.841883518551979,
   1.8420448335139352,
   1.842042805680742,
   1.8418726169008943,
   1.8418781054503093,
   1.8420430408203288
  ],
  "1": [
   1.8369192634098948,
   1.836336104990295,
   1.8363380581382533,
   1.8369253245168378,
   1.8369187822158926,
   1.8363597412724206,
   1.836363167559205,
   1.8369306039020985,
   1.8369247313532553,
   1.8363853939593948,
   1.8363871729956431,
   1.8369302293373522,
   1.8369302293373664,
   1.8363871729955976,
   1.8363853939592807,
   1.8369247313533963,
   1.836930603902177,
   1.8363631675593042,
   1.8363597412724593,
   1.8369187822157214,
   1.836925324516959,
   1.8363380581381796,
   1.8363361049902212,
   1.8369192634099876
  ]
 },
 "2": {
  "0": [
   1.7950771281334614,
   1.7950918155913684,
   1.7951300354422552,
   1.7951269437830943,
   1.7950849658444727,
   1.7950737356892976,
   1.7950868939930997,
   1.7950986430330536,
   1.7951303189790262,
   1.795123757480278,
   1.7950849889445728,
   1.795079891945809,
   1.7950935351133337,
   1.7950987222338342,
   1.7951276827685654,
   1.7951243537226684,
   1.7950918012849295,
   1.795089902846544,
   1.7950899028461005,
   1.7950918012854005,
   1.795124353722513,
   1.7951276827680733,
   1.7950987222341204,
   1.7950935351131958,
   1.7950798919455793,
   1.79508498894446,
   1.7951237574802974,
   1.7951303189788115,
   1.7950986430325604,
   1.7950868939933324,
   1.7950737356896733,
   1.795084965845153,
   1.7951269437827182,
   1.7951300354421809,
   1.7950918155914872,
   1.795077128132604
  ],
  "1": [
   1.7980444299141194,
   1.7979199605681353,
   1.7976085642428465,
   1.7976184313997736,
   1.7979344984551082,
   1.7980500917051263,
   1.7980465266612702,
   1.797916507493568,
   1.7975976332758672,
   1.7976174186501257,
   1.7979463091474808,
   1.7980581301862573,
   1.7980546929443233,
   1.7979288925858792,
   1.797596391839839,
   1.797606482319004,
   1.797944291611137,
   1.798060455187764,
   1.798060455187774,
   1.7979442916107844,
   1.7976064823189022,
   1.7975963918402402,
   1.7979288925860453,
   1.7980546929441972,
   1.798058130186322,
   1.797946309147346,
   1.797617418649721,
   1.7975976332756978,
   1.7979165074933223,
   1.7980465266614494,
   1.7980500917052393,
   1.7979344984549754,
   1.7976184313996306,
   1.7976085642431563,
   1.7979199605679317,
   1.7980444299138083
  ]
 },
 "Z_a": [
  6,
  6,
  6,
  6,
  6,
  6,
  6,
  6,
  6,
  6,
  6,
  6,
  15,
  15,
  15,
  15,
  5,
  5,
  5,
  5,
  6,
  6,
  6,
  6,
  1,
  1,
  1,
  1
 ],
 "spos_ac": [
  [
   0.8725128062271633,
   0.5788645782361553,
   0.7586151613801033
  ],
  [
   0.6989122595554291,
   0.49256570608147227,
   0.25861128824110036
  ],
  [
   0.1989276738411305,
   0.0788410079528084,
   0.3128048493613723
  ],
  [
   0.3725033193337612,
   0.9925875502319049,
   0.8128078762166158
  ],
  [
   0.19892315481892786,
   0.4925571973920667,
   0.3128095295014451
  ],
  [
   0.3725074913454074,
   0.5788707762015073,
   0.8128138723644123
  ],
  [
   0.8725083725654234,
   0.9909070446540783,
   0.7586200141680355
  ],
  [
   0.6989163708218085,
   0.0788329025331262,
   0.258617445035979
  ],
  [
   0.5869574404745392,
   0.785733213864936,
   0.8141947923225966
  ],
  [
   0.9844738548770624,
   0.28569479089678523,
   0.3141670627049546
  ],
  [
   0.48446621187346156,
   0.2856953447836929,
   0.25722661237410804
  ],
  [
   0.08695932495749685,
   0.7857337901375745,
   0.7572503293842963
  ],
  [
   0.7572873889231736,
   0.7857037867987287,
   0.0655779736977574
  ],
  [
   0.8141437830365986,
   0.2857251698928161,
   0.5655656404057552
  ],
  [
   0.31413797887295575,
   0.28572480994138116,
   0.005842576354452304
  ],
  [
   0.2572882060344878,
   0.7857033852619727,
   0.505862054265574
  ],
  [
   0.945917374111562,
   0.7857327710064538,
   0.623668130617417
  ],
  [
   0.625510019452445,
   0.28569609289739906,
   0.12366181764942931
  ],
  [
   0.1255137031658538,
   0.2856958939300236,
   0.44776170401137905
  ],
  [
   0.44591512356601026,
   0.7857323774291809,
   0.9477693797909105
  ],
  [
   0.9457825044015014,
   0.7857296659261728,
   0.2926395243483615
  ],
  [
   0.6256478260488969,
   0.285699229366726,
   0.7926348311164438
  ],
  [
   0.12565145318032864,
   0.2856989861185145,
   0.7787901610753399
  ],
  [
   0.4457734873395187,
   0.7857292616016965,
   0.2787953687655959
  ],
  [
   0.535706429654041,
   0.5357133582413821,
   0.5357232333547415
  ],
  [
   0.035725009034503756,
   0.535716295501715,
   0.03572275492730475
  ],
  [
   0.5357063424692164,
   0.035715179656577514,
   0.53572324432194
  ],
  [
   0.03572509537821409,
   0.03571231375223229,
   0.03572277273107491
  ]
 ]
}