{
 "0": {
  "0": [
   0.4249030734854651,
   0.4510854728090788,
   0.45108537674005744,
   0.4249029796641333,
   0.4299479224541648,
   0.4544065532608695,
   0.4544063600320771,
   0.42994767788360067,
   0.4321309512856651,
   0.45473014563730435,
   0.4547300520483718,
   0.43213084893397596,
   0.43213084893392734,
   0.4547300520483244,
   0.4547301456373034,
   0.43213095128566903,
   0.42994767788361943,
   0.45440636003203994,
   0.45440655326091034,
   0.4299479224541474,
   0.4249029796641292,
   0.45108537674008187,
   0.4510854728089833,
   0.4249030734855088
  ],
  "1": [
   -3.1177234660546045,
   -3.1440690688659623,
   -3.1440690572558574,
   -3.117723454033228,
   -3.122742354044231,
   -3.1472184682578868,
   -3.147218452564086,
   -3.1227422869099684,
   -3.1248607110031528,
   -3.1473778422096563,
   -3.147377839730251,
   -3.1248607018011403,
   -3.124860701801217,
   -3.1473778397302663,
   -3.1473778422097336,
   -3.124860711003237,
   -3.1227422869100367,
   -3.147218452563968,
   -3.1472184682578157,
   -3.122742354044401,
   -3.1177234540333156,
   -3.1440690572559338,
   -3.144069068866084,
   -3.117723466054563
  ]
 },
 "1": {
  "0": [
   1.7958213657823476,
   1.79581266378206,
   1.7958126310859344,
   1.7958213385282706,
   1.7958216076692266,
   1.7958152966651444,
   1.795815235282186,
   1.7958215613874835,
   1.7958215362900651,
   1.7958179825975855,
   1.7958177559565642,
   1.7958216066365362,
   1.7958216066364827,
   1.7958177559566262,
   1.7958179825975886,
   1.7958215362902674,
   1.7958215613876842,
   1.795815235282196,
   1.7958152966651921,
   1.7958216076692264,
   1.7958213385282575,
   1.7958126310858948,
   1.7958126637823877,
   1.7958213657821616
  ],
  "1": [
   1.7945696752404603,
   1.7945784697506397,
   1.7945784922027814,
   1.7945696973497718,
   1.7945694589410628,
   1.7945758688400821,
   1.79457590968,
   1.7945694990988508,
   1.7945695459132496,
   1.7945732067922209,
   1.7945734177919535,
   1.7945694711045856,
   1.7945694711046034,
   1.7945734177917723,
   1.7945732067921325,
   1.7945695459131759,
   1.7945694990987473,
   1.7945759096801335,
   1.7945758688401263,
   1.7945694589412626,
   1.7945696973496261,
   1.794578492202651,
   1.7945784697503924,
   1.7945696752404514
  ]
 },
 "2": {
  "0": [
   1.6731292181967499,
   1.6725846718662596,
   1.6720196825937437,
   1.672019684414465,
   1.6725846661236035,
   1.6731292162026914,
   1.6731281273349572,
   1.6725955655289408,
   1.672041909993524,
   1.6720419015111931,
   1.6725955589261905,
   1.6731281212483162,
   1.673127255676114,
   1.6726070708098966,
   1.6720649630996822,
   1.6720649589783767,
   1.6726069551540022,
   1.6731272534382866,
   1.6731272534385824,
   1.6726069551543012,
   1.6720649589785135,
   1.6720649630996116,
   1.6726070708098983,
   1.6731272556758479,
   1.6731281212481828,
   1.6725955589258052,
   1.672041901511406,
   1.672041909993585,
   1.6725955655287759,
   1.6731281273346987,
   1.6731292162028042,
   1.6725846661234436,
   1.6720196844142405,
   1.6720196825937699,
   1.6725846718660526,
   1.6731292181964672
  ],
  "1": [
   1.7447015349296193,
   1.7448339047296813,
   1.7449546190516672,
   1.7449546144723458,
   1.7448338960519294,
   1.7447015296120811,
   1.7447093850791477,
   1.7448382041726669,
   1.7449609577778071,
   1.744960951243314,
   1.7448381911238835,
   1.7447093681587258,
   1.7447171499417673,
   1.7448425424107732,
   1.7449670229807446,
   1.7449670192074984,
   1.7448426342915528,
   1.7447171451395005,
   1.7447171451396992,
   1.7448426342917709,
   1.744967019207718,
   1.7449670229802097,
   1.7448425424110177,
   1.7447171499416092,
   1.74470936815865,
   1.7448381911235185,
   1.744960951243617,
   1.7449609577777585,
   1.7448382041725676,
   1.7447093850793338,
   1.744701529611731,
   1.744833896052221,
   1.7449546144724206,
   1.7449546190518403,
   1.744833904729668,
   1.7447015349295305
  ]
 },
 "Z_a": [
  6,
  6,
  6,
  6,
  6,
  6,
  6,
  6,
  6,
  6,
  6,
  6,
  15,
  15,
  15,
  15,
  5,
  5,
  5,
  5,
  6,
  6,
  6,
  6,
  1,
  1,
  1,
  1
 ],
 "spos_ac": [
  [
   0.8725128062271633,
   0.5788645782361553,
   0.7586151613801033
  ],
  [
   0.6989122595554291,
   0.49256570608147227,
   0.25861128824110036
  ],
  [
   0.1989276738411305,
   0.0788410079528084,
   0.3128048493613723
  ],
  [
   0.3725033193337612,
   0.9925875502319049,
   0.8128078762166158
  ],
  [
   0.19892315481892786,
   0.4925571973920667,
   0.3128095295014451
  ],
  [
   0.3725074913454074,
   0.5788707762015073,
   0.8128138723644123
  ],
  [
   0.8725083672045058,
   0.9925945643649999,
   0.7586200136795407
  ],
  [
   0.6989163708218085,
   0.0788329025331262,
   0.258617445035979
  ],
  [
   0.5869574404745392,
   0.785733213864936,
   0.8141947923225966
  ],
  [
   0.9844738548770624,
   0.28569479089678523,
   0.3141670627049546
  ],
  [
   0.48446621187346156,
   0.2856953447836929,
   0.25722661237410804
  ],
  [
   0.08695932495749685,
   0.7857337901375745,
   0.7572503293842963
  ],
  [
   0.7572873889231736,
   0.7857037867987287,
   0.0655779736977574
  ],
  [
   0.8141437830365986,
   0.2857251698928161,
   0.5655656404057552
  ],
  [
   0.31413797887295575,
   0.28572480994138116,
   0.005842576354452304
  ],
  [
   0.25728820821408477,
   0.7857033848825556,
   0.5080321301095678
  ],
  [
   0.945917374111562,
   0.7857327710064538,
   0.623668130617417
  ],
  [
   0.625510019452445,
   0.28569609289739906,
   0.12366181764942931
  ],
  [
   0.1255137031658538,
   0.2856958939300236,
   0.44776170401137905
  ],
  [
   0.44591512356601026,
   0.7857323774291809,
   0.9477693797909105
  ],
  [
   0.9457825044015014,
   0.7857296659261728,
   0.2926395243483615
  ],
  [
   0.6256478260488969,
   0.285699229366726,
   0.7926348311164438
  ],
  [
   0.12565145318032864,
   0.2856989861185145,
   0.7787901610753399
  ],
  [
   0.4457734873395187,
   0.7857292616016965,
   0.2787953687655959
  ],
  [
   0.535706429654041,
   0.5357133582413821,
   0.5357232333547415
  ],
  [
   0.035725009034503756,
   0.535716295501715,
   0.03572275492730475
  ],
  [
   0.5357063424692164,
   0.035715179656577514,
   0.53572324432194
  ],
  [
   0.03572509537821409,
   0.03571231375223229,
   0.03572277273107491
  ]
 ]
}