{
 "0": {
  "0": [
   0.42518779072570423,
   0.4513036462257473,
   0.45131072877788697,
   0.42518217182497353,
   0.43028607564535243,
   0.4547096478321803,
   0.45472023454417215,
   0.43026883148171857,
   0.43247202572777427,
   0.4551221868439437,
   0.45512525646722585,
   0.43246027467236814,
   0.4324602746724663,
   0.4551252564673851,
   0.4551221868440515,
   0.43247202572782956,
   0.43026883148171313,
   0.45472023454408006,
   0.4547096478320329,
   0.43028607564534443,
   0.4251821718247562,
   0.4513107287778621,
   0.4513036462257909,
   0.4251877907257547
  ],
  "1": [
   -3.1177552714983268,
   -3.1438746056094873,
   -3.1438613112751628,
   -3.11774152633296,
   -3.1228476802610614,
   -3.147282229655194,
   -3.1472676539818867,
   -3.12283146239888,
   -3.12502695781755,
   -3.1476820258557763,
   -3.1476838275357255,
   -3.1250271845709263,
   -3.125027184570716,
   -3.1476838275356918,
   -3.147682025855594,
   -3.1250269578174175,
   -3.1228314623988433,
   -3.1472676539819116,
   -3.1472822296553042,
   -3.1228476802612213,
   -3.1177415263330346,
   -3.1438613112750433,
   -3.143874605609482,
   -3.117755271498251
  ]
 },
 "1": {
  "0": [
   1.833552587097818,
   1.833853165782481,
   1.8338301334116236,
   1.8335431935579454,
   1.8335487630990972,
   1.8338912768999927,
   1.8338452661757338,
   1.833529994428566,
   1.8335353015467515,
   1.833907186509181,
   1.8338840096622697,
   1.8335259953835346,
   1.8335259953835663,
   1.8338840096623354,
   1.8339071865090337,
   1.833535301546727,
   1.8335299944286596,
   1.8338452661753484,
   1.8338912768997784,
   1.83354876309918,
   1.8335431935578093,
   1.8338301334115559,
   1.8338531657826138,
   1.8335525870976013
  ],
  "1": [
   1.8327683976315088,
   1.8332479308622205,
   1.8332435018055522,
   1.832767427663398,
   1.8327616683665815,
   1.833222262311021,
   1.833212795370958,
   1.8327599595703687,
   1.832754715485472,
   1.8331923715442666,
   1.8331875730501082,
   1.8327539107916089,
   1.8327539107916853,
   1.8331875730504554,
   1.8331923715446312,
   1.8327547154853836,
   1.832759959570242,
   1.833212795370955,
   1.833222262310902,
   1.832761668366481,
   1.8327674276634607,
   1.8332435018055924,
   1.8332479308620984,
   1.8327683976316178
  ]
 },
 "2": {
  "0": [
   1.795826435934346,
   1.7958269047580255,
   1.7958254931398931,
   1.7958249707185014,
   1.7958228507021172,
   1.7958236734965423,
   1.7958274771766234,
   1.7958291188742408,
   1.7958263979766398,
   1.7958245001456001,
   1.7958206079171037,
   1.7958219520388365,
   1.7958258216400094,
   1.7958269001222715,
   1.7958260685322878,
   1.7958253107397386,
   1.7958226896220877,
   1.7958229880217205,
   1.7958229880217815,
   1.7958226896219547,
   1.795825310739487,
   1.7958260685323895,
   1.7958269001219669,
   1.7958258216397498,
   1.7958219520386223,
   1.7958206079170875,
   1.7958245001455395,
   1.7958263979765523,
   1.7958291188742517,
   1.7958274771763572,
   1.795823673496284,
   1.795822850701893,
   1.7958249707178626,
   1.7958254931402677,
   1.7958269047580946,
   1.7958264359348421
  ],
  "1": [
   1.7968224982857868,
   1.7968285868000147,
   1.7968319210226915,
   1.7968274787767193,
   1.7968213914763569,
   1.796819882968274,
   1.7968239421805605,
   1.796832552936908,
   1.796834906031294,
   1.7968248602268964,
   1.7968178522886942,
   1.796818354869852,
   1.7968225166363645,
   1.7968290629774815,
   1.7968326226667082,
   1.7968275210700007,
   1.7968219351708765,
   1.79681975473008,
   1.796819754730132,
   1.7968219351704686,
   1.7968275210697842,
   1.796832622666338,
   1.7968290629774601,
   1.796822516636283,
   1.7968183548700423,
   1.7968178522888334,
   1.7968248602265784,
   1.7968349060315933,
   1.7968325529371787,
   1.7968239421805547,
   1.7968198829680315,
   1.7968213914777706,
   1.79682747877679,
   1.7968319210225725,
   1.7968285867995935,
   1.7968224982857621
  ]
 },
 "Z_a": [
  6,
  6,
  6,
  6,
  6,
  6,
  6,
  6,
  6,
  6,
  6,
  6,
  15,
  15,
  15,
  15,
  5,
  5,
  5,
  5,
  6,
  6,
  6,
  6,
  1,
  1,
  1,
  1
 ],
 "spos_ac": [
  [
   0.8725128062271633,
   0.5788645782361553,
   0.7586151613801033
  ],
  [
   0.6989122595554291,
   0.49256570608147227,
   0.25861128824110036
  ],
  [
   0.1989276738411305,
   0.0788410079528084,
   0.3128048493613723
  ],
  [
   0.3725033193337612,
   0.9925875502319049,
   0.8128078762166158
  ],
  [
   0.19892315481892786,
   0.4925571973920667,
   0.3128095295014451
  ],
  [
   0.3725074913454074,
   0.5788707762015073,
   0.8128138723644123
  ],
  [
   0.8725083672045058,
   0.9925945643649999,
   0.7586200136795407
  ],
  [
   0.6989163708218085,
   0.0788329025331262,
   0.258617445035979
  ],
  [
   0.5869574404745392,
   0.785733213864936,
   0.8141947923225966
  ],
  [
   0.9844738548770624,
   0.28569479089678523,
   0.3141670627049546
  ],
  [
   0.48446621187346156,
   0.2856953447836929,
   0.25722661237410804
  ],
  [
   0.08695932495749685,
   0.7857337901375745,
   0.7572503293842963
  ],
  [
   0.7572873889231736,
   0.7857037867987287,
   0.0655779736977574
  ],
  [
   0.8141437830365986,
   0.2857251698928161,
   0.5655656404057552
  ],
  [
   0.31413797887295575,
   0.28572480994138116,
   0.005842576354452304
  ],
  [
   0.2572882060344878,
   0.7857033852619727,
   0.505862054265574
  ],
  [
   0.945917374111562,
   0.7857327710064538,
   0.623668130617417
  ],
  [
   0.625510019452445,
   0.28569609289739906,
   0.12366181764942931
  ],
  [
   0.1255137031658538,
   0.2856958939300236,
   0.44776170401137905
  ],
  [
   0.44591512356601026,
   0.7857323774291809,
   0.9477693797909105
  ],
  [
   0.9457825044015014,
   0.7857296659261728,
   0.2926395243483615
  ],
  [
   0.6256478314098145,
   0.2840117096558044,
   0.7926348316049386
  ],
  [
   0.12565145318032864,
   0.2856989861185145,
   0.7787901610753399
  ],
  [
   0.4457734873395187,
   0.7857292616016965,
   0.2787953687655959
  ],
  [
   0.535706429654041,
   0.5357133582413821,
   0.5357232333547415
  ],
  [
   0.035725009034503756,
   0.535716295501715,
   0.03572275492730475
  ],
  [
   0.5357063424692164,
   0.035715179656577514,
   0.53572324432194
  ],
  [
   0.03572509537821409,
   0.03571231375223229,
   0.03572277273107491
  ]
 ]
}