{
 "0": {
  "0": [
   0.42452881727845204,
   0.45071969160515246,
   0.4506973991096974,
   0.42451942581438473,
   0.42959610836374074,
   0.4540605388547002,
   0.45400935167323947,
   0.4295815851097739,
   0.4317078195503082,
   0.4543288554580467,
   0.454299045142227,
   0.4317035303211329,
   0.43170353032123565,
   0.45429904514222563,
   0.4543288554580895,
   0.43170781955030396,
   0.42958158510974737,
   0.45400935167307654,
   0.45406053885475994,
   0.429596108363709,
   0.42451942581430896,
   0.45069739910958584,
   0.45071969160521963,
   0.42452881727851866
  ],
  "1": [
   -3.1196419109054063,
   -3.1455911699596033,
   -3.145561619837044,
   -3.119605178547515,
   -3.1247652992958,
   -3.1489619669208837,
   -3.148901703121657,
   -3.124692609328035,
   -3.1269749285836026,
   -3.149315489813586,
   -3.1492852734804644,
   -3.126938357708897,
   -3.126938357708977,
   -3.1492852734805044,
   -3.1493154898135405,
   -3.1269749285836324,
   -3.1246926093281377,
   -3.1489017031217412,
   -3.1489619669208397,
   -3.1247652992958628,
   -3.1196051785475265,
   -3.1455616198369984,
   -3.1455911699596304,
   -3.11964191090554
  ]
 },
 "1": {
  "0": [
   1.753552000795089,
   1.7541529995522342,
   1.7541507271299295,
   1.7535454281273877,
   1.753553023842442,
   1.754129024303711,
   1.7541249576993712,
   1.753540232845717,
   1.753547162414943,
   1.7541026392991659,
   1.7541005686535336,
   1.7535411918724364,
   1.7535411918723813,
   1.7541005686536701,
   1.7541026392992056,
   1.7535471624147831,
   1.7535402328457255,
   1.7541249576992732,
   1.754129024304057,
   1.7535530238424188,
   1.7535454281274487,
   1.7541507271297059,
   1.754152999552477,
   1.7535520007951808
  ],
  "1": [
   1.7482588602251616,
   1.748435729252603,
   1.7484415923647623,
   1.74825926894022,
   1.7482568790129311,
   1.7484297129411615,
   1.7484417470334395,
   1.7482575187665048,
   1.748255736024546,
   1.7484295084588946,
   1.7484357737485154,
   1.7482559984730688,
   1.748255998473035,
   1.7484357737483476,
   1.748429508459107,
   1.748255736024642,
   1.7482575187663685,
   1.748441747033495,
   1.7484297129409963,
   1.7482568790128874,
   1.7482592689404048,
   1.7484415923648602,
   1.748435729252727,
   1.7482588602253064
  ]
 },
 "2": {
  "0": [
   1.7971572125090751,
   1.7970313061820533,
   1.7966910817088846,
   1.7966807418115567,
   1.7970160918608966,
   1.7971512916229975,
   1.7971653519474577,
   1.7970435578550357,
   1.796690142268424,
   1.7966693615043732,
   1.7970123584758961,
   1.7971532099689795,
   1.79716750188219,
   1.7970411521366754,
   1.7966787957253731,
   1.796668195605139,
   1.797025061328401,
   1.7971614877478175,
   1.7971614877477953,
   1.7970250613284309,
   1.7966681956052348,
   1.796678795725454,
   1.7970411521365444,
   1.7971675018821516,
   1.7971532099689496,
   1.797012358475976,
   1.796669361504469,
   1.7966901422682269,
   1.7970435578548645,
   1.7971653519472859,
   1.7971512916230623,
   1.7970160918610636,
   1.7966807418117552,
   1.7966910817088544,
   1.7970313061821364,
   1.7971572125090545
  ],
  "1": [
   1.796007193590503,
   1.7960205281427686,
   1.7960635010468957,
   1.796066601333013,
   1.7960274286551061,
   1.7960106081249863,
   1.7960134940585184,
   1.7960207898805456,
   1.796060411423554,
   1.79606693373413,
   1.7960344388235525,
   1.7960205538036358,
   1.7960236248478805,
   1.796027907132681,
   1.7960610853648458,
   1.796064390331326,
   1.7960349090860728,
   1.7960272580366885,
   1.7960272580364358,
   1.7960349090859438,
   1.796064390331283,
   1.7960610853647099,
   1.7960279071325818,
   1.7960236248476042,
   1.7960205538037164,
   1.7960344388233644,
   1.7960669337339505,
   1.7960604114234968,
   1.7960207898806078,
   1.7960134940583095,
   1.7960106081250138,
   1.7960274286549243,
   1.7960666013331763,
   1.7960635010467803,
   1.7960205281427724,
   1.7960071935904636
  ]
 },
 "Z_a": [
  6,
  6,
  6,
  6,
  6,
  6,
  6,
  6,
  6,
  6,
  6,
  6,
  15,
  15,
  15,
  15,
  5,
  5,
  5,
  5,
  6,
  6,
  6,
  6,
  1,
  1,
  1,
  1
 ],
 "spos_ac": [
  [
   0.8725128062271633,
   0.5788645782361553,
   0.7586151613801033
  ],
  [
   0.6989122595554291,
   0.49256570608147227,
   0.25861128824110036
  ],
  [
   0.1989276738411305,
   0.0788410079528084,
   0.3128048493613723
  ],
  [
   0.3725033193337612,
   0.9925875502319049,
   0.8128078762166158
  ],
  [
   0.1989231494580102,
   0.49424471710298823,
   0.3128095290129503
  ],
  [
   0.3725074913454074,
   0.5788707762015073,
   0.8128138723644123
  ],
  [
   0.8725083672045058,
   0.9925945643649999,
   0.7586200136795407
  ],
  [
   0.6989163708218085,
   0.0788329025331262,
   0.258617445035979
  ],
  [
   0.5869574404745392,
   0.785733213864936,
   0.8141947923225966
  ],
  [
   0.9844738548770624,
   0.28569479089678523,
   0.3141670627049546
  ],
  [
   0.48446621187346156,
   0.2856953447836929,
   0.25722661237410804
  ],
  [
   0.08695932495749685,
   0.7857337901375745,
   0.7572503293842963
  ],
  [
   0.7572873889231736,
   0.7857037867987287,
   0.0655779736977574
  ],
  [
   0.8141437830365986,
   0.2857251698928161,
   0.5655656404057552
  ],
  [
   0.31413797887295575,
   0.28572480994138116,
   0.005842576354452304
  ],
  [
   0.2572882060344878,
   0.7857033852619727,
   0.505862054265574
  ],
  [
   0.945917374111562,
   0.7857327710064538,
   0.623668130617417
  ],
  [
   0.625510019452445,
   0.28569609289739906,
   0.12366181764942931
  ],
  [
   0.1255137031658538,
   0.2856958939300236,
   0.44776170401137905
  ],
  [
   0.44591512356601026,
   0.7857323774291809,
   0.9477693797909105
  ],
  [
   0.9457825044015014,
   0.7857296659261728,
   0.2926395243483615
  ],
  [
   0.6256478260488969,
   0.285699229366726,
   0.7926348311164438
  ],
  [
   0.12565145318032864,
   0.2856989861185145,
   0.7787901610753399
  ],
  [
   0.4457734873395187,
   0.7857292616016965,
   0.2787953687655959
  ],
  [
   0.535706429654041,
   0.5357133582413821,
   0.5357232333547415
  ],
  [
   0.035725009034503756,
   0.535716295501715,
   0.03572275492730475
  ],
  [
   0.5357063424692164,
   0.035715179656577514,
   0.53572324432194
  ],
  [
   0.03572509537821409,
   0.03571231375223229,
   0.03572277273107491
  ]
 ]
}