{
 "0": {
  "0": [
   0.42587457691469943,
   0.451949094260301,
   0.4519285392433775,
   0.4258663409173755,
   0.4309936813344395,
   0.45544504502499616,
   0.45539754064552673,
   0.4309811922666389,
   0.4332436270478895,
   0.4559638583235021,
   0.45593599077588864,
   0.4332401334305002,
   0.43324013343051504,
   0.45593599077581975,
   0.45596385832351477,
   0.4332436270478656,
   0.43098119226660736,
   0.4553975406456311,
   0.4554450450250843,
   0.43099368133429716,
   0.42586634091729986,
   0.4519285392431551,
   0.4519490942604682,
   0.4258745769147911
  ],
  "1": [
   -3.1159225013289427,
   -3.1422084316905794,
   -3.142179019373209,
   -3.1158859857198373,
   -3.121016924186375,
   -3.145679650156476,
   -3.1456197841962297,
   -3.1209449774598155,
   -3.123146402132602,
   -3.1461100268414155,
   -3.146080139518206,
   -3.123110371958205,
   -3.123110371958164,
   -3.1460801395182325,
   -3.146110026841512,
   -3.1231464021325963,
   -3.1209449774598648,
   -3.145619784196098,
   -3.1456796501564552,
   -3.1210169241862658,
   -3.115885985719794,
   -3.142179019373272,
   -3.1422084316905052,
   -3.1159225013289458
  ]
 },
 "1": {
  "0": [
   1.7534723350567212,
   1.7540555011561498,
   1.7540535483146689,
   1.753466270896447,
   1.7534728204744399,
   1.7540318692657215,
   1.754028444620811,
   1.7534609934236276,
   1.753466872406042,
   1.754006223098487,
   1.7540044445742262,
   1.7534613717208436,
   1.7534613717207714,
   1.754004444574034,
   1.7540062230984406,
   1.7534668724060054,
   1.7534609934236847,
   1.7540284446205785,
   1.7540318692658823,
   1.7534728204743373,
   1.7534662708965583,
   1.7540535483145159,
   1.754055501156202,
   1.7534723350567143
  ],
  "1": [
   1.7483491276492535,
   1.7485139544850585,
   1.7485194438904046,
   1.748349361835259,
   1.7483473387933695,
   1.7485085403153042,
   1.7485198199491758,
   1.7483476542473086,
   1.748346262332918,
   1.7485085626839678,
   1.7485144463442022,
   1.748346339017875,
   1.7483463390180032,
   1.7485144463439657,
   1.7485085626837287,
   1.748346262333087,
   1.748347654247062,
   1.7485198199492633,
   1.748508540315392,
   1.7483473387934019,
   1.748349361835532,
   1.7485194438904132,
   1.7485139544850976,
   1.7483491276489975
  ]
 },
 "2": {
  "0": [
   1.7945635668216695,
   1.7946873320125543,
   1.7949987236362688,
   1.794988852249648,
   1.7946727881233056,
   1.7945579024735514,
   1.7945612912987179,
   1.794690940920676,
   1.7950098131023808,
   1.794990020438817,
   1.7946611277196958,
   1.7945496826107394,
   1.7945529409821113,
   1.7946787195887879,
   1.7950112191141887,
   1.7950011249690807,
   1.794663314030296,
   1.7945471762627336,
   1.7945471762624599,
   1.7946633140303403,
   1.795001124969108,
   1.795011219114236,
   1.7946787195883886,
   1.7945529409821899,
   1.794549682610737,
   1.7946611277201396,
   1.794990020438251,
   1.7950098131023655,
   1.7946909409204546,
   1.7945612912988425,
   1.7945579024732408,
   1.794672788122988,
   1.7949888522499404,
   1.7949987236365121,
   1.7946873320123298,
   1.7945635668216369
  ],
  "1": [
   1.7975303504026217,
   1.7975150501320463,
   1.7974769577756182,
   1.797480046825156,
   1.7975218947548457,
   1.7975337397930422,
   1.7975204132710838,
   1.7975083836283827,
   1.7974768290236491,
   1.7974833859204273,
   1.7975220278362851,
   1.7975274087802913,
   1.7975135943629728,
   1.7975084739225569,
   1.7974796271977718,
   1.797482953769917,
   1.7975153893627545,
   1.7975172236651296,
   1.797517223665015,
   1.7975153893626177,
   1.797482953769962,
   1.797479627197941,
   1.7975084739227998,
   1.7975135943626621,
   1.7975274087803248,
   1.797522027836373,
   1.7974833859198636,
   1.7974768290237564,
   1.7975083836280885,
   1.7975204132710536,
   1.797533739792699,
   1.797521894755092,
   1.797480046825458,
   1.7974769577753869,
   1.7975150501318344,
   1.7975303504022544
  ]
 },
 "Z_a": [
  6,
  6,
  6,
  6,
  6,
  6,
  6,
  6,
  6,
  6,
  6,
  6,
  15,
  15,
  15,
  15,
  5,
  5,
  5,
  5,
  6,
  6,
  6,
  6,
  1,
  1,
  1,
  1
 ],
 "spos_ac": [
  [
   0.8725128062271633,
   0.5788645782361553,
   0.7586151613801033
  ],
  [
   0.6989122595554291,
   0.49256570608147227,
   0.25861128824110036
  ],
  [
   0.19892766848021284,
   0.08052852766372993,
   0.31280484887287757
  ],
  [
   0.3725033193337612,
   0.9925875502319049,
   0.8128078762166158
  ],
  [
   0.19892315481892786,
   0.4925571973920667,
   0.3128095295014451
  ],
  [
   0.3725074913454074,
   0.5788707762015073,
   0.8128138723644123
  ],
  [
   0.8725083672045058,
   0.9925945643649999,
   0.7586200136795407
  ],
  [
   0.6989163708218085,
   0.0788329025331262,
   0.258617445035979
  ],
  [
   0.5869574404745392,
   0.785733213864936,
   0.8141947923225966
  ],
  [
   0.9844738548770624,
   0.28569479089678523,
   0.3141670627049546
  ],
  [
   0.48446621187346156,
   0.2856953447836929,
   0.25722661237410804
  ],
  [
   0.08695932495749685,
   0.7857337901375745,
   0.7572503293842963
  ],
  [
   0.7572873889231736,
   0.7857037867987287,
   0.0655779736977574
  ],
  [
   0.8141437830365986,
   0.2857251698928161,
   0.5655656404057552
  ],
  [
   0.31413797887295575,
   0.28572480994138116,
   0.005842576354452304
  ],
  [
   0.2572882060344878,
   0.7857033852619727,
   0.505862054265574
  ],
  [
   0.945917374111562,
   0.7857327710064538,
   0.623668130617417
  ],
  [
   0.625510019452445,
   0.28569609289739906,
   0.12366181764942931
  ],
  [
   0.1255137031658538,
   0.2856958939300236,
   0.44776170401137905
  ],
  [
   0.44591512356601026,
   0.7857323774291809,
   0.9477693797909105
  ],
  [
   0.9457825044015014,
   0.7857296659261728,
   0.2926395243483615
  ],
  [
   0.6256478260488969,
   0.285699229366726,
   0.7926348311164438
  ],
  [
   0.12565145318032864,
   0.2856989861185145,
   0.7787901610753399
  ],
  [
   0.4457734873395187,
   0.7857292616016965,
   0.2787953687655959
  ],
  [
   0.535706429654041,
   0.5357133582413821,
   0.5357232333547415
  ],
  [
   0.035725009034503756,
   0.535716295501715,
   0.03572275492730475
  ],
  [
   0.5357063424692164,
   0.035715179656577514,
   0.53572324432194
  ],
  [
   0.03572509537821409,
   0.03571231375223229,
   0.03572277273107491
  ]
 ]
}