{
 "0": {
  "0": [
   0.4489286876299398,
   0.4751253392691325,
   0.47518214088134925,
   0.4489958699918205,
   0.4540090532126818,
   0.47840895151869645,
   0.4785139354882885,
   0.454143314412101,
   0.45626408085087883,
   0.4787518989413025,
   0.47879886613521705,
   0.45633107526682354,
   0.45633107526689454,
   0.47879886613516376,
   0.47875189894128034,
   0.4562640808509306,
   0.4541433144120555,
   0.47851393548821297,
   0.4784089515186718,
   0.45400905321269275,
   0.4489958699918158,
   0.47518214088124844,
   0.4751253392691006,
   0.4489286876298796
  ],
  "1": [
   -3.094251324488715,
   -3.1201247472796174,
   -3.1200632938008175,
   -3.0941862905766513,
   -3.0993730532844004,
   -3.123667816281313,
   -3.12354474303302,
   -3.099247107884086,
   -3.1015346894578197,
   -3.1241621885030915,
   -3.12410010208637,
   -3.101473537599386,
   -3.1014735375993587,
   -3.1241001020863326,
   -3.124162188503079,
   -3.1015346894578175,
   -3.099247107884123,
   -3.1235447430330567,
   -3.1236678162812637,
   -3.0993730532844364,
   -3.094186290576661,
   -3.1200632938008184,
   -3.1201247472796436,
   -3.0942513244886936
  ]
 },
 "1": {
  "0": [
   1.7947607618890202,
   1.7953361168978423,
   1.7953405922161145,
   1.794763207447772,
   1.7947730035303884,
   1.7953428978440589,
   1.7953512365534836,
   1.7947778473164693,
   1.7947869544538502,
   1.7953541539540812,
   1.7953582038289977,
   1.794789255865451,
   1.7947892558654406,
   1.7953582038291263,
   1.7953541539541693,
   1.7947869544539548,
   1.794777847316573,
   1.7953512365534003,
   1.7953428978440114,
   1.7947730035304614,
   1.7947632074476778,
   1.7953405922161005,
   1.795336116897757,
   1.7947607618887256
  ],
  "1": [
   1.7912287560859619,
   1.7909166437143282,
   1.790902607437529,
   1.7912201001229664,
   1.791224226606838,
   1.7909171223402147,
   1.7908889421143646,
   1.7912061548450118,
   1.7912108171988896,
   1.7909032869081725,
   1.7908891993202254,
   1.7912019341721677,
   1.791201934172085,
   1.7908891993201757,
   1.7909032869080297,
   1.7912108171987982,
   1.7912061548450662,
   1.7908889421144196,
   1.7909171223400833,
   1.7912242266069398,
   1.7912201001228647,
   1.790902607437501,
   1.7909166437143325,
   1.7912287560859252
  ]
 },
 "2": {
  "0": [
   1.7925800309041577,
   1.7925512326510777,
   1.7925982313009616,
   1.7926035087096373,
   1.7925644174147464,
   1.7925871607981079,
   1.7925760016980585,
   1.792547370131694,
   1.7926020841762258,
   1.7926127920481585,
   1.792573547633663,
   1.7925905441727892,
   1.7925792768589495,
   1.7925563212238584,
   1.792611559197525,
   1.7926170023877883,
   1.7925691771601546,
   1.7925862703684738,
   1.7925862703685587,
   1.7925691771602046,
   1.7926170023876586,
   1.7926115591973883,
   1.792556321223824,
   1.792579276858849,
   1.7925905441727858,
   1.7925735476334879,
   1.7926127920479562,
   1.7926020841763657,
   1.792547370131419,
   1.7925760016983452,
   1.7925871607982211,
   1.792564417414712,
   1.7926035087096532,
   1.7925982313006685,
   1.7925512326510538,
   1.7925800309041715
  ],
  "1": [
   1.7952350010728484,
   1.7955430585578258,
   1.7959558443969765,
   1.795962720668041,
   1.795556288606708,
   1.795241383270538,
   1.7952331801262174,
   1.795526258331988,
   1.7959426330469068,
   1.795956782536209,
   1.7955529612266592,
   1.7952455148109248,
   1.7952371819198658,
   1.7955225723276167,
   1.7959352944950284,
   1.795942940110862,
   1.795535860580995,
   1.7952436483685503,
   1.7952436483684717,
   1.7955358605811667,
   1.7959429401109277,
   1.7959352944952836,
   1.7955225723276096,
   1.7952371819196213,
   1.795245514811003,
   1.795552961226537,
   1.7959567825362555,
   1.7959426330469224,
   1.7955262583319953,
   1.7952331801262478,
   1.795241383270776,
   1.7955562886066287,
   1.795962720667778,
   1.7959558443968595,
   1.7955430585580974,
   1.7952350010730693
  ]
 },
 "Z_a": [
  6,
  6,
  6,
  6,
  6,
  6,
  6,
  6,
  6,
  6,
  6,
  6,
  15,
  15,
  15,
  15,
  5,
  5,
  5,
  5,
  6,
  6,
  6,
  6,
  1,
  1,
  1,
  1
 ],
 "spos_ac": [
  [
   0.8725128062271633,
   0.5788645782361553,
   0.7586151613801033
  ],
  [
   0.6989122595554291,
   0.49256570608147227,
   0.25861128824110036
  ],
  [
   0.19793176664478188,
   0.07884101709047443,
   0.31280484465571834
  ],
  [
   0.3725033193337612,
   0.9925875502319049,
   0.8128078762166158
  ],
  [
   0.19892315481892786,
   0.4925571973920667,
   0.3128095295014451
  ],
  [
   0.3725074913454074,
   0.5788707762015073,
   0.8128138723644123
  ],
  [
   0.8725083672045058,
   0.9925945643649999,
   0.7586200136795407
  ],
  [
   0.6989163708218085,
   0.0788329025331262,
   0.258617445035979
  ],
  [
   0.5869574404745392,
   0.785733213864936,
   0.8141947923225966
  ],
  [
   0.9844738548770624,
   0.28569479089678523,
   0.3141670627049546
  ],
  [
   0.48446621187346156,
   0.2856953447836929,
   0.25722661237410804
  ],
  [
   0.08695932495749685,
   0.7857337901375745,
   0.7572503293842963
  ],
  [
   0.7572873889231736,
   0.7857037867987287,
   0.0655779736977574
  ],
  [
   0.8141437830365986,
   0.2857251698928161,
   0.5655656404057552
  ],
  [
   0.31413797887295575,
   0.28572480994138116,
   0.005842576354452304
  ],
  [
   0.2572882060344878,
   0.7857033852619727,
   0.505862054265574
  ],
  [
   0.945917374111562,
   0.7857327710064538,
   0.623668130617417
  ],
  [
   0.625510019452445,
   0.28569609289739906,
   0.12366181764942931
  ],
  [
   0.1255137031658538,
   0.2856958939300236,
   0.44776170401137905
  ],
  [
   0.44591512356601026,
   0.7857323774291809,
   0.9477693797909105
  ],
  [
   0.9457825044015014,
   0.7857296659261728,
   0.2926395243483615
  ],
  [
   0.6256478260488969,
   0.285699229366726,
   0.7926348311164438
  ],
  [
   0.12565145318032864,
   0.2856989861185145,
   0.7787901610753399
  ],
  [
   0.4457734873395187,
   0.7857292616016965,
   0.2787953687655959
  ],
  [
   0.535706429654041,
   0.5357133582413821,
   0.5357232333547415
  ],
  [
   0.035725009034503756,
   0.535716295501715,
   0.03572275492730475
  ],
  [
   0.5357063424692164,
   0.035715179656577514,
   0.53572324432194
  ],
  [
   0.03572509537821409,
   0.03571231375223229,
   0.03572277273107491
  ]
 ]
}