{
 "0": {
  "0": [
   0.4301125014600337,
   0.4561214126894913,
   0.45612137434795585,
   0.43011246605734776,
   0.43535553483738804,
   0.4595537002522099,
   0.4595536284403425,
   0.4353554035215924,
   0.4376757471429596,
   0.4599792998855864,
   0.459979271212531,
   0.43767567981366784,
   0.4376756798137472,
   0.45997927121246934,
   0.4599792998855265,
   0.4376757471429868,
   0.43535540352147445,
   0.4595536284403381,
   0.4595537002522363,
   0.43535553483728795,
   0.4301124660573501,
   0.4561213743479834,
   0.4561214126894725,
   0.4301125014600342
  ],
  "1": [
   -3.1136616515134525,
   -3.139838683488943,
   -3.1398386853847935,
   -3.113661642726763,
   -3.1187001662605978,
   -3.143135106881707,
   -3.143135104812368,
   -3.1187001045462703,
   -3.1208267663696883,
   -3.14343685445507,
   -3.1434368507212413,
   -3.120826766971185,
   -3.1208267669712715,
   -3.1434368507212067,
   -3.1434368544550897,
   -3.120826766369714,
   -3.1187001045462903,
   -3.1431351048123712,
   -3.1431351068817133,
   -3.1187001662606684,
   -3.113661642726773,
   -3.139838685384821,
   -3.1398386834889607,
   -3.1136616515133406
  ]
 },
 "1": {
  "0": [
   1.7958207482246116,
   1.795812248089099,
   1.7958122405044572,
   1.7958207632503116,
   1.7958209990927925,
   1.7958148573936843,
   1.7958148442421176,
   1.7958209815942803,
   1.795820943001277,
   1.7958175507497667,
   1.7958173517840983,
   1.7958210331752187,
   1.7958210331751683,
   1.7958173517839364,
   1.7958175507498029,
   1.7958209430012608,
   1.7958209815942818,
   1.795814844242023,
   1.7958148573936323,
   1.7958209990932053,
   1.7958207632501983,
   1.7958122405043992,
   1.795812248089187,
   1.7958207482243806
  ],
  "1": [
   1.7945703103654944,
   1.794578932399356,
   1.7945789551691236,
   1.7945703348190383,
   1.7945700837009968,
   1.7945763162689028,
   1.794576369106683,
   1.7945700987159394,
   1.7945701329801094,
   1.7945736460518902,
   1.7945738670478433,
   1.794570055098826,
   1.794570055098782,
   1.7945738670477827,
   1.7945736460518975,
   1.7945701329801436,
   1.7945700987159654,
   1.7945763691067218,
   1.794576316268995,
   1.7945700837010048,
   1.794570334819134,
   1.7945789551690252,
   1.7945789323993941,
   1.7945703103655224
  ]
 },
 "2": {
  "0": [
   1.7948565903686828,
   1.79509099212944,
   1.7953472020997376,
   1.7953471910205583,
   1.7950909884057111,
   1.7948565889258634,
   1.794847420304649,
   1.7950639406693985,
   1.7953184414305317,
   1.7953184371269286,
   1.795063927413743,
   1.7948474211144387,
   1.7948379504527148,
   1.795035424313253,
   1.795287723440695,
   1.7952877217008307,
   1.79503533675603,
   1.7948379488866755,
   1.7948379488864907,
   1.7950353367562142,
   1.7952877217007954,
   1.7952877234408362,
   1.7950354243134008,
   1.7948379504525656,
   1.7948474211143437,
   1.7950639274139235,
   1.7953184371268467,
   1.7953184414303387,
   1.7950639406693742,
   1.7948474203044384,
   1.7948565889257908,
   1.7950909884058204,
   1.7953471910208763,
   1.7953472020995986,
   1.7950909921293947,
   1.7948565903687266
  ],
  "1": [
   1.7941942152029577,
   1.7943415710451305,
   1.7945763234398673,
   1.7945763045616208,
   1.7943415567946226,
   1.7941942066056642,
   1.794197884589996,
   1.7943452601615224,
   1.7945863602660537,
   1.7945863501068604,
   1.7943452041226815,
   1.7941978819629039,
   1.7942014549919234,
   1.794348295814827,
   1.7945962004538085,
   1.7945961949930935,
   1.7943484064083872,
   1.7942014468480594,
   1.79420144684833,
   1.7943484064080664,
   1.794596194993061,
   1.7945962004536522,
   1.794348295814805,
   1.794201454991866,
   1.794197881963098,
   1.7943452041226557,
   1.7945863501070012,
   1.7945863602662493,
   1.7943452601614862,
   1.7941978845899795,
   1.7941942066054701,
   1.7943415567945853,
   1.7945763045614815,
   1.7945763234399694,
   1.7943415710451631,
   1.7941942152032295
  ]
 },
 "Z_a": [
  6,
  6,
  6,
  6,
  6,
  6,
  6,
  6,
  6,
  6,
  6,
  6,
  15,
  15,
  15,
  15,
  5,
  5,
  5,
  5,
  6,
  6,
  6,
  6,
  1,
  1,
  1,
  1
 ],
 "spos_ac": [
  [
   0.8725128062271633,
   0.5788645782361553,
   0.7586151613801033
  ],
  [
   0.6989122595554291,
   0.49256570608147227,
   0.25861128824110036
  ],
  [
   0.1989276738411305,
   0.0788410079528084,
   0.3128048493613723
  ],
  [
   0.3725033193337612,
   0.9925875502319049,
   0.8128078762166158
  ],
  [
   0.19892315481892786,
   0.4925571973920667,
   0.3128095295014451
  ],
  [
   0.3725074913454074,
   0.5788707762015073,
   0.8128138723644123
  ],
  [
   0.8725083672045058,
   0.9925945643649999,
   0.7586200136795407
  ],
  [
   0.6989163708218085,
   0.0788329025331262,
   0.258617445035979
  ],
  [
   0.5869574404745392,
   0.785733213864936,
   0.8141947923225966
  ],
  [
   0.9844738548770624,
   0.28569479089678523,
   0.3141670627049546
  ],
  [
   0.48446621187346156,
   0.2856953447836929,
   0.25722661237410804
  ],
  [
   0.08695932495749685,
   0.7857337901375745,
   0.7572503293842963
  ],
  [
   0.7572873889231736,
   0.7857037867987287,
   0.0655779736977574
  ],
  [
   0.8141437830365986,
   0.2857251698928161,
   0.5655656404057552
  ],
  [
   0.31413797887295575,
   0.28572480994138116,
   0.005842576354452304
  ],
  [
   0.2572882060344878,
   0.7857033852619727,
   0.505862054265574
  ],
  [
   0.945917374111562,
   0.7857327710064538,
   0.623668130617417
  ],
  [
   0.625510019452445,
   0.28569609289739906,
   0.12366181764942931
  ],
  [
   0.1255137031658538,
   0.2856958939300236,
   0.44776170401137905
  ],
  [
   0.44491921636966175,
   0.785732386566847,
   0.9477693750852565
  ],
  [
   0.9457825044015014,
   0.7857296659261728,
   0.2926395243483615
  ],
  [
   0.6256478260488969,
   0.285699229366726,
   0.7926348311164438
  ],
  [
   0.12565145318032864,
   0.2856989861185145,
   0.7787901610753399
  ],
  [
   0.4457734873395187,
   0.7857292616016965,
   0.2787953687655959
  ],
  [
   0.535706429654041,
   0.5357133582413821,
   0.5357232333547415
  ],
  [
   0.035725009034503756,
   0.535716295501715,
   0.03572275492730475
  ],
  [
   0.5357063424692164,
   0.035715179656577514,
   0.53572324432194
  ],
  [
   0.03572509537821409,
   0.03571231375223229,
   0.03572277273107491
  ]
 ]
}