{
 "0": {
  "0": [
   0.4257026039376194,
   0.45151657838815856,
   0.45151655381674793,
   0.42570257554415797,
   0.4308865295149985,
   0.4549599345844225,
   0.45495987608305866,
   0.43088642876533145,
   0.4331439334370724,
   0.4553958068940216,
   0.45539579065904723,
   0.4331439071587211,
   0.43314390715882384,
   0.45539579065896413,
   0.455395806893955,
   0.43314393343702184,
   0.4308864287653604,
   0.4549598760831245,
   0.45495993458432926,
   0.4308865295149503,
   0.42570257554409857,
   0.4515165538167648,
   0.45151657838817605,
   0.42570260393778236
  ],
  "1": [
   -3.117140071331657,
   -3.1433262321926563,
   -3.1433262333862984,
   -3.1171400710119554,
   -3.122270663707057,
   -3.14676789193263,
   -3.1467678932690863,
   -3.122270602812233,
   -3.124487774505595,
   -3.1472087413750867,
   -3.1472087400785553,
   -3.124487761340153,
   -3.1244877613401516,
   -3.147208740078668,
   -3.1472087413752208,
   -3.1244877745055635,
   -3.122270602812204,
   -3.1467678932691485,
   -3.146767891932674,
   -3.1222706637070665,
   -3.117140071011894,
   -3.143326233386196,
   -3.1433262321927935,
   -3.117140071331551
  ]
 },
 "1": {
  "0": [
   1.795820833462649,
   1.795812297807786,
   1.7958122830745271,
   1.7958208305256225,
   1.7958210810351827,
   1.7958149279074411,
   1.795814889456789,
   1.7958210659396034,
   1.795821036403411,
   1.795817618794225,
   1.795817409219539,
   1.7958211181571828,
   1.7958211181573274,
   1.7958174092195927,
   1.7958176187943813,
   1.7958210364034006,
   1.795821065939743,
   1.79581488945675,
   1.795814927907533,
   1.7958210810353181,
   1.7958208305256016,
   1.795812283074364,
   1.795812297807678,
   1.7958208334625918
  ],
  "1": [
   1.7945702713349836,
   1.7945788757047754,
   1.7945788947945422,
   1.7945702840381288,
   1.7945700326029528,
   1.7945762743874771,
   1.7945763023172996,
   1.7945700584491564,
   1.7945700957728343,
   1.794573599145144,
   1.794573814083435,
   1.7945700144710277,
   1.794570014470864,
   1.794573814083342,
   1.7945735991452603,
   1.7945700957727635,
   1.7945700584493014,
   1.7945763023173817,
   1.7945762743874665,
   1.7945700326029022,
   1.7945702840379265,
   1.7945788947944756,
   1.7945788757047654,
   1.7945702713352099
  ]
 },
 "2": {
  "0": [
   1.7851987685054977,
   1.7847003471971317,
   1.784087834899404,
   1.7840878417035646,
   1.7847003482034722,
   1.7851987694945544,
   1.785197387758274,
   1.784694288933376,
   1.78408224176045,
   1.7840822421374705,
   1.784694284560989,
   1.7851973893117457,
   1.7851960089509573,
   1.7846880721887535,
   1.784077357368813,
   1.784077357829261,
   1.7846879488287635,
   1.7851960097199766,
   1.7851960097199129,
   1.7846879488288505,
   1.7840773578294291,
   1.7840773573685644,
   1.7846880721889573,
   1.7851960089509213,
   1.7851973893118598,
   1.7846942845610287,
   1.784082242137158,
   1.784082241760281,
   1.7846942889332027,
   1.7851973877583933,
   1.785198769494529,
   1.784700348203249,
   1.7840878417031416,
   1.7840878348994273,
   1.784700347197119,
   1.7851987685057233
  ],
  "1": [
   1.7861364363216703,
   1.7860893934420201,
   1.7859696593071888,
   1.7859696631579856,
   1.786089396464679,
   1.7861364363105052,
   1.7861415651544783,
   1.786083381641242,
   1.785952982311513,
   1.7859529887695997,
   1.786083386216137,
   1.786141560768052,
   1.7861465813136803,
   1.7860771062327465,
   1.7859357614646112,
   1.7859357641864797,
   1.7860772078196225,
   1.7861465817220021,
   1.7861465817222062,
   1.7860772078195892,
   1.7859357641864677,
   1.785935761464684,
   1.7860771062326408,
   1.7861465813138218,
   1.7861415607677542,
   1.7860833862163166,
   1.7859529887694126,
   1.7859529823113212,
   1.7860833816411157,
   1.7861415651544257,
   1.7861364363103895,
   1.786089396464842,
   1.7859696631585402,
   1.7859696593071275,
   1.7860893934420712,
   1.7861364363216052
  ]
 },
 "Z_a": [
  6,
  6,
  6,
  6,
  6,
  6,
  6,
  6,
  6,
  6,
  6,
  6,
  15,
  15,
  15,
  15,
  5,
  5,
  5,
  5,
  6,
  6,
  6,
  6,
  1,
  1,
  1,
  1
 ],
 "spos_ac": [
  [
   0.8725128062271633,
   0.5788645782361553,
   0.7586151613801033
  ],
  [
   0.6989122595554291,
   0.49256570608147227,
   0.25861128824110036
  ],
  [
   0.1989276738411305,
   0.0788410079528084,
   0.3128048493613723
  ],
  [
   0.3725033193337612,
   0.9925875502319049,
   0.8128078762166158
  ],
  [
   0.19892315481892786,
   0.4925571973920667,
   0.3128095295014451
  ],
  [
   0.3725074913454074,
   0.5788707762015073,
   0.8128138723644123
  ],
  [
   0.8725083672045058,
   0.9925945643649999,
   0.7586200136795407
  ],
  [
   0.6989163708218085,
   0.0788329025331262,
   0.258617445035979
  ],
  [
   0.5869574404745392,
   0.785733213864936,
   0.8141947923225966
  ],
  [
   0.9844738548770624,
   0.28569479089678523,
   0.3141670627049546
  ],
  [
   0.48446621187346156,
   0.2856953447836929,
   0.25722661237410804
  ],
  [
   0.08695932495749685,
   0.7857337901375745,
   0.7572503293842963
  ],
  [
   0.7572873889231736,
   0.7857037867987287,
   0.0655779736977574
  ],
  [
   0.8141437830365986,
   0.2857251698928161,
   0.5655656404057552
  ],
  [
   0.31413797887295575,
   0.28572480994138116,
   0.005842576354452304
  ],
  [
   0.2572882060344878,
   0.7857033852619727,
   0.505862054265574
  ],
  [
   0.9459173762911589,
   0.7857327706270367,
   0.6258382064614109
  ],
  [
   0.625510019452445,
   0.28569609289739906,
   0.12366181764942931
  ],
  [
   0.1255137031658538,
   0.2856958939300236,
   0.44776170401137905
  ],
  [
   0.44591512356601026,
   0.7857323774291809,
   0.9477693797909105
  ],
  [
   0.9457825044015014,
   0.7857296659261728,
   0.2926395243483615
  ],
  [
   0.6256478260488969,
   0.285699229366726,
   0.7926348311164438
  ],
  [
   0.12565145318032864,
   0.2856989861185145,
   0.7787901610753399
  ],
  [
   0.4457734873395187,
   0.7857292616016965,
   0.2787953687655959
  ],
  [
   0.535706429654041,
   0.5357133582413821,
   0.5357232333547415
  ],
  [
   0.035725009034503756,
   0.535716295501715,
   0.03572275492730475
  ],
  [
   0.5357063424692164,
   0.035715179656577514,
   0.53572324432194
  ],
  [
   0.03572509537821409,
   0.03571231375223229,
   0.03572277273107491
  ]
 ]
}