{
 "0": {
  "0": [
   0.42452867607210765,
   0.4507196120917095,
   0.4506973103455051,
   0.4245192812014987,
   0.42959591741694575,
   0.4540604390295726,
   0.4540092313191912,
   0.4295813723084818,
   0.43170753885870283,
   0.4543287051793935,
   0.4542988742834435,
   0.431703242632824,
   0.4317032426327449,
   0.45429887428348154,
   0.454328705179374,
   0.43170753885874424,
   0.4295813723085784,
   0.4540092313192599,
   0.45406043902970405,
   0.42959591741691905,
   0.4245192812014821,
   0.45069731034537985,
   0.4507196120918271,
   0.42452867607229305
  ],
  "1": [
   -3.1196426089430083,
   -3.145591975637239,
   -3.1455624190745732,
   -3.1196058479673505,
   -3.1247659106780827,
   -3.1489627262685334,
   -3.1489024179787153,
   -3.1246932100593954,
   -3.1269754744537828,
   -3.14931618115998,
   -3.1492859526761636,
   -3.1269388909777356,
   -3.126938890977587,
   -3.1492859526762085,
   -3.1493161811601262,
   -3.1269754744538623,
   -3.1246932100594966,
   -3.148902417978999,
   -3.1489627262686155,
   -3.124765910678106,
   -3.119605847967376,
   -3.145562419074825,
   -3.145591975637237,
   -3.1196426089431446
  ]
 },
 "1": {
  "0": [
   1.8380952716631287,
   1.8374724334217627,
   1.8374701565004752,
   1.8380887007077185,
   1.8381009590848287,
   1.837503445938292,
   1.8374994148846369,
   1.8380881697168492,
   1.838100026787873,
   1.8375330879503207,
   1.8375310081668437,
   1.8380940636681573,
   1.838094063668023,
   1.8375310081665348,
   1.8375330879506635,
   1.8381000267879062,
   1.8380881697166858,
   1.8374994148847201,
   1.8375034459383885,
   1.8381009590846045,
   1.8380887007076698,
   1.8374701565010279,
   1.837472433421875,
   1.8380952716631158
  ],
  "1": [
   1.8408826426211293,
   1.8407170649040716,
   1.8407229209516902,
   1.8408830628607944,
   1.8408839143296865,
   1.8407117064861709,
   1.8407237353453734,
   1.8408845763471313,
   1.8408854371782335,
   1.8407125263915747,
   1.8407187783410217,
   1.8408856942207583,
   1.84088569422076,
   1.8407187783408119,
   1.8407125263917274,
   1.840885437178249,
   1.8408845763473025,
   1.8407237353454262,
   1.8407117064860905,
   1.840883914329605,
   1.8408830628608048,
   1.8407229209514295,
   1.8407170649041045,
   1.8408826426211207
  ]
 },
 "2": {
  "0": [
   1.7944647513977239,
   1.7945977071545867,
   1.794931774660365,
   1.7949213928925598,
   1.7945824826244923,
   1.7944588246319124,
   1.79446225493824,
   1.794601108695445,
   1.7949429749188737,
   1.7949221850015786,
   1.7945698905721108,
   1.7944501183268464,
   1.7944534223999982,
   1.7945879531122952,
   1.7949439668385354,
   1.7949333620375822,
   1.794571837678109,
   1.7944474036396543,
   1.7944474036394233,
   1.7945718376784252,
   1.7949333620381072,
   1.7949439668384979,
   1.7945879531118838,
   1.7944534224005986,
   1.7944501183268906,
   1.7945698905716838,
   1.7949221850014878,
   1.7949429749194092,
   1.794601108695098,
   1.7944622549382245,
   1.7944588246317603,
   1.794582482624941,
   1.794921392892543,
   1.7949317746605762,
   1.7945977071547108,
   1.7944647513976646
  ],
  "1": [
   1.7975884817436123,
   1.797572650360829,
   1.7975350599984767,
   1.7975381505763306,
   1.7975795361053,
   1.7975918886237854,
   1.7975788063777765,
   1.7975662542966184,
   1.7975351929098797,
   1.7975417005852954,
   1.797579957959743,
   1.7975858170226409,
   1.7975722683467863,
   1.7975666321721688,
   1.7975382176817218,
   1.79754151529949,
   1.7975736204671875,
   1.797575894108054,
   1.7975758941079234,
   1.7975736204675878,
   1.7975415152994458,
   1.7975382176814423,
   1.797566632172227,
   1.797572268346948,
   1.7975858170226287,
   1.797579957959577,
   1.797541700584758,
   1.7975351929094008,
   1.7975662542968431,
   1.7975788063780886,
   1.7975918886234663,
   1.7975795361052944,
   1.7975381505761776,
   1.7975350599985664,
   1.7975726503603702,
   1.7975884817438554
  ]
 },
 "Z_a": [
  6,
  6,
  6,
  6,
  6,
  6,
  6,
  6,
  6,
  6,
  6,
  6,
  15,
  15,
  15,
  15,
  5,
  5,
  5,
  5,
  6,
  6,
  6,
  6,
  1,
  1,
  1,
  1
 ],
 "spos_ac": [
  [
   0.8725128062271633,
   0.5788645782361553,
   0.7586151613801033
  ],
  [
   0.6989122595554291,
   0.49256570608147227,
   0.25861128824110036
  ],
  [
   0.1989276738411305,
   0.0788410079528084,
   0.3128048493613723
  ],
  [
   0.3725033193337612,
   0.9925875502319049,
   0.8128078762166158
  ],
  [
   0.19892315481892786,
   0.4925571973920667,
   0.3128095295014451
  ],
  [
   0.3725074913454074,
   0.5788707762015073,
   0.8128138723644123
  ],
  [
   0.8725083672045058,
   0.9925945643649999,
   0.7586200136795407
  ],
  [
   0.698916376182726,
   0.07714538282220468,
   0.2586174455244738
  ],
  [
   0.5869574404745392,
   0.785733213864936,
   0.8141947923225966
  ],
  [
   0.9844738548770624,
   0.28569479089678523,
   0.3141670627049546
  ],
  [
   0.48446621187346156,
   0.2856953447836929,
   0.25722661237410804
  ],
  [
   0.08695932495749685,
   0.7857337901375745,
   0.7572503293842963
  ],
  [
   0.7572873889231736,
   0.7857037867987287,
   0.0655779736977574
  ],
  [
   0.8141437830365986,
   0.2857251698928161,
   0.5655656404057552
  ],
  [
   0.31413797887295575,
   0.28572480994138116,
   0.005842576354452304
  ],
  [
   0.2572882060344878,
   0.7857033852619727,
   0.505862054265574
  ],
  [
   0.945917374111562,
   0.7857327710064538,
   0.623668130617417
  ],
  [
   0.625510019452445,
   0.28569609289739906,
   0.12366181764942931
  ],
  [
   0.1255137031658538,
   0.2856958939300236,
   0.44776170401137905
  ],
  [
   0.44591512356601026,
   0.7857323774291809,
   0.9477693797909105
  ],
  [
   0.9457825044015014,
   0.7857296659261728,
   0.2926395243483615
  ],
  [
   0.6256478260488969,
   0.285699229366726,
   0.7926348311164438
  ],
  [
   0.12565145318032864,
   0.2856989861185145,
   0.7787901610753399
  ],
  [
   0.4457734873395187,
   0.7857292616016965,
   0.2787953687655959
  ],
  [
   0.535706429654041,
   0.5357133582413821,
   0.5357232333547415
  ],
  [
   0.035725009034503756,
   0.535716295501715,
   0.03572275492730475
  ],
  [
   0.5357063424692164,
   0.035715179656577514,
   0.53572324432194
  ],
  [
   0.03572509537821409,
   0.03571231375223229,
   0.03572277273107491
  ]
 ]
}