{
 "0": {
  "0": [
   0.4016828181323136,
   0.4275585818254739,
   0.4274971023940229,
   0.4016177651140796,
   0.40680486425702317,
   0.43110182339633163,
   0.430978696481047,
   0.4066788786486934,
   0.408966751046725,
   0.43159628374455966,
   0.4315341695393293,
   0.4089055785780998,
   0.40890557857800747,
   0.4315341695392872,
   0.4315962837445533,
   0.4089667510467325,
   0.4066788786486301,
   0.43097869648112236,
   0.4311018233963535,
   0.40680486425706935,
   0.40161776511401154,
   0.42749710239403005,
   0.42755858182553247,
   0.40168281813225876
  ],
  "1": [
   -3.1414970798547315,
   -3.16769139282233,
   -3.1677482117164253,
   -3.141564278262503,
   -3.1465771401959803,
   -3.170974851071348,
   -3.1710798728861707,
   -3.1467114321283387,
   -3.1488319217616714,
   -3.171317723466098,
   -3.171364711622329,
   -3.148898929679151,
   -3.1488989296791714,
   -3.171364711622323,
   -3.171317723466063,
   -3.148831921761734,
   -3.146711432128382,
   -3.171079872886201,
   -3.1709748510712608,
   -3.1465771401959914,
   -3.1415642782625635,
   -3.1677482117164306,
   -3.167691392822315,
   -3.141497079854804
  ]
 },
 "1": {
  "0": [
   1.7991625686493309,
   1.7994746369759316,
   1.7994886732506712,
   1.7991712245970797,
   1.7991670982747536,
   1.799474156053927,
   1.7995023383680893,
   1.7991851712526774,
   1.7991805081502676,
   1.7994879910830488,
   1.799502079227626,
   1.7991893919453112,
   1.7991893919452693,
   1.7995020792275978,
   1.7994879910829666,
   1.7991805081502423,
   1.7991851712525866,
   1.7995023383680442,
   1.7994741560539504,
   1.7991670982746182,
   1.7991712245968519,
   1.7994886732506117,
   1.7994746369759895,
   1.7991625686491035
  ],
  "1": [
   1.7956305360315197,
   1.7950552543997533,
   1.7950507807115645,
   1.7956280907136957,
   1.7956182883245897,
   1.795048473706887,
   1.795040139167047,
   1.7956134462503397,
   1.7956043319979011,
   1.7950372202667728,
   1.7950331719086294,
   1.7956020315581362,
   1.7956020315581616,
   1.7950331719086552,
   1.7950372202667682,
   1.795604331997863,
   1.7956134462504003,
   1.7950401391672177,
   1.795048473706827,
   1.7956182883245033,
   1.7956280907137743,
   1.7950507807115703,
   1.7950552543998324,
   1.7956305360313953
  ]
 },
 "2": {
  "0": [
   1.7973727425800397,
   1.7970640536024753,
   1.7966513775574884,
   1.7966444978924165,
   1.7970508159215237,
   1.7973663562737323,
   1.7973743909692894,
   1.797081010265543,
   1.7966647400700386,
   1.7966505841844946,
   1.797054293060712,
   1.7973620472587677,
   1.7973702089015895,
   1.7970848591151807,
   1.79667223559908,
   1.7966645866372488,
   1.797071563060758,
   1.7973637382206769,
   1.7973637382206566,
   1.7970715630609733,
   1.7966645866371975,
   1.7966722355990172,
   1.7970848591150002,
   1.797370208901769,
   1.7973620472587308,
   1.7970542930608469,
   1.7966505841844145,
   1.7966647400699036,
   1.7970810102654569,
   1.7973743909694588,
   1.797366356273737,
   1.7970508159215495,
   1.796644497892184,
   1.796651377557072,
   1.7970640536026878,
   1.7973727425798458
  ],
  "1": [
   1.8000273461884864,
   1.8000555347916385,
   1.8000086365927255,
   1.8000033549620638,
   1.8000423435388164,
   1.8000202133011018,
   1.8000312051830942,
   1.8000595591362178,
   1.8000049412533887,
   1.7999942267144697,
   1.800033370032413,
   1.8000166565466031,
   1.800027753206716,
   1.8000507787747022,
   1.7999956295541746,
   1.799990182735761,
   1.800037916007795,
   1.800020756780979,
   1.8000207567810347,
   1.8000379160077458,
   1.799990182735927,
   1.7999956295541,
   1.800050778775025,
   1.8000277532069378,
   1.800016656546732,
   1.800033370032418,
   1.7999942267145888,
   1.8000049412535621,
   1.8000595591361517,
   1.8000312051831322,
   1.8000202133010332,
   1.8000423435390067,
   1.8000033549622765,
   1.8000086365926755,
   1.80005553479143,
   1.800027346188628
  ]
 },
 "Z_a": [
  6,
  6,
  6,
  6,
  6,
  6,
  6,
  6,
  6,
  6,
  6,
  6,
  15,
  15,
  15,
  15,
  5,
  5,
  5,
  5,
  6,
  6,
  6,
  6,
  1,
  1,
  1,
  1
 ],
 "spos_ac": [
  [
   0.8725128062271633,
   0.5788645782361553,
   0.7586151613801033
  ],
  [
   0.6989122595554291,
   0.49256570608147227,
   0.25861128824110036
  ],
  [
   0.1989276738411305,
   0.0788410079528084,
   0.3128048493613723
  ],
  [
   0.3725033193337612,
   0.9925875502319049,
   0.8128078762166158
  ],
  [
   0.19892315481892786,
   0.4925571973920667,
   0.3128095295014451
  ],
  [
   0.3725074913454074,
   0.5788707762015073,
   0.8128138723644123
  ],
  [
   0.8735042744008543,
   0.9925945552273339,
   0.7586200183851947
  ],
  [
   0.6989163708218085,
   0.0788329025331262,
   0.258617445035979
  ],
  [
   0.5869574404745392,
   0.785733213864936,
   0.8141947923225966
  ],
  [
   0.9844738548770624,
   0.28569479089678523,
   0.3141670627049546
  ],
  [
   0.48446621187346156,
   0.2856953447836929,
   0.25722661237410804
  ],
  [
   0.08695932495749685,
   0.7857337901375745,
   0.7572503293842963
  ],
  [
   0.7572873889231736,
   0.7857037867987287,
   0.0655779736977574
  ],
  [
   0.8141437830365986,
   0.2857251698928161,
   0.5655656404057552
  ],
  [
   0.31413797887295575,
   0.28572480994138116,
   0.005842576354452304
  ],
  [
   0.2572882060344878,
   0.7857033852619727,
   0.505862054265574
  ],
  [
   0.945917374111562,
   0.7857327710064538,
   0.623668130617417
  ],
  [
   0.625510019452445,
   0.28569609289739906,
   0.12366181764942931
  ],
  [
   0.1255137031658538,
   0.2856958939300236,
   0.44776170401137905
  ],
  [
   0.44591512356601026,
   0.7857323774291809,
   0.9477693797909105
  ],
  [
   0.9457825044015014,
   0.7857296659261728,
   0.2926395243483615
  ],
  [
   0.6256478260488969,
   0.285699229366726,
   0.7926348311164438
  ],
  [
   0.12565145318032864,
   0.2856989861185145,
   0.7787901610753399
  ],
  [
   0.4457734873395187,
   0.7857292616016965,
   0.2787953687655959
  ],
  [
   0.535706429654041,
   0.5357133582413821,
   0.5357232333547415
  ],
  [
   0.035725009034503756,
   0.535716295501715,
   0.03572275492730475
  ],
  [
   0.5357063424692164,
   0.035715179656577514,
   0.53572324432194
  ],
  [
   0.03572509537821409,
   0.03571231375223229,
   0.03572277273107491
  ]
 ]
}