{
 "0": {
  "0": [
   0.42521103825508016,
   0.4513247563692272,
   0.45130146507294494,
   0.4251596891385205,
   0.43032739268882,
   0.4547417979203701,
   0.454697723117114,
   0.4302233289716613,
   0.43248795284566566,
   0.4551369524861991,
   0.4551174343548835,
   0.43243494077080497,
   0.43243494077070327,
   0.45511743435530855,
   0.4551369524863168,
   0.4324879528456728,
   0.4302233289718319,
   0.45469772311717477,
   0.45474179792042674,
   0.43032739268891634,
   0.42515968913846663,
   0.4513014650730214,
   0.45132475636940345,
   0.42521103825524587
  ],
  "1": [
   -3.117717056106391,
   -3.1438389022913524,
   -3.14388178763427,
   -3.117758896410181,
   -3.122786539094707,
   -3.1472291535883774,
   -3.1473051462924415,
   -3.122870915427126,
   -3.1249942155762964,
   -3.1476590204659662,
   -3.1476910306550785,
   -3.125037624289306,
   -3.125037624289173,
   -3.1476910306550563,
   -3.1476590204659334,
   -3.124994215576347,
   -3.1228709154270713,
   -3.1473051462924935,
   -3.147229153588349,
   -3.1227865390946867,
   -3.117758896410176,
   -3.143881787634184,
   -3.1438389022914683,
   -3.117717056106367
  ]
 },
 "1": {
  "0": [
   1.788964270568213,
   1.7897331830986072,
   1.789734156689333,
   1.7889741100411622,
   1.7889740343092566,
   1.7897355039421055,
   1.7897371321440716,
   1.788993731794044,
   1.7889931327433697,
   1.789739206236664,
   1.7897398047982886,
   1.7890031318322854,
   1.7890031318324477,
   1.7897398047983617,
   1.7897392062365465,
   1.788993132743184,
   1.7889937317940066,
   1.7897371321441289,
   1.789735503942341,
   1.788974034309244,
   1.7889741100410903,
   1.7897341566890783,
   1.789733183098777,
   1.78896427056821
  ],
  "1": [
   1.7842098767535512,
   1.7836768414894262,
   1.783678992797613,
   1.7842100369802967,
   1.7842261898698,
   1.7837040086596507,
   1.783708006196031,
   1.7842263793196305,
   1.7842430323909406,
   1.7837336801581911,
   1.7837357248562191,
   1.7842430778925418,
   1.7842430778925926,
   1.7837357248562038,
   1.7837336801581687,
   1.7842430323908232,
   1.7842263793195794,
   1.783708006196034,
   1.7837040086597484,
   1.7842261898697551,
   1.7842100369802834,
   1.7836789927977044,
   1.7836768414893145,
   1.7842098767532184
  ]
 },
 "2": {
  "0": [
   1.7958281964534475,
   1.7958249661958194,
   1.7958300088280708,
   1.7958421939006566,
   1.795840473414112,
   1.7958325682985063,
   1.7958257306009175,
   1.7958168611845642,
   1.7958236974098356,
   1.7958484533307757,
   1.795848088716432,
   1.7958344441734408,
   1.7958275726102448,
   1.7958243683754247,
   1.795829657724161,
   1.7958424064434217,
   1.7958399585115483,
   1.7958319733743893,
   1.7958319733743602,
   1.7958399585117093,
   1.795842406443544,
   1.7958296577239878,
   1.7958243683754291,
   1.7958275726100548,
   1.7958344441733451,
   1.7958480887161925,
   1.7958484533306085,
   1.795823697410015,
   1.7958168611845273,
   1.7958257306009449,
   1.7958325682984022,
   1.795840473414629,
   1.79584219390086,
   1.7958300088279755,
   1.7958249661958334,
   1.7958281964535567
  ],
  "1": [
   1.7967635287977046,
   1.7967564032460233,
   1.7967655832439653,
   1.796782722542885,
   1.7967878203435212,
   1.7967784127398525,
   1.7967559574632865,
   1.796740900703309,
   1.7967576396898703,
   1.7967924296197115,
   1.7968046387593666,
   1.7967860905802386,
   1.796763474987714,
   1.7967573544615059,
   1.7967672182665748,
   1.7967846588265561,
   1.7967896399039454,
   1.7967786070991876,
   1.796778607099254,
   1.7967896399033783,
   1.7967846588264473,
   1.796767218267281,
   1.796757354461514,
   1.7967634749878993,
   1.7967860905798434,
   1.7968046387592493,
   1.7967924296196016,
   1.7967576396898803,
   1.7967409007033575,
   1.796755957463205,
   1.7967784127398096,
   1.7967878203436654,
   1.7967827225430277,
   1.7967655832437752,
   1.7967564032456529,
   1.7967635287978085
  ]
 },
 "Z_a": [
  6,
  6,
  6,
  6,
  6,
  6,
  6,
  6,
  6,
  6,
  6,
  6,
  15,
  15,
  15,
  15,
  5,
  5,
  5,
  5,
  6,
  6,
  6,
  6,
  1,
  1,
  1,
  1
 ],
 "spos_ac": [
  [
   0.8725128062271633,
   0.5788645782361553,
   0.7586151613801033
  ],
  [
   0.6989122595554291,
   0.49256570608147227,
   0.25861128824110036
  ],
  [
   0.1989276738411305,
   0.0788410079528084,
   0.3128048493613723
  ],
  [
   0.3725033193337612,
   0.9925875502319049,
   0.8128078762166158
  ],
  [
   0.19892315481892786,
   0.4925571973920667,
   0.3128095295014451
  ],
  [
   0.3725074913454074,
   0.5788707762015073,
   0.8128138723644123
  ],
  [
   0.8725083672045058,
   0.9925945643649999,
   0.7586200136795407
  ],
  [
   0.6989163708218085,
   0.0788329025331262,
   0.258617445035979
  ],
  [
   0.5869574404745392,
   0.785733213864936,
   0.8141947923225966
  ],
  [
   0.9844738548770624,
   0.28569479089678523,
   0.3141670627049546
  ],
  [
   0.48446621187346156,
   0.2856953447836929,
   0.25722661237410804
  ],
  [
   0.08695932495749685,
   0.7857337901375745,
   0.7572503293842963
  ],
  [
   0.7572873889231736,
   0.7857037867987287,
   0.0655779736977574
  ],
  [
   0.8141437830365986,
   0.2857251698928161,
   0.5655656404057552
  ],
  [
   0.31413797887295575,
   0.28572480994138116,
   0.005842576354452304
  ],
  [
   0.2572882060344878,
   0.7857033852619727,
   0.505862054265574
  ],
  [
   0.9459173687506442,
   0.7874202907173753,
   0.6236681301289222
  ],
  [
   0.625510019452445,
   0.28569609289739906,
   0.12366181764942931
  ],
  [
   0.1255137031658538,
   0.2856958939300236,
   0.44776170401137905
  ],
  [
   0.44591512356601026,
   0.7857323774291809,
   0.9477693797909105
  ],
  [
   0.9457825044015014,
   0.7857296659261728,
   0.2926395243483615
  ],
  [
   0.6256478260488969,
   0.285699229366726,
   0.7926348311164438
  ],
  [
   0.12565145318032864,
   0.2856989861185145,
   0.7787901610753399
  ],
  [
   0.4457734873395187,
   0.7857292616016965,
   0.2787953687655959
  ],
  [
   0.535706429654041,
   0.5357133582413821,
   0.5357232333547415
  ],
  [
   0.035725009034503756,
   0.535716295501715,
   0.03572275492730475
  ],
  [
   0.5357063424692164,
   0.035715179656577514,
   0.53572324432194
  ],
  [
   0.03572509537821409,
   0.03571231375223229,
   0.03572277273107491
  ]
 ]
}