{
 "0": {
  "0": [
   0.4258747137581327,
   0.4519491411543218,
   0.4519285215399713,
   0.42586640384110624,
   0.4309938150760052,
   0.4554452513303065,
   0.45539761940757195,
   0.4309811890564714,
   0.4332437039723637,
   0.45596415501132626,
   0.45593623673677935,
   0.43324013881612805,
   0.4332401388160406,
   0.4559362367368378,
   0.45596415501121457,
   0.4332437039722536,
   0.43098118905663513,
   0.45539761940760837,
   0.45544525133032454,
   0.4309938150761519,
   0.42586640384102503,
   0.45192852154021357,
   0.4519491411544256,
   0.4258747137581034
  ],
  "1": [
   -3.115922418547778,
   -3.142208219361347,
   -3.1421788264946113,
   -3.115885956480962,
   -3.121016935525783,
   -3.1456795083787945,
   -3.145619694306241,
   -3.1209450410845423,
   -3.1231465017230864,
   -3.1461099895937337,
   -3.146080109004611,
   -3.1231104986342855,
   -3.123110498634343,
   -3.1460801090046897,
   -3.146109989593641,
   -3.123146501723262,
   -3.1209450410842843,
   -3.1456196943062897,
   -3.145679508378992,
   -3.121016935525833,
   -3.115885956480868,
   -3.1421788264948254,
   -3.1422082193612266,
   -3.115922418547768
  ]
 },
 "1": {
  "0": [
   1.8381769034399913,
   1.8375726281051352,
   1.837570675425219,
   1.8381708321253334,
   1.8381826511445034,
   1.8376029081287217,
   1.8375994410061665,
   1.8381708111642354,
   1.838182239225832,
   1.8376320106933177,
   1.8376302468479204,
   1.8381767137265295,
   1.8381767137265006,
   1.8376302468478933,
   1.8376320106931385,
   1.8381822392257932,
   1.8381708111642265,
   1.8375994410064835,
   1.8376029081290695,
   1.838182651144425,
   1.8381708321254058,
   1.8375706754250656,
   1.8375726281051914,
   1.8381769034401383
  ],
  "1": [
   1.840791905554569,
   1.840639040958609,
   1.8406445402468654,
   1.8407921339108997,
   1.840793149452434,
   1.8406334435951681,
   1.840644734659991,
   1.8407934503207442,
   1.8407944817315376,
   1.8406336080683574,
   1.840639499331918,
   1.8407945663438503,
   1.840794566343558,
   1.8406394993319108,
   1.840633608068354,
   1.8407944817317012,
   1.8407934503213623,
   1.8406447346598247,
   1.8406334435950003,
   1.8407931494529721,
   1.8407921339105418,
   1.8406445402471343,
   1.840639040958682,
   1.8407919055539945
  ]
 },
 "2": {
  "0": [
   1.7970592952999305,
   1.7969421681105782,
   1.7966247084557962,
   1.7966148739743637,
   1.7969276256629751,
   1.7970536325280102,
   1.7970669554477783,
   1.7969534915806247,
   1.7966233864131675,
   1.79660359319038,
   1.7969236775465154,
   1.7970553338052508,
   1.7970688984929257,
   1.7969508408105297,
   1.7966121020486336,
   1.7966020072086173,
   1.7969354427433522,
   1.797063134713053,
   1.797063134713264,
   1.7969354427437856,
   1.7966020072078446,
   1.7966121020485772,
   1.796950840810593,
   1.7970688984931993,
   1.7970553338050004,
   1.7969236775461912,
   1.7966035931906774,
   1.7966233864131227,
   1.7969534915804157,
   1.7970669554469356,
   1.7970536325279955,
   1.7969276256622886,
   1.7966148739741477,
   1.7966247084561358,
   1.796942168110294,
   1.7970592952994673
  ],
  "1": [
   1.7960653425657815,
   1.7960781885656567,
   1.7961216075054127,
   1.7961247022869578,
   1.7960850404279929,
   1.7960687359874314,
   1.7960719095061093,
   1.7960787462796235,
   1.7961187327921753,
   1.796125297427385,
   1.7960923195610166,
   1.796078944441774,
   1.796082300313227,
   1.7960861265144794,
   1.7961196542215985,
   1.7961229850715814,
   1.7960930424918247,
   1.7960859331974925,
   1.7960859331975525,
   1.7960930424915993,
   1.7961229850720566,
   1.7961196542217277,
   1.7960861265148529,
   1.7960823003131687,
   1.7960789444418837,
   1.7960923195605518,
   1.7961252974280233,
   1.7961187327920092,
   1.7960787462799916,
   1.7960719095061042,
   1.7960687359878018,
   1.7960850404281223,
   1.796124702286917,
   1.7961216075054647,
   1.7960781885660442,
   1.796065342566039
  ]
 },
 "Z_a": [
  6,
  6,
  6,
  6,
  6,
  6,
  6,
  6,
  6,
  6,
  6,
  6,
  15,
  15,
  15,
  15,
  5,
  5,
  5,
  5,
  6,
  6,
  6,
  6,
  1,
  1,
  1,
  1
 ],
 "spos_ac": [
  [
   0.8725128062271633,
   0.5788645782361553,
   0.7586151613801033
  ],
  [
   0.6989122649163468,
   0.49087818637055075,
   0.2586112887295951
  ],
  [
   0.1989276738411305,
   0.0788410079528084,
   0.3128048493613723
  ],
  [
   0.3725033193337612,
   0.9925875502319049,
   0.8128078762166158
  ],
  [
   0.19892315481892786,
   0.4925571973920667,
   0.3128095295014451
  ],
  [
   0.3725074913454074,
   0.5788707762015073,
   0.8128138723644123
  ],
  [
   0.8725083672045058,
   0.9925945643649999,
   0.7586200136795407
  ],
  [
   0.6989163708218085,
   0.0788329025331262,
   0.258617445035979
  ],
  [
   0.5869574404745392,
   0.785733213864936,
   0.8141947923225966
  ],
  [
   0.9844738548770624,
   0.28569479089678523,
   0.3141670627049546
  ],
  [
   0.48446621187346156,
   0.2856953447836929,
   0.25722661237410804
  ],
  [
   0.08695932495749685,
   0.7857337901375745,
   0.7572503293842963
  ],
  [
   0.7572873889231736,
   0.7857037867987287,
   0.0655779736977574
  ],
  [
   0.8141437830365986,
   0.2857251698928161,
   0.5655656404057552
  ],
  [
   0.31413797887295575,
   0.28572480994138116,
   0.005842576354452304
  ],
  [
   0.2572882060344878,
   0.7857033852619727,
   0.505862054265574
  ],
  [
   0.945917374111562,
   0.7857327710064538,
   0.623668130617417
  ],
  [
   0.625510019452445,
   0.28569609289739906,
   0.12366181764942931
  ],
  [
   0.1255137031658538,
   0.2856958939300236,
   0.44776170401137905
  ],
  [
   0.44591512356601026,
   0.7857323774291809,
   0.9477693797909105
  ],
  [
   0.9457825044015014,
   0.7857296659261728,
   0.2926395243483615
  ],
  [
   0.6256478260488969,
   0.285699229366726,
   0.7926348311164438
  ],
  [
   0.12565145318032864,
   0.2856989861185145,
   0.7787901610753399
  ],
  [
   0.4457734873395187,
   0.7857292616016965,
   0.2787953687655959
  ],
  [
   0.535706429654041,
   0.5357133582413821,
   0.5357232333547415
  ],
  [
   0.035725009034503756,
   0.535716295501715,
   0.03572275492730475
  ],
  [
   0.5357063424692164,
   0.035715179656577514,
   0.53572324432194
  ],
  [
   0.03572509537821409,
   0.03571231375223229,
   0.03572277273107491
  ]
 ]
}