{
 "0": {
  "0": [
   0.42532534200820826,
   0.45143467131634585,
   0.45143551167227197,
   0.4253224136698865,
   0.4304274160503422,
   0.45484902677514377,
   0.45485014168556326,
   0.4304214888453604,
   0.432619076053215,
   0.4552620335678441,
   0.45526197647681577,
   0.432615989536142,
   0.4326159895362865,
   0.45526197647678923,
   0.45526203356774403,
   0.432619076053073,
   0.4304214888453444,
   0.45485014168566995,
   0.4548490267750657,
   0.43042741605063306,
   0.42532241366971685,
   0.4514355116723276,
   0.45143467131638815,
   0.4253253420078866
  ],
  "1": [
   -3.1176109458425225,
   -3.1437448742940584,
   -3.1437440466497155,
   -3.117613899595095,
   -3.122693111251349,
   -3.147145346910279,
   -3.147144252569694,
   -3.1226989956005564,
   -3.1248782067585363,
   -3.147549371012486,
   -3.147549442562825,
   -3.1248813092901893,
   -3.124881309290303,
   -3.147549442562965,
   -3.1475493710125666,
   -3.1248782067583614,
   -3.1226989956005955,
   -3.1471442525697473,
   -3.1471453469101234,
   -3.1226931112512215,
   -3.1176138995951104,
   -3.1437440466495525,
   -3.1437448742939194,
   -3.117610945842458
  ]
 },
 "1": {
  "0": [
   1.796343261989758,
   1.7962896723084918,
   1.7962912311963224,
   1.7963434777750507,
   1.7963428903944776,
   1.7962911394292385,
   1.7962942710022611,
   1.79634331936252,
   1.7963424778666033,
   1.7962942841004856,
   1.7962956860041885,
   1.7963427753313,
   1.7963427753314158,
   1.7962956860041874,
   1.7962942841003682,
   1.7963424778664159,
   1.7963433193626603,
   1.7962942710022167,
   1.7962911394290857,
   1.7963428903944048,
   1.7963434777749918,
   1.79629123119646,
   1.7962896723087862,
   1.7963432619898403
  ],
  "1": [
   1.7950938238073326,
   1.7950564030773875,
   1.795057954762061,
   1.7950940290195654,
   1.7950929739862256,
   1.795052645270836,
   1.7950557607686508,
   1.795093380506731,
   1.7950926472250694,
   1.7950503897486532,
   1.7950521684161955,
   1.7950927462394215,
   1.795092746239413,
   1.7950521684161298,
   1.795050389748545,
   1.7950926472250577,
   1.795093380506607,
   1.7950557607687314,
   1.795052645270677,
   1.7950929739861197,
   1.795094029019561,
   1.7950579547628278,
   1.795056403077117,
   1.7950938238067637
  ]
 },
 "2": {
  "0": [
   1.7937311291760443,
   1.7937357693098586,
   1.793728033452096,
   1.7937279093589418,
   1.7937359046890895,
   1.793731253705559,
   1.7937302466184204,
   1.7937344198513385,
   1.793726623588803,
   1.7937265671014702,
   1.7937347501559615,
   1.7937307126402309,
   1.7937297636309013,
   1.7937331577875943,
   1.793725235244209,
   1.7937252223934428,
   1.7937332391587653,
   1.7937298870789824,
   1.7937298870790628,
   1.7937332391588237,
   1.7937252223935845,
   1.7937252352446909,
   1.7937331577873266,
   1.7937297636309444,
   1.793730712640322,
   1.7937347501560017,
   1.793726567101501,
   1.7937266235893785,
   1.7937344198516187,
   1.7937302466186027,
   1.7937312537059256,
   1.7937359046889145,
   1.793727909358984,
   1.7937280334516,
   1.7937357693101839,
   1.793731129175633
  ],
  "1": [
   1.7947212558908507,
   1.7947276322461638,
   1.794721495050654,
   1.7947213613617479,
   1.7947277239391095,
   1.7947213491310314,
   1.7947207747823968,
   1.7947267495655228,
   1.7947203326796763,
   1.7947202585639785,
   1.7947269905736003,
   1.7947211785971162,
   1.7947206471770685,
   1.7947259210838449,
   1.7947191910081048,
   1.7947191697279643,
   1.7947261745031315,
   1.7947207392361275,
   1.7947207392362197,
   1.7947261745034173,
   1.794719169727816,
   1.7947191910082116,
   1.794725921084212,
   1.794720647177827,
   1.7947211785973682,
   1.7947269905741134,
   1.7947202585640591,
   1.7947203326799306,
   1.7947267495660761,
   1.7947207747824225,
   1.7947213491312075,
   1.7947277239390707,
   1.7947213613615909,
   1.7947214950505779,
   1.7947276322464998,
   1.794721255890638
  ]
 },
 "Z_a": [
  6,
  6,
  6,
  6,
  6,
  6,
  6,
  6,
  6,
  6,
  6,
  6,
  15,
  15,
  15,
  15,
  5,
  5,
  5,
  5,
  6,
  6,
  6,
  6,
  1,
  1,
  1,
  1
 ],
 "spos_ac": [
  [
   0.8725128062271633,
   0.5788645782361553,
   0.7586151613801033
  ],
  [
   0.6989122595554291,
   0.49256570608147227,
   0.25861128824110036
  ],
  [
   0.1989276738411305,
   0.0788410079528084,
   0.3128048493613723
  ],
  [
   0.3725033193337612,
   0.9925875502319049,
   0.8128078762166158
  ],
  [
   0.19892315481892786,
   0.4925571973920667,
   0.3128095295014451
  ],
  [
   0.3725074913454074,
   0.5788707762015073,
   0.8128138723644123
  ],
  [
   0.8725083672045058,
   0.9925945643649999,
   0.7586200136795407
  ],
  [
   0.6989163708218085,
   0.0788329025331262,
   0.258617445035979
  ],
  [
   0.5869574404745392,
   0.785733213864936,
   0.8141947923225966
  ],
  [
   0.9844738548770624,
   0.28569479089678523,
   0.3141670627049546
  ],
  [
   0.48446621187346156,
   0.2856953447836929,
   0.25722661237410804
  ],
  [
   0.08695932495749685,
   0.7857337901375745,
   0.7572503293842963
  ],
  [
   0.7572873889231736,
   0.7857037867987287,
   0.0655779736977574
  ],
  [
   0.8141437830365986,
   0.2857251698928161,
   0.5655656404057552
  ],
  [
   0.31413797887295575,
   0.28572480994138116,
   0.005842576354452304
  ],
  [
   0.2572882060344878,
   0.7857033852619727,
   0.505862054265574
  ],
  [
   0.945917374111562,
   0.7857327710064538,
   0.623668130617417
  ],
  [
   0.625510019452445,
   0.28569609289739906,
   0.12366181764942931
  ],
  [
   0.1255137031658538,
   0.2856958939300236,
   0.44776170401137905
  ],
  [
   0.44591512356601026,
   0.7857323774291809,
   0.9477693797909105
  ],
  [
   0.9457825044015014,
   0.7857296659261728,
   0.2926395243483615
  ],
  [
   0.6256478260488969,
   0.285699229366726,
   0.7926348311164438
  ],
  [
   0.12565145318032864,
   0.2856989861185145,
   0.7787901610753399
  ],
  [
   0.4457734873395187,
   0.7857292616016965,
   0.2787953687655959
  ],
  [
   0.535706429654041,
   0.5357133582413821,
   0.5357232333547415
  ],
  [
   0.035725009034503756,
   0.535716295501715,
   0.03572275492730475
  ],
  [
   0.5357063402896196,
   0.035715180035994575,
   0.5335531684779461
  ],
  [
   0.03572509537821409,
   0.03571231375223229,
   0.03572277273107491
  ]
 ]
}