{
 "0": {
  "0": [
   0.4245194549785566,
   0.45069741222219145,
   0.45071959888160323,
   0.4245287265499761,
   0.42958166845189094,
   0.4540094653483531,
   0.45406044907381254,
   0.42959585895214575,
   0.4317034540382633,
   0.45429913752250284,
   0.45432887031536184,
   0.43170762367805765,
   0.43170762367817056,
   0.45432887031525077,
   0.45429913752271234,
   0.43170345403816934,
   0.4295958589523024,
   0.45406044907397275,
   0.4540094653484083,
   0.4295816684517618,
   0.42452872654991464,
   0.4507195988817685,
   0.45069741222228094,
   0.4245194549786065
  ],
  "1": [
   -3.1196054920257668,
   -3.145561935219974,
   -3.145591469557253,
   -3.1196422279719918,
   -3.1246930051897235,
   -3.148902027612858,
   -3.1489622821359573,
   -3.1247655472291354,
   -3.1269386956968073,
   -3.149285610532332,
   -3.149315817353214,
   -3.126975238707233,
   -3.1269752387072915,
   -3.1493158173529894,
   -3.149285610532302,
   -3.1269386956970844,
   -3.124765547229131,
   -3.1489622821357757,
   -3.148902027612844,
   -3.1246930051900472,
   -3.1196422279717893,
   -3.1455914695575076,
   -3.145561935220094,
   -3.1196054920253924
  ]
 },
 "1": {
  "0": [
   1.8380887871099612,
   1.8374702785845798,
   1.8374725136938175,
   1.838095324835274,
   1.838088266358853,
   1.8374995587347962,
   1.83750350788439,
   1.8381009909455523,
   1.8380940592795396,
   1.8375313255887329,
   1.8375329755579985,
   1.8381001676892774,
   1.8381001676891795,
   1.8375329755580716,
   1.8375313255884331,
   1.8380940592799497,
   1.8381009909454367,
   1.8375035078841901,
   1.8374995587347756,
   1.8380882663588243,
   1.8380953248353997,
   1.8374725136940249,
   1.8374702785847932,
   1.8380887871098237
  ],
  "1": [
   1.840882060132099,
   1.8407221347059977,
   1.8407163205664894,
   1.8408816705809425,
   1.8408835563538861,
   1.8407229298096779,
   1.840710985197081,
   1.8408829556549484,
   1.8408847835872142,
   1.8407178035463918,
   1.8407119759185708,
   1.8408843681314917,
   1.8408843681313396,
   1.840711975918494,
   1.8407178035463256,
   1.840884783587173,
   1.840882955654661,
   1.8407109851969994,
   1.8407229298098298,
   1.8408835563537553,
   1.8408816705802962,
   1.8407163205666086,
   1.8407221347058442,
   1.8408820601323654
  ]
 },
 "2": {
  "0": [
   1.797151450250292,
   1.7970161461818634,
   1.7966806240536237,
   1.7966910009451258,
   1.797031365900602,
   1.7971573764789328,
   1.7971533769147716,
   1.7970124084324466,
   1.7966692666666897,
   1.7966900469789298,
   1.7970436185080774,
   1.7971655114996177,
   1.7971616501801844,
   1.7970252255572459,
   1.796668111185988,
   1.7966787115572882,
   1.7970411193720104,
   1.7971676684728517,
   1.797167668472736,
   1.79704111937167,
   1.7966787115572642,
   1.7966681111856992,
   1.7970252255565733,
   1.7971616501804548,
   1.7971655114998004,
   1.7970436185080836,
   1.79669004697907,
   1.7966692666668278,
   1.79701240843245,
   1.7971533769152712,
   1.797157376478666,
   1.7970313659004398,
   1.7966910009450494,
   1.7966806240526552,
   1.7970161461821856,
   1.797151450250694
  ],
  "1": [
   1.7960099096145268,
   1.796026789496901,
   1.7960660561483128,
   1.7960629603939602,
   1.7960198897553694,
   1.7960064935025972,
   1.7960198087270112,
   1.7960338467074979,
   1.796066402436163,
   1.7960598865963704,
   1.79602011490956,
   1.796012780141043,
   1.796026543113448,
   1.7960341425896,
   1.796063872846476,
   1.7960605704451207,
   1.7960273916556535,
   1.7960229086350636,
   1.7960229086348949,
   1.796027391655736,
   1.7960605704454529,
   1.796063872846367,
   1.79603414258892,
   1.796026543113286,
   1.7960127801410455,
   1.7960201149097699,
   1.7960598865967459,
   1.7960664024367614,
   1.7960338467076287,
   1.7960198087264247,
   1.79600649350295,
   1.7960198897557962,
   1.7960629603932983,
   1.796066056147844,
   1.7960267894969897,
   1.7960099096146727
  ]
 },
 "Z_a": [
  6,
  6,
  6,
  6,
  6,
  6,
  6,
  6,
  6,
  6,
  6,
  6,
  15,
  15,
  15,
  15,
  5,
  5,
  5,
  5,
  6,
  6,
  6,
  6,
  1,
  1,
  1,
  1
 ],
 "spos_ac": [
  [
   0.8725128062271633,
   0.5788645782361553,
   0.7586151613801033
  ],
  [
   0.6989122595554291,
   0.49256570608147227,
   0.25861128824110036
  ],
  [
   0.19892767920204812,
   0.07715348824188686,
   0.3128048498498671
  ],
  [
   0.3725033193337612,
   0.9925875502319049,
   0.8128078762166158
  ],
  [
   0.19892315481892786,
   0.4925571973920667,
   0.3128095295014451
  ],
  [
   0.3725074913454074,
   0.5788707762015073,
   0.8128138723644123
  ],
  [
   0.8725083672045058,
   0.9925945643649999,
   0.7586200136795407
  ],
  [
   0.6989163708218085,
   0.0788329025331262,
   0.258617445035979
  ],
  [
   0.5869574404745392,
   0.785733213864936,
   0.8141947923225966
  ],
  [
   0.9844738548770624,
   0.28569479089678523,
   0.3141670627049546
  ],
  [
   0.48446621187346156,
   0.2856953447836929,
   0.25722661237410804
  ],
  [
   0.08695932495749685,
   0.7857337901375745,
   0.7572503293842963
  ],
  [
   0.7572873889231736,
   0.7857037867987287,
   0.0655779736977574
  ],
  [
   0.8141437830365986,
   0.2857251698928161,
   0.5655656404057552
  ],
  [
   0.31413797887295575,
   0.28572480994138116,
   0.005842576354452304
  ],
  [
   0.2572882060344878,
   0.7857033852619727,
   0.505862054265574
  ],
  [
   0.945917374111562,
   0.7857327710064538,
   0.623668130617417
  ],
  [
   0.625510019452445,
   0.28569609289739906,
   0.12366181764942931
  ],
  [
   0.1255137031658538,
   0.2856958939300236,
   0.44776170401137905
  ],
  [
   0.44591512356601026,
   0.7857323774291809,
   0.9477693797909105
  ],
  [
   0.9457825044015014,
   0.7857296659261728,
   0.2926395243483615
  ],
  [
   0.6256478260488969,
   0.285699229366726,
   0.7926348311164438
  ],
  [
   0.12565145318032864,
   0.2856989861185145,
   0.7787901610753399
  ],
  [
   0.4457734873395187,
   0.7857292616016965,
   0.2787953687655959
  ],
  [
   0.535706429654041,
   0.5357133582413821,
   0.5357232333547415
  ],
  [
   0.035725009034503756,
   0.535716295501715,
   0.03572275492730475
  ],
  [
   0.5357063424692164,
   0.035715179656577514,
   0.53572324432194
  ],
  [
   0.03572509537821409,
   0.03571231375223229,
   0.03572277273107491
  ]
 ]
}