{
 "0": {
  "0": [
   0.4251760821691356,
   0.4513018823015299,
   0.4512864445768123,
   0.4251603989075847,
   0.43027612152139194,
   0.45471654988384125,
   0.45468457803135676,
   0.43024128383548504,
   0.43245509613654337,
   0.45511607016969213,
   0.4550998023016981,
   0.4324360088688254,
   0.43243600886876277,
   0.4550998023017048,
   0.45511607016966815,
   0.4324550961365408,
   0.43024128383548277,
   0.4546845780313098,
   0.4547165498836557,
   0.43027612152132877,
   0.42516039890762103,
   0.45128644457678474,
   0.45130188230143914,
   0.4251760821691168
  ],
  "1": [
   -3.1177546847915587,
   -3.1438704180722614,
   -3.1438946055393524,
   -3.117770392794319,
   -3.122835928302336,
   -3.1472644707763187,
   -3.147314214513325,
   -3.122871448776993,
   -3.125030315534907,
   -3.147683768149891,
   -3.1477105089433897,
   -3.125051437353559,
   -3.1250514373536564,
   -3.1477105089433963,
   -3.1476837681498924,
   -3.1250303155349326,
   -3.1228714487769658,
   -3.147314214513336,
   -3.147264470776269,
   -3.122835928302334,
   -3.117770392794323,
   -3.143894605539361,
   -3.1438704180722645,
   -3.1177546847915787
  ]
 },
 "1": {
  "0": [
   1.8345847966741184,
   1.8347402601154101,
   1.8347485406061173,
   1.8345937730457524,
   1.8345855822829464,
   1.8347339323952099,
   1.834750111488596,
   1.8346032574037394,
   1.8345949710631322,
   1.8347361008957577,
   1.8347436400231165,
   1.834604087996033,
   1.8346040879961734,
   1.8347436400232566,
   1.8347361008958325,
   1.834594971063191,
   1.8346032574036892,
   1.834750111488952,
   1.8347339323951521,
   1.83458558228301,
   1.8345937730456796,
   1.8347485406061055,
   1.8347402601152747,
   1.8345847966740705
  ],
  "1": [
   1.833022634170349,
   1.8328904993901758,
   1.8328681771916033,
   1.8330134555439546,
   1.8330471482833428,
   1.8329222400070215,
   1.832876824814607,
   1.8330289603435892,
   1.833062850296772,
   1.8329318342794116,
   1.8329087733892278,
   1.8330535837018997,
   1.8330535837017734,
   1.8329087733891838,
   1.8329318342795005,
   1.833062850297099,
   1.8330289603435461,
   1.8328768248147993,
   1.8329222400070968,
   1.8330471482834543,
   1.83301345554384,
   1.8328681771915534,
   1.8328904993902286,
   1.8330226341704143
  ]
 },
 "2": {
  "0": [
   1.7957981142160648,
   1.7957931131697844,
   1.7957916475997193,
   1.7957971827422707,
   1.7957994266600057,
   1.795799149877251,
   1.7957974657844218,
   1.7957898879340068,
   1.7957884466725025,
   1.7957998729649116,
   1.7958022611070008,
   1.795799482603509,
   1.795797748280595,
   1.7957926830832298,
   1.795790926188836,
   1.7957969004416285,
   1.7957988758230232,
   1.7957987931927943,
   1.795798793192871,
   1.7957988758228312,
   1.7957969004417167,
   1.7957909261888414,
   1.7957926830832553,
   1.795797748280526,
   1.795799482603709,
   1.7958022611079323,
   1.7957998729647848,
   1.7957884466725431,
   1.7957898879340841,
   1.7957974657843359,
   1.7957991498774435,
   1.7957994266600668,
   1.7957971827421098,
   1.795791647599368,
   1.7957931131698013,
   1.7957981142161399
  ],
  "1": [
   1.7967829909611488,
   1.7967798178021646,
   1.7967828825498477,
   1.7967863171717893,
   1.796792043325017,
   1.7967914399335325,
   1.796779022331941,
   1.7967737387611862,
   1.7967814647170504,
   1.7967880341662976,
   1.7967988414462035,
   1.7967957970329391,
   1.7967834716956685,
   1.7967804437339592,
   1.796783261393498,
   1.7967865574747757,
   1.7967929704266883,
   1.7967916582731045,
   1.7967916582730201,
   1.7967929704265284,
   1.7967865574747424,
   1.7967832613938315,
   1.7967804437340125,
   1.7967834716953814,
   1.7967957970329473,
   1.796798841446569,
   1.796788034166699,
   1.7967814647167073,
   1.7967737387610565,
   1.796779022331996,
   1.7967914399333909,
   1.796792043324899,
   1.7967863171714558,
   1.7967828825496974,
   1.7967798178021683,
   1.796782990960971
  ]
 },
 "Z_a": [
  6,
  6,
  6,
  6,
  6,
  6,
  6,
  6,
  6,
  6,
  6,
  6,
  15,
  15,
  15,
  15,
  5,
  5,
  5,
  5,
  6,
  6,
  6,
  6,
  1,
  1,
  1,
  1
 ],
 "spos_ac": [
  [
   0.8725128062271633,
   0.5788645782361553,
   0.7586151613801033
  ],
  [
   0.6989122595554291,
   0.49256570608147227,
   0.25861128824110036
  ],
  [
   0.1989276738411305,
   0.0788410079528084,
   0.3128048493613723
  ],
  [
   0.3725033193337612,
   0.9925875502319049,
   0.8128078762166158
  ],
  [
   0.19892315481892786,
   0.4925571973920667,
   0.3128095295014451
  ],
  [
   0.3725074913454074,
   0.5788707762015073,
   0.8128138723644123
  ],
  [
   0.8725083672045058,
   0.9925945643649999,
   0.7586200136795407
  ],
  [
   0.6989163708218085,
   0.0788329025331262,
   0.258617445035979
  ],
  [
   0.5869574404745392,
   0.785733213864936,
   0.8141947923225966
  ],
  [
   0.9844738548770624,
   0.28569479089678523,
   0.3141670627049546
  ],
  [
   0.48446621187346156,
   0.2856953447836929,
   0.25722661237410804
  ],
  [
   0.0869593303184145,
   0.784046270426653,
   0.7572503298727911
  ],
  [
   0.7572873889231736,
   0.7857037867987287,
   0.0655779736977574
  ],
  [
   0.8141437830365986,
   0.2857251698928161,
   0.5655656404057552
  ],
  [
   0.31413797887295575,
   0.28572480994138116,
   0.005842576354452304
  ],
  [
   0.2572882060344878,
   0.7857033852619727,
   0.505862054265574
  ],
  [
   0.945917374111562,
   0.7857327710064538,
   0.623668130617417
  ],
  [
   0.625510019452445,
   0.28569609289739906,
   0.12366181764942931
  ],
  [
   0.1255137031658538,
   0.2856958939300236,
   0.44776170401137905
  ],
  [
   0.44591512356601026,
   0.7857323774291809,
   0.9477693797909105
  ],
  [
   0.9457825044015014,
   0.7857296659261728,
   0.2926395243483615
  ],
  [
   0.6256478260488969,
   0.285699229366726,
   0.7926348311164438
  ],
  [
   0.12565145318032864,
   0.2856989861185145,
   0.7787901610753399
  ],
  [
   0.4457734873395187,
   0.7857292616016965,
   0.2787953687655959
  ],
  [
   0.535706429654041,
   0.5357133582413821,
   0.5357232333547415
  ],
  [
   0.035725009034503756,
   0.535716295501715,
   0.03572275492730475
  ],
  [
   0.5357063424692164,
   0.035715179656577514,
   0.53572324432194
  ],
  [
   0.03572509537821409,
   0.03571231375223229,
   0.03572277273107491
  ]
 ]
}