{
 "0": {
  "0": [
   0.4251553737341115,
   0.4515032455482131,
   0.4515032039505249,
   0.4251553259085554,
   0.43017456067081866,
   0.45465281455521944,
   0.4546527283129339,
   0.4301744105398519,
   0.43229312984479057,
   0.454812265585315,
   0.45481222734800913,
   0.4322930724446341,
   0.4322930724445413,
   0.4548122273480491,
   0.45481226558527876,
   0.4322931298448868,
   0.43017441053988636,
   0.45465272831296766,
   0.45465281455528034,
   0.4301745606707989,
   0.4251553259083093,
   0.45150320395066523,
   0.4515032455481653,
   0.42515537373421014
  ],
  "1": [
   -3.1174713422754388,
   -3.143651560449014,
   -3.143651603982806,
   -3.117471376684505,
   -3.122515836345798,
   -3.1469723567530354,
   -3.1469724497435188,
   -3.1225158622392386,
   -3.124698671814716,
   -3.1472958492185206,
   -3.1472959027311433,
   -3.124698707719909,
   -3.1246987077198325,
   -3.1472959027312455,
   -3.1472958492185086,
   -3.1246986718147056,
   -3.122515862239184,
   -3.1469724497435423,
   -3.1469723567530323,
   -3.1225158363458108,
   -3.1174713766843976,
   -3.1436516039829567,
   -3.143651560449057,
   -3.117471342275391
  ]
 },
 "1": {
  "0": [
   1.7958216354346386,
   1.7958128360165475,
   1.7958128182979678,
   1.7958216280945476,
   1.7958218478833963,
   1.7958154380520264,
   1.7958153994711854,
   1.7958218298226347,
   1.7958217637915703,
   1.7958180998779658,
   1.7958178924609018,
   1.7958218516375501,
   1.7958218516372637,
   1.7958178924608497,
   1.7958180998777293,
   1.7958217637915326,
   1.7958218298225461,
   1.795815399471131,
   1.7958154380519054,
   1.7958218478833519,
   1.7958216280942392,
   1.7958128182979523,
   1.7958128360163041,
   1.7958216354347123
  ],
  "1": [
   1.7945700143828385,
   1.7945787074093538,
   1.7945787147911858,
   1.7945700164828746,
   1.794569777266102,
   1.794576084257705,
   1.7945761021082414,
   1.7945697890044507,
   1.7945698392403953,
   1.7945733915640818,
   1.7945735910457934,
   1.7945697510694545,
   1.7945697510695062,
   1.7945735910458467,
   1.7945733915640785,
   1.7945698392404563,
   1.7945697890044938,
   1.7945761021082458,
   1.7945760842578007,
   1.794569777266177,
   1.794570016482986,
   1.7945787147911294,
   1.7945787074091593,
   1.794570014382698
  ]
 },
 "2": {
  "0": [
   1.7437103222244086,
   1.7438409148348626,
   1.7439599465989055,
   1.743959942561807,
   1.7438409112373132,
   1.7437103214876504,
   1.7437177787541094,
   1.7438447058817472,
   1.743965949889286,
   1.7439659435741526,
   1.7438447040098166,
   1.7437177699914292,
   1.7437251699204623,
   1.743848529040363,
   1.7439716684763338,
   1.7439716656073692,
   1.7438484279783448,
   1.7437251692787317,
   1.7437251692785571,
   1.7438484279781785,
   1.7439716656072388,
   1.7439716684765225,
   1.743848529040613,
   1.7437251699206455,
   1.7437177699920372,
   1.7438447040097655,
   1.7439659435742705,
   1.7439659498892774,
   1.7438447058815698,
   1.74371777875427,
   1.7437103214874414,
   1.7438409112372515,
   1.7439599425623178,
   1.7439599465986684,
   1.7438409148350071,
   1.743710322224605
  ],
  "1": [
   1.6741198179275727,
   1.673576967489665,
   1.6730135308623602,
   1.6730135321607391,
   1.6735769566435947,
   1.6741198113022484,
   1.6741191185520718,
   1.6735883635619577,
   1.6730360842241567,
   1.6730360755543916,
   1.673588345744762,
   1.6741191042147352,
   1.6741186187427477,
   1.6736003785526858,
   1.67305947454209,
   1.6730594695389882,
   1.6736004741376298,
   1.6741186123044085,
   1.6741186123043494,
   1.6736004741377124,
   1.673059469539212,
   1.6730594745422929,
   1.673600378552694,
   1.67411861874336,
   1.674119104214494,
   1.6735883457446574,
   1.673036075554388,
   1.673036084223664,
   1.6735883635619817,
   1.674119118552151,
   1.6741198113024274,
   1.6735769566434981,
   1.6730135321606494,
   1.6730135308627105,
   1.6735769674895233,
   1.6741198179277899
  ]
 },
 "Z_a": [
  6,
  6,
  6,
  6,
  6,
  6,
  6,
  6,
  6,
  6,
  6,
  6,
  15,
  15,
  15,
  15,
  5,
  5,
  5,
  5,
  6,
  6,
  6,
  6,
  1,
  1,
  1,
  1
 ],
 "spos_ac": [
  [
   0.8725128062271633,
   0.5788645782361553,
   0.7586151613801033
  ],
  [
   0.6989122595554291,
   0.49256570608147227,
   0.25861128824110036
  ],
  [
   0.1989276738411305,
   0.0788410079528084,
   0.3128048493613723
  ],
  [
   0.3725033193337612,
   0.9925875502319049,
   0.8128078762166158
  ],
  [
   0.19892315481892786,
   0.4925571973920667,
   0.3128095295014451
  ],
  [
   0.3725074913454074,
   0.5788707762015073,
   0.8128138723644123
  ],
  [
   0.8725083672045058,
   0.9925945643649999,
   0.7586200136795407
  ],
  [
   0.6989163708218085,
   0.0788329025331262,
   0.258617445035979
  ],
  [
   0.5869574404745392,
   0.785733213864936,
   0.8141947923225966
  ],
  [
   0.9844738548770624,
   0.28569479089678523,
   0.3141670627049546
  ],
  [
   0.48446621187346156,
   0.2856953447836929,
   0.25722661237410804
  ],
  [
   0.08695932495749685,
   0.7857337901375745,
   0.7572503293842963
  ],
  [
   0.7572873889231736,
   0.7857037867987287,
   0.0655779736977574
  ],
  [
   0.8141437830365986,
   0.2857251698928161,
   0.5655656404057552
  ],
  [
   0.3141379810525527,
   0.2857248095619641,
   0.008012652198446211
  ],
  [
   0.2572882060344878,
   0.7857033852619727,
   0.505862054265574
  ],
  [
   0.945917374111562,
   0.7857327710064538,
   0.623668130617417
  ],
  [
   0.625510019452445,
   0.28569609289739906,
   0.12366181764942931
  ],
  [
   0.1255137031658538,
   0.2856958939300236,
   0.44776170401137905
  ],
  [
   0.44591512356601026,
   0.7857323774291809,
   0.9477693797909105
  ],
  [
   0.9457825044015014,
   0.7857296659261728,
   0.2926395243483615
  ],
  [
   0.6256478260488969,
   0.285699229366726,
   0.7926348311164438
  ],
  [
   0.12565145318032864,
   0.2856989861185145,
   0.7787901610753399
  ],
  [
   0.4457734873395187,
   0.7857292616016965,
   0.2787953687655959
  ],
  [
   0.535706429654041,
   0.5357133582413821,
   0.5357232333547415
  ],
  [
   0.035725009034503756,
   0.535716295501715,
   0.03572275492730475
  ],
  [
   0.5357063424692164,
   0.035715179656577514,
   0.53572324432194
  ],
  [
   0.03572509537821409,
   0.03571231375223229,
   0.03572277273107491
  ]
 ]
}