{
 "0": {
  "0": [
   0.4514964098693212,
   0.47694625876235847,
   0.47694622000072456,
   0.45149636899558787,
   0.4564765086660524,
   0.48028976209825547,
   0.48028967757978813,
   0.45647638262663476,
   0.45855352896817064,
   0.4806287043142833,
   0.48062866707562985,
   0.4585534849065242,
   0.45855348490665215,
   0.480628667075609,
   0.4806287043143272,
   0.4585535289682008,
   0.45647638262675505,
   0.480289677579719,
   0.4802897620982447,
   0.45647650866610034,
   0.45149636899550655,
   0.47694622000087267,
   0.47694625876235514,
   0.45149640986919
  ],
  "1": [
   -3.090101029379801,
   -3.116298164360524,
   -3.1162981618797776,
   -3.0901010266936173,
   -3.095223259451924,
   -3.119689648837443,
   -3.1196896391546414,
   -3.0952232014693455,
   -3.0974515214717044,
   -3.1200812680212806,
   -3.120081261298433,
   -3.0974515106564255,
   -3.0974515106563145,
   -3.120081261298342,
   -3.1200812680212002,
   -3.097451521471781,
   -3.0952232014693624,
   -3.1196896391545694,
   -3.1196896488374732,
   -3.0952232594518443,
   -3.0901010266935947,
   -3.1162981618798202,
   -3.116298164360393,
   -3.0901010293796918
  ]
 },
 "1": {
  "0": [
   1.7958208350523208,
   1.7958122033848096,
   1.7958121865513479,
   1.7958208335394408,
   1.7958210809588284,
   1.795814798520501,
   1.7958147711087233,
   1.7958210611572296,
   1.795821034927517,
   1.7958174558434925,
   1.7958172484614787,
   1.7958211130297224,
   1.795821113029771,
   1.795817248461484,
   1.7958174558435838,
   1.795821034927645,
   1.7958210611568393,
   1.795814771108754,
   1.7958147985204964,
   1.79582108095889,
   1.795820833539751,
   1.795812186551527,
   1.7958122033847397,
   1.7958208350524065
  ],
  "1": [
   1.7945697608222706,
   1.794578337382328,
   1.7945783686378536,
   1.7945697857503164,
   1.7945695206410903,
   1.7945757185017917,
   1.7945757890277125,
   1.7945695522182248,
   1.794569581798754,
   1.7945730514960296,
   1.7945732866918125,
   1.794569507961579,
   1.794569507961613,
   1.7945732866915334,
   1.794573051496204,
   1.7945695817989424,
   1.7945695522182217,
   1.794575789027625,
   1.7945757185020987,
   1.794569520641358,
   1.7945697857504674,
   1.7945783686377197,
   1.7945783373825426,
   1.7945697608221265
  ]
 },
 "2": {
  "0": [
   1.7968944308508905,
   1.7968430012114402,
   1.796688007343948,
   1.7966879727101615,
   1.796843008050787,
   1.7968944343987379,
   1.7968862480623922,
   1.796828383766795,
   1.7966747685243658,
   1.7966747764982882,
   1.796828382987517,
   1.796886267435016,
   1.7968785514023462,
   1.7968127884037464,
   1.7966610014991493,
   1.7966610059144885,
   1.7968127202303938,
   1.796878554728479,
   1.7968785547285462,
   1.7968127202301762,
   1.7966610059146433,
   1.796661001498768,
   1.796812788403524,
   1.7968785514022478,
   1.796886267435117,
   1.7968283829875855,
   1.796674776498456,
   1.7966747685248359,
   1.7968283837668024,
   1.796886248062809,
   1.796894434398993,
   1.7968430080504445,
   1.7966879727101306,
   1.7966880073437559,
   1.7968430012107577,
   1.7968944308503967
  ],
  "1": [
   1.796080498686382,
   1.7961214547562463,
   1.796127245984837,
   1.7961272638278643,
   1.7961214467158575,
   1.796080493274252,
   1.796077713017753,
   1.7961203531891061,
   1.7961362155175127,
   1.7961362114751633,
   1.796120305613739,
   1.7960777135718078,
   1.7960744938031332,
   1.7961185405848823,
   1.7961451805128132,
   1.7961451778248143,
   1.7961186395473863,
   1.796074488554858,
   1.7960744885550104,
   1.796118639547516,
   1.7961451778244393,
   1.7961451805128605,
   1.796118540585082,
   1.7960744938026245,
   1.7960777135718486,
   1.7961203056140815,
   1.796136211475302,
   1.7961362155177212,
   1.7961203531893002,
   1.7960777130175787,
   1.7960804932744525,
   1.7961214467154507,
   1.7961272638274417,
   1.7961272459848536,
   1.7961214547560138,
   1.7960804986861498
  ]
 },
 "Z_a": [
  6,
  6,
  6,
  6,
  6,
  6,
  6,
  6,
  6,
  6,
  6,
  6,
  15,
  15,
  15,
  15,
  5,
  5,
  5,
  5,
  6,
  6,
  6,
  6,
  1,
  1,
  1,
  1
 ],
 "spos_ac": [
  [
   0.8725128062271633,
   0.5788645782361553,
   0.7586151613801033
  ],
  [
   0.6989122595554291,
   0.49256570608147227,
   0.25861128824110036
  ],
  [
   0.1989276738411305,
   0.0788410079528084,
   0.3128048493613723
  ],
  [
   0.3725033193337612,
   0.9925875502319049,
   0.8128078762166158
  ],
  [
   0.19892315481892786,
   0.4925571973920667,
   0.3128095295014451
  ],
  [
   0.3725074913454074,
   0.5788707762015073,
   0.8128138723644123
  ],
  [
   0.8725083672045058,
   0.9925945643649999,
   0.7586200136795407
  ],
  [
   0.6989163708218085,
   0.0788329025331262,
   0.258617445035979
  ],
  [
   0.5869574404745392,
   0.785733213864936,
   0.8141947923225966
  ],
  [
   0.9844738548770624,
   0.28569479089678523,
   0.3141670627049546
  ],
  [
   0.48446621187346156,
   0.2856953447836929,
   0.25722661237410804
  ],
  [
   0.08596341776114827,
   0.7857337992752406,
   0.7572503246786423
  ],
  [
   0.7572873889231736,
   0.7857037867987287,
   0.0655779736977574
  ],
  [
   0.8141437830365986,
   0.2857251698928161,
   0.5655656404057552
  ],
  [
   0.31413797887295575,
   0.28572480994138116,
   0.005842576354452304
  ],
  [
   0.2572882060344878,
   0.7857033852619727,
   0.505862054265574
  ],
  [
   0.945917374111562,
   0.7857327710064538,
   0.623668130617417
  ],
  [
   0.625510019452445,
   0.28569609289739906,
   0.12366181764942931
  ],
  [
   0.1255137031658538,
   0.2856958939300236,
   0.44776170401137905
  ],
  [
   0.44591512356601026,
   0.7857323774291809,
   0.9477693797909105
  ],
  [
   0.9457825044015014,
   0.7857296659261728,
   0.2926395243483615
  ],
  [
   0.6256478260488969,
   0.285699229366726,
   0.7926348311164438
  ],
  [
   0.12565145318032864,
   0.2856989861185145,
   0.7787901610753399
  ],
  [
   0.4457734873395187,
   0.7857292616016965,
   0.2787953687655959
  ],
  [
   0.535706429654041,
   0.5357133582413821,
   0.5357232333547415
  ],
  [
   0.035725009034503756,
   0.535716295501715,
   0.03572275492730475
  ],
  [
   0.5357063424692164,
   0.035715179656577514,
   0.53572324432194
  ],
  [
   0.03572509537821409,
   0.03571231375223229,
   0.03572277273107491
  ]
 ]
}