{
 "0": {
  "0": [
   0.4251734796346842,
   0.45129571413868713,
   0.45130896385339864,
   0.4251871674974698,
   0.4302638677772708,
   0.4547022800118201,
   0.4547167644834481,
   0.4302798653408575,
   0.43245986757796695,
   0.4551185606385004,
   0.4551167204869277,
   0.43245957033181953,
   0.43245957033188126,
   0.455116720486926,
   0.4551185606385146,
   0.4324598675779298,
   0.43027986534084783,
   0.4547167644834748,
   0.45470228001186697,
   0.4302638677772876,
   0.4251871674974235,
   0.4513089638534471,
   0.45129571413867237,
   0.425173479634703
  ],
  "1": [
   -3.1177502307536344,
   -3.143876515117261,
   -3.143869378372968,
   -3.1177557816478068,
   -3.122836653599992,
   -3.1472858772691974,
   -3.147275185661077,
   -3.1228536639609015,
   -3.125027732787684,
   -3.1476907541916312,
   -3.1476876428434077,
   -3.125039409661744,
   -3.125039409661742,
   -3.147687642843381,
   -3.147690754191672,
   -3.12502773278758,
   -3.1228536639608637,
   -3.1472751856609977,
   -3.1472858772692813,
   -3.1228366535999266,
   -3.117755781647809,
   -3.1438693783729343,
   -3.1438765151172308,
   -3.1177502307535314
  ]
 },
 "1": {
  "0": [
   1.834019392806698,
   1.8344816981205208,
   1.8344772217533944,
   1.8340183900478189,
   1.8340131447658925,
   1.8344612580454167,
   1.8344516982686756,
   1.8340113735688452,
   1.8340060669863807,
   1.834436717556254,
   1.8344314863350002,
   1.834005417221128,
   1.8340054172212104,
   1.8344314863349795,
   1.8344367175560172,
   1.8340060669864633,
   1.8340113735689234,
   1.8344516982687087,
   1.8344612580454989,
   1.834013144765858,
   1.834018390047713,
   1.8344772217532503,
   1.8344816981205012,
   1.8340193928066335
  ],
  "1": [
   1.8323020491574944,
   1.832619830180364,
   1.8325968419025749,
   1.8322926830418833,
   1.832297742705223,
   1.832652701315761,
   1.8326067778872113,
   1.8322790274534348,
   1.8322843988964,
   1.8326632487082568,
   1.8326405009486375,
   1.8322749322909953,
   1.8322749322911427,
   1.8326405009484943,
   1.832663248708417,
   1.832284398896484,
   1.8322790274534348,
   1.832606777887074,
   1.8326527013157392,
   1.832297742705181,
   1.8322926830419741,
   1.832596841902754,
   1.8326198301802046,
   1.8323020491572926
  ]
 },
 "2": {
  "0": [
   1.7957869438834624,
   1.795784908657376,
   1.7957790935634659,
   1.795774652379269,
   1.7957777204602063,
   1.7957843349321057,
   1.795788275686336,
   1.795788578377503,
   1.7957818464711723,
   1.7957718012954356,
   1.7957738963833065,
   1.795782699737927,
   1.7957867094217437,
   1.7957847792107615,
   1.795779337195194,
   1.7957742369861296,
   1.7957774426611417,
   1.7957839531429753,
   1.795783953142856,
   1.7957774426611242,
   1.7957742369863747,
   1.7957793371951576,
   1.795784779210703,
   1.7957867094218523,
   1.7957826997380608,
   1.7957738963831889,
   1.7957718012956245,
   1.7957818464713131,
   1.795788578377679,
   1.7957882756865382,
   1.795784334931827,
   1.7957777204600183,
   1.795774652379353,
   1.795779093563576,
   1.7957849086573765,
   1.7957869438837646
  ],
  "1": [
   1.7967829931767108,
   1.7967830895555998,
   1.7967809699063302,
   1.7967804482596164,
   1.7967790283425915,
   1.7967802245483253,
   1.7967845288416868,
   1.796785474916654,
   1.7967815991037719,
   1.7967797008148474,
   1.7967769510201101,
   1.7967789912794905,
   1.7967833080950968,
   1.7967834682895398,
   1.796780957894604,
   1.7967801992441814,
   1.7967794675637796,
   1.7967804690529472,
   1.7967804690529772,
   1.7967794675638977,
   1.7967801992442645,
   1.7967809578945433,
   1.7967834682894497,
   1.796783308095081,
   1.7967789912794754,
   1.7967769510202107,
   1.796779700814815,
   1.796781599103613,
   1.7967854749165322,
   1.796784528841786,
   1.7967802245481233,
   1.7967790283426577,
   1.7967804482596852,
   1.796780969906348,
   1.7967830895557309,
   1.7967829931766564
  ]
 },
 "Z_a": [
  6,
  6,
  6,
  6,
  6,
  6,
  6,
  6,
  6,
  6,
  6,
  6,
  15,
  15,
  15,
  15,
  5,
  5,
  5,
  5,
  6,
  6,
  6,
  6,
  1,
  1,
  1,
  1
 ],
 "spos_ac": [
  [
   0.8725128062271633,
   0.5788645782361553,
   0.7586151613801033
  ],
  [
   0.6989122595554291,
   0.49256570608147227,
   0.25861128824110036
  ],
  [
   0.1989276738411305,
   0.0788410079528084,
   0.3128048493613723
  ],
  [
   0.3725033193337612,
   0.9925875502319049,
   0.8128078762166158
  ],
  [
   0.19892315481892786,
   0.4925571973920667,
   0.3128095295014451
  ],
  [
   0.3725074913454074,
   0.5788707762015073,
   0.8128138723644123
  ],
  [
   0.8725083672045058,
   0.9925945643649999,
   0.7586200136795407
  ],
  [
   0.6989163708218085,
   0.0788329025331262,
   0.258617445035979
  ],
  [
   0.5869574404745392,
   0.785733213864936,
   0.8141947923225966
  ],
  [
   0.9844738548770624,
   0.28569479089678523,
   0.3141670627049546
  ],
  [
   0.48446621187346156,
   0.2856953447836929,
   0.25722661237410804
  ],
  [
   0.08695932495749685,
   0.7857337901375745,
   0.7572503293842963
  ],
  [
   0.7572873889231736,
   0.7857037867987287,
   0.0655779736977574
  ],
  [
   0.8141437830365986,
   0.2857251698928161,
   0.5655656404057552
  ],
  [
   0.31413797887295575,
   0.28572480994138116,
   0.005842576354452304
  ],
  [
   0.2572882060344878,
   0.7857033852619727,
   0.505862054265574
  ],
  [
   0.945917374111562,
   0.7857327710064538,
   0.623668130617417
  ],
  [
   0.625510019452445,
   0.28569609289739906,
   0.12366181764942931
  ],
  [
   0.1255137031658538,
   0.2856958939300236,
   0.44776170401137905
  ],
  [
   0.44591512356601026,
   0.7857323774291809,
   0.9477693797909105
  ],
  [
   0.9457825044015014,
   0.7857296659261728,
   0.2926395243483615
  ],
  [
   0.6256478260488969,
   0.285699229366726,
   0.7926348311164438
  ],
  [
   0.12565145318032864,
   0.2856989861185145,
   0.7787901610753399
  ],
  [
   0.44577349270043637,
   0.784041741890775,
   0.2787953692540907
  ],
  [
   0.535706429654041,
   0.5357133582413821,
   0.5357232333547415
  ],
  [
   0.035725009034503756,
   0.535716295501715,
   0.03572275492730475
  ],
  [
   0.5357063424692164,
   0.035715179656577514,
   0.53572324432194
  ],
  [
   0.03572509537821409,
   0.03571231375223229,
   0.03572277273107491
  ]
 ]
}