{
 "0": {
  "0": [
   0.4252017999473119,
   0.4513282776801674,
   0.45130404486374526,
   0.42518603922184844,
   0.43030319327537514,
   0.45474799618395434,
   0.45469816522391154,
   0.4302674719870282,
   0.4324833087207497,
   0.45514427604345686,
   0.455117503608756,
   0.43246213035722353,
   0.43246213035729264,
   0.4551175036088088,
   0.4551442760435021,
   0.4324833087208122,
   0.4302674719870383,
   0.4546981652239178,
   0.4547479961840099,
   0.4303031932754153,
   0.42518603922185416,
   0.45130404486373354,
   0.45132827768016237,
   0.4252017999472569
  ],
  "1": [
   -3.1177289238929156,
   -3.1438527353684833,
   -3.1438681003338242,
   -3.1177445305333156,
   -3.1228095334037445,
   -3.147250727721711,
   -3.147282555284105,
   -3.1228441212000546,
   -3.1250038715826207,
   -3.1476658028243696,
   -3.147682009011899,
   -3.125022876625468,
   -3.1250228766253665,
   -3.1476820090118993,
   -3.1476658028242666,
   -3.1250038715826003,
   -3.122844121199941,
   -3.147282555284079,
   -3.1472507277216315,
   -3.122809533403722,
   -3.117744530533301,
   -3.143868100333837,
   -3.143852735368438,
   -3.1177289238928663
  ]
 },
 "1": {
  "0": [
   1.8342728775903512,
   1.834123584024966,
   1.8341012304006432,
   1.8342636760276658,
   1.8342978775018284,
   1.8341605466094109,
   1.8341150692203145,
   1.8342796448039043,
   1.834313469871358,
   1.8341754979337337,
   1.834152020756365,
   1.8343043675796233,
   1.8343043675796256,
   1.834152020756255,
   1.8341754979336973,
   1.8343134698713455,
   1.8342796448038787,
   1.8341150692202695,
   1.8341605466093707,
   1.8342978775017644,
   1.8342636760277944,
   1.8341012304008402,
   1.8341235840251418,
   1.8342728775903294
  ],
  "1": [
   1.8333334861542367,
   1.833506223000193,
   1.833514548470908,
   1.8333424948585069,
   1.8333337893956787,
   1.8334946705350668,
   1.8335109389059265,
   1.833351529780503,
   1.833343305738037,
   1.8334914931000568,
   1.8334994626783734,
   1.8333522668265065,
   1.833352266826619,
   1.8334994626783407,
   1.833491493100151,
   1.8333433057380126,
   1.8333515297805152,
   1.8335109389060051,
   1.8334946705350175,
   1.8333337893956112,
   1.8333424948585304,
   1.8335145484712205,
   1.833506223000223,
   1.8333334861542752
  ]
 },
 "2": {
  "0": [
   1.7958163055625425,
   1.795815114161144,
   1.795821019864271,
   1.7958244538715966,
   1.7958273440304615,
   1.795824759195711,
   1.7958118016166542,
   1.7958084814070452,
   1.7958194458987988,
   1.7958260146837464,
   1.7958335950603577,
   1.795828585173135,
   1.7958157405584076,
   1.795814633976337,
   1.7958210784828843,
   1.795824374969236,
   1.7958269474882487,
   1.7958239313748825,
   1.7958239313749684,
   1.7958269474883446,
   1.795824374969286,
   1.7958210784830781,
   1.7958146339761731,
   1.795815740558388,
   1.7958285851731133,
   1.7958335950602706,
   1.7958260146837888,
   1.7958194458986145,
   1.7958084814069712,
   1.7958118016168017,
   1.79582475919559,
   1.7958273440307706,
   1.7958244538711636,
   1.7958210198641855,
   1.7958151141613332,
   1.7958163055623966
  ],
  "1": [
   1.7968079310901302,
   1.7968070639023765,
   1.7968094640641203,
   1.7968149966069755,
   1.79681336664302,
   1.7968089581333426,
   1.7968074510900784,
   1.796804409122917,
   1.7968069462244114,
   1.7968183693317394,
   1.796816762043418,
   1.7968094512823247,
   1.7968079047715098,
   1.7968078196124142,
   1.796810091618724,
   1.796816063184028,
   1.7968142171215065,
   1.7968089420370867,
   1.7968089420370976,
   1.796814217121538,
   1.7968160631840464,
   1.7968100916187082,
   1.7968078196123156,
   1.7968079047714696,
   1.7968094512822381,
   1.79681676204349,
   1.7968183693320454,
   1.7968069462244738,
   1.796804409122973,
   1.7968074510900043,
   1.7968089581334266,
   1.7968133666431307,
   1.7968149966068103,
   1.7968094640641767,
   1.7968070639024043,
   1.79680793108977
  ]
 },
 "Z_a": [
  6,
  6,
  6,
  6,
  6,
  6,
  6,
  6,
  6,
  6,
  6,
  6,
  15,
  15,
  15,
  15,
  5,
  5,
  5,
  5,
  6,
  6,
  6,
  6,
  1,
  1,
  1,
  1
 ],
 "spos_ac": [
  [
   0.8725128062271633,
   0.5788645782361553,
   0.7586151613801033
  ],
  [
   0.6989122595554291,
   0.49256570608147227,
   0.25861128824110036
  ],
  [
   0.1989276738411305,
   0.0788410079528084,
   0.3128048493613723
  ],
  [
   0.3725033193337612,
   0.9925875502319049,
   0.8128078762166158
  ],
  [
   0.19892315481892786,
   0.4925571973920667,
   0.3128095295014451
  ],
  [
   0.3725074913454074,
   0.5788707762015073,
   0.8128138723644123
  ],
  [
   0.8725083672045058,
   0.9925945643649999,
   0.7586200136795407
  ],
  [
   0.6989163708218085,
   0.0788329025331262,
   0.258617445035979
  ],
  [
   0.5869574404745392,
   0.785733213864936,
   0.8141947923225966
  ],
  [
   0.9844738602379801,
   0.28400727118586366,
   0.31416706319344934
  ],
  [
   0.48446621187346156,
   0.2856953447836929,
   0.25722661237410804
  ],
  [
   0.08695932495749685,
   0.7857337901375745,
   0.7572503293842963
  ],
  [
   0.7572873889231736,
   0.7857037867987287,
   0.0655779736977574
  ],
  [
   0.8141437830365986,
   0.2857251698928161,
   0.5655656404057552
  ],
  [
   0.31413797887295575,
   0.28572480994138116,
   0.005842576354452304
  ],
  [
   0.2572882060344878,
   0.7857033852619727,
   0.505862054265574
  ],
  [
   0.945917374111562,
   0.7857327710064538,
   0.623668130617417
  ],
  [
   0.625510019452445,
   0.28569609289739906,
   0.12366181764942931
  ],
  [
   0.1255137031658538,
   0.2856958939300236,
   0.44776170401137905
  ],
  [
   0.44591512356601026,
   0.7857323774291809,
   0.9477693797909105
  ],
  [
   0.9457825044015014,
   0.7857296659261728,
   0.2926395243483615
  ],
  [
   0.6256478260488969,
   0.285699229366726,
   0.7926348311164438
  ],
  [
   0.12565145318032864,
   0.2856989861185145,
   0.7787901610753399
  ],
  [
   0.4457734873395187,
   0.7857292616016965,
   0.2787953687655959
  ],
  [
   0.535706429654041,
   0.5357133582413821,
   0.5357232333547415
  ],
  [
   0.035725009034503756,
   0.535716295501715,
   0.03572275492730475
  ],
  [
   0.5357063424692164,
   0.035715179656577514,
   0.53572324432194
  ],
  [
   0.03572509537821409,
   0.03571231375223229,
   0.03572277273107491
  ]
 ]
}