{
 "0": {
  "0": [
   0.4256746994912193,
   0.4519754416444386,
   0.4520176837814995,
   0.42571444828714117,
   0.43062994990143993,
   0.45520714981089816,
   0.4553017049306038,
   0.43072028653464683,
   0.432727518687359,
   0.4554822453710565,
   0.45553695060931326,
   0.4327808135994681,
   0.43278081359950327,
   0.45553695060923377,
   0.4554822453710435,
   0.4327275186873339,
   0.4307202865346436,
   0.45530170493056665,
   0.4552071498108333,
   0.43062994990143166,
   0.4257144482871866,
   0.4520176837814733,
   0.45197544164434317,
   0.4256746994912558
  ],
  "1": [
   -3.1164740634378307,
   -3.142650939796155,
   -3.1426633051416464,
   -3.116488124434972,
   -3.121554824338606,
   -3.145989457588399,
   -3.146004889703843,
   -3.121573065495638,
   -3.1237760125927636,
   -3.1463545224558453,
   -3.1463555480254617,
   -3.1237785769537174,
   -3.123778576953725,
   -3.146355548025454,
   -3.1463545224558684,
   -3.1237760125927596,
   -3.121573065495623,
   -3.146004889703852,
   -3.1459894575883562,
   -3.121554824338565,
   -3.1164881244349862,
   -3.1426633051416757,
   -3.1426509397961175,
   -3.116474063437842
  ]
 },
 "1": {
  "0": [
   1.7956903322306978,
   1.7956159306534754,
   1.79561739930874,
   1.7956924651021549,
   1.795691122554404,
   1.7956136681840438,
   1.7956163128951854,
   1.79569426758894,
   1.7956933370958164,
   1.795612442830008,
   1.7956135838065084,
   1.7956953638205786,
   1.7956953638206774,
   1.7956135838064002,
   1.7956124428299538,
   1.7956933370958776,
   1.7956942675890313,
   1.7956163128952352,
   1.7956136681840746,
   1.7956911225543541,
   1.7956924651020891,
   1.7956173993087023,
   1.7956159306535677,
   1.795690332230556
  ],
  "1": [
   1.794284511178531,
   1.794549853263852,
   1.7945467292205601,
   1.7942805601031853,
   1.7942876727174053,
   1.7945492936583771,
   1.7945434170302683,
   1.794279814800594,
   1.7942874124307397,
   1.79454571387979,
   1.7945430733138084,
   1.7942831540844224,
   1.7942831540843465,
   1.7945430733138696,
   1.7945457138798149,
   1.7942874124307688,
   1.7942798148006471,
   1.7945434170304535,
   1.7945492936583711,
   1.79428767271733,
   1.7942805601031577,
   1.7945467292205108,
   1.7945498532637625,
   1.7942845111783647
  ]
 },
 "2": {
  "0": [
   1.8469204340465284,
   1.8466482808906113,
   1.8462596494409023,
   1.8462548040987192,
   1.8466373137777534,
   1.8469142419368825,
   1.8469293879136568,
   1.8466604731702472,
   1.846266349317555,
   1.8462580140338718,
   1.8466383569007172,
   1.8469176887297147,
   1.846932528569096,
   1.8466618611806664,
   1.8462697538930095,
   1.8462651670638037,
   1.8466513359796357,
   1.846926704229662,
   1.846926704229759,
   1.846651335979572,
   1.8462651670638413,
   1.8462697538930777,
   1.8466618611805492,
   1.8469325285691065,
   1.846917688729795,
   1.8466383569007083,
   1.8462580140338956,
   1.8462663493173208,
   1.8466604731705627,
   1.8469293879136846,
   1.8469142419369333,
   1.8466373137777763,
   1.8462548040988975,
   1.8462596494407841,
   1.8466482808905398,
   1.846920434046625
  ],
  "1": [
   1.848148289904583,
   1.8480816001541835,
   1.8480490660243771,
   1.8480452184195193,
   1.848072411231547,
   1.8481430344634222,
   1.8481518000236825,
   1.8480754988966381,
   1.848032981191604,
   1.8480251926885536,
   1.848056541722868,
   1.8481418302328076,
   1.848150293510854,
   1.8480594606585703,
   1.8480126556411272,
   1.848008734136484,
   1.8480501173150863,
   1.8481450944456093,
   1.8481450944457312,
   1.8480501173148518,
   1.84800873413653,
   1.8480126556410137,
   1.8480594606586354,
   1.84815029351073,
   1.8481418302328454,
   1.8480565417229533,
   1.8480251926885198,
   1.8480329811916392,
   1.8480754988965518,
   1.848151800023868,
   1.8481430344633576,
   1.8480724112317746,
   1.848045218419574,
   1.8480490660245104,
   1.848081600154188,
   1.8481482899043729
  ]
 },
 "Z_a": [
  6,
  6,
  6,
  6,
  6,
  6,
  6,
  6,
  6,
  6,
  6,
  6,
  15,
  15,
  15,
  15,
  5,
  5,
  5,
  5,
  6,
  6,
  6,
  6,
  1,
  1,
  1,
  1
 ],
 "spos_ac": [
  [
   0.8725128062271633,
   0.5788645782361553,
   0.7586151613801033
  ],
  [
   0.6989122595554291,
   0.49256570608147227,
   0.25861128824110036
  ],
  [
   0.1989276738411305,
   0.0788410079528084,
   0.3128048493613723
  ],
  [
   0.3725033193337612,
   0.9925875502319049,
   0.8128078762166158
  ],
  [
   0.19892315481892786,
   0.4925571973920667,
   0.3128095295014451
  ],
  [
   0.3725074891658104,
   0.5788707765809243,
   0.8106437965204183
  ],
  [
   0.8725083672045058,
   0.9925945643649999,
   0.7586200136795407
  ],
  [
   0.6989163708218085,
   0.0788329025331262,
   0.258617445035979
  ],
  [
   0.5869574404745392,
   0.785733213864936,
   0.8141947923225966
  ],
  [
   0.9844738548770624,
   0.28569479089678523,
   0.3141670627049546
  ],
  [
   0.48446621187346156,
   0.2856953447836929,
   0.25722661237410804
  ],
  [
   0.08695932495749685,
   0.7857337901375745,
   0.7572503293842963
  ],
  [
   0.7572873889231736,
   0.7857037867987287,
   0.0655779736977574
  ],
  [
   0.8141437830365986,
   0.2857251698928161,
   0.5655656404057552
  ],
  [
   0.31413797887295575,
   0.28572480994138116,
   0.005842576354452304
  ],
  [
   0.2572882060344878,
   0.7857033852619727,
   0.505862054265574
  ],
  [
   0.945917374111562,
   0.7857327710064538,
   0.623668130617417
  ],
  [
   0.625510019452445,
   0.28569609289739906,
   0.12366181764942931
  ],
  [
   0.1255137031658538,
   0.2856958939300236,
   0.44776170401137905
  ],
  [
   0.44591512356601026,
   0.7857323774291809,
   0.9477693797909105
  ],
  [
   0.9457825044015014,
   0.7857296659261728,
   0.2926395243483615
  ],
  [
   0.6256478260488969,
   0.285699229366726,
   0.7926348311164438
  ],
  [
   0.12565145318032864,
   0.2856989861185145,
   0.7787901610753399
  ],
  [
   0.4457734873395187,
   0.7857292616016965,
   0.2787953687655959
  ],
  [
   0.535706429654041,
   0.5357133582413821,
   0.5357232333547415
  ],
  [
   0.035725009034503756,
   0.535716295501715,
   0.03572275492730475
  ],
  [
   0.5357063424692164,
   0.035715179656577514,
   0.53572324432194
  ],
  [
   0.03572509537821409,
   0.03571231375223229,
   0.03572277273107491
  ]
 ]
}