{
 "0": {
  "0": [
   0.40258603791713443,
   0.4287892212139122,
   0.4287891703968781,
   0.40258598642733084,
   0.40781060969232835,
   0.4320341478839542,
   0.43203403721269545,
   0.4078104417125413,
   0.4101279755896215,
   0.4322793976353722,
   0.43227934213891267,
   0.4101279090238364,
   0.41012790902391477,
   0.4322793421389479,
   0.4322793976350959,
   0.4101279755895002,
   0.4078104417124833,
   0.4320340372126518,
   0.432034147883835,
   0.4078106096924514,
   0.4025859864274534,
   0.42878917039687775,
   0.42878922121383894,
   0.40258603791727465
  ],
  "1": [
   3.1103693720630687,
   3.0845822613462808,
   3.084582286389629,
   3.110369402490203,
   3.105179760373721,
   3.080956545220919,
   3.0809565998656145,
   3.105179871380214,
   3.1028730077016657,
   3.080310122419041,
   3.080310143209814,
   3.1028730452003135,
   3.1028730452000484,
   3.0803101432097084,
   3.0803101224190947,
   3.1028730077017914,
   3.1051798713802947,
   3.080956599865376,
   3.0809565452210674,
   3.1051797603738964,
   3.110369402490165,
   3.0845822863894767,
   3.0845822613463816,
   3.1103693720628973
  ]
 },
 "1": {
  "0": [
   1.795821213563812,
   1.795812507670464,
   1.7958125002654042,
   1.7958212072855864,
   1.7958214583145848,
   1.7958151218507914,
   1.7958151098027064,
   1.7958214406120094,
   1.7958214040126614,
   1.7958178127562037,
   1.7958176133364423,
   1.795821492309936,
   1.7958214923100526,
   1.795817613336415,
   1.7958178127560673,
   1.7958214040125657,
   1.7958214406126185,
   1.7958151098026298,
   1.7958151218507625,
   1.7958214583147556,
   1.7958212072856907,
   1.7958125002650867,
   1.7958125076705886,
   1.7958212135639322
  ],
  "1": [
   1.79457096988163,
   1.794579619482441,
   1.794579636080537,
   1.7945709729492236,
   1.794570731473321,
   1.7945770130419239,
   1.794577050162418,
   1.794570755824834,
   1.7945707961739301,
   1.7945743451718792,
   1.794574554320468,
   1.7945707130517032,
   1.7945707130518895,
   1.7945745543202343,
   1.7945743451716316,
   1.7945707961740358,
   1.7945707558247368,
   1.7945770501623695,
   1.794577013042571,
   1.7945707314730874,
   1.794570972949269,
   1.7945796360809383,
   1.794579619482335,
   1.7945709698817742
  ]
 },
 "2": {
  "0": [
   1.7965164538292264,
   1.79679119305753,
   1.7970681165588576,
   1.7970681168192233,
   1.7967911957744445,
   1.796516456256711,
   1.7965262107829,
   1.7967897940096893,
   1.7970702930154756,
   1.7970702925386248,
   1.7967897917629203,
   1.7965262180979127,
   1.7965360398541983,
   1.796788689548942,
   1.797072896857653,
   1.7970728969623788,
   1.79678857930141,
   1.7965360419647907,
   1.7965360419649925,
   1.796788579301594,
   1.7970728969627094,
   1.7970728968574161,
   1.7967886895493004,
   1.7965360398539305,
   1.7965262180984776,
   1.7967897917630127,
   1.7970702925383144,
   1.7970702930151239,
   1.7967897940097166,
   1.7965262107827003,
   1.7965164562566782,
   1.796791195774829,
   1.7970681168187577,
   1.7970681165582663,
   1.7967911930574556,
   1.7965164538287288
  ],
  "1": [
   1.7959644310507539,
   1.795716719122088,
   1.7953746871829048,
   1.7953746802170258,
   1.7957167150833087,
   1.795964427985397,
   1.7959736341837365,
   1.795722857852892,
   1.795372672877484,
   1.7953726716544351,
   1.7957228609879123,
   1.7959736291114592,
   1.7959831215830313,
   1.7957293885485026,
   1.7953711321074812,
   1.795371130910338,
   1.7957294931242809,
   1.7959831188859574,
   1.7959831188857591,
   1.795729493124012,
   1.795371130909808,
   1.7953711321081796,
   1.795729388549122,
   1.7959831215828415,
   1.7959736291113664,
   1.7957228609877025,
   1.7953726716543916,
   1.795372672878024,
   1.795722857852777,
   1.795973634183686,
   1.7959644279850144,
   1.795716715083643,
   1.7953746802172468,
   1.795374687183299,
   1.7957167191217132,
   1.7959644310504348
  ]
 },
 "Z_a": [
  6,
  6,
  6,
  6,
  6,
  6,
  6,
  6,
  6,
  6,
  6,
  6,
  15,
  15,
  15,
  15,
  5,
  5,
  5,
  5,
  6,
  6,
  6,
  6,
  1,
  1,
  1,
  1
 ],
 "spos_ac": [
  [
   0.8725128062271633,
   0.5788645782361553,
   0.7586151613801033
  ],
  [
   0.6989122595554291,
   0.49256570608147227,
   0.25861128824110036
  ],
  [
   0.1989276738411305,
   0.0788410079528084,
   0.3128048493613723
  ],
  [
   0.3725033193337612,
   0.9925875502319049,
   0.8128078762166158
  ],
  [
   0.19892315481892786,
   0.4925571973920667,
   0.3128095295014451
  ],
  [
   0.3725074913454074,
   0.5788707762015073,
   0.8128138723644123
  ],
  [
   0.8725083672045058,
   0.9925945643649999,
   0.7586200136795407
  ],
  [
   0.6989163708218085,
   0.0788329025331262,
   0.258617445035979
  ],
  [
   0.5869574404745392,
   0.785733213864936,
   0.8141947923225966
  ],
  [
   0.9844738548770624,
   0.28569479089678523,
   0.3141670627049546
  ],
  [
   0.48446621187346156,
   0.2856953447836929,
   0.25722661237410804
  ],
  [
   0.08695932495749685,
   0.7857337901375745,
   0.7572503293842963
  ],
  [
   0.7572873889231736,
   0.7857037867987287,
   0.0655779736977574
  ],
  [
   0.8151396902329473,
   0.28572516075515003,
   0.5655656451114092
  ],
  [
   0.31413797887295575,
   0.28572480994138116,
   0.005842576354452304
  ],
  [
   0.2572882060344878,
   0.7857033852619727,
   0.505862054265574
  ],
  [
   0.945917374111562,
   0.7857327710064538,
   0.623668130617417
  ],
  [
   0.625510019452445,
   0.28569609289739906,
   0.12366181764942931
  ],
  [
   0.1255137031658538,
   0.2856958939300236,
   0.44776170401137905
  ],
  [
   0.44591512356601026,
   0.7857323774291809,
   0.9477693797909105
  ],
  [
   0.9457825044015014,
   0.7857296659261728,
   0.2926395243483615
  ],
  [
   0.6256478260488969,
   0.285699229366726,
   0.7926348311164438
  ],
  [
   0.12565145318032864,
   0.2856989861185145,
   0.7787901610753399
  ],
  [
   0.4457734873395187,
   0.7857292616016965,
   0.2787953687655959
  ],
  [
   0.535706429654041,
   0.5357133582413821,
   0.5357232333547415
  ],
  [
   0.035725009034503756,
   0.535716295501715,
   0.03572275492730475
  ],
  [
   0.5357063424692164,
   0.035715179656577514,
   0.53572324432194
  ],
  [
   0.03572509537821409,
   0.03571231375223229,
   0.03572277273107491
  ]
 ]
}