{
 "0": {
  "0": [
   0.44874981637721456,
   0.4751184945927688,
   0.4750564436813105,
   0.4486841347191034,
   0.4538705750968558,
   0.478448748231752,
   0.4783250297739981,
   0.4537438562021183,
   0.45601700170517956,
   0.47870633549825126,
   0.47864421364450166,
   0.4559558024426723,
   0.45595580244269285,
   0.47864421364447696,
   0.47870633549829944,
   0.45601700170516224,
   0.45374385620215635,
   0.47832502977400754,
   0.478448748231772,
   0.45387057509694134,
   0.4486841347191058,
   0.47505644368132466,
   0.475118494592798,
   0.44874981637727757
  ],
  "1": [
   -3.093939889696344,
   -3.1199955794927248,
   -3.1200537308049,
   -3.094008633203363,
   -3.0989764398537383,
   -3.1234808832346816,
   -3.1235883753031706,
   -3.0991136868578426,
   -3.101167250286004,
   -3.1240165037803798,
   -3.1240646033448374,
   -3.101235698837149,
   -3.101235698837121,
   -3.1240646033448485,
   -3.1240165037803758,
   -3.101167250285999,
   -3.0991136868578515,
   -3.123588375303176,
   -3.1234808832346683,
   -3.0989764398537027,
   -3.0940086332033543,
   -3.12005373080486,
   -3.119995579492752,
   -3.093939889696316
  ]
 },
 "1": {
  "0": [
   1.799208581010968,
   1.7995252502794596,
   1.7995394062593961,
   1.799217281527447,
   1.7992131752047467,
   1.799525022169015,
   1.7995533862661632,
   1.7992312997973066,
   1.7992266696602692,
   1.7995391820832503,
   1.799553408892769,
   1.7992355744007498,
   1.7992355744006898,
   1.7995534088928016,
   1.7995391820832325,
   1.7992266696601105,
   1.7992312997973365,
   1.7995533862662365,
   1.799525022169085,
   1.7992131752046314,
   1.7992172815275687,
   1.7995394062594612,
   1.7995252502794468,
   1.799208581010927
  ],
  "1": [
   1.795633334859307,
   1.795045958345705,
   1.7950416373171447,
   1.7956309129082502,
   1.7956212084813905,
   1.795038718913843,
   1.7950307423914889,
   1.7956164400403127,
   1.7956074371532993,
   1.7950271906519342,
   1.7950233635920818,
   1.7956051600603578,
   1.7956051600604679,
   1.7950233635921258,
   1.7950271906518858,
   1.7956074371533033,
   1.795616440040411,
   1.7950307423914165,
   1.7950387189136996,
   1.7956212084814136,
   1.7956309129083543,
   1.7950416373170748,
   1.7950459583456024,
   1.795633334859391
  ]
 },
 "2": {
  "0": [
   1.7942611186798902,
   1.7945774347611883,
   1.7949856847734913,
   1.794978701830092,
   1.794564215904267,
   1.7942547594605294,
   1.7942647736322492,
   1.7945735410708745,
   1.7949794290228576,
   1.794965214746006,
   1.794546835402326,
   1.7942525143595986,
   1.7942625206793534,
   1.794555793768576,
   1.7949652120694841,
   1.7949575067484158,
   1.7945424941675787,
   1.79425611073583,
   1.794256110736043,
   1.7945424941675996,
   1.7949575067483774,
   1.7949652120695154,
   1.7945557937684826,
   1.7942625206794502,
   1.7942525143596064,
   1.794546835402083,
   1.7949652147461144,
   1.7949794290229357,
   1.7945735410707597,
   1.794264773632198,
   1.794254759460612,
   1.794564215904356,
   1.7949787018301193,
   1.794985684773594,
   1.794577434761291,
   1.7942611186799367
  ],
  "1": [
   1.793535997571213,
   1.7935167672354528,
   1.793556917837444,
   1.7935515922182175,
   1.7935033443836457,
   1.7935287446643255,
   1.7935399265396585,
   1.7935266113772719,
   1.7935666903057073,
   1.7935557421302348,
   1.7934998978934524,
   1.7935251395817513,
   1.7935360176534505,
   1.7935228921350004,
   1.7935712221972175,
   1.7935656538827296,
   1.793509765143475,
   1.7935288932435578,
   1.7935288932434728,
   1.7935097651436123,
   1.793565653882788,
   1.7935712221973514,
   1.7935228921351438,
   1.7935360176535327,
   1.7935251395817262,
   1.7934998978933523,
   1.7935557421299797,
   1.7935666903057055,
   1.7935266113773902,
   1.7935399265396796,
   1.7935287446644852,
   1.7935033443834731,
   1.7935515922182956,
   1.7935569178375432,
   1.7935167672354917,
   1.7935359975712317
  ]
 },
 "Z_a": [
  6,
  6,
  6,
  6,
  6,
  6,
  6,
  6,
  6,
  6,
  6,
  6,
  15,
  15,
  15,
  15,
  5,
  5,
  5,
  5,
  6,
  6,
  6,
  6,
  1,
  1,
  1,
  1
 ],
 "spos_ac": [
  [
   0.8715168990308148,
   0.5788645873738214,
   0.7586151566744493
  ],
  [
   0.6989122595554291,
   0.49256570608147227,
   0.25861128824110036
  ],
  [
   0.1989276738411305,
   0.0788410079528084,
   0.3128048493613723
  ],
  [
   0.3725033193337612,
   0.9925875502319049,
   0.8128078762166158
  ],
  [
   0.19892315481892786,
   0.4925571973920667,
   0.3128095295014451
  ],
  [
   0.3725074913454074,
   0.5788707762015073,
   0.8128138723644123
  ],
  [
   0.8725083672045058,
   0.9925945643649999,
   0.7586200136795407
  ],
  [
   0.6989163708218085,
   0.0788329025331262,
   0.258617445035979
  ],
  [
   0.5869574404745392,
   0.785733213864936,
   0.8141947923225966
  ],
  [
   0.9844738548770624,
   0.28569479089678523,
   0.3141670627049546
  ],
  [
   0.48446621187346156,
   0.2856953447836929,
   0.25722661237410804
  ],
  [
   0.08695932495749685,
   0.7857337901375745,
   0.7572503293842963
  ],
  [
   0.7572873889231736,
   0.7857037867987287,
   0.0655779736977574
  ],
  [
   0.8141437830365986,
   0.2857251698928161,
   0.5655656404057552
  ],
  [
   0.31413797887295575,
   0.28572480994138116,
   0.005842576354452304
  ],
  [
   0.2572882060344878,
   0.7857033852619727,
   0.505862054265574
  ],
  [
   0.945917374111562,
   0.7857327710064538,
   0.623668130617417
  ],
  [
   0.625510019452445,
   0.28569609289739906,
   0.12366181764942931
  ],
  [
   0.1255137031658538,
   0.2856958939300236,
   0.44776170401137905
  ],
  [
   0.44591512356601026,
   0.7857323774291809,
   0.9477693797909105
  ],
  [
   0.9457825044015014,
   0.7857296659261728,
   0.2926395243483615
  ],
  [
   0.6256478260488969,
   0.285699229366726,
   0.7926348311164438
  ],
  [
   0.12565145318032864,
   0.2856989861185145,
   0.7787901610753399
  ],
  [
   0.4457734873395187,
   0.7857292616016965,
   0.2787953687655959
  ],
  [
   0.535706429654041,
   0.5357133582413821,
   0.5357232333547415
  ],
  [
   0.035725009034503756,
   0.535716295501715,
   0.03572275492730475
  ],
  [
   0.5357063424692164,
   0.035715179656577514,
   0.53572324432194
  ],
  [
   0.03572509537821409,
   0.03571231375223229,
   0.03572277273107491
  ]
 ]
}