{
 "0": {
  "0": [
   0.4015516389302196,
   0.42758838032254803,
   0.4275883584675666,
   0.40155160482906904,
   0.4066619299362645,
   0.4310227853927145,
   0.4310227470832228,
   0.4066618196628507,
   0.40887974741729677,
   0.43145671501501637,
   0.43145669389802455,
   0.40887971181793875,
   0.4088797118178998,
   0.431456693898059,
   0.4314567150150097,
   0.4088797474172229,
   0.4066618196629229,
   0.43102274708313604,
   0.43102278539264005,
   0.4066619299362288,
   0.40155160482899477,
   0.42758835846738036,
   0.42758838032250845,
   0.4015516389302707
  ],
  "1": [
   -3.140378589234105,
   -3.16712994592593,
   -3.167129942554045,
   -3.140378588811224,
   -3.1454251002779006,
   -3.1705232806567665,
   -3.170523265901819,
   -3.1454250271845385,
   -3.147558189752144,
   -3.170925791975624,
   -3.1709257912084006,
   -3.1475581691600207,
   -3.147558169160015,
   -3.1709257912084357,
   -3.1709257919756233,
   -3.147558189752174,
   -3.145425027184498,
   -3.1705232659018825,
   -3.170523280656754,
   -3.145425100277931,
   -3.140378588811232,
   -3.1671299425540287,
   -3.1671299459258972,
   -3.1403785892340776
  ]
 },
 "1": {
  "0": [
   1.7958211449037285,
   1.7958125042054198,
   1.795812491426644,
   1.7958211176707108,
   1.7958213683966975,
   1.7958151126269817,
   1.7958150988916746,
   1.7958213540090124,
   1.795821303675429,
   1.7958177932142663,
   1.795817594585846,
   1.795821388958362,
   1.795821388958236,
   1.7958175945859451,
   1.7958177932142498,
   1.7958213036756916,
   1.795821354009131,
   1.7958150988917365,
   1.795815112626802,
   1.7958213683967126,
   1.7958211176707815,
   1.7958124914265758,
   1.7958125042053543,
   1.7958211449036365
  ],
  "1": [
   1.79457056167962,
   1.7945790658936323,
   1.7945790773234196,
   1.7945705491582409,
   1.7945703303721328,
   1.7945764415643708,
   1.7945764703236144,
   1.794570334845994,
   1.7945703930824548,
   1.7945737641901194,
   1.7945739663921974,
   1.794570310994871,
   1.7945703109948563,
   1.7945739663921405,
   1.794573764190322,
   1.794570393082341,
   1.794570334846032,
   1.7945764703235922,
   1.794576441564403,
   1.7945703303722396,
   1.7945705491582784,
   1.794579077323715,
   1.7945790658939644,
   1.7945705616793908
  ]
 },
 "2": {
  "0": [
   1.7937930096868968,
   1.7936991063623677,
   1.7935835652862335,
   1.793583577238422,
   1.793699112973466,
   1.7937930138239209,
   1.793795824337056,
   1.7936973645033758,
   1.7935741843767985,
   1.7935741889912649,
   1.7936973987602318,
   1.7937958333105908,
   1.7937987533341357,
   1.7936964197905616,
   1.793565520779423,
   1.7935655232988605,
   1.7936963187007995,
   1.7937987573581926,
   1.7937987573583516,
   1.7936963187007569,
   1.7935655232992131,
   1.7935655207794787,
   1.7936964197905951,
   1.7937987533339181,
   1.7937958333104924,
   1.7936973987606397,
   1.7935741889911725,
   1.7935741843769186,
   1.79369736450345,
   1.7937958243368604,
   1.7937930138238651,
   1.793699112973566,
   1.7935835772383315,
   1.7935835652859153,
   1.7936991063620367,
   1.7937930096869095
  ],
  "1": [
   1.7954024130196908,
   1.7956833495603395,
   1.7960259700576953,
   1.7960259955828792,
   1.7956833474789937,
   1.7954024111197842,
   1.7954027765731848,
   1.7956940749622097,
   1.7960307426519801,
   1.7960307431018039,
   1.7956940823677727,
   1.7954027680165534,
   1.7954035807020106,
   1.7957054811782778,
   1.7960354187034193,
   1.7960354184025915,
   1.7957056319028208,
   1.7954035792456124,
   1.795403579245745,
   1.7957056319027613,
   1.796035418402456,
   1.7960354187033227,
   1.795705481178378,
   1.7954035807020583,
   1.795402768016662,
   1.7956940823678733,
   1.796030743101459,
   1.7960307426518654,
   1.7956940749619974,
   1.795402776573167,
   1.7954024111195714,
   1.7956833474790543,
   1.7960259955831233,
   1.796025970057812,
   1.795683349560486,
   1.795402413019732
  ]
 },
 "Z_a": [
  6,
  6,
  6,
  6,
  6,
  6,
  6,
  6,
  6,
  6,
  6,
  6,
  15,
  15,
  15,
  15,
  5,
  5,
  5,
  5,
  6,
  6,
  6,
  6,
  1,
  1,
  1,
  1
 ],
 "spos_ac": [
  [
   0.8725128062271633,
   0.5788645782361553,
   0.7586151613801033
  ],
  [
   0.6989122595554291,
   0.49256570608147227,
   0.25861128824110036
  ],
  [
   0.1989276738411305,
   0.0788410079528084,
   0.3128048493613723
  ],
  [
   0.3725033193337612,
   0.9925875502319049,
   0.8128078762166158
  ],
  [
   0.19892315481892786,
   0.4925571973920667,
   0.3128095295014451
  ],
  [
   0.3725074913454074,
   0.5788707762015073,
   0.8128138723644123
  ],
  [
   0.8725083672045058,
   0.9925945643649999,
   0.7586200136795407
  ],
  [
   0.6989163708218085,
   0.0788329025331262,
   0.258617445035979
  ],
  [
   0.5869574404745392,
   0.785733213864936,
   0.8141947923225966
  ],
  [
   0.9844738548770624,
   0.28569479089678523,
   0.3141670627049546
  ],
  [
   0.48446621187346156,
   0.2856953447836929,
   0.25722661237410804
  ],
  [
   0.08695932495749685,
   0.7857337901375745,
   0.7572503293842963
  ],
  [
   0.7572873889231736,
   0.7857037867987287,
   0.0655779736977574
  ],
  [
   0.8141437830365986,
   0.2857251698928161,
   0.5655656404057552
  ],
  [
   0.31413797887295575,
   0.28572480994138116,
   0.005842576354452304
  ],
  [
   0.2572882060344878,
   0.7857033852619727,
   0.505862054265574
  ],
  [
   0.945917374111562,
   0.7857327710064538,
   0.623668130617417
  ],
  [
   0.625510019452445,
   0.28569609289739906,
   0.12366181764942931
  ],
  [
   0.1255137031658538,
   0.2856958939300236,
   0.44776170401137905
  ],
  [
   0.44591512356601026,
   0.7857323774291809,
   0.9477693797909105
  ],
  [
   0.9457825044015014,
   0.7857296659261728,
   0.2926395243483615
  ],
  [
   0.6256478260488969,
   0.285699229366726,
   0.7926348311164438
  ],
  [
   0.12664736037667723,
   0.2856989769808485,
   0.778790165780994
  ],
  [
   0.4457734873395187,
   0.7857292616016965,
   0.2787953687655959
  ],
  [
   0.535706429654041,
   0.5357133582413821,
   0.5357232333547415
  ],
  [
   0.035725009034503756,
   0.535716295501715,
   0.03572275492730475
  ],
  [
   0.5357063424692164,
   0.035715179656577514,
   0.53572324432194
  ],
  [
   0.03572509537821409,
   0.03571231375223229,
   0.03572277273107491
  ]
 ]
}