{
 "0": {
  "0": [
   0.425477252098978,
   0.4515345826444518,
   0.4515346014709302,
   0.4254772628922756,
   0.43061661720561617,
   0.4550278606376266,
   0.45502790461471,
   0.43061659842373723,
   0.43281179412261,
   0.45552136231702417,
   0.4555213934781163,
   0.4328118101136076,
   0.4328118101136437,
   0.455521393478044,
   0.45552136231705925,
   0.432811794122642,
   0.43061659842373423,
   0.455027904614635,
   0.4550278606376459,
   0.4306166172056243,
   0.42547726289229765,
   0.4515346014709334,
   0.4515345826444589,
   0.42547725209901693
  ],
  "1": [
   -3.11776721657562,
   -3.1436643085091287,
   -3.143664289265818,
   -3.117767189842836,
   -3.122937670703011,
   -3.147332051409535,
   -3.147332005835609,
   -3.122937557957015,
   -3.125201716829149,
   -3.1479921391987182,
   -3.1479921206196595,
   -3.1252016763932327,
   -3.1252016763932375,
   -3.1479921206196675,
   -3.1479921391987333,
   -3.1252017168291735,
   -3.122937557956976,
   -3.1473320058356498,
   -3.147332051409496,
   -3.1229376707030063,
   -3.1177671898428687,
   -3.1436642892657676,
   -3.1436643085092144,
   -3.117767216575535
  ]
 },
 "1": {
  "0": [
   1.7958207130786212,
   1.7958121857479536,
   1.7958121787910517,
   1.7958207100492696,
   1.7958209579931743,
   1.7958147812440695,
   1.7958147650830631,
   1.79582094526435,
   1.7958209105608671,
   1.7958174521131878,
   1.7958172538559094,
   1.7958209981940547,
   1.7958209981940356,
   1.795817253856151,
   1.7958174521130412,
   1.7958209105607548,
   1.7958209452644445,
   1.795814765083057,
   1.795814781244213,
   1.7958209579930826,
   1.795820710049181,
   1.7958121787911816,
   1.7958121857478038,
   1.7958207130786807
  ],
  "1": [
   1.7945709030144166,
   1.7945793012387448,
   1.7945793192227346,
   1.7945709092113424,
   1.7945706330259092,
   1.7945766728892316,
   1.794576713185888,
   1.7945706497109568,
   1.7945706637128183,
   1.7945739803704899,
   1.794574194918674,
   1.7945705794879232,
   1.7945705794878835,
   1.7945741949187077,
   1.79457398037049,
   1.794570663712712,
   1.794570649711076,
   1.7945767131859036,
   1.7945766728892667,
   1.7945706330260005,
   1.7945709092114304,
   1.7945793192228232,
   1.7945793012388456,
   1.7945709030143033
  ]
 },
 "2": {
  "0": [
   1.9184889693565041,
   1.9190273737136114,
   1.9195854557712637,
   1.9195854515393942,
   1.9190273789733179,
   1.9184889728768073,
   1.918489378963041,
   1.9190162659873147,
   1.9195635487856313,
   1.9195635525870482,
   1.9190162733475367,
   1.9184893867874913,
   1.918489584774616,
   1.919004566364686,
   1.9195408509135223,
   1.9195408533308211,
   1.91900446469184,
   1.9184895882694248,
   1.9184895882693562,
   1.9190044646919473,
   1.9195408533306704,
   1.9195408509133425,
   1.919004566364363,
   1.9184895847745007,
   1.9184893867876267,
   1.919016273347239,
   1.9195635525869224,
   1.919563548785586,
   1.9190162659871979,
   1.9184893789630593,
   1.918488972876984,
   1.919027378973436,
   1.919585451539501,
   1.9195854557713794,
   1.9190273737135846,
   1.9184889693563918
  ],
  "1": [
   1.8489285224744771,
   1.8487972229924572,
   1.848679596800633,
   1.8486795976142334,
   1.8487972209899355,
   1.848928520143402,
   1.84892063172122,
   1.8487932342756124,
   1.8486733270722875,
   1.848673328348015,
   1.8487932258787476,
   1.8489206339702795,
   1.8489128025093,
   1.8487892297501116,
   1.848667365647002,
   1.8486673658549186,
   1.8487893434402294,
   1.8489128002723492,
   1.8489128002723636,
   1.8487893434400946,
   1.848667365854979,
   1.8486673656471695,
   1.8487892297499535,
   1.8489128025093475,
   1.8489206339701496,
   1.8487932258790174,
   1.848673328347943,
   1.8486733270724478,
   1.8487932342756224,
   1.8489206317211744,
   1.8489285201432828,
   1.8487972209898398,
   1.8486795976141146,
   1.848679596800692,
   1.848797222992529,
   1.848928522474496
  ]
 },
 "Z_a": [
  6,
  6,
  6,
  6,
  6,
  6,
  6,
  6,
  6,
  6,
  6,
  6,
  15,
  15,
  15,
  15,
  5,
  5,
  5,
  5,
  6,
  6,
  6,
  6,
  1,
  1,
  1,
  1
 ],
 "spos_ac": [
  [
   0.8725128062271633,
   0.5788645782361553,
   0.7586151613801033
  ],
  [
   0.6989122595554291,
   0.49256570608147227,
   0.25861128824110036
  ],
  [
   0.1989276738411305,
   0.0788410079528084,
   0.3128048493613723
  ],
  [
   0.3725033193337612,
   0.9925875502319049,
   0.8128078762166158
  ],
  [
   0.19892315481892786,
   0.4925571973920667,
   0.3128095295014451
  ],
  [
   0.3725074913454074,
   0.5788707762015073,
   0.8128138723644123
  ],
  [
   0.8725083672045058,
   0.9925945643649999,
   0.7586200136795407
  ],
  [
   0.6989163708218085,
   0.0788329025331262,
   0.258617445035979
  ],
  [
   0.5869574404745392,
   0.785733213864936,
   0.8141947923225966
  ],
  [
   0.9844738548770624,
   0.28569479089678523,
   0.3141670627049546
  ],
  [
   0.48446621187346156,
   0.2856953447836929,
   0.25722661237410804
  ],
  [
   0.08695932495749685,
   0.7857337901375745,
   0.7572503293842963
  ],
  [
   0.7572873889231736,
   0.7857037867987287,
   0.0655779736977574
  ],
  [
   0.8141437830365986,
   0.2857251698928161,
   0.5655656404057552
  ],
  [
   0.31413797887295575,
   0.28572480994138116,
   0.005842576354452304
  ],
  [
   0.2572882038548909,
   0.7857033856413898,
   0.5036919784215802
  ],
  [
   0.945917374111562,
   0.7857327710064538,
   0.623668130617417
  ],
  [
   0.625510019452445,
   0.28569609289739906,
   0.12366181764942931
  ],
  [
   0.1255137031658538,
   0.2856958939300236,
   0.44776170401137905
  ],
  [
   0.44591512356601026,
   0.7857323774291809,
   0.9477693797909105
  ],
  [
   0.9457825044015014,
   0.7857296659261728,
   0.2926395243483615
  ],
  [
   0.6256478260488969,
   0.285699229366726,
   0.7926348311164438
  ],
  [
   0.12565145318032864,
   0.2856989861185145,
   0.7787901610753399
  ],
  [
   0.4457734873395187,
   0.7857292616016965,
   0.2787953687655959
  ],
  [
   0.535706429654041,
   0.5357133582413821,
   0.5357232333547415
  ],
  [
   0.035725009034503756,
   0.535716295501715,
   0.03572275492730475
  ],
  [
   0.5357063424692164,
   0.035715179656577514,
   0.53572324432194
  ],
  [
   0.03572509537821409,
   0.03571231375223229,
   0.03572277273107491
  ]
 ]
}