{
 "0": {
  "0": [
   0.4246614864559581,
   0.4510944456319918,
   0.4510944214024057,
   0.42466145840056757,
   0.4296635293031526,
   0.45446571128380975,
   0.4544656504074918,
   0.42966343268300905,
   0.43178407258463647,
   0.4548462111345685,
   0.45484619527283826,
   0.43178404668884984,
   0.43178404668886045,
   0.45484619527301057,
   0.45484621113466267,
   0.4317840725848531,
   0.42966343268293333,
   0.454465650407631,
   0.45446571128379115,
   0.4296635293032369,
   0.42466145840064146,
   0.45109442140242495,
   0.4510944456319199,
   0.4246614864561529
  ],
  "1": [
   -3.118351708641342,
   -3.144406834129784,
   -3.1444068351411767,
   -3.118351708131973,
   -3.1234061104930593,
   -3.1477787816478258,
   -3.1477787871476353,
   -3.123406049098598,
   -3.1255662588844544,
   -3.1481534903995647,
   -3.148153488829093,
   -3.125566245360433,
   -3.125566245360412,
   -3.148153488829129,
   -3.148153490399562,
   -3.1255662588844277,
   -3.123406049098679,
   -3.1477787871476144,
   -3.1477787816478013,
   -3.123406110492994,
   -3.1183517081319985,
   -3.144406835141047,
   -3.144406834129805,
   -3.1183517086413333
  ]
 },
 "1": {
  "0": [
   1.7958212117398897,
   1.7958125294016152,
   1.7958125146318857,
   1.7958212087513068,
   1.7958214484194714,
   1.7958151324975316,
   1.7958150942615931,
   1.7958214334010456,
   1.795821393721076,
   1.7958178014619892,
   1.7958175883393956,
   1.795821468780073,
   1.7958214687797813,
   1.7958175883396128,
   1.7958178014621886,
   1.7958213937212109,
   1.795821433401037,
   1.7958150942616287,
   1.7958151324975422,
   1.7958214484195485,
   1.7958212087514023,
   1.7958125146319388,
   1.7958125294015226,
   1.795821211739763
  ],
  "1": [
   1.7945703118995269,
   1.7945789001156414,
   1.7945789193326414,
   1.7945703246999671,
   1.7945700652240055,
   1.7945762832838645,
   1.794576311623681,
   1.7945700912064693,
   1.7945701232960725,
   1.794573588305783,
   1.7945738008912036,
   1.794570037407819,
   1.7945700374079812,
   1.7945738008912901,
   1.7945735883056275,
   1.7945701232959894,
   1.794570091206616,
   1.7945763116239644,
   1.7945762832836814,
   1.7945700652239338,
   1.7945703247000642,
   1.7945789193326416,
   1.7945789001158,
   1.7945703118993896
  ]
 },
 "2": {
  "0": [
   1.7851345933512868,
   1.7846323821402301,
   1.784013307659198,
   1.7840133152104634,
   1.7846323835529252,
   1.7851345945223125,
   1.7851333994763094,
   1.7846267513548546,
   1.784008375264322,
   1.784008376048223,
   1.784626748680699,
   1.7851334018678668,
   1.785132222032521,
   1.7846209513061644,
   1.7840041500520316,
   1.7840041507191207,
   1.7846208178029697,
   1.785132222985908,
   1.7851322229863553,
   1.784620817802673,
   1.7840041507191653,
   1.7840041500517019,
   1.7846209513059597,
   1.7851322220324433,
   1.7851334018677465,
   1.7846267486809035,
   1.7840083760481393,
   1.7840083752643017,
   1.7846267513545873,
   1.7851333994764669,
   1.7851345945224315,
   1.784632383552878,
   1.7840133152104638,
   1.784013307659355,
   1.7846323821401855,
   1.7851345933513272
  ],
  "1": [
   1.7860710255149184,
   1.7860314617245758,
   1.785918038541866,
   1.7859180428934445,
   1.7860314652221034,
   1.7860710256966732,
   1.7860758338678657,
   1.786024833983676,
   1.785900616689273,
   1.7859006237540322,
   1.7860248402375039,
   1.7860758302787503,
   1.7860805280972438,
   1.7860179356524686,
   1.7858826350748522,
   1.7858826381010204,
   1.7860180314732717,
   1.786080528697212,
   1.786080528697336,
   1.7860180314730705,
   1.7858826381009603,
   1.7858826350748473,
   1.7860179356523715,
   1.7860805280970469,
   1.7860758302789066,
   1.7860248402372094,
   1.7859006237540718,
   1.785900616689214,
   1.78602483398375,
   1.7860758338677472,
   1.7860710256963588,
   1.7860314652217828,
   1.7859180428935377,
   1.7859180385416333,
   1.7860314617248378,
   1.786071025514951
  ]
 },
 "Z_a": [
  6,
  6,
  6,
  6,
  6,
  6,
  6,
  6,
  6,
  6,
  6,
  6,
  15,
  15,
  15,
  15,
  5,
  5,
  5,
  5,
  6,
  6,
  6,
  6,
  1,
  1,
  1,
  1
 ],
 "spos_ac": [
  [
   0.8725128062271633,
   0.5788645782361553,
   0.7586151613801033
  ],
  [
   0.6989122595554291,
   0.49256570608147227,
   0.25861128824110036
  ],
  [
   0.1989276738411305,
   0.0788410079528084,
   0.3128048493613723
  ],
  [
   0.3725033193337612,
   0.9925875502319049,
   0.8128078762166158
  ],
  [
   0.19892315481892786,
   0.4925571973920667,
   0.3128095295014451
  ],
  [
   0.3725074913454074,
   0.5788707762015073,
   0.8128138723644123
  ],
  [
   0.8725083672045058,
   0.9925945643649999,
   0.7586200136795407
  ],
  [
   0.6989163708218085,
   0.0788329025331262,
   0.258617445035979
  ],
  [
   0.5869574404745392,
   0.785733213864936,
   0.8141947923225966
  ],
  [
   0.9844738548770624,
   0.28569479089678523,
   0.3141670627049546
  ],
  [
   0.48446621187346156,
   0.2856953447836929,
   0.25722661237410804
  ],
  [
   0.08695932495749685,
   0.7857337901375745,
   0.7572503293842963
  ],
  [
   0.7572873889231736,
   0.7857037867987287,
   0.0655779736977574
  ],
  [
   0.8141437830365986,
   0.2857251698928161,
   0.5655656404057552
  ],
  [
   0.31413797887295575,
   0.28572480994138116,
   0.005842576354452304
  ],
  [
   0.2572882060344878,
   0.7857033852619727,
   0.505862054265574
  ],
  [
   0.945917374111562,
   0.7857327710064538,
   0.623668130617417
  ],
  [
   0.625510019452445,
   0.28569609289739906,
   0.12366181764942931
  ],
  [
   0.1255137031658538,
   0.2856958939300236,
   0.44776170401137905
  ],
  [
   0.44591512574560727,
   0.785732377049764,
   0.9499394556349043
  ],
  [
   0.9457825044015014,
   0.7857296659261728,
   0.2926395243483615
  ],
  [
   0.6256478260488969,
   0.285699229366726,
   0.7926348311164438
  ],
  [
   0.12565145318032864,
   0.2856989861185145,
   0.7787901610753399
  ],
  [
   0.4457734873395187,
   0.7857292616016965,
   0.2787953687655959
  ],
  [
   0.535706429654041,
   0.5357133582413821,
   0.5357232333547415
  ],
  [
   0.035725009034503756,
   0.535716295501715,
   0.03572275492730475
  ],
  [
   0.5357063424692164,
   0.035715179656577514,
   0.53572324432194
  ],
  [
   0.03572509537821409,
   0.03571231375223229,
   0.03572277273107491
  ]
 ]
}