{
 "0": {
  "0": [
   0.42521294156715905,
   0.45147047699865994,
   0.4514704433125369,
   0.4252129007355194,
   0.43031868385599403,
   0.45488907656852223,
   0.45488901034306184,
   0.43031855101227234,
   0.4325312856906194,
   0.4553255372906754,
   0.45532551005144545,
   0.4325312414016189,
   0.43253124140156013,
   0.4553255100514263,
   0.45532553729073744,
   0.43253128569062466,
   0.43031855101224653,
   0.45488901034301116,
   0.4548890765685689,
   0.4303186838559717,
   0.42521290073594176,
   0.4514704433126678,
   0.45147047699864623,
   0.42521294156723
  ],
  "1": [
   -3.1166845573223325,
   -3.142795209124632,
   -3.142795207276909,
   -3.1166845496920574,
   -3.1217775716370566,
   -3.1462004870269955,
   -3.1462004808671162,
   -3.121777499621513,
   -3.1239586496674336,
   -3.146607895621103,
   -3.146607895846655,
   -3.123958634078658,
   -3.1239586340787153,
   -3.1466078958466217,
   -3.1466078956211194,
   -3.1239586496674616,
   -3.121777499621407,
   -3.146200480867171,
   -3.1462004870268814,
   -3.121777571637059,
   -3.11668454969211,
   -3.1427952072768206,
   -3.1427952091245626,
   -3.1166845573223396
  ]
 },
 "1": {
  "0": [
   1.7958211624691396,
   1.7958126520761082,
   1.7958126307241165,
   1.7958211478515762,
   1.7958214090557654,
   1.7958152888271137,
   1.7958152389830064,
   1.79582138148665,
   1.7958213597400812,
   1.7958179762584068,
   1.7958177652997294,
   1.795821432235127,
   1.7958214322351724,
   1.7958177652997909,
   1.7958179762583812,
   1.795821359740246,
   1.7958213814866186,
   1.7958152389829767,
   1.7958152888267882,
   1.7958214090558058,
   1.7958211478511057,
   1.7958126307241835,
   1.7958126520760667,
   1.7958211624691591
  ],
  "1": [
   1.7945706294348005,
   1.7945791808894354,
   1.7945792036181722,
   1.794570642968835,
   1.7945703849818089,
   1.7945765638824056,
   1.7945766151028288,
   1.794570413577542,
   1.7945704479069762,
   1.794573884884578,
   1.7945740957326568,
   1.794570369872312,
   1.7945703698721553,
   1.794574095732496,
   1.794573884884537,
   1.7945704479069495,
   1.7945704135776568,
   1.794576615102616,
   1.7945765638826183,
   1.7945703849817247,
   1.7945706429687134,
   1.794579203618251,
   1.7945791808896292,
   1.7945706294349428
  ]
 },
 "2": {
  "0": [
   1.8527707460089529,
   1.8523867236337168,
   1.851947986050747,
   1.8519479815627087,
   1.8523867207539753,
   1.8527707450071134,
   1.8527679997618833,
   1.8523835576266217,
   1.8519542304473575,
   1.851954225446867,
   1.8523835708556275,
   1.852768000091223,
   1.8527657200348258,
   1.852380061363615,
   1.8519608166187134,
   1.8519608143304596,
   1.8523799114147683,
   1.8527657190158953,
   1.8527657190158924,
   1.8523799114146728,
   1.8519608143304245,
   1.8519608166187975,
   1.8523800613636163,
   1.852765720034747,
   1.8527680000914588,
   1.8523835708554748,
   1.8519542254467944,
   1.8519542304473373,
   1.8523835576267758,
   1.8527679997620858,
   1.8527707450071929,
   1.8523867207541447,
   1.8519479815622961,
   1.8519479860505705,
   1.8523867236338027,
   1.8527707460087945
  ],
  "1": [
   1.854858647411631,
   1.8548910129730505,
   1.8548839562938704,
   1.8548839571911697,
   1.8548910077559202,
   1.8548586437756083,
   1.854859710654099,
   1.854903033779915,
   1.854906848416793,
   1.8549068457239626,
   1.8549030317324886,
   1.8548597009750751,
   1.8548611610432735,
   1.8549152835730813,
   1.8549303195594746,
   1.8549303177181304,
   1.8549153953990647,
   1.8548611579392265,
   1.8548611579390866,
   1.8549153953986657,
   1.8549303177175909,
   1.854930319559536,
   1.8549152835728926,
   1.8548611610429446,
   1.8548597009747976,
   1.8549030317323671,
   1.8549068457241353,
   1.8549068484166626,
   1.8549030337797672,
   1.85485971065422,
   1.8548586437755232,
   1.8548910077559153,
   1.8548839571913338,
   1.8548839562942228,
   1.85489101297317,
   1.8548586474119302
  ]
 },
 "Z_a": [
  6,
  6,
  6,
  6,
  6,
  6,
  6,
  6,
  6,
  6,
  6,
  6,
  15,
  15,
  15,
  15,
  5,
  5,
  5,
  5,
  6,
  6,
  6,
  6,
  1,
  1,
  1,
  1
 ],
 "spos_ac": [
  [
   0.8725128062271633,
   0.5788645782361553,
   0.7586151613801033
  ],
  [
   0.6989122595554291,
   0.49256570608147227,
   0.25861128824110036
  ],
  [
   0.1989276738411305,
   0.0788410079528084,
   0.3128048493613723
  ],
  [
   0.3725033193337612,
   0.9925875502319049,
   0.8128078762166158
  ],
  [
   0.19892315481892786,
   0.4925571973920667,
   0.3128095295014451
  ],
  [
   0.3725074913454074,
   0.5788707762015073,
   0.8128138723644123
  ],
  [
   0.8725083672045058,
   0.9925945643649999,
   0.7586200136795407
  ],
  [
   0.6989163708218085,
   0.0788329025331262,
   0.258617445035979
  ],
  [
   0.5869574404745392,
   0.785733213864936,
   0.8141947923225966
  ],
  [
   0.9844738548770624,
   0.28569479089678523,
   0.3141670627049546
  ],
  [
   0.48446621187346156,
   0.2856953447836929,
   0.25722661237410804
  ],
  [
   0.08695932495749685,
   0.7857337901375745,
   0.7572503293842963
  ],
  [
   0.7572873889231736,
   0.7857037867987287,
   0.0655779736977574
  ],
  [
   0.8141437830365986,
   0.2857251698928161,
   0.5655656404057552
  ],
  [
   0.31413797887295575,
   0.28572480994138116,
   0.005842576354452304
  ],
  [
   0.2572882060344878,
   0.7857033852619727,
   0.505862054265574
  ],
  [
   0.945917374111562,
   0.7857327710064538,
   0.623668130617417
  ],
  [
   0.625510019452445,
   0.28569609289739906,
   0.12366181764942931
  ],
  [
   0.1255137031658538,
   0.2856958939300236,
   0.44776170401137905
  ],
  [
   0.44591512356601026,
   0.7857323774291809,
   0.9477693797909105
  ],
  [
   0.9457825022219044,
   0.7857296663055898,
   0.29046944850436757
  ],
  [
   0.6256478260488969,
   0.285699229366726,
   0.7926348311164438
  ],
  [
   0.12565145318032864,
   0.2856989861185145,
   0.7787901610753399
  ],
  [
   0.4457734873395187,
   0.7857292616016965,
   0.2787953687655959
  ],
  [
   0.535706429654041,
   0.5357133582413821,
   0.5357232333547415
  ],
  [
   0.035725009034503756,
   0.535716295501715,
   0.03572275492730475
  ],
  [
   0.5357063424692164,
   0.035715179656577514,
   0.53572324432194
  ],
  [
   0.03572509537821409,
   0.03571231375223229,
   0.03572277273107491
  ]
 ]
}