{
 "0": {
  "0": [
   0.4251598797140121,
   0.45127956467828534,
   0.4512833263507578,
   0.425158142833223,
   0.43025447654122406,
   0.4546895671562431,
   0.45469893095133923,
   0.43025025961746355,
   0.4324396967135607,
   0.4551051776541011,
   0.4551111875959417,
   0.43243734764434405,
   0.4324373476443424,
   0.45511118759596597,
   0.45510517765410413,
   0.4324396967135723,
   0.430250259617435,
   0.4546989309513904,
   0.4546895671561573,
   0.4302544765412196,
   0.42515814283318276,
   0.45128332635072604,
   0.4512795646782974,
   0.4251598797141146
  ],
  "1": [
   -3.117776282320237,
   -3.1438998375756486,
   -3.1438959786012304,
   -3.117777856438661,
   -3.1228664584505967,
   -3.147304843650825,
   -3.1472952761478314,
   -3.1228702554793726,
   -3.125058207149073,
   -3.147706241688742,
   -3.1477001347435336,
   -3.1250603857558925,
   -3.1250603857559267,
   -3.1477001347435496,
   -3.1477062416888653,
   -3.1250582071491024,
   -3.1228702554794667,
   -3.1472952761479136,
   -3.1473048436508555,
   -3.122866458450627,
   -3.1177778564386887,
   -3.1438959786012806,
   -3.1438998375755993,
   -3.1177762823202766
  ]
 },
 "1": {
  "0": [
   1.796632074511149,
   1.7966063492030129,
   1.7966064083072832,
   1.79663258948926,
   1.7966318489548865,
   1.7966085331706412,
   1.7966086343141356,
   1.7966328850650504,
   1.7966317689516416,
   1.7966108140459147,
   1.7966106666902577,
   1.7966324217410639,
   1.7966324217409757,
   1.7966106666902162,
   1.7966108140459616,
   1.7966317689516322,
   1.7966328850651057,
   1.7966086343141616,
   1.796608533170551,
   1.7966318489549313,
   1.796632589489165,
   1.796606408307343,
   1.796606349203005,
   1.796632074511362
  ],
  "1": [
   1.7953835266227678,
   1.7953748203110336,
   1.7953749573302564,
   1.7953840344949135,
   1.7953828392751652,
   1.7953717575984507,
   1.7953720147713377,
   1.7953838593630476,
   1.7953828644753245,
   1.7953687025787863,
   1.7953690189271383,
   1.79538332188809,
   1.7953833218880706,
   1.7953690189271938,
   1.7953687025786607,
   1.7953828644754306,
   1.7953838593632279,
   1.7953720147712633,
   1.7953717575984098,
   1.7953828392751716,
   1.7953840344949221,
   1.7953749573302267,
   1.7953748203111761,
   1.7953835266227327
  ]
 },
 "2": {
  "0": [
   1.7957021302635603,
   1.7956671214773656,
   1.7956201293988703,
   1.7956207685172496,
   1.795667923195539,
   1.79570243884694,
   1.7957042390397835,
   1.795667388133486,
   1.795616320021955,
   1.7956175918759107,
   1.7956689545401059,
   1.795704753857902,
   1.795706620795059,
   1.7956686413449865,
   1.7956133047042013,
   1.7956139438173588,
   1.7956693013805907,
   1.7957068438246715,
   1.7957068438248187,
   1.7956693013805685,
   1.795613943817405,
   1.7956133047043676,
   1.7956686413451681,
   1.795706620795238,
   1.7957047538580262,
   1.7956689545400442,
   1.7956175918757935,
   1.7956163200219137,
   1.7956673881334713,
   1.7957042390400557,
   1.7957024388468639,
   1.7956679231955759,
   1.7956207685172052,
   1.7956201293987548,
   1.7956671214773696,
   1.7957021302638718
  ],
  "1": [
   1.7966938816051825,
   1.7966606563664211,
   1.7966154274611614,
   1.7966160648487532,
   1.7966614680185635,
   1.796694200000116,
   1.796696327916278,
   1.7966613950759012,
   1.7966119371459572,
   1.7966132053988983,
   1.796662979734985,
   1.7966968622648305,
   1.7966990419210274,
   1.7966631424595814,
   1.7966092496667074,
   1.7966098864788544,
   1.7966640283056643,
   1.7966992741710286,
   1.7966992741709178,
   1.7966640283056892,
   1.7966098864790165,
   1.79660924966651,
   1.7966631424595372,
   1.7966990419210966,
   1.7966968622648107,
   1.7966629797348832,
   1.7966132053990616,
   1.7966119371459042,
   1.796661395075815,
   1.796696327916496,
   1.7966942000001846,
   1.7966614680185506,
   1.7966160648486214,
   1.796615427461156,
   1.796660656366315,
   1.7966938816053153
  ]
 },
 "Z_a": [
  6,
  6,
  6,
  6,
  6,
  6,
  6,
  6,
  6,
  6,
  6,
  6,
  15,
  15,
  15,
  15,
  5,
  5,
  5,
  5,
  6,
  6,
  6,
  6,
  1,
  1,
  1,
  1
 ],
 "spos_ac": [
  [
   0.8725128062271633,
   0.5788645782361553,
   0.7586151613801033
  ],
  [
   0.6989122595554291,
   0.49256570608147227,
   0.25861128824110036
  ],
  [
   0.1989276738411305,
   0.0788410079528084,
   0.3128048493613723
  ],
  [
   0.3725033193337612,
   0.9925875502319049,
   0.8128078762166158
  ],
  [
   0.19892315481892786,
   0.4925571973920667,
   0.3128095295014451
  ],
  [
   0.3725074913454074,
   0.5788707762015073,
   0.8128138723644123
  ],
  [
   0.8725083672045058,
   0.9925945643649999,
   0.7586200136795407
  ],
  [
   0.6989163708218085,
   0.0788329025331262,
   0.258617445035979
  ],
  [
   0.5869574404745392,
   0.785733213864936,
   0.8141947923225966
  ],
  [
   0.9844738548770624,
   0.28569479089678523,
   0.3141670627049546
  ],
  [
   0.48446621187346156,
   0.2856953447836929,
   0.25722661237410804
  ],
  [
   0.08695932495749685,
   0.7857337901375745,
   0.7572503293842963
  ],
  [
   0.7572873889231736,
   0.7857037867987287,
   0.0655779736977574
  ],
  [
   0.8141437830365986,
   0.2857251698928161,
   0.5655656404057552
  ],
  [
   0.31413797887295575,
   0.28572480994138116,
   0.005842576354452304
  ],
  [
   0.2572882060344878,
   0.7857033852619727,
   0.505862054265574
  ],
  [
   0.945917374111562,
   0.7857327710064538,
   0.623668130617417
  ],
  [
   0.625510019452445,
   0.28569609289739906,
   0.12366181764942931
  ],
  [
   0.1255137031658538,
   0.2856958939300236,
   0.44776170401137905
  ],
  [
   0.44591512356601026,
   0.7857323774291809,
   0.9477693797909105
  ],
  [
   0.9457825044015014,
   0.7857296659261728,
   0.2926395243483615
  ],
  [
   0.6256478260488969,
   0.285699229366726,
   0.7926348311164438
  ],
  [
   0.12565145318032864,
   0.2856989861185145,
   0.7787901610753399
  ],
  [
   0.4457734873395187,
   0.7857292616016965,
   0.2787953687655959
  ],
  [
   0.535706429654041,
   0.5357133582413821,
   0.5357232333547415
  ],
  [
   0.035725009034503756,
   0.535716295501715,
   0.03572275492730475
  ],
  [
   0.5367022496655651,
   0.03571517051891148,
   0.5357232490275939
  ],
  [
   0.03572509537821409,
   0.03571231375223229,
   0.03572277273107491
  ]
 ]
}