{
 "0": {
  "0": [
   0.4477831615833557,
   0.4738277288353429,
   0.4738276825500154,
   0.44778311424409517,
   0.45274277424603265,
   0.4773977195877076,
   0.4773976219797274,
   0.4527426096929469,
   0.45480231097559176,
   0.47796918574285285,
   0.477969134669123,
   0.45480224925947016,
   0.4548022492595347,
   0.4779691346690532,
   0.4779691857426704,
   0.4548023109757124,
   0.45274260969291025,
   0.47739762197969926,
   0.4773977195878903,
   0.45274277424610676,
   0.44778311424412426,
   0.473827682550023,
   0.47382772883544244,
   0.4477831615835427
  ],
  "1": [
   -3.062682418352595,
   -3.089137053816397,
   -3.089137026260234,
   -3.062682385811213,
   -3.0676788479994688,
   -3.092328693982823,
   -3.0923286349115973,
   -3.067678730013036,
   -3.069750075207159,
   -3.0925014852946933,
   -3.0925014619302953,
   -3.0697500354294416,
   -3.0697500354294482,
   -3.0925014619302518,
   -3.0925014852947283,
   -3.069750075206974,
   -3.067678730013085,
   -3.09232863491153,
   -3.0923286939828802,
   -3.0676788479995136,
   -3.062682385811185,
   -3.0891370262603135,
   -3.0891370538165424,
   -3.062682418352607
  ]
 },
 "1": {
  "0": [
   1.7958208252460608,
   1.7958122974156498,
   1.795812290108949,
   1.7958208189711375,
   1.795821063589896,
   1.7958148970646945,
   1.7958148852708167,
   1.7958210458713497,
   1.7958210003623007,
   1.7958175695470069,
   1.7958173767490653,
   1.7958210883463293,
   1.7958210883466557,
   1.7958173767490504,
   1.7958175695474763,
   1.7958210003625121,
   1.7958210458716606,
   1.7958148852707612,
   1.795814897064549,
   1.7958210635898264,
   1.7958208189711176,
   1.7958122901088305,
   1.7958122974158537,
   1.795820825245945
  ],
  "1": [
   1.7945695977457405,
   1.7945781266531118,
   1.7945781435799206,
   1.7945696007870928,
   1.794569341944434,
   1.7945755034799884,
   1.7945755412444746,
   1.7945693665989813,
   1.7945693941330705,
   1.79457281738637,
   1.7945730263943351,
   1.7945693110413692,
   1.7945693110411562,
   1.794573026393989,
   1.794572817386702,
   1.7945693941331538,
   1.79456936659892,
   1.7945755412443596,
   1.7945755034798547,
   1.7945693419444317,
   1.7945696007868521,
   1.7945781435797967,
   1.794578126653208,
   1.7945695977459495
  ]
 },
 "2": {
  "0": [
   1.7965372463445166,
   1.7968075252606468,
   1.7970813831320471,
   1.7970813830871624,
   1.7968075280503457,
   1.7965372487500484,
   1.7965474100345844,
   1.796806461636742,
   1.7970836223786841,
   1.797083622123668,
   1.7968064598081388,
   1.7965474171311835,
   1.7965576631580873,
   1.7968057181416912,
   1.7970863195810374,
   1.7970863197965194,
   1.796805613530367,
   1.79655766526158,
   1.7965576652614206,
   1.796805613530401,
   1.797086319796151,
   1.797086319581307,
   1.796805718141894,
   1.796557663158222,
   1.796547417130838,
   1.796806459808176,
   1.7970836221239266,
   1.797083622378789,
   1.7968064616366102,
   1.7965474100343617,
   1.796537248749925,
   1.7968075280500242,
   1.7970813830869137,
   1.7970813831322705,
   1.796807525260783,
   1.7965372463442253
  ],
  "1": [
   1.7959469968054889,
   1.7956948799695434,
   1.7953538948335328,
   1.7953538879376514,
   1.7956948763445275,
   1.795946993869658,
   1.795956218731387,
   1.7957007136758314,
   1.7953513636398133,
   1.7953513629924092,
   1.79570071745462,
   1.7959562139013825,
   1.7959657260986068,
   1.7957069292637349,
   1.7953492674520597,
   1.7953492665385054,
   1.7957070421241301,
   1.7959657235181747,
   1.795965723517944,
   1.795707042124229,
   1.7953492665380815,
   1.7953492674524307,
   1.795706929263788,
   1.7959657260986208,
   1.7959562139015417,
   1.7957007174543484,
   1.795351362992629,
   1.7953513636394647,
   1.7957007136758025,
   1.795956218731214,
   1.79594699386994,
   1.7956948763447103,
   1.7953538879374709,
   1.7953538948340124,
   1.7956948799693035,
   1.7959469968056265
  ]
 },
 "Z_a": [
  6,
  6,
  6,
  6,
  6,
  6,
  6,
  6,
  6,
  6,
  6,
  6,
  15,
  15,
  15,
  15,
  5,
  5,
  5,
  5,
  6,
  6,
  6,
  6,
  1,
  1,
  1,
  1
 ],
 "spos_ac": [
  [
   0.8725128062271633,
   0.5788645782361553,
   0.7586151613801033
  ],
  [
   0.6989122595554291,
   0.49256570608147227,
   0.25861128824110036
  ],
  [
   0.1989276738411305,
   0.0788410079528084,
   0.3128048493613723
  ],
  [
   0.3725033193337612,
   0.9925875502319049,
   0.8128078762166158
  ],
  [
   0.19892315481892786,
   0.4925571973920667,
   0.3128095295014451
  ],
  [
   0.3725074913454074,
   0.5788707762015073,
   0.8128138723644123
  ],
  [
   0.8725083672045058,
   0.9925945643649999,
   0.7586200136795407
  ],
  [
   0.6989163708218085,
   0.0788329025331262,
   0.258617445035979
  ],
  [
   0.5869574404745392,
   0.785733213864936,
   0.8141947923225966
  ],
  [
   0.9844738548770624,
   0.28569479089678523,
   0.3141670627049546
  ],
  [
   0.48446621187346156,
   0.2856953447836929,
   0.25722661237410804
  ],
  [
   0.08695932495749685,
   0.7857337901375745,
   0.7572503293842963
  ],
  [
   0.7572873889231736,
   0.7857037867987287,
   0.0655779736977574
  ],
  [
   0.8141437830365986,
   0.2857251698928161,
   0.5655656404057552
  ],
  [
   0.3131420716766072,
   0.2857248190790472,
   0.0058425716487983115
  ],
  [
   0.2572882060344878,
   0.7857033852619727,
   0.505862054265574
  ],
  [
   0.945917374111562,
   0.7857327710064538,
   0.623668130617417
  ],
  [
   0.625510019452445,
   0.28569609289739906,
   0.12366181764942931
  ],
  [
   0.1255137031658538,
   0.2856958939300236,
   0.44776170401137905
  ],
  [
   0.44591512356601026,
   0.7857323774291809,
   0.9477693797909105
  ],
  [
   0.9457825044015014,
   0.7857296659261728,
   0.2926395243483615
  ],
  [
   0.6256478260488969,
   0.285699229366726,
   0.7926348311164438
  ],
  [
   0.12565145318032864,
   0.2856989861185145,
   0.7787901610753399
  ],
  [
   0.4457734873395187,
   0.7857292616016965,
   0.2787953687655959
  ],
  [
   0.535706429654041,
   0.5357133582413821,
   0.5357232333547415
  ],
  [
   0.035725009034503756,
   0.535716295501715,
   0.03572275492730475
  ],
  [
   0.5357063424692164,
   0.035715179656577514,
   0.53572324432194
  ],
  [
   0.03572509537821409,
   0.03571231375223229,
   0.03572277273107491
  ]
 ]
}