{
 "0": {
  "0": [
   0.427074011404924,
   0.4530256997528449,
   0.4529961228487114,
   0.42703725901418993,
   0.43219765895148265,
   0.4563965845922179,
   0.4563362686289352,
   0.4321249312760952,
   0.4344074985547438,
   0.45675012223005534,
   0.4567198796043962,
   0.43437091014281826,
   0.43437091014294194,
   0.4567198796044597,
   0.45675012223019046,
   0.43440749855471616,
   0.43212493127605034,
   0.4563362686288123,
   0.45639658459224275,
   0.4321976589516031,
   0.4270372590143721,
   0.45299612284883634,
   0.4530256997527624,
   0.427074011404977
  ],
  "1": [
   -3.1170968922609386,
   -3.143285430367242,
   -3.143263166121166,
   -3.1170875222491423,
   -3.1221638384723733,
   -3.146626084905803,
   -3.146574950172611,
   -3.122149351444073,
   -3.124275259498913,
   -3.146894282962118,
   -3.1468644964119563,
   -3.124270983038662,
   -3.1242709830386035,
   -3.1468644964121104,
   -3.1468942829621303,
   -3.1242752594990013,
   -3.122149351444087,
   -3.1465749501725697,
   -3.146626084905866,
   -3.1221638384723387,
   -3.1170875222491574,
   -3.143263166121276,
   -3.143285430367202,
   -3.1170968922609004
  ]
 },
 "1": {
  "0": [
   1.842133196097218,
   1.8419562173564898,
   1.8419503549875385,
   1.8421327864582902,
   1.8421351813863591,
   1.8419622329057477,
   1.8419502013980324,
   1.8421345410994012,
   1.8421363280445755,
   1.8419624387059104,
   1.8419561742546422,
   1.8421360654057324,
   1.8421360654058847,
   1.84195617425485,
   1.8419624387060163,
   1.8421363280444611,
   1.8421345410993961,
   1.8419502013977918,
   1.8419622329057619,
   1.842135181386319,
   1.8421327864582009,
   1.841950354987427,
   1.8419562173563502,
   1.8421331960972573
  ],
  "1": [
   1.8368394847371883,
   1.8362384898833637,
   1.8362407623216699,
   1.8368460537930438,
   1.8368384660695989,
   1.836262469528464,
   1.8362665372618476,
   1.8368512506405235,
   1.8368443280611209,
   1.83628886081888,
   1.8362909317666796,
   1.8368502954398127,
   1.8368502954395998,
   1.8362909317665776,
   1.8362888608189711,
   1.836844328061043,
   1.8368512506405485,
   1.8362665372618487,
   1.8362624695283674,
   1.836838466069409,
   1.8368460537929356,
   1.8362407623214043,
   1.8362384898834245,
   1.8368394847372835
  ]
 },
 "2": {
  "0": [
   1.796600583078166,
   1.7965865853878284,
   1.7965436787544302,
   1.7965405759699093,
   1.7965796798256055,
   1.7965971655280397,
   1.7965941090349689,
   1.7965864848125344,
   1.7965469293906748,
   1.796540402679802,
   1.7965728263221452,
   1.7965870428020332,
   1.7965837977318644,
   1.7965795379226945,
   1.7965464232601918,
   1.7965431158832281,
   1.7965725306059535,
   1.796580161654622,
   1.7965801616548662,
   1.7965725306058493,
   1.7965431158832614,
   1.7965464232601924,
   1.7965795379227143,
   1.7965837977318044,
   1.7965870428022623,
   1.7965728263222351,
   1.796540402679995,
   1.7965469293903515,
   1.7965864848121884,
   1.7965941090347752,
   1.7965971655277415,
   1.7965796798253402,
   1.7965405759700048,
   1.7965436787547027,
   1.7965865853876783,
   1.7966005830780323
  ],
  "1": [
   1.7954499806052426,
   1.7955753018612992,
   1.7959157108910426,
   1.7959260464598363,
   1.7955905099617027,
   1.7954558988285325,
   1.7954416753385132,
   1.7955632169305644,
   1.795916807312051,
   1.7959375805037179,
   1.7955944042931782,
   1.795453811785421,
   1.79543935373111,
   1.7955657974961428,
   1.79592831575991,
   1.7959389120812304,
   1.795581881556134,
   1.795445365154899,
   1.795445365154815,
   1.7955818815560396,
   1.7959389120813203,
   1.7959283157595733,
   1.7955657974959918,
   1.7954393537310671,
   1.7954538117851992,
   1.7955944042934633,
   1.7959375805039022,
   1.7959168073120788,
   1.7955632169305704,
   1.7954416753387894,
   1.795455898828701,
   1.7955905099615614,
   1.7959260464595959,
   1.795915710891107,
   1.7955753018613039,
   1.7954499806048028
  ]
 },
 "Z_a": [
  6,
  6,
  6,
  6,
  6,
  6,
  6,
  6,
  6,
  6,
  6,
  6,
  15,
  15,
  15,
  15,
  5,
  5,
  5,
  5,
  6,
  6,
  6,
  6,
  1,
  1,
  1,
  1
 ],
 "spos_ac": [
  [
   0.8725128115880809,
   0.5771770585252338,
   0.7586151618685981
  ],
  [
   0.6989122595554291,
   0.49256570608147227,
   0.25861128824110036
  ],
  [
   0.1989276738411305,
   0.0788410079528084,
   0.3128048493613723
  ],
  [
   0.3725033193337612,
   0.9925875502319049,
   0.8128078762166158
  ],
  [
   0.19892315481892786,
   0.4925571973920667,
   0.3128095295014451
  ],
  [
   0.3725074913454074,
   0.5788707762015073,
   0.8128138723644123
  ],
  [
   0.8725083672045058,
   0.9925945643649999,
   0.7586200136795407
  ],
  [
   0.6989163708218085,
   0.0788329025331262,
   0.258617445035979
  ],
  [
   0.5869574404745392,
   0.785733213864936,
   0.8141947923225966
  ],
  [
   0.9844738548770624,
   0.28569479089678523,
   0.3141670627049546
  ],
  [
   0.48446621187346156,
   0.2856953447836929,
   0.25722661237410804
  ],
  [
   0.08695932495749685,
   0.7857337901375745,
   0.7572503293842963
  ],
  [
   0.7572873889231736,
   0.7857037867987287,
   0.0655779736977574
  ],
  [
   0.8141437830365986,
   0.2857251698928161,
   0.5655656404057552
  ],
  [
   0.31413797887295575,
   0.28572480994138116,
   0.005842576354452304
  ],
  [
   0.2572882060344878,
   0.7857033852619727,
   0.505862054265574
  ],
  [
   0.945917374111562,
   0.7857327710064538,
   0.623668130617417
  ],
  [
   0.625510019452445,
   0.28569609289739906,
   0.12366181764942931
  ],
  [
   0.1255137031658538,
   0.2856958939300236,
   0.44776170401137905
  ],
  [
   0.44591512356601026,
   0.7857323774291809,
   0.9477693797909105
  ],
  [
   0.9457825044015014,
   0.7857296659261728,
   0.2926395243483615
  ],
  [
   0.6256478260488969,
   0.285699229366726,
   0.7926348311164438
  ],
  [
   0.12565145318032864,
   0.2856989861185145,
   0.7787901610753399
  ],
  [
   0.4457734873395187,
   0.7857292616016965,
   0.2787953687655959
  ],
  [
   0.535706429654041,
   0.5357133582413821,
   0.5357232333547415
  ],
  [
   0.035725009034503756,
   0.535716295501715,
   0.03572275492730475
  ],
  [
   0.5357063424692164,
   0.035715179656577514,
   0.53572324432194
  ],
  [
   0.03572509537821409,
   0.03571231375223229,
   0.03572277273107491
  ]
 ]
}