{
 "0": {
  "0": [
   0.42518708022191676,
   0.45130872738424654,
   0.45129540125295964,
   0.42517331051821267,
   0.43027980495075246,
   0.45471651401411045,
   0.45470188229999503,
   0.4302635456061662,
   0.4324593416380052,
   0.4551163914953968,
   0.4551181700460598,
   0.43245955373424083,
   0.43245955373418943,
   0.45511817004600646,
   0.4551163914953727,
   0.4324593416378546,
   0.43026354560622126,
   0.45470188230007286,
   0.4547165140142838,
   0.4302798049505633,
   0.4251733105177383,
   0.4512954012528582,
   0.451308727384395,
   0.4251870802219531
  ],
  "1": [
   -3.117755982802599,
   -3.143869540663719,
   -3.1438766479319598,
   -3.117750393522194,
   -3.122853944479536,
   -3.147275380147627,
   -3.147286012962932,
   -3.1228367561422417,
   -3.125039634666217,
   -3.1476878330028324,
   -3.147690924739208,
   -3.125027909467052,
   -3.1250279094670033,
   -3.1476909247392246,
   -3.147687833004039,
   -3.12503963466624,
   -3.1228367561421817,
   -3.1472860129628395,
   -3.1472753801476077,
   -3.1228539444795804,
   -3.11775039352224,
   -3.143876647931974,
   -3.143869540663714,
   -3.1177559828024823
  ]
 },
 "1": {
  "0": [
   1.7576226760240223,
   1.7571431441024794,
   1.7571475805620629,
   1.7576236481800145,
   1.7576294098677987,
   1.7571688115103044,
   1.757178294387338,
   1.757631123980731,
   1.7576363696109014,
   1.7571987089875436,
   1.7572035152736576,
   1.7576371771207404,
   1.7576371771208088,
   1.7572035152736276,
   1.757198708987592,
   1.757636369610852,
   1.7576311239805682,
   1.7571782943874055,
   1.7571688115104636,
   1.7576294098679546,
   1.757623648180423,
   1.7571475805619718,
   1.7571431441019714,
   1.757622676023899
  ],
  "1": [
   1.7568385225868124,
   1.7565379369500222,
   1.7565609655760284,
   1.7568479169417306,
   1.7568423436923017,
   1.7564998364377955,
   1.7565458408552466,
   1.7568611148781197,
   1.7568558036104378,
   1.756483934430311,
   1.7565071078316468,
   1.7568651110167937,
   1.7568651110168296,
   1.756507107831744,
   1.7564839344304395,
   1.7568558036105306,
   1.7568611148780489,
   1.7565458408552417,
   1.7564998364379087,
   1.7568423436924572,
   1.7568479169415154,
   1.7565609655761079,
   1.7565379369502248,
   1.7568385225867245
  ]
 },
 "2": {
  "0": [
   1.795785047388883,
   1.7957783300830024,
   1.7957750967932344,
   1.795779535632388,
   1.7957855180355276,
   1.7957876579314642,
   1.7957834312056458,
   1.7957745258393483,
   1.7957722693391365,
   1.7957823100214305,
   1.7957892124172885,
   1.7957890087063535,
   1.7957846757511893,
   1.7957781845229244,
   1.795774717516491,
   1.7957798161360552,
   1.7957853041504683,
   1.7957874334176713,
   1.795787433417335,
   1.7957853041507186,
   1.7957798161360912,
   1.7957747175168273,
   1.7957781845229375,
   1.7957846757511042,
   1.7957890087067414,
   1.7957892124178605,
   1.7957823100215409,
   1.7957722693389697,
   1.7957745258395368,
   1.7957834312064997,
   1.7957876579314322,
   1.7957855180355462,
   1.79577953563171,
   1.795775096793237,
   1.7957783300829209,
   1.7957850473887083
  ],
  "1": [
   1.796781090430991,
   1.7967799841153616,
   1.7967814977693288,
   1.7967820169916862,
   1.79678403499315,
   1.7967838514990995,
   1.7967798761985627,
   1.796777928395858,
   1.796780748684606,
   1.796782642098725,
   1.7967864333692007,
   1.796785397357324,
   1.796781353075657,
   1.7967803166873018,
   1.7967812410719397,
   1.7967819963439984,
   1.7967845232701745,
   1.7967841851830573,
   1.7967841851831803,
   1.796784523270308,
   1.7967819963440776,
   1.796781241071891,
   1.7967803166873244,
   1.79678135307556,
   1.796785397356851,
   1.7967864333694057,
   1.796782642098658,
   1.7967807486844714,
   1.7967779283958771,
   1.7967798761986917,
   1.7967838514994472,
   1.796784034992824,
   1.7967820169917434,
   1.7967814977694656,
   1.7967799841154928,
   1.7967810904308572
  ]
 },
 "Z_a": [
  6,
  6,
  6,
  6,
  6,
  6,
  6,
  6,
  6,
  6,
  6,
  6,
  15,
  15,
  15,
  15,
  5,
  5,
  5,
  5,
  6,
  6,
  6,
  6,
  1,
  1,
  1,
  1
 ],
 "spos_ac": [
  [
   0.8725128062271633,
   0.5788645782361553,
   0.7586151613801033
  ],
  [
   0.6989122595554291,
   0.49256570608147227,
   0.25861128824110036
  ],
  [
   0.1989276738411305,
   0.0788410079528084,
   0.3128048493613723
  ],
  [
   0.3725033193337612,
   0.9925875502319049,
   0.8128078762166158
  ],
  [
   0.19892315481892786,
   0.4925571973920667,
   0.3128095295014451
  ],
  [
   0.3725074913454074,
   0.5788707762015073,
   0.8128138723644123
  ],
  [
   0.8725083672045058,
   0.9925945643649999,
   0.7586200136795407
  ],
  [
   0.6989163708218085,
   0.0788329025331262,
   0.258617445035979
  ],
  [
   0.5869574404745392,
   0.785733213864936,
   0.8141947923225966
  ],
  [
   0.9844738548770624,
   0.28569479089678523,
   0.3141670627049546
  ],
  [
   0.48446621187346156,
   0.2856953447836929,
   0.25722661237410804
  ],
  [
   0.08695932495749685,
   0.7857337901375745,
   0.7572503293842963
  ],
  [
   0.7572873889231736,
   0.7857037867987287,
   0.0655779736977574
  ],
  [
   0.8141437830365986,
   0.2857251698928161,
   0.5655656404057552
  ],
  [
   0.31413797887295575,
   0.28572480994138116,
   0.005842576354452304
  ],
  [
   0.2572882060344878,
   0.7857033852619727,
   0.505862054265574
  ],
  [
   0.945917374111562,
   0.7857327710064538,
   0.623668130617417
  ],
  [
   0.625510019452445,
   0.28569609289739906,
   0.12366181764942931
  ],
  [
   0.1255137031658538,
   0.2856958939300236,
   0.44776170401137905
  ],
  [
   0.44591512356601026,
   0.7857323774291809,
   0.9477693797909105
  ],
  [
   0.9457825044015014,
   0.7857296659261728,
   0.2926395243483615
  ],
  [
   0.6256478260488969,
   0.285699229366726,
   0.7926348311164438
  ],
  [
   0.12565145318032864,
   0.2856989861185145,
   0.7787901610753399
  ],
  [
   0.4457734819786011,
   0.787416781312618,
   0.27879536827710116
  ],
  [
   0.535706429654041,
   0.5357133582413821,
   0.5357232333547415
  ],
  [
   0.035725009034503756,
   0.535716295501715,
   0.03572275492730475
  ],
  [
   0.5357063424692164,
   0.035715179656577514,
   0.53572324432194
  ],
  [
   0.03572509537821409,
   0.03571231375223229,
   0.03572277273107491
  ]
 ]
}