{
 "0": {
  "0": [
   0.4252641298566339,
   0.45139420556335186,
   0.45123582280843866,
   0.42511723809188545,
   0.4304241842136732,
   0.45487543770577016,
   0.45456363311851594,
   0.4301435268060412,
   0.4325393336371414,
   0.4552008854908273,
   0.455049294713376,
   0.43240742222723844,
   0.4324074222272535,
   0.45504929471332695,
   0.4552008854908338,
   0.4325393336371227,
   0.43014352680596335,
   0.4545636331184833,
   0.4548754377057191,
   0.4304241842136795,
   0.425117238091791,
   0.4512358228084652,
   0.45139420556336185,
   0.4252641298565591
  ],
  "1": [
   -3.117726526592178,
   -3.1438388657953498,
   -3.143915646304627,
   -3.117794178684166,
   -3.122781822960568,
   -3.1472091891254226,
   -3.1473596694223267,
   -3.1229163837285125,
   -3.125000462886319,
   -3.147655819104462,
   -3.1477300536960464,
   -3.125067410897231,
   -3.1250674108972443,
   -3.1477300536959154,
   -3.147655819104598,
   -3.125000462886127,
   -3.122916383728513,
   -3.1473596694222055,
   -3.1472091891254106,
   -3.122781822960606,
   -3.1177941786841106,
   -3.1439156463046936,
   -3.143838865795269,
   -3.117726526592124
  ]
 },
 "1": {
  "0": [
   1.7020340508411347,
   1.7017765923833519,
   1.701782558021379,
   1.7020266344233324,
   1.7020273914354729,
   1.7017696238376547,
   1.7017828523336993,
   1.7020128177130671,
   1.702013425706675,
   1.7017707136786426,
   1.701777857475806,
   1.702006251051268,
   1.7020062510513037,
   1.7017778574758886,
   1.7017707136786648,
   1.7020134257063464,
   1.7020128177131522,
   1.701782852333693,
   1.7017696238377054,
   1.7020273914355386,
   1.7020266344231427,
   1.7017825580215475,
   1.7017765923832555,
   1.7020340508411098
  ],
  "1": [
   1.758181226186187,
   1.7574150191445053,
   1.757439105615896,
   1.7581975428491263,
   1.7581749822576502,
   1.7574523786812377,
   1.7575011219277286,
   1.7582077067713244,
   1.7581853735738528,
   1.7575149572021087,
   1.7575397108816329,
   1.7582016159979512,
   1.7582016159980234,
   1.7575397108818545,
   1.7575149572022397,
   1.7581853735737747,
   1.7582077067711344,
   1.7575011219275871,
   1.7574523786816243,
   1.7581749822575998,
   1.758197542849249,
   1.7574391056160215,
   1.7574150191445796,
   1.758181226186299
  ]
 },
 "2": {
  "0": [
   1.795774683065832,
   1.795778853821459,
   1.7957742980709266,
   1.7957642748804967,
   1.7957606042998457,
   1.7957665428264136,
   1.7957782312352977,
   1.7957876247939055,
   1.7957791155060894,
   1.7957585740462598,
   1.795750978786734,
   1.795761857978608,
   1.7957736511877798,
   1.7957781412481604,
   1.7957735452494106,
   1.795763224698155,
   1.795759482339526,
   1.7957653166316556,
   1.7957653166317764,
   1.7957594823395042,
   1.7957632246984565,
   1.7957735452496968,
   1.7957781412478349,
   1.7957736511879554,
   1.7957618579783894,
   1.7957509787866959,
   1.7957585740463855,
   1.7957791155060434,
   1.7957876247939248,
   1.7957782312353339,
   1.7957665428262475,
   1.7957606042999432,
   1.7957642748804006,
   1.795774298070955,
   1.7957788538213564,
   1.7957746830658508
  ],
  "1": [
   1.7968228196220948,
   1.796823914880339,
   1.796826033574842,
   1.7968289833734423,
   1.7968277604932292,
   1.79682381587266,
   1.7968220350928228,
   1.7968223468525077,
   1.7968244333761458,
   1.79683095729919,
   1.7968297702846705,
   1.7968243845152854,
   1.796822451179139,
   1.7968243393832506,
   1.7968262820327574,
   1.796829491675445,
   1.7968283434507684,
   1.7968237296398137,
   1.7968237296396088,
   1.7968283434508594,
   1.796829491675529,
   1.7968262820328271,
   1.7968243393834689,
   1.7968224511792283,
   1.7968243845151977,
   1.796829770284068,
   1.7968309572988874,
   1.796824433376637,
   1.7968223468526863,
   1.7968220350928106,
   1.7968238158728838,
   1.796827760493211,
   1.7968289833731794,
   1.796826033574465,
   1.7968239148801233,
   1.79682281962213
  ]
 },
 "Z_a": [
  6,
  6,
  6,
  6,
  6,
  6,
  6,
  6,
  6,
  6,
  6,
  6,
  15,
  15,
  15,
  15,
  5,
  5,
  5,
  5,
  6,
  6,
  6,
  6,
  1,
  1,
  1,
  1
 ],
 "spos_ac": [
  [
   0.8725128062271633,
   0.5788645782361553,
   0.7586151613801033
  ],
  [
   0.6989122595554291,
   0.49256570608147227,
   0.25861128824110036
  ],
  [
   0.1989276738411305,
   0.0788410079528084,
   0.3128048493613723
  ],
  [
   0.3725033193337612,
   0.9925875502319049,
   0.8128078762166158
  ],
  [
   0.19892315481892786,
   0.4925571973920667,
   0.3128095295014451
  ],
  [
   0.3725074913454074,
   0.5788707762015073,
   0.8128138723644123
  ],
  [
   0.8725083672045058,
   0.9925945643649999,
   0.7586200136795407
  ],
  [
   0.6989163708218085,
   0.0788329025331262,
   0.258617445035979
  ],
  [
   0.5869574404745392,
   0.785733213864936,
   0.8141947923225966
  ],
  [
   0.9844738548770624,
   0.28569479089678523,
   0.3141670627049546
  ],
  [
   0.48446621187346156,
   0.2856953447836929,
   0.25722661237410804
  ],
  [
   0.08695932495749685,
   0.7857337901375745,
   0.7572503293842963
  ],
  [
   0.7572873835622559,
   0.7873913065096501,
   0.06557797320926262
  ],
  [
   0.8141437830365986,
   0.2857251698928161,
   0.5655656404057552
  ],
  [
   0.31413797887295575,
   0.28572480994138116,
   0.005842576354452304
  ],
  [
   0.2572882060344878,
   0.7857033852619727,
   0.505862054265574
  ],
  [
   0.945917374111562,
   0.7857327710064538,
   0.623668130617417
  ],
  [
   0.625510019452445,
   0.28569609289739906,
   0.12366181764942931
  ],
  [
   0.1255137031658538,
   0.2856958939300236,
   0.44776170401137905
  ],
  [
   0.44591512356601026,
   0.7857323774291809,
   0.9477693797909105
  ],
  [
   0.9457825044015014,
   0.7857296659261728,
   0.2926395243483615
  ],
  [
   0.6256478260488969,
   0.285699229366726,
   0.7926348311164438
  ],
  [
   0.12565145318032864,
   0.2856989861185145,
   0.7787901610753399
  ],
  [
   0.4457734873395187,
   0.7857292616016965,
   0.2787953687655959
  ],
  [
   0.535706429654041,
   0.5357133582413821,
   0.5357232333547415
  ],
  [
   0.035725009034503756,
   0.535716295501715,
   0.03572275492730475
  ],
  [
   0.5357063424692164,
   0.035715179656577514,
   0.53572324432194
  ],
  [
   0.03572509537821409,
   0.03571231375223229,
   0.03572277273107491
  ]
 ]
}