{
 "0": {
  "0": [
   0.4252259921166773,
   0.45134976686905803,
   0.4512729803328845,
   0.4251583183677667,
   0.4303485765439051,
   0.4547939466366511,
   0.4546434539478115,
   0.4302138742499711,
   0.43249982819539273,
   0.4551644200542019,
   0.4550901899795008,
   0.43243285257139275,
   0.4324328525713619,
   0.45509018997951817,
   0.4551644200543765,
   0.4324998281953897,
   0.43021387424999974,
   0.4546434539477663,
   0.45479394663652317,
   0.4303485765438599,
   0.4251583183677252,
   0.4512729803328972,
   0.4513497668691088,
   0.4252259921166598
  ],
  "1": [
   -3.1176855081766828,
   -3.143801773151908,
   -3.1439600529366296,
   -3.117832291607881,
   -3.122711581709523,
   -3.147129475704304,
   -3.1474410911574373,
   -3.1229919292106376,
   -3.1249750979470465,
   -3.1476149846725194,
   -3.1477664982244598,
   -3.125106899981297,
   -3.125106899981336,
   -3.1477664982245175,
   -3.147614984672507,
   -3.1249750979470408,
   -3.1229919292106003,
   -3.147441091157455,
   -3.1471294757042747,
   -3.122711581709495,
   -3.1178322916079284,
   -3.1439600529367033,
   -3.1438017731518997,
   -3.1176855081766885
  ]
 },
 "1": {
  "0": [
   1.8321937587413177,
   1.8329521270449403,
   1.8329761666476474,
   1.8322100376950368,
   1.8321836086420347,
   1.8328901371471813,
   1.8329387877701973,
   1.8322162585962378,
   1.8321895799213732,
   1.8328517224448928,
   1.8328760453389883,
   1.832205976411167,
   1.8322059764111593,
   1.8328760453389459,
   1.832851722444747,
   1.8321895799213233,
   1.8322162585961632,
   1.83293878777,
   1.8328901371473192,
   1.8321836086423484,
   1.8322100376950654,
   1.8329761666470266,
   1.8329521270446834,
   1.83219375874138
  ],
  "1": [
   1.8883646039104505,
   1.8886086407762235,
   1.888614642462692,
   1.8883572197118168,
   1.8883784071814402,
   1.888608318415849,
   1.888621617553162,
   1.8883638967328962,
   1.8883850851923378,
   1.8886131228521161,
   1.8886206954157558,
   1.888377755849549,
   1.8883777558495274,
   1.8886206954157614,
   1.888613122851979,
   1.8883850851924966,
   1.8883638967328353,
   1.888621617553059,
   1.8886083184159892,
   1.8883784071814957,
   1.8883572197118719,
   1.888614642462875,
   1.888608640776397,
   1.8883646039103432
  ]
 },
 "2": {
  "0": [
   1.7958319329586019,
   1.795831318125543,
   1.7958318549288241,
   1.7958348049223374,
   1.7958351679538653,
   1.7958329330774634,
   1.7958307529227906,
   1.7958292496910337,
   1.795829932596701,
   1.7958364559363447,
   1.7958366822680825,
   1.795833108984923,
   1.7958307916826786,
   1.7958307338324366,
   1.7958314476112842,
   1.795834657763184,
   1.7958345274691656,
   1.795832073651236,
   1.7958320736512974,
   1.7958345274691525,
   1.7958346577631619,
   1.7958314476113673,
   1.7958307338322157,
   1.7958307916827783,
   1.7958331089849955,
   1.7958366822681784,
   1.7958364559363897,
   1.7958299325966096,
   1.7958292496911454,
   1.795830752922695,
   1.7958329330774339,
   1.7958351679537208,
   1.7958348049227608,
   1.7958318549287735,
   1.7958313181253962,
   1.7958319329588253
  ],
  "1": [
   1.7967654400523323,
   1.7967713217704964,
   1.796768358897173,
   1.796758340805669,
   1.7967530774695113,
   1.7967572999580006,
   1.7967693822575175,
   1.7967805885175538,
   1.796773496184038,
   1.7967529657738894,
   1.796743952050896,
   1.796753010193413,
   1.7967651820296215,
   1.7967716181939017,
   1.7967682623768624,
   1.7967579465428563,
   1.7967531785651023,
   1.7967568480759524,
   1.7967568480759555,
   1.7967531785652993,
   1.7967579465428103,
   1.7967682623768042,
   1.7967716181940092,
   1.7967651820294934,
   1.7967530101934297,
   1.796743952050573,
   1.7967529657738937,
   1.7967734961840933,
   1.7967805885176962,
   1.7967693822575723,
   1.7967572999581167,
   1.7967530774697649,
   1.7967583408057264,
   1.7967683588971535,
   1.7967713217704808,
   1.7967654400522173
  ]
 },
 "Z_a": [
  6,
  6,
  6,
  6,
  6,
  6,
  6,
  6,
  6,
  6,
  6,
  6,
  15,
  15,
  15,
  15,
  5,
  5,
  5,
  5,
  6,
  6,
  6,
  6,
  1,
  1,
  1,
  1
 ],
 "spos_ac": [
  [
   0.8725128062271633,
   0.5788645782361553,
   0.7586151613801033
  ],
  [
   0.6989122595554291,
   0.49256570608147227,
   0.25861128824110036
  ],
  [
   0.1989276738411305,
   0.0788410079528084,
   0.3128048493613723
  ],
  [
   0.3725033193337612,
   0.9925875502319049,
   0.8128078762166158
  ],
  [
   0.19892315481892786,
   0.4925571973920667,
   0.3128095295014451
  ],
  [
   0.3725074913454074,
   0.5788707762015073,
   0.8128138723644123
  ],
  [
   0.8725083672045058,
   0.9925945643649999,
   0.7586200136795407
  ],
  [
   0.6989163708218085,
   0.0788329025331262,
   0.258617445035979
  ],
  [
   0.5869574404745392,
   0.785733213864936,
   0.8141947923225966
  ],
  [
   0.9844738548770624,
   0.28569479089678523,
   0.3141670627049546
  ],
  [
   0.48446621187346156,
   0.2856953447836929,
   0.25722661237410804
  ],
  [
   0.08695932495749685,
   0.7857337901375745,
   0.7572503293842963
  ],
  [
   0.7572873889231736,
   0.7857037867987287,
   0.0655779736977574
  ],
  [
   0.8141437883975163,
   0.28403765018189453,
   0.56556564089425
  ],
  [
   0.31413797887295575,
   0.28572480994138116,
   0.005842576354452304
  ],
  [
   0.2572882060344878,
   0.7857033852619727,
   0.505862054265574
  ],
  [
   0.945917374111562,
   0.7857327710064538,
   0.623668130617417
  ],
  [
   0.625510019452445,
   0.28569609289739906,
   0.12366181764942931
  ],
  [
   0.1255137031658538,
   0.2856958939300236,
   0.44776170401137905
  ],
  [
   0.44591512356601026,
   0.7857323774291809,
   0.9477693797909105
  ],
  [
   0.9457825044015014,
   0.7857296659261728,
   0.2926395243483615
  ],
  [
   0.6256478260488969,
   0.285699229366726,
   0.7926348311164438
  ],
  [
   0.12565145318032864,
   0.2856989861185145,
   0.7787901610753399
  ],
  [
   0.4457734873395187,
   0.7857292616016965,
   0.2787953687655959
  ],
  [
   0.535706429654041,
   0.5357133582413821,
   0.5357232333547415
  ],
  [
   0.035725009034503756,
   0.535716295501715,
   0.03572275492730475
  ],
  [
   0.5357063424692164,
   0.035715179656577514,
   0.53572324432194
  ],
  [
   0.03572509537821409,
   0.03571231375223229,
   0.03572277273107491
  ]
 ]
}