{
 "0": {
  "0": [
   0.42518164899271055,
   0.45121000569741754,
   0.4512099668006764,
   0.42518160879953815,
   0.4302883080905296,
   0.45464560492151385,
   0.45464553552218334,
   0.43028818632907323,
   0.43249724811388457,
   0.45508004672327823,
   0.4550800145087024,
   0.43249720509439094,
   0.4324972050944149,
   0.4550800145087091,
   0.4550800467231837,
   0.43249724811391665,
   0.43028818632899846,
   0.45464553552216536,
   0.45464560492156986,
   0.43028830809053653,
   0.42518160879953426,
   0.4512099668007001,
   0.45121000569738273,
   0.4251816489926514
  ],
  "1": [
   -3.1189789238360914,
   -3.1449734419870126,
   -3.144973423457186,
   -3.118978904676827,
   -3.1241722022539062,
   -3.1484391419475473,
   -3.1484390962188504,
   -3.1241721051698312,
   -3.1264443038136402,
   -3.148908518450408,
   -3.148908504125848,
   -3.1264442741553014,
   -3.126444274155279,
   -3.1489085041258456,
   -3.148908518450433,
   -3.126444303813711,
   -3.1241721051697957,
   -3.148439096218867,
   -3.14843914194752,
   -3.1241722022538996,
   -3.118978904676815,
   -3.1449734234571722,
   -3.1449734419869877,
   -3.118978923836109
  ]
 },
 "1": {
  "0": [
   1.7958211414492082,
   1.7958124743651227,
   1.7958124538329163,
   1.7958211253631846,
   1.7958213691465938,
   1.795815077084838,
   1.7958150340233858,
   1.7958213387619122,
   1.7958212883686762,
   1.7958177427309865,
   1.7958175227545523,
   1.795821369795815,
   1.7958213697958232,
   1.7958175227544582,
   1.795817742731027,
   1.7958212883686078,
   1.7958213387619433,
   1.7958150340233723,
   1.7958150770849959,
   1.795821369146527,
   1.7958211253631418,
   1.795812453832811,
   1.7958124743652548,
   1.7958211414493959
  ],
  "1": [
   1.794570501065472,
   1.7945790777394195,
   1.794579103972642,
   1.794570517008276,
   1.7945702629926747,
   1.7945764536305542,
   1.794576514688161,
   1.794570300577818,
   1.7945703325542437,
   1.794573777236014,
   1.7945739945845105,
   1.7945702594719215,
   1.7945702594717956,
   1.7945739945844272,
   1.7945737772360402,
   1.7945703325541897,
   1.7945703005776403,
   1.7945765146884367,
   1.794576453630559,
   1.7945702629927696,
   1.7945705170081525,
   1.7945791039727874,
   1.7945790777392483,
   1.7945705010657258
  ]
 },
 "2": {
  "0": [
   1.7449912752924028,
   1.7449185852088303,
   1.7448530697825049,
   1.744853068409956,
   1.7449185784520274,
   1.7449912731784463,
   1.7449966580215777,
   1.7449238791065895,
   1.744856792417573,
   1.7448567824870143,
   1.7449238570588355,
   1.7449966596662334,
   1.7450021362422652,
   1.7449292503603109,
   1.7448610032405332,
   1.7448609988262984,
   1.7449291440863373,
   1.7450021343521622,
   1.7450021343522226,
   1.7449291440862817,
   1.744860998826407,
   1.744861003240278,
   1.744929250359993,
   1.7450021362425447,
   1.744996659666277,
   1.7449238570590317,
   1.744856782486708,
   1.744856792417746,
   1.7449238791065296,
   1.7449966580214358,
   1.7449912731785846,
   1.7449185784519474,
   1.7448530684101082,
   1.7448530697823073,
   1.7449185852091496,
   1.7449912752923953
  ],
  "1": [
   1.7459716138862,
   1.745975724834653,
   1.745929593107452,
   1.7459295935326586,
   1.7459757248804257,
   1.745971612299297,
   1.7459674996650276,
   1.7459647262874287,
   1.7459191148406756,
   1.7459191185730285,
   1.7459647345125386,
   1.745967497262407,
   1.7459633737696663,
   1.7459537502282418,
   1.7459083046707213,
   1.745908306063024,
   1.7459538363032743,
   1.7459633728487567,
   1.7459633728488744,
   1.745953836303097,
   1.7459083060629146,
   1.7459083046706907,
   1.7459537502281957,
   1.7459633737694868,
   1.745967497262511,
   1.7459647345126867,
   1.7459191185730463,
   1.7459191148403326,
   1.745964726287538,
   1.745967499665216,
   1.7459716122991924,
   1.745975724880498,
   1.7459295935328596,
   1.7459295931070484,
   1.7459757248348207,
   1.7459716138859804
  ]
 },
 "Z_a": [
  6,
  6,
  6,
  6,
  6,
  6,
  6,
  6,
  6,
  6,
  6,
  6,
  15,
  15,
  15,
  15,
  5,
  5,
  5,
  5,
  6,
  6,
  6,
  6,
  1,
  1,
  1,
  1
 ],
 "spos_ac": [
  [
   0.8725128062271633,
   0.5788645782361553,
   0.7586151613801033
  ],
  [
   0.6989122595554291,
   0.49256570608147227,
   0.25861128824110036
  ],
  [
   0.1989276738411305,
   0.0788410079528084,
   0.3128048493613723
  ],
  [
   0.3725033193337612,
   0.9925875502319049,
   0.8128078762166158
  ],
  [
   0.19892315481892786,
   0.4925571973920667,
   0.3128095295014451
  ],
  [
   0.3725074913454074,
   0.5788707762015073,
   0.8128138723644123
  ],
  [
   0.8725083672045058,
   0.9925945643649999,
   0.7586200136795407
  ],
  [
   0.6989163708218085,
   0.0788329025331262,
   0.258617445035979
  ],
  [
   0.5869574404745392,
   0.785733213864936,
   0.8141947923225966
  ],
  [
   0.9844738570566594,
   0.2856947905173682,
   0.31633713854894846
  ],
  [
   0.48446621187346156,
   0.2856953447836929,
   0.25722661237410804
  ],
  [
   0.08695932495749685,
   0.7857337901375745,
   0.7572503293842963
  ],
  [
   0.7572873889231736,
   0.7857037867987287,
   0.0655779736977574
  ],
  [
   0.8141437830365986,
   0.2857251698928161,
   0.5655656404057552
  ],
  [
   0.31413797887295575,
   0.28572480994138116,
   0.005842576354452304
  ],
  [
   0.2572882060344878,
   0.7857033852619727,
   0.505862054265574
  ],
  [
   0.945917374111562,
   0.7857327710064538,
   0.623668130617417
  ],
  [
   0.625510019452445,
   0.28569609289739906,
   0.12366181764942931
  ],
  [
   0.1255137031658538,
   0.2856958939300236,
   0.44776170401137905
  ],
  [
   0.44591512356601026,
   0.7857323774291809,
   0.9477693797909105
  ],
  [
   0.9457825044015014,
   0.7857296659261728,
   0.2926395243483615
  ],
  [
   0.6256478260488969,
   0.285699229366726,
   0.7926348311164438
  ],
  [
   0.12565145318032864,
   0.2856989861185145,
   0.7787901610753399
  ],
  [
   0.4457734873395187,
   0.7857292616016965,
   0.2787953687655959
  ],
  [
   0.535706429654041,
   0.5357133582413821,
   0.5357232333547415
  ],
  [
   0.035725009034503756,
   0.535716295501715,
   0.03572275492730475
  ],
  [
   0.5357063424692164,
   0.035715179656577514,
   0.53572324432194
  ],
  [
   0.03572509537821409,
   0.03571231375223229,
   0.03572277273107491
  ]
 ]
}