{
 "0": {
  "0": [
   0.42520971640285515,
   0.4513301539602669,
   0.45133395897918915,
   0.42520808006742034,
   0.4303025042562016,
   0.4547296187233224,
   0.45473907958535487,
   0.43029848458027337,
   0.4324928329000254,
   0.4551345345278621,
   0.4551405996897158,
   0.4324905848050366,
   0.43249058480506114,
   0.4551405996897233,
   0.45513453452783,
   0.4324928329000446,
   0.4302984845802656,
   0.45473907958536547,
   0.45472961872338485,
   0.43030250425618377,
   0.4252080800673119,
   0.4513339589792188,
   0.4513301539602667,
   0.42520971640288263
  ],
  "1": [
   -3.1177263536780666,
   -3.143849204187298,
   -3.1438453910514528,
   -3.1177280324126606,
   -3.12281824359397,
   -3.1472646958247736,
   -3.1472552334152084,
   -3.1228222433290544,
   -3.125004982743708,
   -3.1476768366668373,
   -3.1476707875995733,
   -3.1250072673961355,
   -3.1250072673960236,
   -3.14767078759965,
   -3.147676836666767,
   -3.1250049827436897,
   -3.1228222433290034,
   -3.1472552334151866,
   -3.1472646958248,
   -3.122818243593908,
   -3.1177280324126193,
   -3.143845391051609,
   -3.1438492041873416,
   -3.1177263536780813
  ]
 },
 "1": {
  "0": [
   1.7950072771571284,
   1.7950163512685697,
   1.795016447774001,
   1.795007755334113,
   1.7950074678699135,
   1.7950193143914661,
   1.7950194915159179,
   1.7950084292304167,
   1.795007898289202,
   1.7950224830623973,
   1.795022372601418,
   1.7950085148432608,
   1.7950085148432176,
   1.7950223726015975,
   1.795022483062706,
   1.7950078982890405,
   1.7950084292305746,
   1.7950194915157232,
   1.7950193143914854,
   1.795007467869857,
   1.7950077553342496,
   1.7950164477738966,
   1.7950163512687158,
   1.7950072771572978
  ],
  "1": [
   1.79375867943832,
   1.793784848528159,
   1.7937849472726948,
   1.7937592229400525,
   1.793758370682161,
   1.7937826038863383,
   1.7937827834503488,
   1.793759463108192,
   1.7937589428631453,
   1.7937803982993894,
   1.7937806745792024,
   1.7937594373537875,
   1.7937594373535712,
   1.793780674579026,
   1.7937803982993432,
   1.7937589428632965,
   1.7937594631083429,
   1.7937827834503162,
   1.7937826038861597,
   1.793758370682246,
   1.79375922294014,
   1.7937849472725096,
   1.7937848485281345,
   1.793758679438534
  ]
 },
 "2": {
  "0": [
   1.7957029566833989,
   1.7956680233912972,
   1.7956212264455762,
   1.7956218646478754,
   1.7956688404197083,
   1.7957032797619072,
   1.7957050081136776,
   1.795668259446938,
   1.7956174100628213,
   1.7956186790724014,
   1.7956698558674666,
   1.7957055507259594,
   1.7957073461077442,
   1.7956694975864298,
   1.7956143857237366,
   1.7956150236675676,
   1.7956701778070998,
   1.7957075826127304,
   1.7957075826129305,
   1.7956701778072102,
   1.7956150236673598,
   1.7956143857239388,
   1.7956694975863177,
   1.7957073461077042,
   1.795705550725832,
   1.7956698558674116,
   1.7956186790724198,
   1.7956174100629745,
   1.7956682594471263,
   1.7957050081135848,
   1.7957032797622283,
   1.7956688404196521,
   1.7956218646479103,
   1.7956212264456497,
   1.795668023391141,
   1.7957029566835323
  ],
  "1": [
   1.7966930864282524,
   1.796659808523475,
   1.7966144038564946,
   1.7966150426916585,
   1.7966606056521204,
   1.7966933906828157,
   1.7966955911076814,
   1.7966605783662115,
   1.7966109196165516,
   1.7966121917475517,
   1.7966621346116451,
   1.7966960982329574,
   1.796698349527859,
   1.7966623420238887,
   1.7966082404953028,
   1.796608878923695,
   1.7966632194107528,
   1.7966985686865673,
   1.7966985686864454,
   1.7966632194107794,
   1.7966088789237171,
   1.7966082404953094,
   1.7966623420237848,
   1.7966983495278601,
   1.7966960982329607,
   1.7966621346112308,
   1.7966121917474906,
   1.7966109196162892,
   1.7966605783661451,
   1.7966955911075098,
   1.7966933906829738,
   1.7966606056522803,
   1.7966150426920706,
   1.79661440385623,
   1.796659808523327,
   1.7966930864282837
  ]
 },
 "Z_a": [
  6,
  6,
  6,
  6,
  6,
  6,
  6,
  6,
  6,
  6,
  6,
  6,
  15,
  15,
  15,
  15,
  5,
  5,
  5,
  5,
  6,
  6,
  6,
  6,
  1,
  1,
  1,
  1
 ],
 "spos_ac": [
  [
   0.8725128062271633,
   0.5788645782361553,
   0.7586151613801033
  ],
  [
   0.6989122595554291,
   0.49256570608147227,
   0.25861128824110036
  ],
  [
   0.1989276738411305,
   0.0788410079528084,
   0.3128048493613723
  ],
  [
   0.3725033193337612,
   0.9925875502319049,
   0.8128078762166158
  ],
  [
   0.19892315481892786,
   0.4925571973920667,
   0.3128095295014451
  ],
  [
   0.3725074913454074,
   0.5788707762015073,
   0.8128138723644123
  ],
  [
   0.8725083672045058,
   0.9925945643649999,
   0.7586200136795407
  ],
  [
   0.6989163708218085,
   0.0788329025331262,
   0.258617445035979
  ],
  [
   0.5869574404745392,
   0.785733213864936,
   0.8141947923225966
  ],
  [
   0.9844738548770624,
   0.28569479089678523,
   0.3141670627049546
  ],
  [
   0.48446621187346156,
   0.2856953447836929,
   0.25722661237410804
  ],
  [
   0.08695932495749685,
   0.7857337901375745,
   0.7572503293842963
  ],
  [
   0.7572873889231736,
   0.7857037867987287,
   0.0655779736977574
  ],
  [
   0.8141437830365986,
   0.2857251698928161,
   0.5655656404057552
  ],
  [
   0.31413797887295575,
   0.28572480994138116,
   0.005842576354452304
  ],
  [
   0.2572882060344878,
   0.7857033852619727,
   0.505862054265574
  ],
  [
   0.945917374111562,
   0.7857327710064538,
   0.623668130617417
  ],
  [
   0.625510019452445,
   0.28569609289739906,
   0.12366181764942931
  ],
  [
   0.1255137031658538,
   0.2856958939300236,
   0.44776170401137905
  ],
  [
   0.44591512356601026,
   0.7857323774291809,
   0.9477693797909105
  ],
  [
   0.9457825044015014,
   0.7857296659261728,
   0.2926395243483615
  ],
  [
   0.6256478260488969,
   0.285699229366726,
   0.7926348311164438
  ],
  [
   0.12565145318032864,
   0.2856989861185145,
   0.7787901610753399
  ],
  [
   0.4457734873395187,
   0.7857292616016965,
   0.2787953687655959
  ],
  [
   0.535706429654041,
   0.5357133582413821,
   0.5357232333547415
  ],
  [
   0.035725009034503756,
   0.535716295501715,
   0.03572275492730475
  ],
  [
   0.5357063424692164,
   0.035715179656577514,
   0.53572324432194
  ],
  [
   0.0347291881818655,
   0.03571232288989832,
   0.03572276802542091
  ]
 ]
}