{
 "0": {
  "0": [
   0.39753252685484985,
   0.42373193137448584,
   0.42373187993502054,
   0.3975324687098843,
   0.4026550920538242,
   0.4271236191386854,
   0.4271235221573883,
   0.4026549285625497,
   0.40488361087159686,
   0.4275153331192616,
   0.4275152980564001,
   0.4048835540510689,
   0.4048835540510624,
   0.42751529805647265,
   0.4275153331192443,
   0.4048836108716499,
   0.4026549285626586,
   0.42712352215760124,
   0.4271236191387223,
   0.4026550920538953,
   0.397532468709868,
   0.4237318799349789,
   0.4237319313743961,
   0.3975325268547268
  ],
  "1": [
   3.139120729730818,
   3.1136732591023812,
   3.113673273439906,
   3.1391207489891335,
   3.134141037211904,
   3.110329946108721,
   3.1103299659521704,
   3.13414113379582,
   3.1320643519588356,
   3.1099910990823187,
   3.1099911030894085,
   3.1320643747518737,
   3.132064374751834,
   3.1099911030893637,
   3.109991099082279,
   3.1320643519587748,
   3.13414113379591,
   3.110329965952163,
   3.1103299461086538,
   3.134141037211978,
   3.139120748989166,
   3.1136732734398973,
   3.1136732591022374,
   3.1391207297307924
  ]
 },
 "1": {
  "0": [
   1.7958215458355857,
   1.7958129486312973,
   1.7958129397087164,
   1.795821541296369,
   1.7958217930341924,
   1.7958155470922723,
   1.795815538203601,
   1.795821766357402,
   1.7958217270602557,
   1.7958182175760111,
   1.79581802015472,
   1.7958218137981694,
   1.7958218137982647,
   1.7958180201547407,
   1.7958182175759967,
   1.7958217270601855,
   1.7958217663576501,
   1.795815538203763,
   1.7958155470922654,
   1.7958217930342075,
   1.7958215412966338,
   1.7958129397085534,
   1.7958129486316088,
   1.7958215458352724
  ],
  "1": [
   1.7945704782865866,
   1.7945791035317724,
   1.794579126501568,
   1.7945705059648176,
   1.794570235021249,
   1.79457649871026,
   1.7945765499593747,
   1.7945702729436102,
   1.794570294837219,
   1.79457385272784,
   1.7945740623428323,
   1.7945702101011012,
   1.7945702101012644,
   1.7945740623426698,
   1.7945738527275599,
   1.7945702948371853,
   1.794570272943647,
   1.7945765499592368,
   1.7945764987101747,
   1.7945702350214379,
   1.7945705059650185,
   1.7945791265014897,
   1.7945791035318446,
   1.794570478286583
  ]
 },
 "2": {
  "0": [
   1.7950892373161405,
   1.795128442947471,
   1.7951326244911177,
   1.7951326428888217,
   1.795128440006824,
   1.7950892365150362,
   1.7950860550367562,
   1.7951268392273454,
   1.7951412698679017,
   1.7951412660375317,
   1.79512680284298,
   1.795086063791301,
   1.7950824587565442,
   1.7951245163889666,
   1.7951499003715425,
   1.7951498985909586,
   1.7951244436855247,
   1.7950824576838835,
   1.7950824576837927,
   1.7951244436854406,
   1.7951498985909553,
   1.795149900371461,
   1.7951245163889409,
   1.7950824587566059,
   1.795086063791187,
   1.795126802843131,
   1.7951412660375012,
   1.795141269867917,
   1.7951268392273232,
   1.7950860550365502,
   1.7950892365155664,
   1.7951284400070955,
   1.7951326428886352,
   1.7951326244913937,
   1.7951284429474272,
   1.795089237316558
  ],
  "1": [
   1.7978853573768563,
   1.7978355150255798,
   1.7976819781910651,
   1.7976819431877435,
   1.7978355170848506,
   1.7978853564880306,
   1.7978775689694186,
   1.797821391498514,
   1.7976690519286855,
   1.7976690599987628,
   1.7978213801907752,
   1.7978775805008351,
   1.7978702487767724,
   1.7978062966823423,
   1.7976556079482306,
   1.7976556116292675,
   1.7978064294751013,
   1.7978702481000242,
   1.7978702480999074,
   1.7978064294750518,
   1.7976556116291866,
   1.7976556079484152,
   1.797806296682241,
   1.7978702487768021,
   1.7978775805007514,
   1.7978213801904954,
   1.7976690599987217,
   1.797669051929079,
   1.7978213914986636,
   1.7978775689694562,
   1.7978853564877322,
   1.7978355170846962,
   1.7976819431878697,
   1.7976819781911162,
   1.7978355150257679,
   1.7978853573766684
  ]
 },
 "Z_a": [
  6,
  6,
  6,
  6,
  6,
  6,
  6,
  6,
  6,
  6,
  6,
  6,
  15,
  15,
  15,
  15,
  5,
  5,
  5,
  5,
  6,
  6,
  6,
  6,
  1,
  1,
  1,
  1
 ],
 "spos_ac": [
  [
   0.8725128062271633,
   0.5788645782361553,
   0.7586151613801033
  ],
  [
   0.6989122595554291,
   0.49256570608147227,
   0.25861128824110036
  ],
  [
   0.1989276738411305,
   0.0788410079528084,
   0.3128048493613723
  ],
  [
   0.3725033193337612,
   0.9925875502319049,
   0.8128078762166158
  ],
  [
   0.19892315481892786,
   0.4925571973920667,
   0.3128095295014451
  ],
  [
   0.3725074913454074,
   0.5788707762015073,
   0.8128138723644123
  ],
  [
   0.8725083672045058,
   0.9925945643649999,
   0.7586200136795407
  ],
  [
   0.6989163708218085,
   0.0788329025331262,
   0.258617445035979
  ],
  [
   0.5869574404745392,
   0.785733213864936,
   0.8141947923225966
  ],
  [
   0.9844738548770624,
   0.28569479089678523,
   0.3141670627049546
  ],
  [
   0.48546211906981007,
   0.28569533564602684,
   0.257226617079762
  ],
  [
   0.08695932495749685,
   0.7857337901375745,
   0.7572503293842963
  ],
  [
   0.7572873889231736,
   0.7857037867987287,
   0.0655779736977574
  ],
  [
   0.8141437830365986,
   0.2857251698928161,
   0.5655656404057552
  ],
  [
   0.31413797887295575,
   0.28572480994138116,
   0.005842576354452304
  ],
  [
   0.2572882060344878,
   0.7857033852619727,
   0.505862054265574
  ],
  [
   0.945917374111562,
   0.7857327710064538,
   0.623668130617417
  ],
  [
   0.625510019452445,
   0.28569609289739906,
   0.12366181764942931
  ],
  [
   0.1255137031658538,
   0.2856958939300236,
   0.44776170401137905
  ],
  [
   0.44591512356601026,
   0.7857323774291809,
   0.9477693797909105
  ],
  [
   0.9457825044015014,
   0.7857296659261728,
   0.2926395243483615
  ],
  [
   0.6256478260488969,
   0.285699229366726,
   0.7926348311164438
  ],
  [
   0.12565145318032864,
   0.2856989861185145,
   0.7787901610753399
  ],
  [
   0.4457734873395187,
   0.7857292616016965,
   0.2787953687655959
  ],
  [
   0.535706429654041,
   0.5357133582413821,
   0.5357232333547415
  ],
  [
   0.035725009034503756,
   0.535716295501715,
   0.03572275492730475
  ],
  [
   0.5357063424692164,
   0.035715179656577514,
   0.53572324432194
  ],
  [
   0.03572509537821409,
   0.03571231375223229,
   0.03572277273107491
  ]
 ]
}