{
 "0": {
  "0": [
   0.4251173170984966,
   0.4512358893712244,
   0.45139415196938637,
   0.4252640732355244,
   0.4301437223795428,
   0.4545637519195722,
   0.4548753294573552,
   0.4304240114187552,
   0.43240750352509505,
   0.4550493488077872,
   0.4552008404406906,
   0.43253927430633315,
   0.43253927430629674,
   0.4552008404406902,
   0.4550493488077233,
   0.4324075035251396,
   0.4304240114189191,
   0.4548753294573312,
   0.45456375191952236,
   0.4301437223795198,
   0.42526407323525545,
   0.45139415196939137,
   0.45123588937123715,
   0.4251173170983683
  ],
  "1": [
   -3.117794178421586,
   -3.1439156338338834,
   -3.1438388695770074,
   -3.1177265302711,
   -3.1229164381055856,
   -3.147359656913107,
   -3.147209201921185,
   -3.1227817822421953,
   -3.1250674276493426,
   -3.14773004722552,
   -3.1476558313448044,
   -3.12500047109812,
   -3.125000471098197,
   -3.1476558313447844,
   -3.1477300472254712,
   -3.125067427649391,
   -3.12278178224213,
   -3.1472092019213505,
   -3.1473596569131015,
   -3.1229164381056314,
   -3.1177265302711326,
   -3.1438388695771566,
   -3.143915633833964,
   -3.1177941784215983
  ]
 },
 "1": {
  "0": [
   1.7020267915576275,
   1.701782741899655,
   1.7017767383368572,
   1.702034177948716,
   1.702012980996747,
   1.70178305660659,
   1.701769754085891,
   1.7020274968899272,
   1.702006298275665,
   1.701778243304598,
   1.7017706681987026,
   1.7020136300913764,
   1.702013630091376,
   1.7017706681986207,
   1.701778243304557,
   1.7020062982757775,
   1.7020274968900828,
   1.70176975408589,
   1.701783056606534,
   1.702012980996517,
   1.7020341779487982,
   1.701776738336893,
   1.701782741899675,
   1.7020267915578307
  ],
  "1": [
   1.7581971478820595,
   1.7574388290356695,
   1.75741479423373,
   1.7581808719162422,
   1.7582072924700454,
   1.7575008061065334,
   1.75745216558257,
   1.7581746487331442,
   1.7582013177977847,
   1.757539213236005,
   1.7575148947541441,
   1.7581849248935202,
   1.7581849248935113,
   1.757514894754186,
   1.7575392132357655,
   1.7582013177980567,
   1.7581746487331675,
   1.7574521655823792,
   1.7575008061064483,
   1.7582072924701155,
   1.7581808719162755,
   1.7574147942339802,
   1.7574388290356298,
   1.758197147882136
  ]
 },
 "2": {
  "0": [
   1.7958421471080928,
   1.7958356250820116,
   1.7958386844530292,
   1.795848700802582,
   1.7958538663631438,
   1.7958502851979685,
   1.7958380314260465,
   1.7958265177356805,
   1.795833704581793,
   1.7958542326693818,
   1.7958631488904968,
   1.795854399261831,
   1.7958420525470076,
   1.7958356586817892,
   1.7958391039935484,
   1.7958494185426845,
   1.7958540950576547,
   1.79585038478579,
   1.7958503847858365,
   1.795854095057698,
   1.7958494185427625,
   1.7958391039936654,
   1.7958356586814972,
   1.7958420525474112,
   1.7958543992621083,
   1.7958631488906194,
   1.795854232669471,
   1.795833704582359,
   1.795826517735879,
   1.7958380314259221,
   1.7958502851976839,
   1.7958538663631445,
   1.7958487008026078,
   1.7958386844532295,
   1.795835625081702,
   1.795842147108473
  ],
  "1": [
   1.7967756555534877,
   1.796775627465688,
   1.7967751822217264,
   1.7967722274850524,
   1.7967717680853332,
   1.7967746502065522,
   1.7967766637883231,
   1.7967778581904583,
   1.7967772629577876,
   1.7967707313468242,
   1.796770407020743,
   1.796774296686376,
   1.7967764440489145,
   1.7967765408483862,
   1.796775911504523,
   1.7967726969304705,
   1.796772737425848,
   1.79677515692036,
   1.796775156920891,
   1.796772737425733,
   1.7967726969306552,
   1.7967759115041462,
   1.79677654084852,
   1.796776444048533,
   1.796774296686187,
   1.7967704070205734,
   1.796770731347394,
   1.7967772629580068,
   1.7967778581903613,
   1.796776663788457,
   1.7967746502065811,
   1.7967717680853945,
   1.796772227485007,
   1.7967751822215643,
   1.7967756274656272,
   1.7967756555533787
  ]
 },
 "Z_a": [
  6,
  6,
  6,
  6,
  6,
  6,
  6,
  6,
  6,
  6,
  6,
  6,
  15,
  15,
  15,
  15,
  5,
  5,
  5,
  5,
  6,
  6,
  6,
  6,
  1,
  1,
  1,
  1
 ],
 "spos_ac": [
  [
   0.8725128062271633,
   0.5788645782361553,
   0.7586151613801033
  ],
  [
   0.6989122595554291,
   0.49256570608147227,
   0.25861128824110036
  ],
  [
   0.1989276738411305,
   0.0788410079528084,
   0.3128048493613723
  ],
  [
   0.3725033193337612,
   0.9925875502319049,
   0.8128078762166158
  ],
  [
   0.19892315481892786,
   0.4925571973920667,
   0.3128095295014451
  ],
  [
   0.3725074913454074,
   0.5788707762015073,
   0.8128138723644123
  ],
  [
   0.8725083672045058,
   0.9925945643649999,
   0.7586200136795407
  ],
  [
   0.6989163708218085,
   0.0788329025331262,
   0.258617445035979
  ],
  [
   0.5869574404745392,
   0.785733213864936,
   0.8141947923225966
  ],
  [
   0.9844738548770624,
   0.28569479089678523,
   0.3141670627049546
  ],
  [
   0.48446621187346156,
   0.2856953447836929,
   0.25722661237410804
  ],
  [
   0.08695932495749685,
   0.7857337901375745,
   0.7572503293842963
  ],
  [
   0.7572873889231736,
   0.7857037867987287,
   0.0655779736977574
  ],
  [
   0.8141437830365986,
   0.2857251698928161,
   0.5655656404057552
  ],
  [
   0.31413797887295575,
   0.28572480994138116,
   0.005842576354452304
  ],
  [
   0.25728820067357017,
   0.7873909049728942,
   0.5058620537770792
  ],
  [
   0.945917374111562,
   0.7857327710064538,
   0.623668130617417
  ],
  [
   0.625510019452445,
   0.28569609289739906,
   0.12366181764942931
  ],
  [
   0.1255137031658538,
   0.2856958939300236,
   0.44776170401137905
  ],
  [
   0.44591512356601026,
   0.7857323774291809,
   0.9477693797909105
  ],
  [
   0.9457825044015014,
   0.7857296659261728,
   0.2926395243483615
  ],
  [
   0.6256478260488969,
   0.285699229366726,
   0.7926348311164438
  ],
  [
   0.12565145318032864,
   0.2856989861185145,
   0.7787901610753399
  ],
  [
   0.4457734873395187,
   0.7857292616016965,
   0.2787953687655959
  ],
  [
   0.535706429654041,
   0.5357133582413821,
   0.5357232333547415
  ],
  [
   0.035725009034503756,
   0.535716295501715,
   0.03572275492730475
  ],
  [
   0.5357063424692164,
   0.035715179656577514,
   0.53572324432194
  ],
  [
   0.03572509537821409,
   0.03571231375223229,
   0.03572277273107491
  ]
 ]
}