{
 "0": {
  "0": [
   0.4270375896773991,
   0.4529964582238337,
   0.4530259723963992,
   0.4270743009440635,
   0.432125361004782,
   0.45633663129208796,
   0.45639684915231177,
   0.43219785713524916,
   0.43437125489943385,
   0.4567202276908857,
   0.45675041910178554,
   0.4344077789630512,
   0.43440777896298566,
   0.45675041910177233,
   0.4567202276908894,
   0.4343712548994023,
   0.43219785713504644,
   0.4563968491524046,
   0.45633663129205293,
   0.4321253610048326,
   0.42707430094407006,
   0.45302597239609993,
   0.45299645822410856,
   0.42703758967715477
  ],
  "1": [
   -3.117087538371826,
   -3.143263162563643,
   -3.1432853683389563,
   -3.1170968336994336,
   -3.122149396645619,
   -3.1465750244659922,
   -3.1466260453020056,
   -3.1221636353668356,
   -3.1242708883090504,
   -3.1468645723297133,
   -3.146894323365207,
   -3.124275082064434,
   -3.1242750820645124,
   -3.1468943233652484,
   -3.1468645723296422,
   -3.1242708883089096,
   -3.12216363536673,
   -3.146626045302006,
   -3.146575024466013,
   -3.122149396645605,
   -3.1170968336993465,
   -3.1432853683388484,
   -3.1432631625637724,
   -3.117087538371765
  ]
 },
 "1": {
  "0": [
   1.7495085103591999,
   1.7496685107592296,
   1.7496743250228426,
   1.7495088988382081,
   1.74950701005893,
   1.7496677154242704,
   1.7496796610283054,
   1.7495076090744661,
   1.7495057775272946,
   1.7496728420868104,
   1.7496786697130775,
   1.7495061920929715,
   1.7495061920928796,
   1.7496786697130404,
   1.7496728420865746,
   1.7495057775270386,
   1.7495076090746917,
   1.7496796610284102,
   1.7496677154243414,
   1.749507010058788,
   1.7495088988381566,
   1.7496743250231155,
   1.7496685107590568,
   1.749508510359446
  ],
  "1": [
   1.7523023626499152,
   1.7529208288998401,
   1.7529185945729124,
   1.7522958263641886,
   1.7523028790880582,
   1.7528915433232228,
   1.7528875965187627,
   1.7522901584923163,
   1.75229708393321,
   1.7528597718089662,
   1.752858122401114,
   1.7522909774987496,
   1.7522909774987137,
   1.7528581224011555,
   1.752859771808858,
   1.7522970839330745,
   1.7522901584923423,
   1.7528875965188,
   1.7528915433233032,
   1.7523028790880122,
   1.7522958263641724,
   1.7529185945728254,
   1.7529208288997207,
   1.7523023626499157
  ]
 },
 "2": {
  "0": [
   1.7965977934418242,
   1.7965802401489384,
   1.7965410339160193,
   1.796544126410143,
   1.796587134341775,
   1.796601206699705,
   1.7965877196031212,
   1.7965733428526185,
   1.7965408478816265,
   1.7965473588097916,
   1.796587064375023,
   1.7965947421542041,
   1.796580803797639,
   1.7965732158956582,
   1.7965435443863558,
   1.7965468442501893,
   1.7965799609566075,
   1.7965844355921674,
   1.7965844355920635,
   1.7965799609567206,
   1.7965468442500294,
   1.7965435443858435,
   1.7965732158959522,
   1.796580803797122,
   1.7965947421540802,
   1.7965870643750832,
   1.7965473588102319,
   1.7965408478819953,
   1.7965733428525144,
   1.796587719603303,
   1.7966012066995074,
   1.7965871343418471,
   1.7965441264103064,
   1.7965410339163321,
   1.796580240148553,
   1.7965977934416477
  ],
  "1": [
   1.7954557297546372,
   1.7955904523603585,
   1.7959261611029815,
   1.7959157827259595,
   1.795575228109456,
   1.7954498002465673,
   1.795453636275287,
   1.7955943555737293,
   1.7959376754690461,
   1.7959168933158443,
   1.7955631373728886,
   1.795441494589652,
   1.795445188794963,
   1.79558171419977,
   1.795938996182885,
   1.7959283945958533,
   1.795565815779755,
   1.7954391675677686,
   1.7954391675677226,
   1.7955658157794239,
   1.7959283945961195,
   1.7959389961827306,
   1.795581714199668,
   1.795445188794888,
   1.7954414945895973,
   1.7955631373728205,
   1.7959168933158711,
   1.7959376754692595,
   1.7955943555738443,
   1.7954536362753895,
   1.7954498002466355,
   1.7955752281090613,
   1.7959157827261398,
   1.7959261611034505,
   1.795590452360309,
   1.795455729754536
  ]
 },
 "Z_a": [
  6,
  6,
  6,
  6,
  6,
  6,
  6,
  6,
  6,
  6,
  6,
  6,
  15,
  15,
  15,
  15,
  5,
  5,
  5,
  5,
  6,
  6,
  6,
  6,
  1,
  1,
  1,
  1
 ],
 "spos_ac": [
  [
   0.8725128062271633,
   0.5788645782361553,
   0.7586151613801033
  ],
  [
   0.6989122595554291,
   0.49256570608147227,
   0.25861128824110036
  ],
  [
   0.1989276738411305,
   0.0788410079528084,
   0.3128048493613723
  ],
  [
   0.3725033193337612,
   0.9925875502319049,
   0.8128078762166158
  ],
  [
   0.19892315481892786,
   0.4925571973920667,
   0.3128095295014451
  ],
  [
   0.3725074913454074,
   0.5788707762015073,
   0.8128138723644123
  ],
  [
   0.872508361843588,
   0.9942820840759214,
   0.7586200131910459
  ],
  [
   0.6989163708218085,
   0.0788329025331262,
   0.258617445035979
  ],
  [
   0.5869574404745392,
   0.785733213864936,
   0.8141947923225966
  ],
  [
   0.9844738548770624,
   0.28569479089678523,
   0.3141670627049546
  ],
  [
   0.48446621187346156,
   0.2856953447836929,
   0.25722661237410804
  ],
  [
   0.08695932495749685,
   0.7857337901375745,
   0.7572503293842963
  ],
  [
   0.7572873889231736,
   0.7857037867987287,
   0.0655779736977574
  ],
  [
   0.8141437830365986,
   0.2857251698928161,
   0.5655656404057552
  ],
  [
   0.31413797887295575,
   0.28572480994138116,
   0.005842576354452304
  ],
  [
   0.2572882060344878,
   0.7857033852619727,
   0.505862054265574
  ],
  [
   0.945917374111562,
   0.7857327710064538,
   0.623668130617417
  ],
  [
   0.625510019452445,
   0.28569609289739906,
   0.12366181764942931
  ],
  [
   0.1255137031658538,
   0.2856958939300236,
   0.44776170401137905
  ],
  [
   0.44591512356601026,
   0.7857323774291809,
   0.9477693797909105
  ],
  [
   0.9457825044015014,
   0.7857296659261728,
   0.2926395243483615
  ],
  [
   0.6256478260488969,
   0.285699229366726,
   0.7926348311164438
  ],
  [
   0.12565145318032864,
   0.2856989861185145,
   0.7787901610753399
  ],
  [
   0.4457734873395187,
   0.7857292616016965,
   0.2787953687655959
  ],
  [
   0.535706429654041,
   0.5357133582413821,
   0.5357232333547415
  ],
  [
   0.035725009034503756,
   0.535716295501715,
   0.03572275492730475
  ],
  [
   0.5357063424692164,
   0.035715179656577514,
   0.53572324432194
  ],
  [
   0.03572509537821409,
   0.03571231375223229,
   0.03572277273107491
  ]
 ]
}