{
 "0": {
  "0": [
   0.4251589914266162,
   0.4513008628843838,
   0.4513240785340518,
   0.4252102578481729,
   0.4302226610576189,
   0.45469713034195874,
   0.4547410589963176,
   0.43032646409728126,
   0.43243411244058216,
   0.45511678463557664,
   0.455136242273381,
   0.43248703975137676,
   0.4324870397515043,
   0.45513624227346994,
   0.4551167846354917,
   0.43243411244063945,
   0.43032646409729514,
   0.4547410589963385,
   0.4546971303420538,
   0.43022266105757434,
   0.4252102578481328,
   0.4513240785340716,
   0.4513008628843494,
   0.4251589914266106
  ],
  "1": [
   -3.117759697967092,
   -3.1438826179869928,
   -3.1438397033042214,
   -3.1177178210506473,
   -3.122871785825757,
   -3.147306019921435,
   -3.1472299689599272,
   -3.1227872321101224,
   -3.1250384138587606,
   -3.147691877312848,
   -3.1476598474643516,
   -3.1249949568298674,
   -3.124994956829909,
   -3.1476598474643622,
   -3.1476918773129228,
   -3.125038413858707,
   -3.1227872321101735,
   -3.147229968959867,
   -3.1473060199214906,
   -3.1228717858256942,
   -3.117717821050751,
   -3.1438397033043075,
   -3.1438826179869515,
   -3.1177596979671494
  ]
 },
 "1": {
  "0": [
   1.8026778058163666,
   1.8018916662608002,
   1.8018906531201468,
   1.8026679365695149,
   1.8026685292922415,
   1.8018945746053279,
   1.8018928683650566,
   1.802648771921789,
   1.8026493108168262,
   1.801896228418578,
   1.8018952056665865,
   1.8026394702720698,
   1.8026394702719133,
   1.8018952056665014,
   1.8018962284186302,
   1.8026493108168196,
   1.8026487719218773,
   1.8018928683652102,
   1.801894574605326,
   1.8026685292922684,
   1.8026679365694596,
   1.8018906531201255,
   1.8018916662610698,
   1.8026778058164732
  ],
  "1": [
   1.80493071505432,
   1.8054809453433023,
   1.8054788344094779,
   1.8049305830909224,
   1.8049139158355845,
   1.805448549037056,
   1.805444631815017,
   1.8049137821937353,
   1.8048971899341322,
   1.8054135215007174,
   1.8054119024504744,
   1.804896985461304,
   1.804896985461278,
   1.8054119024504878,
   1.8054135215007612,
   1.804897189934037,
   1.8049137821936385,
   1.8054446318149282,
   1.805448549036808,
   1.804913915835656,
   1.804930583090937,
   1.8054788344096004,
   1.8054809453433476,
   1.8049307150546108
  ]
 },
 "2": {
  "0": [
   1.7958337886097533,
   1.7958417393147295,
   1.795843495656289,
   1.7958313078269004,
   1.7958262317502023,
   1.7958294184565005,
   1.795835665326588,
   1.7958493418471504,
   1.795849745543979,
   1.7958249851266084,
   1.7958181140459537,
   1.795826953106632,
   1.7958332257709255,
   1.7958413191881983,
   1.7958436774335245,
   1.7958309271131516,
   1.7958255113945987,
   1.7958288265225015,
   1.7958288265225628,
   1.7958255113947126,
   1.7958309271128101,
   1.7958436774332611,
   1.795841319188546,
   1.795833225770932,
   1.7958269531066489,
   1.7958181140461167,
   1.7958249851265777,
   1.7958497455441003,
   1.7958493418470678,
   1.7958356653266527,
   1.7958294184563766,
   1.7958262317500526,
   1.7958313078271595,
   1.7958434956562188,
   1.7958417393146928,
   1.7958337886098346
  ],
  "1": [
   1.796778668976097,
   1.7967879858379707,
   1.7967828141462288,
   1.7967656716779392,
   1.79675655823394,
   1.7967637774538867,
   1.796786306013172,
   1.7968047900709831,
   1.7967925076110847,
   1.7967577126996574,
   1.796741029541648,
   1.7967561578891442,
   1.7967788147921613,
   1.7967896551035234,
   1.796784731469726,
   1.7967672874525276,
   1.7967575748702123,
   1.7967636756221057,
   1.796763675622072,
   1.7967575748702027,
   1.7967672874523535,
   1.796784731470086,
   1.7967896551034832,
   1.796778814792329,
   1.7967561578890818,
   1.796741029541951,
   1.7967577126998158,
   1.7967925076110924,
   1.7968047900709834,
   1.7967863060133342,
   1.7967637774537235,
   1.796756558234188,
   1.7967656716780063,
   1.7967828141463549,
   1.7967879858379954,
   1.7967786689761762
  ]
 },
 "Z_a": [
  6,
  6,
  6,
  6,
  6,
  6,
  6,
  6,
  6,
  6,
  6,
  6,
  15,
  15,
  15,
  15,
  5,
  5,
  5,
  5,
  6,
  6,
  6,
  6,
  1,
  1,
  1,
  1
 ],
 "spos_ac": [
  [
   0.8725128062271633,
   0.5788645782361553,
   0.7586151613801033
  ],
  [
   0.6989122595554291,
   0.49256570608147227,
   0.25861128824110036
  ],
  [
   0.1989276738411305,
   0.0788410079528084,
   0.3128048493613723
  ],
  [
   0.3725033193337612,
   0.9925875502319049,
   0.8128078762166158
  ],
  [
   0.19892315481892786,
   0.4925571973920667,
   0.3128095295014451
  ],
  [
   0.3725074913454074,
   0.5788707762015073,
   0.8128138723644123
  ],
  [
   0.8725083672045058,
   0.9925945643649999,
   0.7586200136795407
  ],
  [
   0.6989163708218085,
   0.0788329025331262,
   0.258617445035979
  ],
  [
   0.5869574404745392,
   0.785733213864936,
   0.8141947923225966
  ],
  [
   0.9844738548770624,
   0.28569479089678523,
   0.3141670627049546
  ],
  [
   0.48446621187346156,
   0.2856953447836929,
   0.25722661237410804
  ],
  [
   0.08695932495749685,
   0.7857337901375745,
   0.7572503293842963
  ],
  [
   0.7572873889231736,
   0.7857037867987287,
   0.0655779736977574
  ],
  [
   0.8141437830365986,
   0.2857251698928161,
   0.5655656404057552
  ],
  [
   0.31413797887295575,
   0.28572480994138116,
   0.005842576354452304
  ],
  [
   0.2572882060344878,
   0.7857033852619727,
   0.505862054265574
  ],
  [
   0.9459173794724796,
   0.7840452512955322,
   0.6236681311059118
  ],
  [
   0.625510019452445,
   0.28569609289739906,
   0.12366181764942931
  ],
  [
   0.1255137031658538,
   0.2856958939300236,
   0.44776170401137905
  ],
  [
   0.44591512356601026,
   0.7857323774291809,
   0.9477693797909105
  ],
  [
   0.9457825044015014,
   0.7857296659261728,
   0.2926395243483615
  ],
  [
   0.6256478260488969,
   0.285699229366726,
   0.7926348311164438
  ],
  [
   0.12565145318032864,
   0.2856989861185145,
   0.7787901610753399
  ],
  [
   0.4457734873395187,
   0.7857292616016965,
   0.2787953687655959
  ],
  [
   0.535706429654041,
   0.5357133582413821,
   0.5357232333547415
  ],
  [
   0.035725009034503756,
   0.535716295501715,
   0.03572275492730475
  ],
  [
   0.5357063424692164,
   0.035715179656577514,
   0.53572324432194
  ],
  [
   0.03572509537821409,
   0.03571231375223229,
   0.03572277273107491
  ]
 ]
}