{
 "0": {
  "0": [
   0.4202469317811248,
   0.4464928234968776,
   0.4464927860664106,
   0.4202468970554187,
   0.4251929589408818,
   0.44987727577759773,
   0.44987719716661706,
   0.4251928291645324,
   0.4272522890744911,
   0.4502691156203835,
   0.4502690877026413,
   0.4272522228961137,
   0.42725222289607145,
   0.4502690877026922,
   0.45026911562033883,
   0.4272522890744682,
   0.425192829164478,
   0.4498771971666669,
   0.4498772757776062,
   0.42519295894106046,
   0.420246897055519,
   0.4464927860664844,
   0.4464928234969606,
   0.4202469317811548
  ],
  "1": [
   -3.121852954599436,
   -3.1479227804839334,
   -3.1479227818349966,
   -3.1218529454626514,
   -3.1270028359947384,
   -3.151442209527933,
   -3.1514422078230906,
   -3.1270027736007693,
   -3.129256535469782,
   -3.151957729823282,
   -3.1519577253468802,
   -3.129256535032716,
   -3.129256535032651,
   -3.1519577253468354,
   -3.151957729823275,
   -3.129256535469896,
   -3.1270027736007457,
   -3.151442207823066,
   -3.151442209527788,
   -3.127002835994829,
   -3.121852945462614,
   -3.1479227818349393,
   -3.147922780483874,
   -3.121852954599512
  ]
 },
 "1": {
  "0": [
   1.7958212798171815,
   1.7958125680360981,
   1.7958125609729898,
   1.7958212963951632,
   1.79582153316002,
   1.795815175499586,
   1.7958151627537282,
   1.795821516281074,
   1.7958214695207453,
   1.7958178470978146,
   1.7958176524186549,
   1.7958215568994247,
   1.7958215568993736,
   1.7958176524186034,
   1.7958178470976567,
   1.79582146952075,
   1.7958215162810078,
   1.7958151627537717,
   1.7958151754995462,
   1.795821533160021,
   1.7958212963952251,
   1.795812560972898,
   1.795812568036253,
   1.7958212798170523
  ],
  "1": [
   1.7945702666528656,
   1.7945788511581575,
   1.79457887411039,
   1.7945702921422408,
   1.7945700289682438,
   1.7945762244366188,
   1.7945762773062126,
   1.7945700442537498,
   1.7945700807991223,
   1.7945735309342772,
   1.7945737546510527,
   1.7945699979512653,
   1.7945699979509029,
   1.7945737546511114,
   1.7945735309341966,
   1.7945700807990386,
   1.794570044253541,
   1.7945762773063092,
   1.7945762244365202,
   1.7945700289680766,
   1.7945702921422302,
   1.794578874110469,
   1.7945788511580114,
   1.79457026665282
  ]
 },
 "2": {
  "0": [
   1.7948234320584502,
   1.7950596130510377,
   1.7953177652489687,
   1.7953177532668974,
   1.795059609269567,
   1.7948234306146094,
   1.7948142006524375,
   1.7950323297774762,
   1.795288816585913,
   1.795288812082411,
   1.7950323153504857,
   1.7948142014004351,
   1.794804648765327,
   1.7950036255063195,
   1.7952579019548305,
   1.7952579001139526,
   1.7950035050504987,
   1.7948046472024293,
   1.7948046472024182,
   1.7950035050504953,
   1.7952579001138547,
   1.7952579019547106,
   1.7950036255059818,
   1.7948046487655045,
   1.7948142014002972,
   1.7950323153505032,
   1.7952888120824688,
   1.795288816585627,
   1.795032329777389,
   1.7948142006521508,
   1.7948234306149562,
   1.7950596092698345,
   1.7953177532669504,
   1.795317765248726,
   1.795059613050886,
   1.7948234320586591
  ],
  "1": [
   1.7941713089053075,
   1.794319893118958,
   1.7945569561985832,
   1.794556937637541,
   1.79431987894521,
   1.7941713002890043,
   1.7941752783219198,
   1.794324012175478,
   1.7945674597906223,
   1.7945674498977724,
   1.7943239555377368,
   1.7941752756472849,
   1.7941791466133141,
   1.7943275042831826,
   1.7945777345998348,
   1.794577729282325,
   1.7943275796872216,
   1.7941791384510868,
   1.79417913845101,
   1.7943275796875562,
   1.794577729282425,
   1.794577734599914,
   1.7943275042830968,
   1.794179146613312,
   1.794175275647271,
   1.794323955537378,
   1.79456744989765,
   1.7945674597902908,
   1.794324012175658,
   1.7941752783219997,
   1.7941713002893485,
   1.7943198789451784,
   1.7945569376376118,
   1.7945569561984471,
   1.7943198931190611,
   1.794171308905531
  ]
 },
 "Z_a": [
  6,
  6,
  6,
  6,
  6,
  6,
  6,
  6,
  6,
  6,
  6,
  6,
  15,
  15,
  15,
  15,
  5,
  5,
  5,
  5,
  6,
  6,
  6,
  6,
  1,
  1,
  1,
  1
 ],
 "spos_ac": [
  [
   0.8725128062271633,
   0.5788645782361553,
   0.7586151613801033
  ],
  [
   0.6989122595554291,
   0.49256570608147227,
   0.25861128824110036
  ],
  [
   0.1989276738411305,
   0.0788410079528084,
   0.3128048493613723
  ],
  [
   0.3725033193337612,
   0.9925875502319049,
   0.8128078762166158
  ],
  [
   0.19892315481892786,
   0.4925571973920667,
   0.3128095295014451
  ],
  [
   0.3725074913454074,
   0.5788707762015073,
   0.8128138723644123
  ],
  [
   0.8725083672045058,
   0.9925945643649999,
   0.7586200136795407
  ],
  [
   0.6989163708218085,
   0.0788329025331262,
   0.258617445035979
  ],
  [
   0.5869574404745392,
   0.785733213864936,
   0.8141947923225966
  ],
  [
   0.9844738548770624,
   0.28569479089678523,
   0.3141670627049546
  ],
  [
   0.48446621187346156,
   0.2856953447836929,
   0.25722661237410804
  ],
  [
   0.08695932495749685,
   0.7857337901375745,
   0.7572503293842963
  ],
  [
   0.7572873889231736,
   0.7857037867987287,
   0.0655779736977574
  ],
  [
   0.8141437830365986,
   0.2857251698928161,
   0.5655656404057552
  ],
  [
   0.31413797887295575,
   0.28572480994138116,
   0.005842576354452304
  ],
  [
   0.2572882060344878,
   0.7857033852619727,
   0.505862054265574
  ],
  [
   0.9469132813079105,
   0.7857327618687877,
   0.623668135323071
  ],
  [
   0.625510019452445,
   0.28569609289739906,
   0.12366181764942931
  ],
  [
   0.1255137031658538,
   0.2856958939300236,
   0.44776170401137905
  ],
  [
   0.44591512356601026,
   0.7857323774291809,
   0.9477693797909105
  ],
  [
   0.9457825044015014,
   0.7857296659261728,
   0.2926395243483615
  ],
  [
   0.6256478260488969,
   0.285699229366726,
   0.7926348311164438
  ],
  [
   0.12565145318032864,
   0.2856989861185145,
   0.7787901610753399
  ],
  [
   0.4457734873395187,
   0.7857292616016965,
   0.2787953687655959
  ],
  [
   0.535706429654041,
   0.5357133582413821,
   0.5357232333547415
  ],
  [
   0.035725009034503756,
   0.535716295501715,
   0.03572275492730475
  ],
  [
   0.5357063424692164,
   0.035715179656577514,
   0.53572324432194
  ],
  [
   0.03572509537821409,
   0.03571231375223229,
   0.03572277273107491
  ]
 ]
}