{
 "0": {
  "0": [
   0.4251875961419199,
   0.4513034918191771,
   0.4513105809932256,
   0.4251819887774084,
   0.43028587330455104,
   0.45470947515661153,
   0.4547200654490799,
   0.43026864607282544,
   0.43247181841868343,
   0.4551219969591837,
   0.4551250726619253,
   0.43246007630955985,
   0.4324600763094638,
   0.4551250726619302,
   0.45512199695917904,
   0.43247181841869375,
   0.4302686460728748,
   0.4547200654490725,
   0.454709475156615,
   0.43028587330451384,
   0.42518198877741226,
   0.45131058099325516,
   0.45130349181917473,
   0.4251875961418435
  ],
  "1": [
   -3.1177553993702123,
   -3.143874882380239,
   -3.143861569814367,
   -3.1177416429095923,
   -3.1228478698316646,
   -3.1472825586924644,
   -3.1472679554598404,
   -3.1228316391720266,
   -3.1250272184935657,
   -3.1476823828523304,
   -3.1476841759845096,
   -3.12502744252331,
   -3.1250274425233173,
   -3.147684175984461,
   -3.147682382852359,
   -3.1250272184935866,
   -3.122831639172085,
   -3.1472679554598817,
   -3.147282558692369,
   -3.1228478698316864,
   -3.1177416429096225,
   -3.1438615698143537,
   -3.1438748823802087,
   -3.117755399370223
  ]
 },
 "1": {
  "0": [
   1.7580988927583279,
   1.7577947637222506,
   1.7577717265628992,
   1.7580894946237384,
   1.758112565841767,
   1.7577848404921905,
   1.7577388201337767,
   1.7580937871473041,
   1.758116552839605,
   1.757751280990641,
   1.7577280982319408,
   1.7581072360288827,
   1.7581072360289476,
   1.7577280982320076,
   1.7577512809907598,
   1.7581165528396505,
   1.758093787147262,
   1.7577388201338173,
   1.7577848404923049,
   1.7581125658417853,
   1.7580894946237624,
   1.7577717265628412,
   1.7577947637222155,
   1.7580988927583368
  ],
  "1": [
   1.7563732850203073,
   1.755914525336848,
   1.7559100877847547,
   1.7563723107081386,
   1.756380287383254,
   1.7559400319300966,
   1.7559305487589365,
   1.7563785720126817,
   1.7563863574697511,
   1.7559600691911403,
   1.755955264550322,
   1.7563855411892593,
   1.7563855411893639,
   1.7559552645503713,
   1.755960069191281,
   1.7563863574696668,
   1.7563785720127993,
   1.7559305487588852,
   1.7559400319300191,
   1.7563802873832242,
   1.7563723107080544,
   1.7559100877847724,
   1.755914525336725,
   1.756373285020274
  ]
 },
 "2": {
  "0": [
   1.7957922073968489,
   1.7957905903562048,
   1.7957868851910268,
   1.7957863627150386,
   1.7957865324332394,
   1.7957894422153868,
   1.7957933479452306,
   1.7957924759060064,
   1.7957871918501342,
   1.7957852919007178,
   1.795783958983515,
   1.7957878154188724,
   1.7957917492275748,
   1.795789960438606,
   1.7957862163131315,
   1.7957854575224605,
   1.7957857365405077,
   1.795788912858403,
   1.7957889128584945,
   1.7957857365404817,
   1.7957854575223782,
   1.795786216313239,
   1.7957899604387013,
   1.795791749227634,
   1.7957878154189544,
   1.7957839589836375,
   1.7957852919004949,
   1.7957871918499857,
   1.7957924759059511,
   1.7957933479453374,
   1.7957894422150997,
   1.7957865324332831,
   1.7957863627149497,
   1.7957868851910874,
   1.7957905903560962,
   1.7957922073966797
  ],
  "1": [
   1.7967778848293219,
   1.7967775515813234,
   1.7967733119404516,
   1.7967688690298316,
   1.7967703575677905,
   1.7967752709016753,
   1.796779613135702,
   1.7967817228779568,
   1.7967763874095717,
   1.7967663400647507,
   1.7967670281033452,
   1.7967740283362725,
   1.7967784238714655,
   1.796778431757409,
   1.7967742109917166,
   1.7967691087646092,
   1.7967712767187833,
   1.7967756633084857,
   1.7967756633085352,
   1.7967712767188848,
   1.7967691087647837,
   1.796774210991809,
   1.7967784317573903,
   1.79677842387151,
   1.7967740283363263,
   1.7967670281033583,
   1.7967663400647031,
   1.7967763874099096,
   1.796781722877761,
   1.7967796131356508,
   1.7967752709017637,
   1.7967703575677056,
   1.796768869030098,
   1.7967733119404363,
   1.796777551581246,
   1.796777884829399
  ]
 },
 "Z_a": [
  6,
  6,
  6,
  6,
  6,
  6,
  6,
  6,
  6,
  6,
  6,
  6,
  15,
  15,
  15,
  15,
  5,
  5,
  5,
  5,
  6,
  6,
  6,
  6,
  1,
  1,
  1,
  1
 ],
 "spos_ac": [
  [
   0.8725128062271633,
   0.5788645782361553,
   0.7586151613801033
  ],
  [
   0.6989122595554291,
   0.49256570608147227,
   0.25861128824110036
  ],
  [
   0.1989276738411305,
   0.0788410079528084,
   0.3128048493613723
  ],
  [
   0.3725033193337612,
   0.9925875502319049,
   0.8128078762166158
  ],
  [
   0.19892315481892786,
   0.4925571973920667,
   0.3128095295014451
  ],
  [
   0.3725074913454074,
   0.5788707762015073,
   0.8128138723644123
  ],
  [
   0.8725083672045058,
   0.9925945643649999,
   0.7586200136795407
  ],
  [
   0.6989163708218085,
   0.0788329025331262,
   0.258617445035979
  ],
  [
   0.5869574404745392,
   0.785733213864936,
   0.8141947923225966
  ],
  [
   0.9844738548770624,
   0.28569479089678523,
   0.3141670627049546
  ],
  [
   0.48446621187346156,
   0.2856953447836929,
   0.25722661237410804
  ],
  [
   0.08695932495749685,
   0.7857337901375745,
   0.7572503293842963
  ],
  [
   0.7572873889231736,
   0.7857037867987287,
   0.0655779736977574
  ],
  [
   0.8141437830365986,
   0.2857251698928161,
   0.5655656404057552
  ],
  [
   0.31413797887295575,
   0.28572480994138116,
   0.005842576354452304
  ],
  [
   0.2572882060344878,
   0.7857033852619727,
   0.505862054265574
  ],
  [
   0.945917374111562,
   0.7857327710064538,
   0.623668130617417
  ],
  [
   0.625510019452445,
   0.28569609289739906,
   0.12366181764942931
  ],
  [
   0.1255137031658538,
   0.2856958939300236,
   0.44776170401137905
  ],
  [
   0.44591512356601026,
   0.7857323774291809,
   0.9477693797909105
  ],
  [
   0.9457825044015014,
   0.7857296659261728,
   0.2926395243483615
  ],
  [
   0.6256478260488969,
   0.285699229366726,
   0.7926348311164438
  ],
  [
   0.125651447819411,
   0.28738650582943603,
   0.7787901605868452
  ],
  [
   0.4457734873395187,
   0.7857292616016965,
   0.2787953687655959
  ],
  [
   0.535706429654041,
   0.5357133582413821,
   0.5357232333547415
  ],
  [
   0.035725009034503756,
   0.535716295501715,
   0.03572275492730475
  ],
  [
   0.5357063424692164,
   0.035715179656577514,
   0.53572324432194
  ],
  [
   0.03572509537821409,
   0.03571231375223229,
   0.03572277273107491
  ]
 ]
}