{
 "0": {
  "0": [
   0.4241162037944631,
   0.4502291902226633,
   0.450229164913362,
   0.4241161737726144,
   0.429209561559134,
   0.4536346339372055,
   0.45363458334736684,
   0.42920944767945124,
   0.4313909224419634,
   0.454042132392378,
   0.45404211173892817,
   0.431390888570511,
   0.43139088857047686,
   0.4540421117389487,
   0.4540421323923928,
   0.4313909224419334,
   0.42920944767946695,
   0.45363458334734635,
   0.45363463393714165,
   0.42920956155909984,
   0.424116173772704,
   0.45022916491330417,
   0.45022919022260904,
   0.4241162037945706
  ],
  "1": [
   -3.117780844541575,
   -3.1440362268343125,
   -3.1440362167295937,
   -3.1177808261693016,
   -3.1228862519541707,
   -3.147454676656372,
   -3.1474546550292386,
   -3.122886161051645,
   -3.1250985789756838,
   -3.1478910681763037,
   -3.1478910618625973,
   -3.1250985529658406,
   -3.1250985529659228,
   -3.1478910618625466,
   -3.1478910681762993,
   -3.125098578975745,
   -3.1228861610516887,
   -3.1474546550291564,
   -3.1474546766563654,
   -3.122886251954169,
   -3.1177808261694056,
   -3.1440362167295244,
   -3.1440362268343707,
   -3.1177808445415445
  ]
 },
 "1": {
  "0": [
   1.7958206833387593,
   1.7958121145933295,
   1.7958120922468046,
   1.7958206687021214,
   1.795820927892864,
   1.795814731129346,
   1.7958146815980833,
   1.7958208980267971,
   1.7958208641806488,
   1.7958174109639995,
   1.7958172005203326,
   1.7958209415872772,
   1.7958209415872606,
   1.7958172005204565,
   1.7958174109640044,
   1.7958208641806694,
   1.7958208980269117,
   1.7958146815981246,
   1.7958147311294497,
   1.7958209278928956,
   1.7958206687021105,
   1.7958120922466139,
   1.7958121145933668,
   1.7958206833387327
  ],
  "1": [
   1.7945701503659544,
   1.7945786436113524,
   1.7945786653975295,
   1.7945701639412186,
   1.7945699037358314,
   1.7945760063180216,
   1.7945760579664147,
   1.7945699301558058,
   1.7945699521718335,
   1.7945733197202338,
   1.794573531137867,
   1.7945698791180982,
   1.7945698791179814,
   1.7945735311377897,
   1.7945733197203686,
   1.7945699521714629,
   1.7945699301558036,
   1.7945760579662937,
   1.7945760063180696,
   1.7945699037358285,
   1.7945701639412537,
   1.7945786653973297,
   1.7945786436114923,
   1.7945701503658051
  ]
 },
 "2": {
  "0": [
   1.737748501553532,
   1.7377155131810182,
   1.737722712484821,
   1.7377227086668887,
   1.7377155130517121,
   1.7377485022290886,
   1.7377472602514543,
   1.7377036464021338,
   1.7376999716739983,
   1.7376999696593365,
   1.7377036384414308,
   1.737747263664992,
   1.7377456247278602,
   1.7376915593609035,
   1.7376766584485592,
   1.737676657787357,
   1.7376914418702718,
   1.7377456250452288,
   1.7377456250455878,
   1.7376914418701845,
   1.7376766577877127,
   1.7376766584486292,
   1.737691559361313,
   1.737745624727704,
   1.7377472636646916,
   1.737703638441534,
   1.7376999696593147,
   1.7376999716738808,
   1.7377036464017868,
   1.7377472602518975,
   1.7377485022291517,
   1.7377155130520265,
   1.7377227086669855,
   1.7377227124844437,
   1.737715513180866,
   1.737748501553168
  ],
  "1": [
   1.7398369871713593,
   1.7402204792175964,
   1.7406594295947713,
   1.7406594311561108,
   1.7402204767053853,
   1.739836985188035,
   1.7398395523905812,
   1.7402238038159903,
   1.7406533420560173,
   1.7406533423197117,
   1.7402237804798357,
   1.7398395457407585,
   1.7398416445066627,
   1.740227467763457,
   1.7406469191649865,
   1.7406469189372038,
   1.7402276119846471,
   1.7398416427128613,
   1.739841642713047,
   1.740227611984418,
   1.7406469189370317,
   1.740646919165034,
   1.7402274677634015,
   1.7398416445067517,
   1.7398395457407176,
   1.7402237804798126,
   1.7406533423195611,
   1.740653342056,
   1.7402238038161222,
   1.7398395523906376,
   1.7398369851879305,
   1.7402204767056453,
   1.7406594311562946,
   1.7406594295949402,
   1.7402204792173313,
   1.7398369871712926
  ]
 },
 "Z_a": [
  6,
  6,
  6,
  6,
  6,
  6,
  6,
  6,
  6,
  6,
  6,
  6,
  15,
  15,
  15,
  15,
  5,
  5,
  5,
  5,
  6,
  6,
  6,
  6,
  1,
  1,
  1,
  1
 ],
 "spos_ac": [
  [
   0.8725128062271633,
   0.5788645782361553,
   0.7586151613801033
  ],
  [
   0.6989122595554291,
   0.49256570608147227,
   0.25861128824110036
  ],
  [
   0.1989276738411305,
   0.0788410079528084,
   0.3128048493613723
  ],
  [
   0.3725033193337612,
   0.9925875502319049,
   0.8128078762166158
  ],
  [
   0.19892315481892786,
   0.4925571973920667,
   0.3128095295014451
  ],
  [
   0.3725074913454074,
   0.5788707762015073,
   0.8128138723644123
  ],
  [
   0.8725083672045058,
   0.9925945643649999,
   0.7586200136795407
  ],
  [
   0.6989163708218085,
   0.0788329025331262,
   0.258617445035979
  ],
  [
   0.5869574404745392,
   0.785733213864936,
   0.8141947923225966
  ],
  [
   0.9844738548770624,
   0.28569479089678523,
   0.3141670627049546
  ],
  [
   0.48446621187346156,
   0.2856953447836929,
   0.25722661237410804
  ],
  [
   0.08695932495749685,
   0.7857337901375745,
   0.7572503293842963
  ],
  [
   0.7572873889231736,
   0.7857037867987287,
   0.0655779736977574
  ],
  [
   0.8141437830365986,
   0.2857251698928161,
   0.5655656404057552
  ],
  [
   0.31413797887295575,
   0.28572480994138116,
   0.005842576354452304
  ],
  [
   0.2572882060344878,
   0.7857033852619727,
   0.505862054265574
  ],
  [
   0.945917374111562,
   0.7857327710064538,
   0.623668130617417
  ],
  [
   0.625510019452445,
   0.28569609289739906,
   0.12366181764942931
  ],
  [
   0.1255137031658538,
   0.2856958939300236,
   0.44776170401137905
  ],
  [
   0.44591512356601026,
   0.7857323774291809,
   0.9477693797909105
  ],
  [
   0.9457825044015014,
   0.7857296659261728,
   0.2926395243483615
  ],
  [
   0.6256478260488969,
   0.285699229366726,
   0.7926348311164438
  ],
  [
   0.1256514553599256,
   0.2856989857390974,
   0.7809602369193338
  ],
  [
   0.4457734873395187,
   0.7857292616016965,
   0.2787953687655959
  ],
  [
   0.535706429654041,
   0.5357133582413821,
   0.5357232333547415
  ],
  [
   0.035725009034503756,
   0.535716295501715,
   0.03572275492730475
  ],
  [
   0.5357063424692164,
   0.035715179656577514,
   0.53572324432194
  ],
  [
   0.03572509537821409,
   0.03571231375223229,
   0.03572277273107491
  ]
 ]
}