{
 "0": {
  "0": [
   0.4254770735022121,
   0.451534319287079,
   0.45153422362366125,
   0.42547697987944766,
   0.43061644263125637,
   0.45502767930067234,
   0.45502748494101425,
   0.4306161994380929,
   0.43281152767005576,
   0.4555211474982099,
   0.4555210542906617,
   0.43281142651883703,
   0.4328114265188185,
   0.4555210542904856,
   0.45552114749817224,
   0.43281152767001435,
   0.4306161994380825,
   0.45502748494093376,
   0.4550276793007346,
   0.43061644263123344,
   0.4254769798792289,
   0.45153422362347434,
   0.4515343192871491,
   0.42547707350193653
  ],
  "1": [
   -3.117767178316466,
   -3.1436643494284526,
   -3.143664339196329,
   -3.1177671671469014,
   -3.12293769827924,
   -3.1473320908574656,
   -3.1473320761137256,
   -3.1229376306936913,
   -3.12520184931007,
   -3.1479922073139677,
   -3.1479922058907683,
   -3.1252018408604574,
   -3.1252018408604068,
   -3.147992205890646,
   -3.147992207314016,
   -3.1252018493099865,
   -3.1229376306938272,
   -3.147332076113726,
   -3.147332090857278,
   -3.12293769827913,
   -3.1177671671469915,
   -3.1436643391962944,
   -3.1436643494284575,
   -3.1177671783164103
  ]
 },
 "1": {
  "0": [
   1.7958207815890042,
   1.795812261228542,
   1.7958122283313689,
   1.795820754176285,
   1.7958210313733598,
   1.7958148669878946,
   1.7958148052991012,
   1.795820984821878,
   1.795820975305855,
   1.7958175300577208,
   1.7958173042145738,
   1.7958210454709957,
   1.7958210454713284,
   1.7958173042146355,
   1.7958175300577846,
   1.7958209753058851,
   1.795820984821875,
   1.795814805299033,
   1.7958148669876546,
   1.795821031373212,
   1.7958207541765492,
   1.7958122283317717,
   1.7958122612284024,
   1.7958207815892437
  ],
  "1": [
   1.7945709073081766,
   1.79457931682562,
   1.7945793393789322,
   1.7945709293232226,
   1.794570633459816,
   1.7945766902390623,
   1.7945767310145908,
   1.7945706734452187,
   1.7945706676836544,
   1.7945739963965515,
   1.7945742144803754,
   1.7945705972634165,
   1.79457059726345,
   1.79457421448019,
   1.7945739963965142,
   1.7945706676839317,
   1.7945706734454925,
   1.7945767310146437,
   1.794576690239223,
   1.7945706334600748,
   1.7945709293233536,
   1.7945793393787426,
   1.7945793168255861,
   1.794570907308316
  ]
 },
 "2": {
  "0": [
   1.6731272011237108,
   1.6725866524715798,
   1.6720273464947573,
   1.6720273483804167,
   1.6725866469180721,
   1.6731271991981431,
   1.6731262167225573,
   1.6725974099594523,
   1.6720490761886326,
   1.6720490679816487,
   1.6725974036830598,
   1.6731262107097078,
   1.673125448953537,
   1.672608761407724,
   1.6720715921332778,
   1.6720715881542927,
   1.6726086459776557,
   1.6731254467869705,
   1.6731254467874341,
   1.6726086459777956,
   1.672071588154537,
   1.6720715921332108,
   1.6726087614077227,
   1.6731254489532892,
   1.673126210709768,
   1.672597403683256,
   1.6720490679814204,
   1.6720490761884104,
   1.672597409959065,
   1.6731262167225958,
   1.6731271991978303,
   1.672586646917768,
   1.6720273483801715,
   1.6720273464945208,
   1.6725866524714479,
   1.6731272011234115
  ],
  "1": [
   1.7446689722754993,
   1.7448012153317787,
   1.7449203481464841,
   1.744920343902445,
   1.74480120696645,
   1.7446689670681457,
   1.7446770956126705,
   1.7448058627997034,
   1.7449270855143995,
   1.7449270793320573,
   1.7448058501444121,
   1.7446770789922448,
   1.7446851318779402,
   1.7448105419850666,
   1.7449335323649748,
   1.7449335287724215,
   1.744810652963374,
   1.7446851271971688,
   1.7446851271976138,
   1.7448106529636298,
   1.744933528772558,
   1.7449335323650434,
   1.744810541985032,
   1.7446851318776813,
   1.7446770789922688,
   1.7448058501445716,
   1.7449270793319465,
   1.744927085514182,
   1.7448058627998249,
   1.7446770956126931,
   1.7446689670682325,
   1.7448012069667316,
   1.744920343902344,
   1.7449203481465436,
   1.7448012153318582,
   1.7446689722756255
  ]
 },
 "Z_a": [
  6,
  6,
  6,
  6,
  6,
  6,
  6,
  6,
  6,
  6,
  6,
  6,
  15,
  15,
  15,
  15,
  5,
  5,
  5,
  5,
  6,
  6,
  6,
  6,
  1,
  1,
  1,
  1
 ],
 "spos_ac": [
  [
   0.8725128062271633,
   0.5788645782361553,
   0.7586151613801033
  ],
  [
   0.6989122595554291,
   0.49256570608147227,
   0.25861128824110036
  ],
  [
   0.1989276738411305,
   0.0788410079528084,
   0.3128048493613723
  ],
  [
   0.3725033193337612,
   0.9925875502319049,
   0.8128078762166158
  ],
  [
   0.19892315481892786,
   0.4925571973920667,
   0.3128095295014451
  ],
  [
   0.3725074913454074,
   0.5788707762015073,
   0.8128138723644123
  ],
  [
   0.8725083672045058,
   0.9925945643649999,
   0.7586200136795407
  ],
  [
   0.6989163708218085,
   0.0788329025331262,
   0.258617445035979
  ],
  [
   0.5869574404745392,
   0.785733213864936,
   0.8141947923225966
  ],
  [
   0.9844738548770624,
   0.28569479089678523,
   0.3141670627049546
  ],
  [
   0.48446621187346156,
   0.2856953447836929,
   0.25722661237410804
  ],
  [
   0.08695932495749685,
   0.7857337901375745,
   0.7572503293842963
  ],
  [
   0.7572873911027705,
   0.7857037864193115,
   0.06774804954175132
  ],
  [
   0.8141437830365986,
   0.2857251698928161,
   0.5655656404057552
  ],
  [
   0.31413797887295575,
   0.28572480994138116,
   0.005842576354452304
  ],
  [
   0.2572882060344878,
   0.7857033852619727,
   0.505862054265574
  ],
  [
   0.945917374111562,
   0.7857327710064538,
   0.623668130617417
  ],
  [
   0.625510019452445,
   0.28569609289739906,
   0.12366181764942931
  ],
  [
   0.1255137031658538,
   0.2856958939300236,
   0.44776170401137905
  ],
  [
   0.44591512356601026,
   0.7857323774291809,
   0.9477693797909105
  ],
  [
   0.9457825044015014,
   0.7857296659261728,
   0.2926395243483615
  ],
  [
   0.6256478260488969,
   0.285699229366726,
   0.7926348311164438
  ],
  [
   0.12565145318032864,
   0.2856989861185145,
   0.7787901610753399
  ],
  [
   0.4457734873395187,
   0.7857292616016965,
   0.2787953687655959
  ],
  [
   0.535706429654041,
   0.5357133582413821,
   0.5357232333547415
  ],
  [
   0.035725009034503756,
   0.535716295501715,
   0.03572275492730475
  ],
  [
   0.5357063424692164,
   0.035715179656577514,
   0.53572324432194
  ],
  [
   0.03572509537821409,
   0.03571231375223229,
   0.03572277273107491
  ]
 ]
}