{
 "0": {
  "0": [
   0.4262442025172909,
   0.45237632044163206,
   0.4523762946032207,
   0.4262441721264894,
   0.43133710503953665,
   0.4557859557775051,
   0.45578590712142786,
   0.43133699355696237,
   0.4335342664430184,
   0.45619570655968616,
   0.4561956854107094,
   0.43353423221965803,
   0.4335342322196876,
   0.45619568541073674,
   0.45619570655977854,
   0.4335342664430103,
   0.43133699355699384,
   0.4557859071214904,
   0.45578595577738656,
   0.4313371050394805,
   0.4262441721263654,
   0.45237629460327194,
   0.452376320441651,
   0.4262442025172477
  ],
  "1": [
   -3.1177078858756224,
   -3.1436930196344846,
   -3.1436930090148136,
   -3.1177078673882455,
   -3.122786990006624,
   -3.1470887023511223,
   -3.1470886734143053,
   -3.1227869028052746,
   -3.1249519798573395,
   -3.1474688633128456,
   -3.1474688562949646,
   -3.1249519536544734,
   -3.1249519536544685,
   -3.147468856294995,
   -3.147468863312784,
   -3.1249519798573555,
   -3.1227869028051365,
   -3.147088673414334,
   -3.1470887023511462,
   -3.1227869900065643,
   -3.1177078673881913,
   -3.1436930090146884,
   -3.143693019634649,
   -3.1177078858756664
  ]
 },
 "1": {
  "0": [
   1.7958213793718623,
   1.7958127202355672,
   1.795812698217033,
   1.7958213649746786,
   1.7958216224636996,
   1.7958153403196784,
   1.7958152912766947,
   1.795821593278995,
   1.7958215623530565,
   1.7958180112974484,
   1.7958177903155084,
   1.7958216483283844,
   1.7958216483284366,
   1.7958177903155024,
   1.7958180112972977,
   1.7958215623531395,
   1.7958215932791304,
   1.7958152912767356,
   1.795815340319829,
   1.7958216224638406,
   1.795821364974504,
   1.7958126982171358,
   1.795812720235216,
   1.79582137937204
  ],
  "1": [
   1.7945704183244884,
   1.7945791185450424,
   1.7945791399556996,
   1.794570431595147,
   1.7945701802120042,
   1.7945765180412834,
   1.7945765679011696,
   1.794570205985315,
   1.794570240365928,
   1.79457385580679,
   1.7945740758723354,
   1.794570161854444,
   1.7945701618545813,
   1.794574075872327,
   1.7945738558068274,
   1.7945702403659933,
   1.7945702059853055,
   1.7945765679010066,
   1.7945765180414612,
   1.7945701802120573,
   1.7945704315950473,
   1.7945791399558,
   1.7945791185449407,
   1.7945704183244031
  ]
 },
 "2": {
  "0": [
   1.7377320813819082,
   1.7376965745821988,
   1.7377013826213676,
   1.7377013787246551,
   1.7376965749101456,
   1.7377320822721927,
   1.7377308907793434,
   1.7376850021587726,
   1.737679149144028,
   1.7376791476189448,
   1.737684992595849,
   1.7377308944358405,
   1.7377293419598423,
   1.7376732692106602,
   1.7376563443232016,
   1.7376563438962958,
   1.737673150930867,
   1.7377293424999416,
   1.737729342500013,
   1.7376731509310779,
   1.7376563438961359,
   1.7376563443232635,
   1.7376732692104808,
   1.7377293419599391,
   1.7377308944357241,
   1.7376849925960758,
   1.737679147619025,
   1.7376791491440409,
   1.7376850021587966,
   1.7377308907793225,
   1.7377320822721392,
   1.7376965749101545,
   1.7377013787248992,
   1.7377013826214196,
   1.737696574582371,
   1.7377320813821222
  ],
  "1": [
   1.7398064516033016,
   1.7401845667083118,
   1.7406190984314438,
   1.740619099617964,
   1.740184564117105,
   1.7398064496210919,
   1.7398090798593377,
   1.7401880047599696,
   1.7406135093588395,
   1.7406135094668895,
   1.7401879778451403,
   1.7398090729630555,
   1.7398112708124065,
   1.7401918271536059,
   1.7406076048830208,
   1.7406076045628978,
   1.7401919061974627,
   1.7398112690090974,
   1.7398112690089658,
   1.7401919061975368,
   1.7406076045627312,
   1.7406076048829402,
   1.7401918271537926,
   1.7398112708122297,
   1.7398090729631261,
   1.7401879778452582,
   1.7406135094669812,
   1.740613509358796,
   1.7401880047597638,
   1.7398090798594308,
   1.7398064496212087,
   1.7401845641169427,
   1.7406190996181738,
   1.740619098431346,
   1.7401845667083133,
   1.7398064516033471
  ]
 },
 "Z_a": [
  6,
  6,
  6,
  6,
  6,
  6,
  6,
  6,
  6,
  6,
  6,
  6,
  15,
  15,
  15,
  15,
  5,
  5,
  5,
  5,
  6,
  6,
  6,
  6,
  1,
  1,
  1,
  1
 ],
 "spos_ac": [
  [
   0.8725128062271633,
   0.5788645782361553,
   0.7586151613801033
  ],
  [
   0.6989122595554291,
   0.49256570608147227,
   0.25861128824110036
  ],
  [
   0.1989276738411305,
   0.0788410079528084,
   0.3128048493613723
  ],
  [
   0.3725033193337612,
   0.9925875502319049,
   0.8128078762166158
  ],
  [
   0.19892315481892786,
   0.4925571973920667,
   0.3128095295014451
  ],
  [
   0.3725074913454074,
   0.5788707762015073,
   0.8128138723644123
  ],
  [
   0.8725083672045058,
   0.9925945643649999,
   0.7586200136795407
  ],
  [
   0.6989163708218085,
   0.0788329025331262,
   0.258617445035979
  ],
  [
   0.5869574404745392,
   0.785733213864936,
   0.8141947923225966
  ],
  [
   0.9844738548770624,
   0.28569479089678523,
   0.3141670627049546
  ],
  [
   0.48446621187346156,
   0.2856953447836929,
   0.25722661237410804
  ],
  [
   0.08695932495749685,
   0.7857337901375745,
   0.7572503293842963
  ],
  [
   0.7572873889231736,
   0.7857037867987287,
   0.0655779736977574
  ],
  [
   0.8141437830365986,
   0.2857251698928161,
   0.5655656404057552
  ],
  [
   0.31413797887295575,
   0.28572480994138116,
   0.005842576354452304
  ],
  [
   0.2572882060344878,
   0.7857033852619727,
   0.505862054265574
  ],
  [
   0.945917374111562,
   0.7857327710064538,
   0.623668130617417
  ],
  [
   0.625510019452445,
   0.28569609289739906,
   0.12366181764942931
  ],
  [
   0.1255137031658538,
   0.2856958939300236,
   0.44776170401137905
  ],
  [
   0.44591512356601026,
   0.7857323774291809,
   0.9477693797909105
  ],
  [
   0.9457825044015014,
   0.7857296659261728,
   0.2926395243483615
  ],
  [
   0.6256478282284939,
   0.28569922898730893,
   0.7948049069604377
  ],
  [
   0.12565145318032864,
   0.2856989861185145,
   0.7787901610753399
  ],
  [
   0.4457734873395187,
   0.7857292616016965,
   0.2787953687655959
  ],
  [
   0.535706429654041,
   0.5357133582413821,
   0.5357232333547415
  ],
  [
   0.035725009034503756,
   0.535716295501715,
   0.03572275492730475
  ],
  [
   0.5357063424692164,
   0.035715179656577514,
   0.53572324432194
  ],
  [
   0.03572509537821409,
   0.03571231375223229,
   0.03572277273107491
  ]
 ]
}