{
 "0": {
  "0": [
   0.4245536417884107,
   0.4506679080047621,
   0.45067765426616574,
   0.42456064195216614,
   0.4295922017553545,
   0.45405761744510226,
   0.4540777968069395,
   0.4296083715029729,
   0.4317361684362695,
   0.4544594336697605,
   0.4544699755263884,
   0.4317459172481965,
   0.43174591724820277,
   0.45446997552629,
   0.454459433669525,
   0.4317361684362706,
   0.429608371502943,
   0.4540777968068943,
   0.4540576174450174,
   0.4295922017554166,
   0.42456064195215953,
   0.4506776542661751,
   0.4506679080048236,
   0.4245536417883486
  ],
  "1": [
   -3.1183832879706217,
   -3.1445121528237423,
   -3.144502334445902,
   -3.1183761694663814,
   -3.123529057191187,
   -3.147937318104708,
   -3.147917020862983,
   -3.1235125125320717,
   -3.1257617052306728,
   -3.148352531362846,
   -3.1483419559154453,
   -3.1257517909962798,
   -3.125751790996286,
   -3.148341955915417,
   -3.148352531362841,
   -3.125761705230634,
   -3.1235125125321344,
   -3.1479170208629212,
   -3.1479373181047143,
   -3.1235290571911527,
   -3.118376169466375,
   -3.1445023344459164,
   -3.1445121528237543,
   -3.118383287970562
  ]
 },
 "1": {
  "0": [
   1.7960956046686767,
   1.7961035676503567,
   1.7961045581679562,
   1.7960964569153868,
   1.796092881293377,
   1.7961025202412617,
   1.7961046539075634,
   1.796094574380356,
   1.7960907326022992,
   1.7961026336903096,
   1.7961035571774466,
   1.7960916575757284,
   1.7960916575758543,
   1.7961035571776236,
   1.7961026336902732,
   1.796090732602306,
   1.7960945743803187,
   1.796104653907397,
   1.796102520241321,
   1.7960928812934058,
   1.7960964569154283,
   1.796104558168036,
   1.7961035676506083,
   1.796095604668628
  ],
  "1": [
   1.7948435910469753,
   1.7948684522422724,
   1.7948694762336248,
   1.7948444484651822,
   1.794840372636724,
   1.7948621881694988,
   1.7948643889188935,
   1.7948420755631456,
   1.7948383099008922,
   1.7948569507287533,
   1.7948582936219561,
   1.7948390522985624,
   1.79483905229861,
   1.7948582936219175,
   1.794856950728703,
   1.7948383099009395,
   1.7948420755630263,
   1.7948643889189662,
   1.7948621881694617,
   1.7948403726367435,
   1.794844448465232,
   1.7948694762334572,
   1.7948684522425193,
   1.7948435910468181
  ]
 },
 "2": {
  "0": [
   1.7962345327813536,
   1.7962230743515597,
   1.7962184472329892,
   1.7962187767283602,
   1.7962236850891686,
   1.7962348640703178,
   1.796233361102307,
   1.7962243499405084,
   1.7962224220843885,
   1.7962231048847588,
   1.7962254276600864,
   1.7962339029201024,
   1.7962325310717835,
   1.7962261053808803,
   1.7962268347537629,
   1.7962271207016582,
   1.7962265318337074,
   1.7962327602300707,
   1.7962327602301007,
   1.796226531833526,
   1.7962271207015128,
   1.7962268347539,
   1.7962261053811766,
   1.796232531071305,
   1.7962339029200525,
   1.7962254276597514,
   1.7962231048846415,
   1.7962224220845244,
   1.7962243499407464,
   1.7962333611023764,
   1.7962348640701564,
   1.7962236850893705,
   1.7962187767274125,
   1.7962184472328493,
   1.79622307435145,
   1.7962345327815312
  ],
  "1": [
   1.7972272333784045,
   1.7972178357518729,
   1.7972151068564268,
   1.7972154472996797,
   1.7972184682102208,
   1.7972275738065433,
   1.7972264777120857,
   1.7972196303660655,
   1.7972194336059866,
   1.7972201391772722,
   1.7972207497472648,
   1.7972270396840808,
   1.7972260595987326,
   1.7972219402225642,
   1.797224221855816,
   1.7972245179743684,
   1.797222604181438,
   1.7972262987084644,
   1.797226298708174,
   1.7972226041813075,
   1.7972245179744308,
   1.7972242218556866,
   1.7972219402227048,
   1.7972260595988048,
   1.7972270396843384,
   1.7972207497467656,
   1.7972201391769793,
   1.7972194336060308,
   1.7972196303657642,
   1.7972264777120175,
   1.7972275738069505,
   1.7972184682100265,
   1.7972154472992474,
   1.797215106856225,
   1.7972178357519841,
   1.7972272333784798
  ]
 },
 "Z_a": [
  6,
  6,
  6,
  6,
  6,
  6,
  6,
  6,
  6,
  6,
  6,
  6,
  15,
  15,
  15,
  15,
  5,
  5,
  5,
  5,
  6,
  6,
  6,
  6,
  1,
  1,
  1,
  1
 ],
 "spos_ac": [
  [
   0.8725128062271633,
   0.5788645782361553,
   0.7586151613801033
  ],
  [
   0.6989122595554291,
   0.49256570608147227,
   0.25861128824110036
  ],
  [
   0.1989276738411305,
   0.0788410079528084,
   0.3128048493613723
  ],
  [
   0.3725033193337612,
   0.9925875502319049,
   0.8128078762166158
  ],
  [
   0.19892315481892786,
   0.4925571973920667,
   0.3128095295014451
  ],
  [
   0.3725074913454074,
   0.5788707762015073,
   0.8128138723644123
  ],
  [
   0.8725083672045058,
   0.9925945643649999,
   0.7586200136795407
  ],
  [
   0.6989163708218085,
   0.0788329025331262,
   0.258617445035979
  ],
  [
   0.5869574404745392,
   0.785733213864936,
   0.8141947923225966
  ],
  [
   0.9844738548770624,
   0.28569479089678523,
   0.3141670627049546
  ],
  [
   0.48446621187346156,
   0.2856953447836929,
   0.25722661237410804
  ],
  [
   0.08695932495749685,
   0.7857337901375745,
   0.7572503293842963
  ],
  [
   0.7572873889231736,
   0.7857037867987287,
   0.0655779736977574
  ],
  [
   0.8141437830365986,
   0.2857251698928161,
   0.5655656404057552
  ],
  [
   0.31413797887295575,
   0.28572480994138116,
   0.005842576354452304
  ],
  [
   0.2572882060344878,
   0.7857033852619727,
   0.505862054265574
  ],
  [
   0.945917374111562,
   0.7857327710064538,
   0.623668130617417
  ],
  [
   0.625510019452445,
   0.28569609289739906,
   0.12366181764942931
  ],
  [
   0.1255137031658538,
   0.2856958939300236,
   0.44776170401137905
  ],
  [
   0.44591512356601026,
   0.7857323774291809,
   0.9477693797909105
  ],
  [
   0.9457825044015014,
   0.7857296659261728,
   0.2926395243483615
  ],
  [
   0.6256478260488969,
   0.285699229366726,
   0.7926348311164438
  ],
  [
   0.12565145318032864,
   0.2856989861185145,
   0.7787901610753399
  ],
  [
   0.4457734873395187,
   0.7857292616016965,
   0.2787953687655959
  ],
  [
   0.5357064242931233,
   0.5374008779523036,
   0.5357232328662467
  ],
  [
   0.035725009034503756,
   0.535716295501715,
   0.03572275492730475
  ],
  [
   0.5357063424692164,
   0.035715179656577514,
   0.53572324432194
  ],
  [
   0.03572509537821409,
   0.03571231375223229,
   0.03572277273107491
  ]
 ]
}