{
 "0": {
  "0": [
   0.42641055785688076,
   0.4524074684208827,
   0.45240743393141747,
   0.42641051706643707,
   0.4316041497187473,
   0.4558732986484394,
   0.455873240622935,
   0.4316040230700796,
   0.43387650305706676,
   0.45634274832793564,
   0.4563427221001394,
   0.433876465987075,
   0.4338764659870941,
   0.45634272210013177,
   0.4563427483279498,
   0.433876503056974,
   0.4316040230700232,
   0.4558732406229056,
   0.45587329864834897,
   0.43160414971879096,
   0.4264105170665216,
   0.45240743393137967,
   0.4524074684208947,
   0.42641055785683246
  ],
  "1": [
   -3.1177501692391036,
   -3.143776248957354,
   -3.143776234877868,
   -3.1177501494852065,
   -3.1228565440933296,
   -3.1472117207627632,
   -3.1472116913520405,
   -3.1228564555652296,
   -3.1250652555523866,
   -3.1476461030203584,
   -3.147646094471444,
   -3.1250652320199226,
   -3.125065232019914,
   -3.1476460944714533,
   -3.147646103020365,
   -3.1250652555523466,
   -3.12285645556519,
   -3.1472116913520094,
   -3.1472117207627477,
   -3.1228565440933456,
   -3.1177501494852393,
   -3.1437762348778926,
   -3.143776248957416,
   -3.1177501692391223
  ]
 },
 "1": {
  "0": [
   1.795820835049333,
   1.7958122365177165,
   1.7958122225411715,
   1.7958208215424174,
   1.7958210659708944,
   1.7958148453835154,
   1.7958148269517737,
   1.7958210453499939,
   1.7958210039603417,
   1.7958175399103629,
   1.7958173315943295,
   1.7958210830473995,
   1.79582108304739,
   1.7958173315943602,
   1.795817539910227,
   1.7958210039601747,
   1.7958210453501668,
   1.7958148269517573,
   1.7958148453834397,
   1.7958210659708882,
   1.7958208215425082,
   1.7958122225409796,
   1.7958122365176046,
   1.7958208350492153
  ],
  "1": [
   1.7945701898676154,
   1.7945788383047971,
   1.794578858140622,
   1.7945702033171365,
   1.7945699620230582,
   1.7945762388784425,
   1.7945762756494434,
   1.794569990031781,
   1.7945700398282054,
   1.7945735767714952,
   1.7945737904686987,
   1.7945699590405408,
   1.7945699590405275,
   1.794573790468929,
   1.7945735767713689,
   1.794570039828318,
   1.7945699900317686,
   1.7945762756495183,
   1.7945762388784927,
   1.7945699620229352,
   1.7945702033172173,
   1.7945788581406334,
   1.7945788383045573,
   1.7945701898675566
  ]
 },
 "2": {
  "0": [
   1.7449815655411416,
   1.7449838959842021,
   1.7449361197061808,
   1.7449361205650102,
   1.7449839009610884,
   1.744981568526602,
   1.7449770634992514,
   1.7449723991401027,
   1.7449253170640415,
   1.7449253208090065,
   1.7449724182609976,
   1.7449770691990767,
   1.7449725694872158,
   1.7449609180597763,
   1.7449141710080887,
   1.7449141732008346,
   1.7449608405773933,
   1.7449725726946774,
   1.7449725726947076,
   1.7449608405772687,
   1.7449141732007372,
   1.7449141710080445,
   1.7449609180598231,
   1.7449725694872946,
   1.7449770691991875,
   1.7449724182610102,
   1.7449253208089635,
   1.7449253170639998,
   1.74497239914022,
   1.7449770634991721,
   1.744981568526493,
   1.7449839009609203,
   1.744936120565404,
   1.7449361197063795,
   1.7449838959842046,
   1.7449815655412588
  ],
  "1": [
   1.7459825160847993,
   1.7459115366193423,
   1.745847600371198,
   1.74584759838153,
   1.7459115246040002,
   1.7459825092634247,
   1.7459882942893314,
   1.7459173386683036,
   1.7458516627186034,
   1.745851652378046,
   1.7459173050879289,
   1.7459882875446207,
   1.7459941488309088,
   1.7459232246951077,
   1.7458562241575535,
   1.7458562187515838,
   1.745923364266952,
   1.7459941426487682,
   1.7459941426488006,
   1.745923364267221,
   1.7458562187516118,
   1.7458562241577915,
   1.745923224695025,
   1.7459941488307749,
   1.745988287544485,
   1.7459173050877455,
   1.7458516523780867,
   1.7458516627184653,
   1.7459173386681104,
   1.745988294289379,
   1.7459825092634313,
   1.7459115246039514,
   1.7458475983816968,
   1.7458476003711292,
   1.7459115366192481,
   1.74598251608484
  ]
 },
 "Z_a": [
  6,
  6,
  6,
  6,
  6,
  6,
  6,
  6,
  6,
  6,
  6,
  6,
  15,
  15,
  15,
  15,
  5,
  5,
  5,
  5,
  6,
  6,
  6,
  6,
  1,
  1,
  1,
  1
 ],
 "spos_ac": [
  [
   0.8725128062271633,
   0.5788645782361553,
   0.7586151613801033
  ],
  [
   0.6989122595554291,
   0.49256570608147227,
   0.25861128824110036
  ],
  [
   0.1989276738411305,
   0.0788410079528084,
   0.3128048493613723
  ],
  [
   0.3725033193337612,
   0.9925875502319049,
   0.8128078762166158
  ],
  [
   0.19892315481892786,
   0.4925571973920667,
   0.3128095295014451
  ],
  [
   0.3725074913454074,
   0.5788707762015073,
   0.8128138723644123
  ],
  [
   0.8725083672045058,
   0.9925945643649999,
   0.7586200136795407
  ],
  [
   0.6989163708218085,
   0.0788329025331262,
   0.258617445035979
  ],
  [
   0.5869574426541362,
   0.7857332134855189,
   0.8163648681665905
  ],
  [
   0.9844738548770624,
   0.28569479089678523,
   0.3141670627049546
  ],
  [
   0.48446621187346156,
   0.2856953447836929,
   0.25722661237410804
  ],
  [
   0.08695932495749685,
   0.7857337901375745,
   0.7572503293842963
  ],
  [
   0.7572873889231736,
   0.7857037867987287,
   0.0655779736977574
  ],
  [
   0.8141437830365986,
   0.2857251698928161,
   0.5655656404057552
  ],
  [
   0.31413797887295575,
   0.28572480994138116,
   0.005842576354452304
  ],
  [
   0.2572882060344878,
   0.7857033852619727,
   0.505862054265574
  ],
  [
   0.945917374111562,
   0.7857327710064538,
   0.623668130617417
  ],
  [
   0.625510019452445,
   0.28569609289739906,
   0.12366181764942931
  ],
  [
   0.1255137031658538,
   0.2856958939300236,
   0.44776170401137905
  ],
  [
   0.44591512356601026,
   0.7857323774291809,
   0.9477693797909105
  ],
  [
   0.9457825044015014,
   0.7857296659261728,
   0.2926395243483615
  ],
  [
   0.6256478260488969,
   0.285699229366726,
   0.7926348311164438
  ],
  [
   0.12565145318032864,
   0.2856989861185145,
   0.7787901610753399
  ],
  [
   0.4457734873395187,
   0.7857292616016965,
   0.2787953687655959
  ],
  [
   0.535706429654041,
   0.5357133582413821,
   0.5357232333547415
  ],
  [
   0.035725009034503756,
   0.535716295501715,
   0.03572275492730475
  ],
  [
   0.5357063424692164,
   0.035715179656577514,
   0.53572324432194
  ],
  [
   0.03572509537821409,
   0.03571231375223229,
   0.03572277273107491
  ]
 ]
}