{
 "0": {
  "0": [
   0.4257837420769953,
   0.4518411728951096,
   0.4518411182354305,
   0.4257836819675856,
   0.4308384960492805,
   0.4552133578996537,
   0.45521325248756633,
   0.4308383365327265,
   0.4329989220793313,
   0.4555881778471783,
   0.455588138135354,
   0.43299886800784537,
   0.43299886800785203,
   0.4555881381353745,
   0.4555881778471644,
   0.4329989220792961,
   0.43083833653277676,
   0.4552132524876005,
   0.455213357899667,
   0.43083849604932317,
   0.4257836819676017,
   0.4518411182353592,
   0.4518411728950445,
   0.42578374207703457
  ],
  "1": [
   -3.117229459076405,
   -3.143660094442106,
   -3.143660065997521,
   -3.1172294275234096,
   -3.1222311819191595,
   -3.1470312417520443,
   -3.147031196921533,
   -3.1222310630673222,
   -3.1243514349591033,
   -3.147411690251907,
   -3.1474116656437205,
   -3.124351394421124,
   -3.124351394421121,
   -3.1474116656438156,
   -3.1474116902518308,
   -3.1243514349591086,
   -3.122231063067295,
   -3.1470311969214366,
   -3.147031241751948,
   -3.1222311819191018,
   -3.1172294275232746,
   -3.143660065997556,
   -3.1436600944423483,
   -3.11722945907651
  ]
 },
 "1": {
  "0": [
   1.795820996787099,
   1.795812391777684,
   1.7958123707942502,
   1.7958209802477851,
   1.7958212448349071,
   1.7958150194139475,
   1.7958149682813018,
   1.7958212128136528,
   1.7958211903879642,
   1.7958177006285256,
   1.7958174902141306,
   1.7958212673217797,
   1.7958212673218001,
   1.7958174902143005,
   1.7958177006283902,
   1.7958211903880084,
   1.7958212128136546,
   1.7958149682812385,
   1.795815019413914,
   1.7958212448349369,
   1.7958209802479181,
   1.7958123707942992,
   1.7958123917773954,
   1.79582099678683
  ],
  "1": [
   1.7945700790660686,
   1.7945787521154848,
   1.7945787774650712,
   1.7945701054474905,
   1.7945698396713252,
   1.7945761529159496,
   1.7945761939876341,
   1.794569882707823,
   1.7945699134373665,
   1.7945734883156512,
   1.794573703618534,
   1.7945698363122664,
   1.7945698363122142,
   1.7945737036183973,
   1.7945734883163655,
   1.7945699134373572,
   1.794569882707815,
   1.7945761939876048,
   1.7945761529159945,
   1.7945698396712852,
   1.7945701054474852,
   1.7945787774649862,
   1.794578752115477,
   1.7945700790660482
  ]
 },
 "2": {
  "0": [
   1.785079639348798,
   1.7850384578170904,
   1.7849235430292154,
   1.7849235477387733,
   1.7850384661130307,
   1.7850796440308276,
   1.7850840460890123,
   1.7850313233068875,
   1.7849057970590556,
   1.78490580396126,
   1.7850313401684563,
   1.785084050453755,
   1.7850883581263142,
   1.7850239104643435,
   1.7848874799921333,
   1.7848874837267275,
   1.7850238013877109,
   1.785088362793504,
   1.785088362793486,
   1.78502380138768,
   1.7848874837266573,
   1.7848874799920051,
   1.7850239104641492,
   1.7850883581262742,
   1.7850840504536165,
   1.7850313401685243,
   1.7849058039612098,
   1.784905797059201,
   1.7850313233069375,
   1.7850840460889834,
   1.7850796440310241,
   1.7850384661129781,
   1.7849235477386105,
   1.78492354302919,
   1.7850384578169214,
   1.785079639348609
  ],
  "1": [
   1.7861253380812174,
   1.7856248362904636,
   1.7850073477649668,
   1.7850073546629048,
   1.7856248324055193,
   1.786125334566385,
   1.7861245354434687,
   1.785619706666033,
   1.78500273960172,
   1.7850027399307955,
   1.7856196923934238,
   1.7861245294631016,
   1.7861237301242416,
   1.7856144144555028,
   1.7849988499507659,
   1.7849988495998288,
   1.7856145031489044,
   1.786123726822389,
   1.7861237268223287,
   1.785614503148805,
   1.7849988495997724,
   1.7849988499506977,
   1.7856144144554429,
   1.786123730125173,
   1.7861245294630652,
   1.7856196923933774,
   1.7850027399306292,
   1.7850027396019361,
   1.785619706665959,
   1.786124535443489,
   1.786125334566556,
   1.785624832405466,
   1.7850073546625982,
   1.7850073477649733,
   1.785624836290439,
   1.7861253380812614
  ]
 },
 "Z_a": [
  6,
  6,
  6,
  6,
  6,
  6,
  6,
  6,
  6,
  6,
  6,
  6,
  15,
  15,
  15,
  15,
  5,
  5,
  5,
  5,
  6,
  6,
  6,
  6,
  1,
  1,
  1,
  1
 ],
 "spos_ac": [
  [
   0.8725128062271633,
   0.5788645782361553,
   0.7586151613801033
  ],
  [
   0.6989122595554291,
   0.49256570608147227,
   0.25861128824110036
  ],
  [
   0.1989276738411305,
   0.0788410079528084,
   0.3128048493613723
  ],
  [
   0.3725033193337612,
   0.9925875502319049,
   0.8128078762166158
  ],
  [
   0.19892315481892786,
   0.4925571973920667,
   0.3128095295014451
  ],
  [
   0.3725074913454074,
   0.5788707762015073,
   0.8128138723644123
  ],
  [
   0.8725083672045058,
   0.9925945643649999,
   0.7586200136795407
  ],
  [
   0.6989163708218085,
   0.0788329025331262,
   0.258617445035979
  ],
  [
   0.5869574404745392,
   0.785733213864936,
   0.8141947923225966
  ],
  [
   0.9844738548770624,
   0.28569479089678523,
   0.3141670627049546
  ],
  [
   0.48446621187346156,
   0.2856953447836929,
   0.25722661237410804
  ],
  [
   0.08695932495749685,
   0.7857337901375745,
   0.7572503293842963
  ],
  [
   0.7572873889231736,
   0.7857037867987287,
   0.0655779736977574
  ],
  [
   0.8141437830365986,
   0.2857251698928161,
   0.5655656404057552
  ],
  [
   0.31413797887295575,
   0.28572480994138116,
   0.005842576354452304
  ],
  [
   0.2572882060344878,
   0.7857033852619727,
   0.505862054265574
  ],
  [
   0.945917374111562,
   0.7857327710064538,
   0.623668130617417
  ],
  [
   0.625510019452445,
   0.28569609289739906,
   0.12366181764942931
  ],
  [
   0.12551370534545078,
   0.28569589355060654,
   0.4499317798553729
  ],
  [
   0.44591512356601026,
   0.7857323774291809,
   0.9477693797909105
  ],
  [
   0.9457825044015014,
   0.7857296659261728,
   0.2926395243483615
  ],
  [
   0.6256478260488969,
   0.285699229366726,
   0.7926348311164438
  ],
  [
   0.12565145318032864,
   0.2856989861185145,
   0.7787901610753399
  ],
  [
   0.4457734873395187,
   0.7857292616016965,
   0.2787953687655959
  ],
  [
   0.535706429654041,
   0.5357133582413821,
   0.5357232333547415
  ],
  [
   0.035725009034503756,
   0.535716295501715,
   0.03572275492730475
  ],
  [
   0.5357063424692164,
   0.035715179656577514,
   0.53572324432194
  ],
  [
   0.03572509537821409,
   0.03571231375223229,
   0.03572277273107491
  ]
 ]
}