{
 "0": {
  "0": [
   0.4252079917231963,
   0.45133389784945654,
   0.45133002295804975,
   0.4252095475902912,
   0.43029848619095484,
   0.4547390480422366,
   0.4547294503798448,
   0.430302245950521,
   0.43249049907063636,
   0.4551405253651002,
   0.4551344000399402,
   0.43249265994005387,
   0.43249265994006525,
   0.4551344000400298,
   0.45514052536518534,
   0.43249049907064385,
   0.43030224595046246,
   0.4547294503798797,
   0.45473904804218146,
   0.43029848619103295,
   0.42520954759022134,
   0.45133002295805474,
   0.451333897849566,
   0.42520799172334345
  ],
  "1": [
   -3.117728202324058,
   -3.143845511689687,
   -3.1438492885477896,
   -3.1177264839384398,
   -3.122822486751618,
   -3.1472553722049414,
   -3.1472647648110863,
   -3.1228183075797378,
   -3.1250074488112016,
   -3.147670906617999,
   -3.147676934305518,
   -3.125005117772246,
   -3.125005117772165,
   -3.1476769343054354,
   -3.1476709066180186,
   -3.1250074488112367,
   -3.1228183075797147,
   -3.1472647648109118,
   -3.147255372205006,
   -3.1228224867514625,
   -3.1177264839384287,
   -3.1438492885478886,
   -3.143845511689723,
   -3.117728202324076
  ]
 },
 "1": {
  "0": [
   1.7966348198217308,
   1.7966085580169444,
   1.7966084186187496,
   1.7966343110588656,
   1.7966351173699973,
   1.796610828325918,
   1.796610568139333,
   1.7966340966502954,
   1.7966345690774184,
   1.7966130177338846,
   1.7966127023478187,
   1.7966341107494117,
   1.796634110749454,
   1.7966127023479612,
   1.7966130177340773,
   1.7966345690775016,
   1.796634096650471,
   1.7966105681393407,
   1.7966108283259055,
   1.7966351173702078,
   1.796634311058941,
   1.7966084186188775,
   1.796608558016955,
   1.7966348198216844
  ],
  "1": [
   1.795381920763094,
   1.7953729855942246,
   1.7953729243342984,
   1.7953814054518895,
   1.7953817439224449,
   1.7953700052563517,
   1.7953699015316271,
   1.7953807083331117,
   1.7953812897816641,
   1.795366856714638,
   1.7953670052605064,
   1.7953806366312273,
   1.7953806366313743,
   1.7953670052603916,
   1.7953668567146424,
   1.795381289781668,
   1.7953807083330795,
   1.7953699015317486,
   1.7953700052563935,
   1.7953817439224005,
   1.7953814054516657,
   1.7953729243341177,
   1.795372985594182,
   1.7953819207632642
  ]
 },
 "2": {
  "0": [
   1.795703267413882,
   1.7956688595107797,
   1.7956219009246661,
   1.7956212680659103,
   1.7956680423191274,
   1.7957029462704834,
   1.7957055307775083,
   1.7956698724581708,
   1.7956187223187068,
   1.7956174484551946,
   1.7956682842315066,
   1.795704995051472,
   1.7957075715311803,
   1.7956703093814348,
   1.7956150671616644,
   1.7956144275743318,
   1.7956694165480822,
   1.7957073366265626,
   1.7957073366265957,
   1.7956694165480473,
   1.7956144275743289,
   1.7956150671616833,
   1.795670309381509,
   1.7957075715311557,
   1.7957049950520028,
   1.795668284231068,
   1.7956174484550829,
   1.795618722318637,
   1.7956698724580318,
   1.7957055307773446,
   1.7957029462706662,
   1.7956680423191491,
   1.7956212680653312,
   1.7956219009247345,
   1.7956688595109884,
   1.7957032674138125
  ],
  "1": [
   1.7966932339054653,
   1.796660461738595,
   1.7966149226579275,
   1.7966142881076066,
   1.796659654316721,
   1.7966929224178074,
   1.7966959376277882,
   1.796661989632623,
   1.7966120721289618,
   1.7966107946803782,
   1.7966604193817173,
   1.7966954210918622,
   1.7966984136170623,
   1.7966629626525699,
   1.7966087540458755,
   1.7966081121653077,
   1.7966622954814901,
   1.7966981877636068,
   1.7966981877639814,
   1.7966622954813414,
   1.7966081121653499,
   1.7966087540459577,
   1.7966629626526018,
   1.796698413617296,
   1.7966954210917303,
   1.79666041938177,
   1.7966107946805479,
   1.7966120721291303,
   1.7966619896325522,
   1.7966959376278175,
   1.7966929224178225,
   1.7966596543173603,
   1.7966142881075566,
   1.7966149226576458,
   1.796660461738633,
   1.7966932339054873
  ]
 },
 "Z_a": [
  6,
  6,
  6,
  6,
  6,
  6,
  6,
  6,
  6,
  6,
  6,
  6,
  15,
  15,
  15,
  15,
  5,
  5,
  5,
  5,
  6,
  6,
  6,
  6,
  1,
  1,
  1,
  1
 ],
 "spos_ac": [
  [
   0.8725128062271633,
   0.5788645782361553,
   0.7586151613801033
  ],
  [
   0.6989122595554291,
   0.49256570608147227,
   0.25861128824110036
  ],
  [
   0.1989276738411305,
   0.0788410079528084,
   0.3128048493613723
  ],
  [
   0.3725033193337612,
   0.9925875502319049,
   0.8128078762166158
  ],
  [
   0.19892315481892786,
   0.4925571973920667,
   0.3128095295014451
  ],
  [
   0.3725074913454074,
   0.5788707762015073,
   0.8128138723644123
  ],
  [
   0.8725083672045058,
   0.9925945643649999,
   0.7586200136795407
  ],
  [
   0.6989163708218085,
   0.0788329025331262,
   0.258617445035979
  ],
  [
   0.5869574404745392,
   0.785733213864936,
   0.8141947923225966
  ],
  [
   0.9844738548770624,
   0.28569479089678523,
   0.3141670627049546
  ],
  [
   0.48446621187346156,
   0.2856953447836929,
   0.25722661237410804
  ],
  [
   0.08695932495749685,
   0.7857337901375745,
   0.7572503293842963
  ],
  [
   0.7572873889231736,
   0.7857037867987287,
   0.0655779736977574
  ],
  [
   0.8141437830365986,
   0.2857251698928161,
   0.5655656404057552
  ],
  [
   0.31413797887295575,
   0.28572480994138116,
   0.005842576354452304
  ],
  [
   0.2572882060344878,
   0.7857033852619727,
   0.505862054265574
  ],
  [
   0.945917374111562,
   0.7857327710064538,
   0.623668130617417
  ],
  [
   0.625510019452445,
   0.28569609289739906,
   0.12366181764942931
  ],
  [
   0.1255137031658538,
   0.2856958939300236,
   0.44776170401137905
  ],
  [
   0.44591512356601026,
   0.7857323774291809,
   0.9477693797909105
  ],
  [
   0.9457825044015014,
   0.7857296659261728,
   0.2926395243483615
  ],
  [
   0.6256478260488969,
   0.285699229366726,
   0.7926348311164438
  ],
  [
   0.12565145318032864,
   0.2856989861185145,
   0.7787901610753399
  ],
  [
   0.4457734873395187,
   0.7857292616016965,
   0.2787953687655959
  ],
  [
   0.535706429654041,
   0.5357133582413821,
   0.5357232333547415
  ],
  [
   0.03472910183815517,
   0.535716304639381,
   0.03572275022165075
  ],
  [
   0.5357063424692164,
   0.035715179656577514,
   0.53572324432194
  ],
  [
   0.03572509537821409,
   0.03571231375223229,
   0.03572277273107491
  ]
 ]
}