{
 "0": {
  "0": [
   0.4239201920936419,
   0.45009765362744836,
   0.4500852559481459,
   0.42390609384659905,
   0.4290054782426428,
   0.4534394150431351,
   0.4534239241108953,
   0.42898706871652575,
   0.4312111644803216,
   0.4537901541238607,
   0.4537891097475522,
   0.4312085591523912,
   0.4312085591524066,
   0.45378910974751446,
   0.4537901541238428,
   0.43121116448039026,
   0.42898706871650455,
   0.4534239241109081,
   0.45343941504315877,
   0.42900547824265056,
   0.42390609384662115,
   0.45008525594812887,
   0.45009765362746507,
   0.42392019209362075
  ],
  "1": [
   -3.118282725408779,
   -3.1445834739019642,
   -3.1445411703767863,
   -3.1182429074950457,
   -3.1232883947198546,
   -3.1478673934493,
   -3.1477727159642455,
   -3.1231978318998737,
   -3.1253486663576453,
   -3.1481025519816277,
   -3.14804780637054,
   -3.1252953022256733,
   -3.1252953022256245,
   -3.148047806370607,
   -3.148102551981558,
   -3.1253486663576626,
   -3.123197831899862,
   -3.147772715964261,
   -3.147867393449435,
   -3.1232883947198,
   -3.1182429074950746,
   -3.144541170376803,
   -3.144583473901965,
   -3.118282725408845
  ]
 },
 "1": {
  "0": [
   1.7955360049764724,
   1.7957841447491998,
   1.7957809714727613,
   1.7955320128355428,
   1.7955396419490854,
   1.7957888031821052,
   1.7957828414066448,
   1.7955317002160438,
   1.7955392392541587,
   1.795790561780004,
   1.795787497347764,
   1.7955351246849616,
   1.795535124684907,
   1.795787497347788,
   1.7957905617799612,
   1.795539239254159,
   1.7955317002159397,
   1.7957828414066714,
   1.795788803182154,
   1.79553964194906,
   1.795532012835539,
   1.795780971472785,
   1.7957841447493417,
   1.7955360049765434
  ],
  "1": [
   1.7944384472031296,
   1.7943815457031609,
   1.7943830730943764,
   1.7944406144921485,
   1.7944387535460595,
   1.7943740330072162,
   1.7943767976730614,
   1.7944419679161687,
   1.7944410960193509,
   1.7943674399775684,
   1.7943690254455056,
   1.7944429790964964,
   1.794442979096562,
   1.7943690254455547,
   1.7943674399775227,
   1.7944410960193566,
   1.794441967916268,
   1.794376797673022,
   1.7943740330071665,
   1.7944387535460045,
   1.7944406144920793,
   1.7943830730943033,
   1.7943815457031103,
   1.7944384472032873
  ]
 },
 "2": {
  "0": [
   1.7444657536838037,
   1.744535632229604,
   1.744562805842345,
   1.744558971122729,
   1.744526444847507,
   1.744460500758598,
   1.7444667734382457,
   1.744551655084969,
   1.7445829995134337,
   1.7445752086584505,
   1.7445327117119365,
   1.744456823399515,
   1.7444633332240613,
   1.7445583657917445,
   1.7445996228318863,
   1.7445957009938764,
   1.744548804503246,
   1.7444581357223026,
   1.744458135722384,
   1.7445488045033093,
   1.744595700993981,
   1.744599622831741,
   1.7445583657918071,
   1.7444633332241113,
   1.744456823399586,
   1.744532711712033,
   1.7445752086583712,
   1.7445829995133235,
   1.744551655084862,
   1.7444667734381667,
   1.744460500758847,
   1.744526444847439,
   1.7445589711227805,
   1.7445628058426417,
   1.7445356322297194,
   1.744465753683753
  ],
  "1": [
   1.7456933347417403,
   1.745969389930665,
   1.7463516886337573,
   1.7463468212525823,
   1.7459584196521722,
   1.7456871395093996,
   1.745689699900424,
   1.7459684972264304,
   1.746348658062886,
   1.7463403225746705,
   1.7459463980290075,
   1.7456779918887784,
   1.7456804814971831,
   1.7459556124825664,
   1.7463416974537098,
   1.7463371097635498,
   1.745945322283854,
   1.7456746544250696,
   1.7456746544247796,
   1.7459453222839838,
   1.74633710976341,
   1.7463416974538548,
   1.7459556124826083,
   1.7456804814972247,
   1.7456779918886534,
   1.7459463980289454,
   1.7463403225746945,
   1.7463486580626382,
   1.745968497226227,
   1.7456896999003566,
   1.7456871395092393,
   1.745958419651961,
   1.7463468212527684,
   1.746351688633756,
   1.7459693899307234,
   1.7456933347417571
  ]
 },
 "Z_a": [
  6,
  6,
  6,
  6,
  6,
  6,
  6,
  6,
  6,
  6,
  6,
  6,
  15,
  15,
  15,
  15,
  5,
  5,
  5,
  5,
  6,
  6,
  6,
  6,
  1,
  1,
  1,
  1
 ],
 "spos_ac": [
  [
   0.8725128062271633,
   0.5788645782361553,
   0.7586151613801033
  ],
  [
   0.6989122595554291,
   0.49256570608147227,
   0.25861128824110036
  ],
  [
   0.1989276738411305,
   0.0788410079528084,
   0.3128048493613723
  ],
  [
   0.3725033193337612,
   0.9925875502319049,
   0.8128078762166158
  ],
  [
   0.19892315481892786,
   0.4925571973920667,
   0.3128095295014451
  ],
  [
   0.3725074913454074,
   0.5788707762015073,
   0.8128138723644123
  ],
  [
   0.8725083672045058,
   0.9925945643649999,
   0.7586200136795407
  ],
  [
   0.6989163730014054,
   0.07883290215370914,
   0.2607875208799729
  ],
  [
   0.5869574404745392,
   0.785733213864936,
   0.8141947923225966
  ],
  [
   0.9844738548770624,
   0.28569479089678523,
   0.3141670627049546
  ],
  [
   0.48446621187346156,
   0.2856953447836929,
   0.25722661237410804
  ],
  [
   0.08695932495749685,
   0.7857337901375745,
   0.7572503293842963
  ],
  [
   0.7572873889231736,
   0.7857037867987287,
   0.0655779736977574
  ],
  [
   0.8141437830365986,
   0.2857251698928161,
   0.5655656404057552
  ],
  [
   0.31413797887295575,
   0.28572480994138116,
   0.005842576354452304
  ],
  [
   0.2572882060344878,
   0.7857033852619727,
   0.505862054265574
  ],
  [
   0.945917374111562,
   0.7857327710064538,
   0.623668130617417
  ],
  [
   0.625510019452445,
   0.28569609289739906,
   0.12366181764942931
  ],
  [
   0.1255137031658538,
   0.2856958939300236,
   0.44776170401137905
  ],
  [
   0.44591512356601026,
   0.7857323774291809,
   0.9477693797909105
  ],
  [
   0.9457825044015014,
   0.7857296659261728,
   0.2926395243483615
  ],
  [
   0.6256478260488969,
   0.285699229366726,
   0.7926348311164438
  ],
  [
   0.12565145318032864,
   0.2856989861185145,
   0.7787901610753399
  ],
  [
   0.4457734873395187,
   0.7857292616016965,
   0.2787953687655959
  ],
  [
   0.535706429654041,
   0.5357133582413821,
   0.5357232333547415
  ],
  [
   0.035725009034503756,
   0.535716295501715,
   0.03572275492730475
  ],
  [
   0.5357063424692164,
   0.035715179656577514,
   0.53572324432194
  ],
  [
   0.03572509537821409,
   0.03571231375223229,
   0.03572277273107491
  ]
 ]
}