{
 "0": {
  "0": [
   0.4258151565660282,
   0.45194631705076965,
   0.45193647595166114,
   0.42580801323568307,
   0.43096125782267,
   0.4553716431674422,
   0.45535130556227377,
   0.4309446656878736,
   0.4331941718240757,
   0.4557869399349979,
   0.45577634555267227,
   0.4331842385228113,
   0.43318423852290017,
   0.4557763455526452,
   0.45578693993493763,
   0.43319417182397174,
   0.43094466568785406,
   0.4553513055623391,
   0.45537164316748036,
   0.43096125782261413,
   0.4258080132355935,
   0.4519364759517587,
   0.45194631705068317,
   0.4258151565658414
  ],
  "1": [
   -3.117121763795956,
   -3.143233747246368,
   -3.1432435168711623,
   -3.1171287892378947,
   -3.122159985209972,
   -3.1466232895544195,
   -3.1466435104895814,
   -3.122176203431728,
   -3.124303678631507,
   -3.147025014286109,
   -3.1470355756441686,
   -3.124313447145937,
   -3.1243134471460645,
   -3.147035575644086,
   -3.1470250142860765,
   -3.124303678631557,
   -3.1221762034316387,
   -3.1466435104896693,
   -3.1466232895542916,
   -3.122159985209784,
   -3.117128789238092,
   -3.143243516871121,
   -3.1432337472463177,
   -3.1171217637959536
  ]
 },
 "1": {
  "0": [
   1.7960945911824902,
   1.7961023814432742,
   1.7961013559856427,
   1.7960937322287887,
   1.7960926932647072,
   1.796102511984116,
   1.796100306945043,
   1.7960909872514328,
   1.7960896560560278,
   1.7961016068715343,
   1.796100264225069,
   1.7960889088541145,
   1.7960889088541478,
   1.7961002642248982,
   1.7961016068714513,
   1.7960896560561288,
   1.7960909872513824,
   1.7961003069447532,
   1.796102511984417,
   1.7960926932647965,
   1.7960937322288326,
   1.7961013559853776,
   1.796102381443228,
   1.7960945911824995
  ],
  "1": [
   1.7948451332037498,
   1.7948704276193739,
   1.7948694358288069,
   1.7948442793607082,
   1.7948427808395924,
   1.7948653221770667,
   1.7948631845906673,
   1.7948410845300204,
   1.7948398697262478,
   1.7948590496642094,
   1.7948581266254333,
   1.7948389399023772,
   1.7948389399023195,
   1.7948581266254273,
   1.794859049663903,
   1.7948398697262173,
   1.7948410845302505,
   1.7948631845908032,
   1.7948653221768527,
   1.7948427808394782,
   1.7948442793609987,
   1.7948694358283606,
   1.7948704276193919,
   1.7948451332034507
  ]
 },
 "2": {
  "0": [
   1.7962368787284089,
   1.7962260433362947,
   1.7962214081705583,
   1.7962210679031416,
   1.7962254065175327,
   1.7962365357002166,
   1.7962359565515824,
   1.7962278335552935,
   1.7962257839368487,
   1.7962250742548116,
   1.796226704246477,
   1.7962353755310856,
   1.7962348320578319,
   1.796229070919284,
   1.796229832868524,
   1.7962295345721917,
   1.7962284020675627,
   1.7962345907018171,
   1.7962345907018729,
   1.7962284020672556,
   1.796229534572918,
   1.796229832868653,
   1.7962290709194157,
   1.796234832057591,
   1.7962353755309572,
   1.7962267042464022,
   1.7962250742546484,
   1.7962257839372089,
   1.7962278335554547,
   1.7962359565516006,
   1.7962365357000516,
   1.796225406517237,
   1.7962210679031079,
   1.7962214081702925,
   1.796226043336211,
   1.796236878728439
  ],
  "1": [
   1.7972257575772699,
   1.7972162527949633,
   1.7972129047825802,
   1.7972125754335149,
   1.7972156376365922,
   1.7972254236366827,
   1.7972251974847335,
   1.797218496546122,
   1.7972175573926144,
   1.7972168704557188,
   1.7972174088235449,
   1.7972246364877367,
   1.7972244300849978,
   1.7972202193864248,
   1.7972219049703633,
   1.7972216168317137,
   1.7972197879747853,
   1.7972241986424085,
   1.7972241986425466,
   1.7972197879750107,
   1.7972216168317914,
   1.7972219049708116,
   1.7972202193862838,
   1.7972244300849443,
   1.797224636487554,
   1.7972174088237527,
   1.797216870456001,
   1.7972175573930136,
   1.7972184965460298,
   1.7972251974845177,
   1.7972254236367022,
   1.7972156376365662,
   1.7972125754335002,
   1.797212904782481,
   1.7972162527953046,
   1.797225757577695
  ]
 },
 "Z_a": [
  6,
  6,
  6,
  6,
  6,
  6,
  6,
  6,
  6,
  6,
  6,
  6,
  15,
  15,
  15,
  15,
  5,
  5,
  5,
  5,
  6,
  6,
  6,
  6,
  1,
  1,
  1,
  1
 ],
 "spos_ac": [
  [
   0.8725128062271633,
   0.5788645782361553,
   0.7586151613801033
  ],
  [
   0.6989122595554291,
   0.49256570608147227,
   0.25861128824110036
  ],
  [
   0.1989276738411305,
   0.0788410079528084,
   0.3128048493613723
  ],
  [
   0.3725033193337612,
   0.9925875502319049,
   0.8128078762166158
  ],
  [
   0.19892315481892786,
   0.4925571973920667,
   0.3128095295014451
  ],
  [
   0.3725074913454074,
   0.5788707762015073,
   0.8128138723644123
  ],
  [
   0.8725083672045058,
   0.9925945643649999,
   0.7586200136795407
  ],
  [
   0.6989163708218085,
   0.0788329025331262,
   0.258617445035979
  ],
  [
   0.5869574404745392,
   0.785733213864936,
   0.8141947923225966
  ],
  [
   0.9844738548770624,
   0.28569479089678523,
   0.3141670627049546
  ],
  [
   0.48446621187346156,
   0.2856953447836929,
   0.25722661237410804
  ],
  [
   0.08695932495749685,
   0.7857337901375745,
   0.7572503293842963
  ],
  [
   0.7572873889231736,
   0.7857037867987287,
   0.0655779736977574
  ],
  [
   0.8141437830365986,
   0.2857251698928161,
   0.5655656404057552
  ],
  [
   0.31413797887295575,
   0.28572480994138116,
   0.005842576354452304
  ],
  [
   0.2572882060344878,
   0.7857033852619727,
   0.505862054265574
  ],
  [
   0.945917374111562,
   0.7857327710064538,
   0.623668130617417
  ],
  [
   0.625510019452445,
   0.28569609289739906,
   0.12366181764942931
  ],
  [
   0.1255137031658538,
   0.2856958939300236,
   0.44776170401137905
  ],
  [
   0.44591512356601026,
   0.7857323774291809,
   0.9477693797909105
  ],
  [
   0.9457825044015014,
   0.7857296659261728,
   0.2926395243483615
  ],
  [
   0.6256478260488969,
   0.285699229366726,
   0.7926348311164438
  ],
  [
   0.12565145318032864,
   0.2856989861185145,
   0.7787901610753399
  ],
  [
   0.4457734873395187,
   0.7857292616016965,
   0.2787953687655959
  ],
  [
   0.535706429654041,
   0.5357133582413821,
   0.5357232333547415
  ],
  [
   0.035725009034503756,
   0.535716295501715,
   0.03572275492730475
  ],
  [
   0.5357063424692164,
   0.035715179656577514,
   0.53572324432194
  ],
  [
   0.03572509001729644,
   0.03739983346315383,
   0.03572277224258012
  ]
 ]
}