{
 "0": {
  "0": [
   0.42466148919901914,
   0.45109437246986483,
   0.4510943206425674,
   0.424661435369925,
   0.4296635193254607,
   0.45446565540101536,
   0.45446556631774254,
   0.4296633588523211,
   0.4317840184553615,
   0.45484616848705206,
   0.4548461231042603,
   0.43178395976844675,
   0.43178395976842693,
   0.45484612310417644,
   0.4548461684869832,
   0.4317840184553507,
   0.42966335885227724,
   0.4544655663177296,
   0.4544656554009518,
   0.42966351932547114,
   0.42466143536995127,
   0.45109432064262983,
   0.4510943724698846,
   0.4246614891990651
  ],
  "1": [
   -3.118351787215944,
   -3.144406923594961,
   -3.144406892523799,
   -3.1183517495924877,
   -3.123406234724023,
   -3.1477789530386273,
   -3.147778892266472,
   -3.123406117226698,
   -3.1255664228700315,
   -3.1481536936133048,
   -3.148153674859372,
   -3.125566387126059,
   -3.1255663871259944,
   -3.148153674859371,
   -3.148153693613313,
   -3.1255664228700653,
   -3.12340611722665,
   -3.147778892266433,
   -3.1477789530386233,
   -3.123406234724035,
   -3.1183517495926036,
   -3.144406892523864,
   -3.1444069235948953,
   -3.1183517872159787
  ]
 },
 "1": {
  "0": [
   1.7958212330133536,
   1.7958125429359109,
   1.7958125180027085,
   1.7958212055912612,
   1.7958214724719097,
   1.7958151417215085,
   1.7958151024109938,
   1.7958214282822482,
   1.7958213979341378,
   1.7958178072539241,
   1.7958175923872866,
   1.7958214744927492,
   1.7958214744925207,
   1.7958175923873307,
   1.7958178072540025,
   1.7958213979341597,
   1.7958214282822753,
   1.7958151024110363,
   1.795815141721516,
   1.795821472472112,
   1.795821205591278,
   1.7958125180026603,
   1.7958125429359377,
   1.795821233013444
  ],
  "1": [
   1.7945703146727316,
   1.7945789028988461,
   1.7945789243253607,
   1.7945703301655636,
   1.7945700666186333,
   1.794576274759784,
   1.7945763277093374,
   1.7945700974801468,
   1.7945701202218043,
   1.7945735944194394,
   1.7945738052968851,
   1.7945700427162872,
   1.7945700427163152,
   1.7945738052969105,
   1.7945735944192656,
   1.794570120221765,
   1.794570097480229,
   1.794576327709285,
   1.7945762747598697,
   1.7945700666186493,
   1.7945703301653575,
   1.7945789243255736,
   1.7945789028988246,
   1.794570314672482
  ]
 },
 "2": {
  "0": [
   1.8064822547107677,
   1.8069820849924147,
   1.8075996327055672,
   1.8075996229091793,
   1.8069820835491943,
   1.806482255276385,
   1.8064828734569487,
   1.806987373427897,
   1.8076044027112936,
   1.807604397701709,
   1.8069873777174108,
   1.8064828731921492,
   1.8064834882571963,
   1.8069928333991445,
   1.8076084616424088,
   1.807608459504608,
   1.8069927390588827,
   1.8064834887818875,
   1.8064834887822412,
   1.80699273905888,
   1.8076084595044037,
   1.8076084616425445,
   1.8069928333990433,
   1.806483488257035,
   1.8064828731922886,
   1.806987377717549,
   1.807604397701641,
   1.8076044027112765,
   1.806987373427822,
   1.8064828734565725,
   1.8064822552764317,
   1.8069820835492598,
   1.8075996229090274,
   1.807599632705673,
   1.8069820849925504,
   1.8064822547106756
  ],
  "1": [
   1.8075284793960478,
   1.8075689647317927,
   1.8076838991722597,
   1.8076838915308404,
   1.8075689510604598,
   1.8075284717404798,
   1.8075239032890482,
   1.8075762644902569,
   1.8077018070828486,
   1.8077017954562429,
   1.8075762375529154,
   1.8075238926227073,
   1.8075194154458365,
   1.8075838517438756,
   1.8077202934295686,
   1.8077202871857199,
   1.8075839551242405,
   1.8075194079741208,
   1.807519407974239,
   1.8075839551241288,
   1.80772028718573,
   1.8077202934296024,
   1.8075838517439182,
   1.8075194154452565,
   1.8075238926225299,
   1.8075762375528897,
   1.8077017954562873,
   1.807701807082857,
   1.8075762644901476,
   1.8075239032892378,
   1.807528471740133,
   1.807568951060255,
   1.8076838915307534,
   1.8076838991725366,
   1.8075689647316,
   1.8075284793960225
  ]
 },
 "Z_a": [
  6,
  6,
  6,
  6,
  6,
  6,
  6,
  6,
  6,
  6,
  6,
  6,
  15,
  15,
  15,
  15,
  5,
  5,
  5,
  5,
  6,
  6,
  6,
  6,
  1,
  1,
  1,
  1
 ],
 "spos_ac": [
  [
   0.8725128062271633,
   0.5788645782361553,
   0.7586151613801033
  ],
  [
   0.6989122595554291,
   0.49256570608147227,
   0.25861128824110036
  ],
  [
   0.1989276738411305,
   0.0788410079528084,
   0.3128048493613723
  ],
  [
   0.3725033193337612,
   0.9925875502319049,
   0.8128078762166158
  ],
  [
   0.19892315481892786,
   0.4925571973920667,
   0.3128095295014451
  ],
  [
   0.3725074913454074,
   0.5788707762015073,
   0.8128138723644123
  ],
  [
   0.8725083672045058,
   0.9925945643649999,
   0.7586200136795407
  ],
  [
   0.6989163708218085,
   0.0788329025331262,
   0.258617445035979
  ],
  [
   0.5869574404745392,
   0.785733213864936,
   0.8141947923225966
  ],
  [
   0.9844738548770624,
   0.28569479089678523,
   0.3141670627049546
  ],
  [
   0.48446621187346156,
   0.2856953447836929,
   0.25722661237410804
  ],
  [
   0.08695932495749685,
   0.7857337901375745,
   0.7572503293842963
  ],
  [
   0.7572873889231736,
   0.7857037867987287,
   0.0655779736977574
  ],
  [
   0.8141437830365986,
   0.2857251698928161,
   0.5655656404057552
  ],
  [
   0.31413797887295575,
   0.28572480994138116,
   0.005842576354452304
  ],
  [
   0.2572882060344878,
   0.7857033852619727,
   0.505862054265574
  ],
  [
   0.9459173719319649,
   0.7857327713858708,
   0.621498054773423
  ],
  [
   0.625510019452445,
   0.28569609289739906,
   0.12366181764942931
  ],
  [
   0.1255137031658538,
   0.2856958939300236,
   0.44776170401137905
  ],
  [
   0.44591512356601026,
   0.7857323774291809,
   0.9477693797909105
  ],
  [
   0.9457825044015014,
   0.7857296659261728,
   0.2926395243483615
  ],
  [
   0.6256478260488969,
   0.285699229366726,
   0.7926348311164438
  ],
  [
   0.12565145318032864,
   0.2856989861185145,
   0.7787901610753399
  ],
  [
   0.4457734873395187,
   0.7857292616016965,
   0.2787953687655959
  ],
  [
   0.535706429654041,
   0.5357133582413821,
   0.5357232333547415
  ],
  [
   0.035725009034503756,
   0.535716295501715,
   0.03572275492730475
  ],
  [
   0.5357063424692164,
   0.035715179656577514,
   0.53572324432194
  ],
  [
   0.03572509537821409,
   0.03571231375223229,
   0.03572277273107491
  ]
 ]
}