{
 "0": {
  "0": [
   0.4251606894158052,
   0.4512868146976019,
   0.45130217591201793,
   0.42517628880640534,
   0.43024161529726496,
   0.4546849588998222,
   0.4547167827718129,
   0.4302761919444991,
   0.43243622676464216,
   0.45510012950530804,
   0.4551163358624787,
   0.43245522915451384,
   0.4324552291546437,
   0.4551163358624487,
   0.4551001295053381,
   0.4324362267647152,
   0.43027619194465055,
   0.45471678277182903,
   0.4546849588998387,
   0.43024161529736676,
   0.425176288806346,
   0.4513021759120137,
   0.4512868146975732,
   0.4251606894156938
  ],
  "1": [
   -3.1177700087937255,
   -3.143894175249375,
   -3.143869958478931,
   -3.11775426304039,
   -3.122871085009548,
   -3.147313736022805,
   -3.147263933905499,
   -3.122835387954021,
   -3.1250509321146143,
   -3.1477099267643296,
   -3.1476831663438003,
   -3.1250297618259175,
   -3.12502976182588,
   -3.147683166343833,
   -3.1477099267643176,
   -3.1250509321146263,
   -3.1228353879539332,
   -3.147263933905468,
   -3.1473137360229244,
   -3.122871085009609,
   -3.117754263040207,
   -3.143869958478888,
   -3.1438941752493617,
   -3.117770008793835
  ]
 },
 "1": {
  "0": [
   1.7570572689235135,
   1.7568845780873097,
   1.7568762578948531,
   1.7570482623511388,
   1.757056971208041,
   1.7568961341003049,
   1.7568798777368684,
   1.7570392356698117,
   1.7570474624944494,
   1.7568993216382098,
   1.756891357634827,
   1.7570385038495395,
   1.7570385038495397,
   1.7568913576347314,
   1.7568993216384894,
   1.7570474624944392,
   1.7570392356698263,
   1.7568798777370076,
   1.7568961341003295,
   1.7570569712079738,
   1.7570482623510026,
   1.7568762578950132,
   1.7568845780873297,
   1.7570572689236295
  ],
  "1": [
   1.7561179357896008,
   1.7562672632190668,
   1.7562896262025443,
   1.756127142577225,
   1.7560929363660074,
   1.7562302929134546,
   1.7562757901853816,
   1.7561111805312966,
   1.7560773502598859,
   1.756215344303382,
   1.7562388310225454,
   1.7560864583214235,
   1.756086458321477,
   1.7562388310225587,
   1.756215344303489,
   1.7560773502596165,
   1.756111180531423,
   1.7562757901852877,
   1.7562302929133895,
   1.756092936365896,
   1.7561271425770848,
   1.7562896262026086,
   1.7562672632190377,
   1.7561179357895775
  ]
 },
 "2": {
  "0": [
   1.7957996644345637,
   1.7957998948536806,
   1.7957975901482217,
   1.7957920531410185,
   1.79579358101885,
   1.7957986303326576,
   1.7957999728596628,
   1.7958027129563894,
   1.7958002669097488,
   1.7957888360442595,
   1.7957903387711682,
   1.795797958747707,
   1.7957993367987122,
   1.795799469049128,
   1.7957972859486764,
   1.795791310061112,
   1.7957930603273795,
   1.7957982932615741,
   1.795798293261563,
   1.795793060327325,
   1.7957913100612468,
   1.7957972859484626,
   1.7957994690490569,
   1.7957993367988174,
   1.7957979587474011,
   1.7957903387708172,
   1.7957888360442558,
   1.795800266909772,
   1.7958027129564025,
   1.7957999728598293,
   1.795798630332578,
   1.7957935810189802,
   1.7957920531409008,
   1.7957975901483632,
   1.7957998948536902,
   1.795799664435115
  ],
  "1": [
   1.7967912723182535,
   1.7967918236819596,
   1.7967860117387022,
   1.796782574054562,
   1.7967795877338704,
   1.7967828158079338,
   1.7967956027920258,
   1.7967986167405179,
   1.7967877429897938,
   1.7967811686046578,
   1.7967734914576607,
   1.7967788133107794,
   1.796791483988023,
   1.7967926325860104,
   1.7967862743291974,
   1.7967829748437796,
   1.7967803128052096,
   1.7967832904457837,
   1.7967832904458936,
   1.796780312805544,
   1.7967829748436424,
   1.7967862743288205,
   1.7967926325859773,
   1.7967914839878059,
   1.796778813310809,
   1.7967734914574263,
   1.7967811686046022,
   1.796787742989646,
   1.7967986167402579,
   1.7967956027920142,
   1.7967828158080752,
   1.7967795877340629,
   1.7967825740547934,
   1.7967860117386014,
   1.7967918236816542,
   1.7967912723187145
  ]
 },
 "Z_a": [
  6,
  6,
  6,
  6,
  6,
  6,
  6,
  6,
  6,
  6,
  6,
  6,
  15,
  15,
  15,
  15,
  5,
  5,
  5,
  5,
  6,
  6,
  6,
  6,
  1,
  1,
  1,
  1
 ],
 "spos_ac": [
  [
   0.8725128062271633,
   0.5788645782361553,
   0.7586151613801033
  ],
  [
   0.6989122595554291,
   0.49256570608147227,
   0.25861128824110036
  ],
  [
   0.1989276738411305,
   0.0788410079528084,
   0.3128048493613723
  ],
  [
   0.3725033193337612,
   0.9925875502319049,
   0.8128078762166158
  ],
  [
   0.19892315481892786,
   0.4925571973920667,
   0.3128095295014451
  ],
  [
   0.3725074913454074,
   0.5788707762015073,
   0.8128138723644123
  ],
  [
   0.8725083672045058,
   0.9925945643649999,
   0.7586200136795407
  ],
  [
   0.6989163708218085,
   0.0788329025331262,
   0.258617445035979
  ],
  [
   0.5869574404745392,
   0.785733213864936,
   0.8141947923225966
  ],
  [
   0.9844738548770624,
   0.28569479089678523,
   0.3141670627049546
  ],
  [
   0.48446621187346156,
   0.2856953447836929,
   0.25722661237410804
  ],
  [
   0.08695931959657921,
   0.787421309848496,
   0.7572503288958015
  ],
  [
   0.7572873889231736,
   0.7857037867987287,
   0.0655779736977574
  ],
  [
   0.8141437830365986,
   0.2857251698928161,
   0.5655656404057552
  ],
  [
   0.31413797887295575,
   0.28572480994138116,
   0.005842576354452304
  ],
  [
   0.2572882060344878,
   0.7857033852619727,
   0.505862054265574
  ],
  [
   0.945917374111562,
   0.7857327710064538,
   0.623668130617417
  ],
  [
   0.625510019452445,
   0.28569609289739906,
   0.12366181764942931
  ],
  [
   0.1255137031658538,
   0.2856958939300236,
   0.44776170401137905
  ],
  [
   0.44591512356601026,
   0.7857323774291809,
   0.9477693797909105
  ],
  [
   0.9457825044015014,
   0.7857296659261728,
   0.2926395243483615
  ],
  [
   0.6256478260488969,
   0.285699229366726,
   0.7926348311164438
  ],
  [
   0.12565145318032864,
   0.2856989861185145,
   0.7787901610753399
  ],
  [
   0.4457734873395187,
   0.7857292616016965,
   0.2787953687655959
  ],
  [
   0.535706429654041,
   0.5357133582413821,
   0.5357232333547415
  ],
  [
   0.035725009034503756,
   0.535716295501715,
   0.03572275492730475
  ],
  [
   0.5357063424692164,
   0.035715179656577514,
   0.53572324432194
  ],
  [
   0.03572509537821409,
   0.03571231375223229,
   0.03572277273107491
  ]
 ]
}