{
 "0": {
  "0": [
   0.4025095559669187,
   0.4280125791899554,
   0.4280125522214701,
   0.40250953321220373,
   0.4076490193643515,
   0.43143770741030485,
   0.4314376499814723,
   0.4076489048987655,
   0.40989543324167893,
   0.43185682216994153,
   0.4318568003909513,
   0.40989539475829984,
   0.40989539475833453,
   0.43185680039093827,
   0.43185682216985855,
   0.40989543324176103,
   0.40764890489875605,
   0.43143764998147544,
   0.43143770741031023,
   0.40764901936438985,
   0.402509533212132,
   0.4280125522215161,
   0.42801257918994895,
   0.40250955596682536
  ],
  "1": [
   -3.141360626907984,
   -3.1675708527930344,
   -3.1675708541644476,
   -3.1413606146179442,
   -3.146435669964317,
   -3.1709513323701155,
   -3.1709513253267345,
   -3.1464355997814075,
   -3.1485956283977505,
   -3.1713341163981745,
   -3.1713341158868347,
   -3.148595611548369,
   -3.1485956115483718,
   -3.171334115886812,
   -3.1713341163981057,
   -3.148595628397764,
   -3.146435599781409,
   -3.170951325326737,
   -3.17095133237013,
   -3.1464356699642977,
   -3.1413606146179163,
   -3.1675708541645493,
   -3.167570852793007,
   -3.141360626907953
  ]
 },
 "1": {
  "0": [
   1.7958212840492163,
   1.7958125945051095,
   1.7958125834168843,
   1.7958212941898037,
   1.7958215410422798,
   1.795815196025751,
   1.7958151697027689,
   1.7958215352703402,
   1.7958215043891448,
   1.7958178754658132,
   1.7958176727648716,
   1.795821593133362,
   1.7958215931334647,
   1.7958176727647532,
   1.7958178754658873,
   1.795821504389043,
   1.7958215352700337,
   1.7958151697026439,
   1.7958151960256377,
   1.795821541042444,
   1.7958212941896177,
   1.795812583416923,
   1.7958125945046703,
   1.7958212840490506
  ],
  "1": [
   1.7945703947625211,
   1.7945789862666828,
   1.7945789993282704,
   1.7945704200442605,
   1.7945701574050983,
   1.7945763824640784,
   1.7945763978479146,
   1.7945701701030266,
   1.7945701966639747,
   1.794573703351607,
   1.7945739003835244,
   1.7945701162303973,
   1.7945701162302947,
   1.7945739003835868,
   1.7945737033516713,
   1.794570196663952,
   1.794570170102879,
   1.7945763978477687,
   1.7945763824641658,
   1.79457015740506,
   1.7945704200442982,
   1.7945789993282062,
   1.794578986266707,
   1.7945703947623408
  ]
 },
 "2": {
  "0": [
   1.7972169432940583,
   1.7969399790901142,
   1.796600061901946,
   1.7966000339913384,
   1.7969399758597606,
   1.7972169422599769,
   1.7972163126371088,
   1.7969297471577896,
   1.7965957088940372,
   1.796595703740441,
   1.796929732509845,
   1.797216314276015,
   1.7972152554626728,
   1.7969188996690213,
   1.796591572590366,
   1.7965915703733077,
   1.7969187705227188,
   1.7972152541435438,
   1.7972152541435567,
   1.7969187705223146,
   1.7965915703733732,
   1.7965915725902777,
   1.7969188996689704,
   1.7972152554625727,
   1.7972163142765012,
   1.7969297325097546,
   1.7965957037403923,
   1.7965957088939974,
   1.7969297471578964,
   1.7972163126371588,
   1.7972169422597082,
   1.7969399758593991,
   1.79660003399157,
   1.7966000619018163,
   1.7969399790901777,
   1.797216943294191
  ],
  "1": [
   1.7987196283611178,
   1.7988125260792398,
   1.7989276540961283,
   1.7989276418271816,
   1.7988125142573719,
   1.7987196213254883,
   1.7987163921472102,
   1.7988141105566202,
   1.7989370403269354,
   1.798937031148973,
   1.7988140681950673,
   1.7987163764567426,
   1.7987130126330093,
   1.798814927654618,
   1.7989456520964386,
   1.798945647143327,
   1.7988150207970344,
   1.7987130058941494,
   1.7987130058942717,
   1.7988150207968359,
   1.7989456471432717,
   1.7989456520966303,
   1.7988149276544894,
   1.7987130126329123,
   1.798716376456908,
   1.7988140681949756,
   1.7989370311490063,
   1.7989370403269849,
   1.798814110556517,
   1.798716392147021,
   1.7987196213255277,
   1.7988125142569984,
   1.7989276418274223,
   1.7989276540963288,
   1.798812526078887,
   1.7987196283611628
  ]
 },
 "Z_a": [
  6,
  6,
  6,
  6,
  6,
  6,
  6,
  6,
  6,
  6,
  6,
  6,
  15,
  15,
  15,
  15,
  5,
  5,
  5,
  5,
  6,
  6,
  6,
  6,
  1,
  1,
  1,
  1
 ],
 "spos_ac": [
  [
   0.8725128062271633,
   0.5788645782361553,
   0.7586151613801033
  ],
  [
   0.6989122595554291,
   0.49256570608147227,
   0.25861128824110036
  ],
  [
   0.1989276738411305,
   0.0788410079528084,
   0.3128048493613723
  ],
  [
   0.3725033193337612,
   0.9925875502319049,
   0.8128078762166158
  ],
  [
   0.19892315481892786,
   0.4925571973920667,
   0.3128095295014451
  ],
  [
   0.3725074913454074,
   0.5788707762015073,
   0.8128138723644123
  ],
  [
   0.8725083672045058,
   0.9925945643649999,
   0.7586200136795407
  ],
  [
   0.6989163708218085,
   0.0788329025331262,
   0.258617445035979
  ],
  [
   0.5869574404745392,
   0.785733213864936,
   0.8141947923225966
  ],
  [
   0.9844738548770624,
   0.28569479089678523,
   0.3141670627049546
  ],
  [
   0.48446621187346156,
   0.2856953447836929,
   0.25722661237410804
  ],
  [
   0.08695932495749685,
   0.7857337901375745,
   0.7572503293842963
  ],
  [
   0.7572873889231736,
   0.7857037867987287,
   0.0655779736977574
  ],
  [
   0.8141437830365986,
   0.2857251698928161,
   0.5655656404057552
  ],
  [
   0.31413797887295575,
   0.28572480994138116,
   0.005842576354452304
  ],
  [
   0.2572882060344878,
   0.7857033852619727,
   0.505862054265574
  ],
  [
   0.945917374111562,
   0.7857327710064538,
   0.623668130617417
  ],
  [
   0.625510019452445,
   0.28569609289739906,
   0.12366181764942931
  ],
  [
   0.1255137031658538,
   0.2856958939300236,
   0.44776170401137905
  ],
  [
   0.44591512356601026,
   0.7857323774291809,
   0.9477693797909105
  ],
  [
   0.9457825044015014,
   0.7857296659261728,
   0.2926395243483615
  ],
  [
   0.6256478260488969,
   0.285699229366726,
   0.7926348311164438
  ],
  [
   0.12565145318032864,
   0.2856989861185145,
   0.7787901610753399
  ],
  [
   0.44676939453586734,
   0.7857292524640305,
   0.2787953734712499
  ],
  [
   0.535706429654041,
   0.5357133582413821,
   0.5357232333547415
  ],
  [
   0.035725009034503756,
   0.535716295501715,
   0.03572275492730475
  ],
  [
   0.5357063424692164,
   0.035715179656577514,
   0.53572324432194
  ],
  [
   0.03572509537821409,
   0.03571231375223229,
   0.03572277273107491
  ]
 ]
}