{
 "0": {
  "0": [
   0.42580807358780437,
   0.4519365291513695,
   0.4519462935771336,
   0.4258151348848474,
   0.43094481336966567,
   0.45535138842058215,
   0.45537157850206295,
   0.4309611478671732,
   0.4331842975361543,
   0.45577638141269655,
   0.4557869142859598,
   0.4331941475193268,
   0.4331941475192906,
   0.4557869142859853,
   0.4557763814127047,
   0.4331842975361496,
   0.4309611478671373,
   0.45537157850204646,
   0.4553513884205629,
   0.4309448133696332,
   0.4258151348847937,
   0.4519462935771087,
   0.45193652915138094,
   0.42580807358775763
  ],
  "1": [
   -3.1171289300953067,
   -3.1432436150606398,
   -3.1432338157184336,
   -3.1171218669158423,
   -3.122176431164042,
   -3.146643621560899,
   -3.146623341551359,
   -3.122160034297459,
   -3.1243136216526,
   -3.1470356636454326,
   -3.1470250824652903,
   -3.124303805655922,
   -3.1243038056559613,
   -3.147025082465313,
   -3.1470356636454566,
   -3.1243136216526013,
   -3.122160034297443,
   -3.1466233415513756,
   -3.146643621560891,
   -3.122176431164126,
   -3.1171218669158165,
   -3.1432338157184208,
   -3.143243615060636,
   -3.1171289300952694
  ]
 },
 "1": {
  "0": [
   1.7960937026397532,
   1.7961013292405732,
   1.7961023151494797,
   1.7960945308888658,
   1.7960909718270663,
   1.7961002989738681,
   1.7961024267730097,
   1.7960926180497219,
   1.7960887818014963,
   1.7961004322404162,
   1.7961013474411647,
   1.796089686996622,
   1.7960896869966505,
   1.7961013474411274,
   1.7961004322405358,
   1.796088781801512,
   1.7960926180497578,
   1.7961024267730075,
   1.7961002989739439,
   1.796090971826999,
   1.7960945308887997,
   1.7961023151494253,
   1.796101329240589,
   1.7960937026397066
  ],
  "1": [
   1.7948442655583339,
   1.7948694079784775,
   1.7948704398838027,
   1.7948451479634888,
   1.7948410565408477,
   1.7948631360892013,
   1.7948653538732058,
   1.7948428102379226,
   1.7948390176509983,
   1.794857907369872,
   1.7948592528587042,
   1.7948397890941121,
   1.7948397890942316,
   1.794859252858755,
   1.794857907369941,
   1.7948390176510298,
   1.7948428102380178,
   1.7948653538732244,
   1.7948631360890952,
   1.7948410565408563,
   1.7948451479635847,
   1.7948704398836617,
   1.7948694079784933,
   1.7948442655585009
  ]
 },
 "2": {
  "0": [
   1.7953799803798265,
   1.7953884548185628,
   1.795391592669674,
   1.7953919308396458,
   1.7953890922493985,
   1.795380325555252,
   1.7953803337284422,
   1.795386325308205,
   1.7953870542503532,
   1.7953877599668588,
   1.7953874574170006,
   1.795380917663211,
   1.7953809021096114,
   1.7953847511442347,
   1.7953828387807425,
   1.7953831357658336,
   1.7953852108345199,
   1.7953811453770752,
   1.7953811453769768,
   1.7953852108344373,
   1.7953831357657446,
   1.7953828387808342,
   1.7953847511442684,
   1.7953809021095262,
   1.7953809176631303,
   1.795387457416877,
   1.7953877599668637,
   1.7953870542503114,
   1.7953863253081404,
   1.7953803337283794,
   1.795380325555269,
   1.7953890922495324,
   1.7953919308394883,
   1.7953915926693067,
   1.795388454818802,
   1.795379980379815
  ],
  "1": [
   1.7963728867194058,
   1.7963834265867475,
   1.7963884223782192,
   1.79638874793323,
   1.7963840305329233,
   1.796373212557026,
   1.7963736702122879,
   1.7963818434896903,
   1.7963842489643724,
   1.7963849302886954,
   1.796382908322624,
   1.7963742156798521,
   1.7963746347841412,
   1.7963807961744023,
   1.796380398324167,
   1.7963806827422033,
   1.7963814395250655,
   1.7963748587501187,
   1.7963748587501207,
   1.7963814395251723,
   1.7963806827423103,
   1.7963803983239595,
   1.7963807961744964,
   1.796374634784084,
   1.7963742156799234,
   1.7963829083225198,
   1.7963849302887966,
   1.7963842489644126,
   1.7963818434895726,
   1.7963736702123367,
   1.7963732125568899,
   1.796384030532925,
   1.796388747933027,
   1.7963884223782645,
   1.7963834265869105,
   1.79637288671939
  ]
 },
 "Z_a": [
  6,
  6,
  6,
  6,
  6,
  6,
  6,
  6,
  6,
  6,
  6,
  6,
  15,
  15,
  15,
  15,
  5,
  5,
  5,
  5,
  6,
  6,
  6,
  6,
  1,
  1,
  1,
  1
 ],
 "spos_ac": [
  [
   0.8725128062271633,
   0.5788645782361553,
   0.7586151613801033
  ],
  [
   0.6989122595554291,
   0.49256570608147227,
   0.25861128824110036
  ],
  [
   0.1989276738411305,
   0.0788410079528084,
   0.3128048493613723
  ],
  [
   0.3725033193337612,
   0.9925875502319049,
   0.8128078762166158
  ],
  [
   0.19892315481892786,
   0.4925571973920667,
   0.3128095295014451
  ],
  [
   0.3725074913454074,
   0.5788707762015073,
   0.8128138723644123
  ],
  [
   0.8725083672045058,
   0.9925945643649999,
   0.7586200136795407
  ],
  [
   0.6989163708218085,
   0.0788329025331262,
   0.258617445035979
  ],
  [
   0.5869574404745392,
   0.785733213864936,
   0.8141947923225966
  ],
  [
   0.9844738548770624,
   0.28569479089678523,
   0.3141670627049546
  ],
  [
   0.48446621187346156,
   0.2856953447836929,
   0.25722661237410804
  ],
  [
   0.08695932495749685,
   0.7857337901375745,
   0.7572503293842963
  ],
  [
   0.7572873889231736,
   0.7857037867987287,
   0.0655779736977574
  ],
  [
   0.8141437830365986,
   0.2857251698928161,
   0.5655656404057552
  ],
  [
   0.31413797887295575,
   0.28572480994138116,
   0.005842576354452304
  ],
  [
   0.2572882060344878,
   0.7857033852619727,
   0.505862054265574
  ],
  [
   0.945917374111562,
   0.7857327710064538,
   0.623668130617417
  ],
  [
   0.625510019452445,
   0.28569609289739906,
   0.12366181764942931
  ],
  [
   0.1255137031658538,
   0.2856958939300236,
   0.44776170401137905
  ],
  [
   0.44591512356601026,
   0.7857323774291809,
   0.9477693797909105
  ],
  [
   0.9457825044015014,
   0.7857296659261728,
   0.2926395243483615
  ],
  [
   0.6256478260488969,
   0.285699229366726,
   0.7926348311164438
  ],
  [
   0.12565145318032864,
   0.2856989861185145,
   0.7787901610753399
  ],
  [
   0.4457734873395187,
   0.7857292616016965,
   0.2787953687655959
  ],
  [
   0.535706429654041,
   0.5357133582413821,
   0.5357232333547415
  ],
  [
   0.035725009034503756,
   0.535716295501715,
   0.03572275492730475
  ],
  [
   0.5357063371082988,
   0.03740269936749905,
   0.5357232438334452
  ],
  [
   0.03572509537821409,
   0.03571231375223229,
   0.03572277273107491
  ]
 ]
}