{
 "0": {
  "0": [
   0.42331784988894333,
   0.4496130362876149,
   0.4496423862315007,
   0.42335426200468484,
   0.42837730104088395,
   0.45305408469360453,
   0.4531138092025751,
   0.4284489964028036,
   0.4305429553716618,
   0.4535145788396708,
   0.45354442168364856,
   0.43057889883339606,
   0.43057889883329553,
   0.4535444216837346,
   0.4535145788397579,
   0.43054295537172005,
   0.42844899640299167,
   0.45311380920252636,
   0.453054084693767,
   0.42837730104093535,
   0.42335426200453513,
   0.4496423862317045,
   0.4496130362880016,
   0.42331784988895227
  ],
  "1": [
   -3.118434669551732,
   -3.1444945565594504,
   -3.144515082884211,
   -3.118442882601502,
   -3.1235492560606324,
   -3.1479635006951967,
   -3.148010949354402,
   -3.1235616003652877,
   -3.125807848014986,
   -3.148501917396748,
   -3.1485297575865046,
   -3.125811313392778,
   -3.125811313392953,
   -3.148529757586505,
   -3.148501917396787,
   -3.1258078480150777,
   -3.123561600365307,
   -3.148010949354497,
   -3.1479635006950883,
   -3.123549256060597,
   -3.1184428826017374,
   -3.1445150828841903,
   -3.1444945565595463,
   -3.118434669551679
  ]
 },
 "1": {
  "0": [
   1.7495993657076374,
   1.7497468205292013,
   1.7497522781011452,
   1.7495995623858027,
   1.7495980621642062,
   1.7497466447198515,
   1.7497578526726194,
   1.7495983001810158,
   1.7495968302403728,
   1.7497520460041904,
   1.7497575163034418,
   1.7495970716203386,
   1.7495970716203686,
   1.7497575163034795,
   1.7497520460041962,
   1.7495968302402765,
   1.7495983001808773,
   1.7497578526726676,
   1.7497466447198717,
   1.7495980621643197,
   1.7495995623857592,
   1.7497522781008967,
   1.7497468205293112,
   1.7495993657076157
  ],
  "1": [
   1.7522200660250646,
   1.7528201517293396,
   1.7528182410498683,
   1.752214028626093,
   1.7522200745034282,
   1.752791360111091,
   1.7527879761336531,
   1.7522083018701353,
   1.75221428936318,
   1.7527603746950948,
   1.7527590255203949,
   1.7522086131202699,
   1.752208613120475,
   1.7527590255202805,
   1.7527603746950557,
   1.7522142893629975,
   1.7522083018700974,
   1.7527879761335798,
   1.752791360111148,
   1.7522200745033913,
   1.7522140286263723,
   1.7528182410497497,
   1.7528201517295967,
   1.7522200660250489
  ]
 },
 "2": {
  "0": [
   1.7950744233822515,
   1.7950855854541141,
   1.7951274618599726,
   1.7951305585710735,
   1.7950924456006367,
   1.7950778231089983,
   1.7950805935883722,
   1.7950856398665345,
   1.7951242603151327,
   1.7951308282205287,
   1.7950992308789684,
   1.795087640385314,
   1.7950906080327682,
   1.7950925127264432,
   1.7951248456268252,
   1.795128178769338,
   1.7950992625052746,
   1.7950942470003166,
   1.7950942470001536,
   1.795099262505211,
   1.795128178769697,
   1.7951248456270454,
   1.795092512726444,
   1.795090608032898,
   1.7950876403850988,
   1.795099230879362,
   1.795130828220775,
   1.7951242603150945,
   1.7950856398666921,
   1.7950805935880298,
   1.7950778231090239,
   1.795092445600545,
   1.7951305585708528,
   1.795127461859782,
   1.7950855854543117,
   1.7950744233825158
  ],
  "1": [
   1.7980499595666508,
   1.797934469066236,
   1.797618531192482,
   1.797608699758289,
   1.797919926394747,
   1.7980442939216363,
   1.7980580074369017,
   1.7979462851652452,
   1.7976175321669117,
   1.7975977459124344,
   1.7979164700681165,
   1.7980463804488043,
   1.7980603202777636,
   1.7979441391472744,
   1.7976065856136902,
   1.797596493635185,
   1.7979289677238346,
   1.7980545538952988,
   1.798054553895129,
   1.79792896772394,
   1.7975964936347493,
   1.7976065856138936,
   1.7979441391474955,
   1.7980603202779917,
   1.7980463804491693,
   1.7979164700682564,
   1.7975977459124903,
   1.7976175321668146,
   1.7979462851651662,
   1.7980580074371064,
   1.7980442939211325,
   1.7979199263947665,
   1.797608699758363,
   1.7976185311927446,
   1.7979344690662653,
   1.7980499595666786
  ]
 },
 "Z_a": [
  6,
  6,
  6,
  6,
  6,
  6,
  6,
  6,
  6,
  6,
  6,
  6,
  15,
  15,
  15,
  15,
  5,
  5,
  5,
  5,
  6,
  6,
  6,
  6,
  1,
  1,
  1,
  1
 ],
 "spos_ac": [
  [
   0.8725128008662457,
   0.5805520979470769,
   0.7586151608916085
  ],
  [
   0.6989122595554291,
   0.49256570608147227,
   0.25861128824110036
  ],
  [
   0.1989276738411305,
   0.0788410079528084,
   0.3128048493613723
  ],
  [
   0.3725033193337612,
   0.9925875502319049,
   0.8128078762166158
  ],
  [
   0.19892315481892786,
   0.4925571973920667,
   0.3128095295014451
  ],
  [
   0.3725074913454074,
   0.5788707762015073,
   0.8128138723644123
  ],
  [
   0.8725083672045058,
   0.9925945643649999,
   0.7586200136795407
  ],
  [
   0.6989163708218085,
   0.0788329025331262,
   0.258617445035979
  ],
  [
   0.5869574404745392,
   0.785733213864936,
   0.8141947923225966
  ],
  [
   0.9844738548770624,
   0.28569479089678523,
   0.3141670627049546
  ],
  [
   0.48446621187346156,
   0.2856953447836929,
   0.25722661237410804
  ],
  [
   0.08695932495749685,
   0.7857337901375745,
   0.7572503293842963
  ],
  [
   0.7572873889231736,
   0.7857037867987287,
   0.0655779736977574
  ],
  [
   0.8141437830365986,
   0.2857251698928161,
   0.5655656404057552
  ],
  [
   0.31413797887295575,
   0.28572480994138116,
   0.005842576354452304
  ],
  [
   0.2572882060344878,
   0.7857033852619727,
   0.505862054265574
  ],
  [
   0.945917374111562,
   0.7857327710064538,
   0.623668130617417
  ],
  [
   0.625510019452445,
   0.28569609289739906,
   0.12366181764942931
  ],
  [
   0.1255137031658538,
   0.2856958939300236,
   0.44776170401137905
  ],
  [
   0.44591512356601026,
   0.7857323774291809,
   0.9477693797909105
  ],
  [
   0.9457825044015014,
   0.7857296659261728,
   0.2926395243483615
  ],
  [
   0.6256478260488969,
   0.285699229366726,
   0.7926348311164438
  ],
  [
   0.12565145318032864,
   0.2856989861185145,
   0.7787901610753399
  ],
  [
   0.4457734873395187,
   0.7857292616016965,
   0.2787953687655959
  ],
  [
   0.535706429654041,
   0.5357133582413821,
   0.5357232333547415
  ],
  [
   0.035725009034503756,
   0.535716295501715,
   0.03572275492730475
  ],
  [
   0.5357063424692164,
   0.035715179656577514,
   0.53572324432194
  ],
  [
   0.03572509537821409,
   0.03571231375223229,
   0.03572277273107491
  ]
 ]
}