{"Z_avv": [[[-1.390752309652093, 0.45095195983245817, -0.9668582959000079], [0.4511090510026669, -1.9082191796063124, -0.5571523057295554], [-0.8826161131453824, -0.5073025511534901, -2.092876858831291]], [[-1.3907608538300753, -0.451054352227293, 0.9669192882543072], [-0.45110596111083506, -1.9083418488988677, -0.5571813312087274], [0.8822675266304427, -0.5072050950400824, -2.092905447069131]], [[-2.169655700916675, -3.0165441447697384e-05, 6.0596391757305234e-06], [-4.283198618862016e-07, -1.1307519936970114, 1.1175454182576023], [-4.83127030413833e-07, 1.0184407333083818, -2.092886883169607]], [[-2.169655898825138, -3.0159689060778827e-05, 6.059444709372662e-06], [-4.279840021008651e-07, -1.1307518081985364, 1.1175454173643402], [-4.836287706440297e-07, 1.0184402228947984, -2.0928868859233143]], [[2.4753894550758315, 0.43738069573129557, 0.0009102893206918504], [-0.43832680778858474, 2.4731855535462017, -0.0015974079321402694], [-2.66290922999719e-05, -0.0016693409434045618, 3.1393367371424388]], [[2.4755094217818536, -0.4374159529363998, -0.0009105617054171909], [0.43811830756653347, 2.473113998630698, -0.0015970832366441862], [2.703356055690669e-05, -0.0016602713571965656, 3.1393672410305786]], [[2.475389456026968, 0.437380691117091, 0.0009102894181899682], [-0.4383268062479852, 2.4731855595426953, -0.0015974079271319672], [-2.6628977080316873e-05, -0.0016693380850578976, 3.139336735021289]], [[2.4755094256950256, -0.43741588080315874, -0.0009107206252423], [0.4381183023629679, 2.4731140385088954, -0.0015972277802728254], [2.7033691721916017e-05, -0.0016602628737107823, 3.1393619938604016]], [[-1.3907610075533445, -0.45105463198913404, 0.9669193287419905], [-0.45110596668523645, -1.9083421667106015, -0.5571813406790539], [0.8822675746516293, -0.5072050249782234, -2.0929054574479204]], [[-1.3907523063451057, 0.450952137002966, -0.9668582209059393], [0.4511090686994796, -1.9082193880956102, -0.5571522642186644], [-0.8826161959813014, -0.50730271344034, -2.092876833799391]]], "indices_a": [0, 1, 2, 3, 4, 5, 6, 7, 8, 9], "sym_a": ["O", "O", "O", "O", "Cr", "Cr", "Cr", "Cr", "O", "O"]}